ISO-10303-21;
HEADER;
/* Generated by software containing ST-Developer
 * from STEP Tools, Inc. (www.steptools.com) 
 */

FILE_DESCRIPTION(
/* description */ (''),
/* implementation_level */ '2;1');

FILE_NAME(
/* name */ 'base.step',
/* time_stamp */ '2026-02-16T19:56:44Z',
/* author */ (''),
/* organization */ (''),
/* preprocessor_version */ 'ST-DEVELOPER v20.1',
/* originating_system */ 'Autodesk Translation Framework v14.24.0.0',
/* authorisation */ '');

FILE_SCHEMA (('AUTOMOTIVE_DESIGN { 1 0 10303 214 3 1 1 }'));
ENDSEC;

DATA;
#10=MECHANICAL_DESIGN_GEOMETRIC_PRESENTATION_REPRESENTATION('',(#13),#2190);
#11=SHAPE_REPRESENTATION_RELATIONSHIP('SRR','None',#2197,#12);
#12=ADVANCED_BREP_SHAPE_REPRESENTATION('',(#14),#2189);
#13=STYLED_ITEM('',(#2208),#14);
#14=MANIFOLD_SOLID_BREP('Body2',#1247);
#15=TOROIDAL_SURFACE('',#1290,6.99999967883399,2.);
#16=TOROIDAL_SURFACE('',#1297,6.999999678834,2.);
#17=TOROIDAL_SURFACE('',#1303,7.00008282394101,2.);
#18=TOROIDAL_SURFACE('',#1309,6.99999212564789,2.);
#19=TOROIDAL_SURFACE('',#1315,6.99999967883401,2.);
#20=TOROIDAL_SURFACE('',#1321,7.00000760479895,2.);
#21=TOROIDAL_SURFACE('',#1327,3.00000760480121,2.);
#22=TOROIDAL_SURFACE('',#1343,6.,2.);
#23=TOROIDAL_SURFACE('',#1359,6.,2.);
#24=TOROIDAL_SURFACE('',#1364,6.,2.);
#25=FACE_BOUND('',#185,.T.);
#26=FACE_BOUND('',#213,.T.);
#27=FACE_BOUND('',#214,.T.);
#28=FACE_BOUND('',#215,.T.);
#29=FACE_BOUND('',#223,.T.);
#30=FACE_BOUND('',#226,.T.);
#31=FACE_BOUND('',#230,.T.);
#32=FACE_BOUND('',#245,.T.);
#33=FACE_BOUND('',#248,.T.);
#34=CYLINDRICAL_SURFACE('',#1278,1.75);
#35=CYLINDRICAL_SURFACE('',#1281,1.75);
#36=CYLINDRICAL_SURFACE('',#1285,1.75);
#37=CYLINDRICAL_SURFACE('',#1288,1.75);
#38=CYLINDRICAL_SURFACE('',#1295,2.);
#39=CYLINDRICAL_SURFACE('',#1301,2.);
#40=CYLINDRICAL_SURFACE('',#1307,2.);
#41=CYLINDRICAL_SURFACE('',#1313,2.);
#42=CYLINDRICAL_SURFACE('',#1319,2.);
#43=CYLINDRICAL_SURFACE('',#1325,2.);
#44=CYLINDRICAL_SURFACE('',#1331,2.);
#45=CYLINDRICAL_SURFACE('',#1332,8.99999967883401);
#46=CYLINDRICAL_SURFACE('',#1335,9.00000760479895);
#47=CYLINDRICAL_SURFACE('',#1338,1.00000760480121);
#48=CYLINDRICAL_SURFACE('',#1340,8.99999967883399);
#49=CYLINDRICAL_SURFACE('',#1357,4.);
#50=CYLINDRICAL_SURFACE('',#1362,4.);
#51=CYLINDRICAL_SURFACE('',#1367,4.);
#52=CYLINDRICAL_SURFACE('',#1369,2.);
#53=CYLINDRICAL_SURFACE('',#1373,2.);
#54=CYLINDRICAL_SURFACE('',#1378,2.);
#55=CYLINDRICAL_SURFACE('',#1384,5.9999921256479);
#56=CYLINDRICAL_SURFACE('',#1387,6.00008282394101);
#57=CYLINDRICAL_SURFACE('',#1390,5.999999678834);
#58=CYLINDRICAL_SURFACE('',#1393,5.99999967883401);
#59=CYLINDRICAL_SURFACE('',#1396,6.00000760479895);
#60=CYLINDRICAL_SURFACE('',#1399,4.0000076047988);
#61=CYLINDRICAL_SURFACE('',#1402,5.99999967883399);
#62=CYLINDRICAL_SURFACE('',#1409,8.99999212564789);
#63=CYLINDRICAL_SURFACE('',#1411,9.00008282394101);
#64=CYLINDRICAL_SURFACE('',#1413,8.999999678834);
#65=PLANE('',#1264);
#66=PLANE('',#1268);
#67=PLANE('',#1272);
#68=PLANE('',#1276);
#69=PLANE('',#1277);
#70=PLANE('',#1280);
#71=PLANE('',#1283);
#72=PLANE('',#1284);
#73=PLANE('',#1287);
#74=PLANE('',#1334);
#75=PLANE('',#1337);
#76=PLANE('',#1342);
#77=PLANE('',#1347);
#78=PLANE('',#1372);
#79=PLANE('',#1376);
#80=PLANE('',#1377);
#81=PLANE('',#1381);
#82=PLANE('',#1382);
#83=PLANE('',#1383);
#84=PLANE('',#1386);
#85=PLANE('',#1389);
#86=PLANE('',#1392);
#87=PLANE('',#1395);
#88=PLANE('',#1398);
#89=PLANE('',#1401);
#90=PLANE('',#1404);
#91=PLANE('',#1408);
#92=PLANE('',#1410);
#93=PLANE('',#1412);
#94=PLANE('',#1414);
#95=PLANE('',#1415);
#96=FACE_OUTER_BOUND('',#172,.T.);
#97=FACE_OUTER_BOUND('',#173,.T.);
#98=FACE_OUTER_BOUND('',#174,.T.);
#99=FACE_OUTER_BOUND('',#175,.T.);
#100=FACE_OUTER_BOUND('',#176,.T.);
#101=FACE_OUTER_BOUND('',#177,.T.);
#102=FACE_OUTER_BOUND('',#178,.T.);
#103=FACE_OUTER_BOUND('',#179,.T.);
#104=FACE_OUTER_BOUND('',#180,.T.);
#105=FACE_OUTER_BOUND('',#181,.T.);
#106=FACE_OUTER_BOUND('',#182,.T.);
#107=FACE_OUTER_BOUND('',#183,.T.);
#108=FACE_OUTER_BOUND('',#184,.T.);
#109=FACE_OUTER_BOUND('',#186,.T.);
#110=FACE_OUTER_BOUND('',#187,.T.);
#111=FACE_OUTER_BOUND('',#188,.T.);
#112=FACE_OUTER_BOUND('',#189,.T.);
#113=FACE_OUTER_BOUND('',#190,.T.);
#114=FACE_OUTER_BOUND('',#191,.T.);
#115=FACE_OUTER_BOUND('',#192,.T.);
#116=FACE_OUTER_BOUND('',#193,.T.);
#117=FACE_OUTER_BOUND('',#194,.T.);
#118=FACE_OUTER_BOUND('',#195,.T.);
#119=FACE_OUTER_BOUND('',#196,.T.);
#120=FACE_OUTER_BOUND('',#197,.T.);
#121=FACE_OUTER_BOUND('',#198,.T.);
#122=FACE_OUTER_BOUND('',#199,.T.);
#123=FACE_OUTER_BOUND('',#200,.T.);
#124=FACE_OUTER_BOUND('',#201,.T.);
#125=FACE_OUTER_BOUND('',#202,.T.);
#126=FACE_OUTER_BOUND('',#203,.T.);
#127=FACE_OUTER_BOUND('',#204,.T.);
#128=FACE_OUTER_BOUND('',#205,.T.);
#129=FACE_OUTER_BOUND('',#206,.T.);
#130=FACE_OUTER_BOUND('',#207,.T.);
#131=FACE_OUTER_BOUND('',#208,.T.);
#132=FACE_OUTER_BOUND('',#209,.T.);
#133=FACE_OUTER_BOUND('',#210,.T.);
#134=FACE_OUTER_BOUND('',#211,.T.);
#135=FACE_OUTER_BOUND('',#212,.T.);
#136=FACE_OUTER_BOUND('',#216,.T.);
#137=FACE_OUTER_BOUND('',#217,.T.);
#138=FACE_OUTER_BOUND('',#218,.T.);
#139=FACE_OUTER_BOUND('',#219,.T.);
#140=FACE_OUTER_BOUND('',#220,.T.);
#141=FACE_OUTER_BOUND('',#221,.T.);
#142=FACE_OUTER_BOUND('',#222,.T.);
#143=FACE_OUTER_BOUND('',#224,.T.);
#144=FACE_OUTER_BOUND('',#225,.T.);
#145=FACE_OUTER_BOUND('',#227,.T.);
#146=FACE_OUTER_BOUND('',#228,.T.);
#147=FACE_OUTER_BOUND('',#229,.T.);
#148=FACE_OUTER_BOUND('',#231,.T.);
#149=FACE_OUTER_BOUND('',#232,.T.);
#150=FACE_OUTER_BOUND('',#233,.T.);
#151=FACE_OUTER_BOUND('',#234,.T.);
#152=FACE_OUTER_BOUND('',#235,.T.);
#153=FACE_OUTER_BOUND('',#236,.T.);
#154=FACE_OUTER_BOUND('',#237,.T.);
#155=FACE_OUTER_BOUND('',#238,.T.);
#156=FACE_OUTER_BOUND('',#239,.T.);
#157=FACE_OUTER_BOUND('',#240,.T.);
#158=FACE_OUTER_BOUND('',#241,.T.);
#159=FACE_OUTER_BOUND('',#242,.T.);
#160=FACE_OUTER_BOUND('',#243,.T.);
#161=FACE_OUTER_BOUND('',#244,.T.);
#162=FACE_OUTER_BOUND('',#246,.T.);
#163=FACE_OUTER_BOUND('',#247,.T.);
#164=FACE_OUTER_BOUND('',#249,.T.);
#165=FACE_OUTER_BOUND('',#250,.T.);
#166=FACE_OUTER_BOUND('',#251,.T.);
#167=FACE_OUTER_BOUND('',#252,.T.);
#168=FACE_OUTER_BOUND('',#253,.T.);
#169=FACE_OUTER_BOUND('',#254,.T.);
#170=FACE_OUTER_BOUND('',#255,.T.);
#171=FACE_OUTER_BOUND('',#256,.T.);
#172=EDGE_LOOP('',(#815,#816,#817,#818));
#173=EDGE_LOOP('',(#819,#820,#821,#822));
#174=EDGE_LOOP('',(#823,#824,#825,#826));
#175=EDGE_LOOP('',(#827,#828,#829,#830));
#176=EDGE_LOOP('',(#831,#832,#833,#834));
#177=EDGE_LOOP('',(#835,#836,#837,#838));
#178=EDGE_LOOP('',(#839,#840,#841,#842));
#179=EDGE_LOOP('',(#843,#844,#845,#846));
#180=EDGE_LOOP('',(#847,#848,#849,#850));
#181=EDGE_LOOP('',(#851,#852,#853,#854));
#182=EDGE_LOOP('',(#855,#856,#857,#858));
#183=EDGE_LOOP('',(#859,#860,#861,#862));
#184=EDGE_LOOP('',(#863,#864,#865,#866));
#185=EDGE_LOOP('',(#867,#868,#869,#870,#871,#872,#873,#874));
#186=EDGE_LOOP('',(#875,#876,#877,#878));
#187=EDGE_LOOP('',(#879,#880,#881,#882));
#188=EDGE_LOOP('',(#883,#884,#885,#886));
#189=EDGE_LOOP('',(#887,#888,#889,#890));
#190=EDGE_LOOP('',(#891,#892,#893,#894));
#191=EDGE_LOOP('',(#895,#896,#897,#898));
#192=EDGE_LOOP('',(#899,#900,#901,#902));
#193=EDGE_LOOP('',(#903,#904,#905,#906));
#194=EDGE_LOOP('',(#907,#908,#909,#910));
#195=EDGE_LOOP('',(#911,#912,#913,#914));
#196=EDGE_LOOP('',(#915,#916,#917,#918));
#197=EDGE_LOOP('',(#919,#920,#921,#922));
#198=EDGE_LOOP('',(#923,#924,#925,#926));
#199=EDGE_LOOP('',(#927,#928,#929,#930));
#200=EDGE_LOOP('',(#931,#932,#933,#934));
#201=EDGE_LOOP('',(#935,#936,#937,#938));
#202=EDGE_LOOP('',(#939,#940,#941,#942));
#203=EDGE_LOOP('',(#943,#944,#945,#946));
#204=EDGE_LOOP('',(#947,#948,#949,#950));
#205=EDGE_LOOP('',(#951,#952,#953,#954));
#206=EDGE_LOOP('',(#955,#956,#957,#958));
#207=EDGE_LOOP('',(#959,#960,#961,#962));
#208=EDGE_LOOP('',(#963,#964,#965,#966));
#209=EDGE_LOOP('',(#967,#968,#969,#970));
#210=EDGE_LOOP('',(#971,#972,#973,#974,#975,#976,#977,#978,#979,#980,#981,
#982,#983,#984));
#211=EDGE_LOOP('',(#985,#986,#987,#988));
#212=EDGE_LOOP('',(#989,#990,#991,#992,#993,#994,#995,#996,#997,#998,#999,
#1000,#1001,#1002));
#213=EDGE_LOOP('',(#1003));
#214=EDGE_LOOP('',(#1004));
#215=EDGE_LOOP('',(#1005));
#216=EDGE_LOOP('',(#1006,#1007,#1008,#1009));
#217=EDGE_LOOP('',(#1010,#1011,#1012,#1013));
#218=EDGE_LOOP('',(#1014,#1015,#1016,#1017));
#219=EDGE_LOOP('',(#1018,#1019,#1020,#1021));
#220=EDGE_LOOP('',(#1022,#1023,#1024,#1025));
#221=EDGE_LOOP('',(#1026,#1027,#1028,#1029));
#222=EDGE_LOOP('',(#1030));
#223=EDGE_LOOP('',(#1031));
#224=EDGE_LOOP('',(#1032,#1033,#1034,#1035));
#225=EDGE_LOOP('',(#1036));
#226=EDGE_LOOP('',(#1037));
#227=EDGE_LOOP('',(#1038));
#228=EDGE_LOOP('',(#1039,#1040,#1041,#1042));
#229=EDGE_LOOP('',(#1043));
#230=EDGE_LOOP('',(#1044));
#231=EDGE_LOOP('',(#1045));
#232=EDGE_LOOP('',(#1046,#1047,#1048,#1049));
#233=EDGE_LOOP('',(#1050,#1051,#1052,#1053));
#234=EDGE_LOOP('',(#1054,#1055,#1056,#1057));
#235=EDGE_LOOP('',(#1058,#1059,#1060,#1061));
#236=EDGE_LOOP('',(#1062,#1063,#1064,#1065));
#237=EDGE_LOOP('',(#1066,#1067,#1068,#1069));
#238=EDGE_LOOP('',(#1070,#1071,#1072,#1073));
#239=EDGE_LOOP('',(#1074,#1075,#1076,#1077));
#240=EDGE_LOOP('',(#1078,#1079,#1080,#1081));
#241=EDGE_LOOP('',(#1082,#1083,#1084,#1085));
#242=EDGE_LOOP('',(#1086,#1087,#1088,#1089));
#243=EDGE_LOOP('',(#1090,#1091,#1092,#1093));
#244=EDGE_LOOP('',(#1094,#1095,#1096,#1097));
#245=EDGE_LOOP('',(#1098,#1099,#1100,#1101,#1102,#1103,#1104,#1105));
#246=EDGE_LOOP('',(#1106,#1107,#1108,#1109));
#247=EDGE_LOOP('',(#1110,#1111,#1112,#1113,#1114,#1115,#1116,#1117,#1118,
#1119,#1120,#1121,#1122,#1123));
#248=EDGE_LOOP('',(#1124,#1125,#1126,#1127,#1128,#1129,#1130,#1131,#1132,
#1133,#1134,#1135,#1136,#1137));
#249=EDGE_LOOP('',(#1138,#1139,#1140,#1141));
#250=EDGE_LOOP('',(#1142,#1143,#1144,#1145));
#251=EDGE_LOOP('',(#1146,#1147,#1148,#1149));
#252=EDGE_LOOP('',(#1150,#1151,#1152,#1153));
#253=EDGE_LOOP('',(#1154,#1155,#1156,#1157));
#254=EDGE_LOOP('',(#1158,#1159,#1160,#1161));
#255=EDGE_LOOP('',(#1162,#1163,#1164,#1165));
#256=EDGE_LOOP('',(#1166));
#257=CIRCLE('',#1262,2.75);
#258=CIRCLE('',#1263,1.75);
#259=CIRCLE('',#1266,2.75);
#260=CIRCLE('',#1267,1.75);
#261=CIRCLE('',#1270,2.75);
#262=CIRCLE('',#1271,1.75);
#263=CIRCLE('',#1274,2.75);
#264=CIRCLE('',#1275,1.75);
#265=CIRCLE('',#1279,1.75);
#266=CIRCLE('',#1282,1.75);
#267=CIRCLE('',#1286,1.75);
#268=CIRCLE('',#1289,1.75);
#269=CIRCLE('',#1291,2.);
#270=CIRCLE('',#1292,6.99999967883399);
#271=CIRCLE('',#1293,2.);
#272=CIRCLE('',#1294,8.99999967883399);
#273=CIRCLE('',#1296,2.);
#274=CIRCLE('',#1298,2.);
#275=CIRCLE('',#1299,8.999999678834);
#276=CIRCLE('',#1300,6.999999678834);
#277=CIRCLE('',#1302,2.);
#278=CIRCLE('',#1304,2.);
#279=CIRCLE('',#1305,9.00008282394101);
#280=CIRCLE('',#1306,7.00008282394101);
#281=CIRCLE('',#1308,2.);
#282=CIRCLE('',#1310,2.);
#283=CIRCLE('',#1311,8.9999921256479);
#284=CIRCLE('',#1312,6.99999212564789);
#285=CIRCLE('',#1314,2.);
#286=CIRCLE('',#1316,2.);
#287=CIRCLE('',#1317,8.99999967883401);
#288=CIRCLE('',#1318,6.99999967883401);
#289=CIRCLE('',#1320,2.);
#290=CIRCLE('',#1322,2.);
#291=CIRCLE('',#1323,9.00000760479895);
#292=CIRCLE('',#1324,7.00000760479895);
#293=CIRCLE('',#1326,2.);
#294=CIRCLE('',#1328,2.);
#295=CIRCLE('',#1329,1.00000760480121);
#296=CIRCLE('',#1330,3.00000760480121);
#297=CIRCLE('',#1333,8.99999967883401);
#298=CIRCLE('',#1336,9.00000760479895);
#299=CIRCLE('',#1339,1.00000760480121);
#300=CIRCLE('',#1341,8.99999967883399);
#301=CIRCLE('',#1344,4.);
#302=CIRCLE('',#1345,2.);
#303=CIRCLE('',#1346,6.);
#304=CIRCLE('',#1348,5.999999678834);
#305=CIRCLE('',#1349,6.00008282394101);
#306=CIRCLE('',#1350,5.9999921256479);
#307=CIRCLE('',#1351,5.99999967883401);
#308=CIRCLE('',#1352,6.00000760479895);
#309=CIRCLE('',#1353,4.0000076047988);
#310=CIRCLE('',#1354,5.99999967883399);
#311=CIRCLE('',#1355,6.);
#312=CIRCLE('',#1356,6.);
#313=CIRCLE('',#1358,4.);
#314=CIRCLE('',#1360,4.);
#315=CIRCLE('',#1361,2.);
#316=CIRCLE('',#1363,4.);
#317=CIRCLE('',#1365,4.);
#318=CIRCLE('',#1366,2.);
#319=CIRCLE('',#1368,4.);
#320=CIRCLE('',#1370,2.);
#321=CIRCLE('',#1371,2.);
#322=CIRCLE('',#1374,2.);
#323=CIRCLE('',#1375,2.);
#324=CIRCLE('',#1379,2.);
#325=CIRCLE('',#1380,2.);
#326=CIRCLE('',#1385,5.9999921256479);
#327=CIRCLE('',#1388,6.00008282394101);
#328=CIRCLE('',#1391,5.999999678834);
#329=CIRCLE('',#1394,5.99999967883401);
#330=CIRCLE('',#1397,6.00000760479895);
#331=CIRCLE('',#1400,4.0000076047988);
#332=CIRCLE('',#1403,5.99999967883399);
#333=CIRCLE('',#1405,8.999999678834);
#334=CIRCLE('',#1406,9.00008282394101);
#335=CIRCLE('',#1407,8.99999212564789);
#336=LINE('',#1829,#433);
#337=LINE('',#1833,#434);
#338=LINE('',#1838,#435);
#339=LINE('',#1839,#436);
#340=LINE('',#1840,#437);
#341=LINE('',#1844,#438);
#342=LINE('',#1850,#439);
#343=LINE('',#1851,#440);
#344=LINE('',#1852,#441);
#345=LINE('',#1856,#442);
#346=LINE('',#1862,#443);
#347=LINE('',#1863,#444);
#348=LINE('',#1864,#445);
#349=LINE('',#1868,#446);
#350=LINE('',#1872,#447);
#351=LINE('',#1873,#448);
#352=LINE('',#1876,#449);
#353=LINE('',#1878,#450);
#354=LINE('',#1879,#451);
#355=LINE('',#1882,#452);
#356=LINE('',#1886,#453);
#357=LINE('',#1887,#454);
#358=LINE('',#1890,#455);
#359=LINE('',#1895,#456);
#360=LINE('',#1897,#457);
#361=LINE('',#1899,#458);
#362=LINE('',#1900,#459);
#363=LINE('',#1903,#460);
#364=LINE('',#1905,#461);
#365=LINE('',#1906,#462);
#366=LINE('',#1911,#463);
#367=LINE('',#1912,#464);
#368=LINE('',#1927,#465);
#369=LINE('',#1928,#466);
#370=LINE('',#1939,#467);
#371=LINE('',#1940,#468);
#372=LINE('',#1951,#469);
#373=LINE('',#1952,#470);
#374=LINE('',#1963,#471);
#375=LINE('',#1964,#472);
#376=LINE('',#1975,#473);
#377=LINE('',#1976,#474);
#378=LINE('',#1987,#475);
#379=LINE('',#1988,#476);
#380=LINE('',#1995,#477);
#381=LINE('',#1998,#478);
#382=LINE('',#2001,#479);
#383=LINE('',#2004,#480);
#384=LINE('',#2005,#481);
#385=LINE('',#2008,#482);
#386=LINE('',#2012,#483);
#387=LINE('',#2013,#484);
#388=LINE('',#2018,#485);
#389=LINE('',#2030,#486);
#390=LINE('',#2034,#487);
#391=LINE('',#2038,#488);
#392=LINE('',#2042,#489);
#393=LINE('',#2046,#490);
#394=LINE('',#2050,#491);
#395=LINE('',#2054,#492);
#396=LINE('',#2063,#493);
#397=LINE('',#2071,#494);
#398=LINE('',#2079,#495);
#399=LINE('',#2084,#496);
#400=LINE('',#2091,#497);
#401=LINE('',#2099,#498);
#402=LINE('',#2105,#499);
#403=LINE('',#2107,#500);
#404=LINE('',#2108,#501);
#405=LINE('',#2111,#502);
#406=LINE('',#2115,#503);
#407=LINE('',#2116,#504);
#408=LINE('',#2119,#505);
#409=LINE('',#2123,#506);
#410=LINE('',#2124,#507);
#411=LINE('',#2127,#508);
#412=LINE('',#2131,#509);
#413=LINE('',#2132,#510);
#414=LINE('',#2136,#511);
#415=LINE('',#2139,#512);
#416=LINE('',#2140,#513);
#417=LINE('',#2144,#514);
#418=LINE('',#2147,#515);
#419=LINE('',#2148,#516);
#420=LINE('',#2152,#517);
#421=LINE('',#2155,#518);
#422=LINE('',#2156,#519);
#423=LINE('',#2161,#520);
#424=LINE('',#2165,#521);
#425=LINE('',#2169,#522);
#426=LINE('',#2172,#523);
#427=LINE('',#2174,#524);
#428=LINE('',#2176,#525);
#429=LINE('',#2178,#526);
#430=LINE('',#2180,#527);
#431=LINE('',#2182,#528);
#432=LINE('',#2184,#529);
#433=VECTOR('',#1420,10.);
#434=VECTOR('',#1423,10.);
#435=VECTOR('',#1428,10.);
#436=VECTOR('',#1429,10.);
#437=VECTOR('',#1430,10.);
#438=VECTOR('',#1433,10.);
#439=VECTOR('',#1440,10.);
#440=VECTOR('',#1441,10.);
#441=VECTOR('',#1442,10.);
#442=VECTOR('',#1445,10.);
#443=VECTOR('',#1452,10.);
#444=VECTOR('',#1453,10.);
#445=VECTOR('',#1454,10.);
#446=VECTOR('',#1457,10.);
#447=VECTOR('',#1464,10.);
#448=VECTOR('',#1465,10.);
#449=VECTOR('',#1468,10.);
#450=VECTOR('',#1469,10.);
#451=VECTOR('',#1470,10.);
#452=VECTOR('',#1473,10.);
#453=VECTOR('',#1478,10.);
#454=VECTOR('',#1479,10.);
#455=VECTOR('',#1482,10.);
#456=VECTOR('',#1487,10.);
#457=VECTOR('',#1488,10.);
#458=VECTOR('',#1489,10.);
#459=VECTOR('',#1490,10.);
#460=VECTOR('',#1493,10.);
#461=VECTOR('',#1494,10.);
#462=VECTOR('',#1495,10.);
#463=VECTOR('',#1502,10.);
#464=VECTOR('',#1503,10.);
#465=VECTOR('',#1522,10.);
#466=VECTOR('',#1523,10.);
#467=VECTOR('',#1536,10.);
#468=VECTOR('',#1537,10.);
#469=VECTOR('',#1550,10.);
#470=VECTOR('',#1551,10.);
#471=VECTOR('',#1564,10.);
#472=VECTOR('',#1565,10.);
#473=VECTOR('',#1578,10.);
#474=VECTOR('',#1579,10.);
#475=VECTOR('',#1592,10.);
#476=VECTOR('',#1593,10.);
#477=VECTOR('',#1604,10.);
#478=VECTOR('',#1607,10.);
#479=VECTOR('',#1610,10.);
#480=VECTOR('',#1613,10.);
#481=VECTOR('',#1614,10.);
#482=VECTOR('',#1617,10.);
#483=VECTOR('',#1622,10.);
#484=VECTOR('',#1623,10.);
#485=VECTOR('',#1630,10.);
#486=VECTOR('',#1645,10.);
#487=VECTOR('',#1648,10.);
#488=VECTOR('',#1651,10.);
#489=VECTOR('',#1654,10.);
#490=VECTOR('',#1657,10.);
#491=VECTOR('',#1660,10.);
#492=VECTOR('',#1663,10.);
#493=VECTOR('',#1674,4.);
#494=VECTOR('',#1685,4.);
#495=VECTOR('',#1696,4.);
#496=VECTOR('',#1701,2.);
#497=VECTOR('',#1710,2.);
#498=VECTOR('',#1721,2.);
#499=VECTOR('',#1730,10.);
#500=VECTOR('',#1731,10.);
#501=VECTOR('',#1732,10.);
#502=VECTOR('',#1735,10.);
#503=VECTOR('',#1740,10.);
#504=VECTOR('',#1741,10.);
#505=VECTOR('',#1744,10.);
#506=VECTOR('',#1749,10.);
#507=VECTOR('',#1750,10.);
#508=VECTOR('',#1753,10.);
#509=VECTOR('',#1758,10.);
#510=VECTOR('',#1759,10.);
#511=VECTOR('',#1764,10.);
#512=VECTOR('',#1767,10.);
#513=VECTOR('',#1768,10.);
#514=VECTOR('',#1773,10.);
#515=VECTOR('',#1776,10.);
#516=VECTOR('',#1777,10.);
#517=VECTOR('',#1782,10.);
#518=VECTOR('',#1785,10.);
#519=VECTOR('',#1786,10.);
#520=VECTOR('',#1793,10.);
#521=VECTOR('',#1796,10.);
#522=VECTOR('',#1799,10.);
#523=VECTOR('',#1802,10.);
#524=VECTOR('',#1805,10.);
#525=VECTOR('',#1808,10.);
#526=VECTOR('',#1811,10.);
#527=VECTOR('',#1814,10.);
#528=VECTOR('',#1817,10.);
#529=VECTOR('',#1820,10.);
#530=VERTEX_POINT('',#1827);
#531=VERTEX_POINT('',#1828);
#532=VERTEX_POINT('',#1830);
#533=VERTEX_POINT('',#1832);
#534=VERTEX_POINT('',#1836);
#535=VERTEX_POINT('',#1837);
#536=VERTEX_POINT('',#1842);
#537=VERTEX_POINT('',#1843);
#538=VERTEX_POINT('',#1848);
#539=VERTEX_POINT('',#1849);
#540=VERTEX_POINT('',#1854);
#541=VERTEX_POINT('',#1855);
#542=VERTEX_POINT('',#1860);
#543=VERTEX_POINT('',#1861);
#544=VERTEX_POINT('',#1866);
#545=VERTEX_POINT('',#1867);
#546=VERTEX_POINT('',#1875);
#547=VERTEX_POINT('',#1877);
#548=VERTEX_POINT('',#1881);
#549=VERTEX_POINT('',#1885);
#550=VERTEX_POINT('',#1889);
#551=VERTEX_POINT('',#1893);
#552=VERTEX_POINT('',#1894);
#553=VERTEX_POINT('',#1896);
#554=VERTEX_POINT('',#1898);
#555=VERTEX_POINT('',#1902);
#556=VERTEX_POINT('',#1904);
#557=VERTEX_POINT('',#1910);
#558=VERTEX_POINT('',#1916);
#559=VERTEX_POINT('',#1918);
#560=VERTEX_POINT('',#1920);
#561=VERTEX_POINT('',#1924);
#562=VERTEX_POINT('',#1925);
#563=VERTEX_POINT('',#1930);
#564=VERTEX_POINT('',#1931);
#565=VERTEX_POINT('',#1936);
#566=VERTEX_POINT('',#1937);
#567=VERTEX_POINT('',#1942);
#568=VERTEX_POINT('',#1943);
#569=VERTEX_POINT('',#1948);
#570=VERTEX_POINT('',#1949);
#571=VERTEX_POINT('',#1954);
#572=VERTEX_POINT('',#1955);
#573=VERTEX_POINT('',#1960);
#574=VERTEX_POINT('',#1961);
#575=VERTEX_POINT('',#1966);
#576=VERTEX_POINT('',#1967);
#577=VERTEX_POINT('',#1972);
#578=VERTEX_POINT('',#1973);
#579=VERTEX_POINT('',#1978);
#580=VERTEX_POINT('',#1979);
#581=VERTEX_POINT('',#1984);
#582=VERTEX_POINT('',#1985);
#583=VERTEX_POINT('',#1990);
#584=VERTEX_POINT('',#1997);
#585=VERTEX_POINT('',#1999);
#586=VERTEX_POINT('',#2003);
#587=VERTEX_POINT('',#2007);
#588=VERTEX_POINT('',#2011);
#589=VERTEX_POINT('',#2017);
#590=VERTEX_POINT('',#2022);
#591=VERTEX_POINT('',#2024);
#592=VERTEX_POINT('',#2028);
#593=VERTEX_POINT('',#2029);
#594=VERTEX_POINT('',#2031);
#595=VERTEX_POINT('',#2033);
#596=VERTEX_POINT('',#2035);
#597=VERTEX_POINT('',#2037);
#598=VERTEX_POINT('',#2039);
#599=VERTEX_POINT('',#2041);
#600=VERTEX_POINT('',#2043);
#601=VERTEX_POINT('',#2045);
#602=VERTEX_POINT('',#2047);
#603=VERTEX_POINT('',#2049);
#604=VERTEX_POINT('',#2051);
#605=VERTEX_POINT('',#2053);
#606=VERTEX_POINT('',#2056);
#607=VERTEX_POINT('',#2058);
#608=VERTEX_POINT('',#2061);
#609=VERTEX_POINT('',#2065);
#610=VERTEX_POINT('',#2069);
#611=VERTEX_POINT('',#2073);
#612=VERTEX_POINT('',#2077);
#613=VERTEX_POINT('',#2081);
#614=VERTEX_POINT('',#2083);
#615=VERTEX_POINT('',#2088);
#616=VERTEX_POINT('',#2090);
#617=VERTEX_POINT('',#2096);
#618=VERTEX_POINT('',#2098);
#619=VERTEX_POINT('',#2104);
#620=VERTEX_POINT('',#2106);
#621=VERTEX_POINT('',#2110);
#622=VERTEX_POINT('',#2114);
#623=VERTEX_POINT('',#2118);
#624=VERTEX_POINT('',#2122);
#625=VERTEX_POINT('',#2126);
#626=VERTEX_POINT('',#2130);
#627=VERTEX_POINT('',#2134);
#628=VERTEX_POINT('',#2138);
#629=VERTEX_POINT('',#2142);
#630=VERTEX_POINT('',#2146);
#631=VERTEX_POINT('',#2150);
#632=VERTEX_POINT('',#2154);
#633=VERTEX_POINT('',#2160);
#634=VERTEX_POINT('',#2162);
#635=VERTEX_POINT('',#2164);
#636=VERTEX_POINT('',#2166);
#637=VERTEX_POINT('',#2168);
#638=VERTEX_POINT('',#2170);
#639=EDGE_CURVE('',#530,#531,#336,.T.);
#640=EDGE_CURVE('',#531,#532,#257,.T.);
#641=EDGE_CURVE('',#532,#533,#337,.T.);
#642=EDGE_CURVE('',#533,#530,#258,.T.);
#643=EDGE_CURVE('',#534,#535,#338,.T.);
#644=EDGE_CURVE('',#535,#531,#339,.T.);
#645=EDGE_CURVE('',#530,#534,#340,.T.);
#646=EDGE_CURVE('',#536,#537,#341,.T.);
#647=EDGE_CURVE('',#537,#535,#259,.T.);
#648=EDGE_CURVE('',#534,#536,#260,.T.);
#649=EDGE_CURVE('',#538,#539,#342,.T.);
#650=EDGE_CURVE('',#539,#537,#343,.T.);
#651=EDGE_CURVE('',#536,#538,#344,.T.);
#652=EDGE_CURVE('',#540,#541,#345,.T.);
#653=EDGE_CURVE('',#541,#539,#261,.T.);
#654=EDGE_CURVE('',#538,#540,#262,.T.);
#655=EDGE_CURVE('',#542,#543,#346,.T.);
#656=EDGE_CURVE('',#543,#541,#347,.T.);
#657=EDGE_CURVE('',#540,#542,#348,.T.);
#658=EDGE_CURVE('',#544,#545,#349,.T.);
#659=EDGE_CURVE('',#545,#543,#263,.T.);
#660=EDGE_CURVE('',#542,#544,#264,.T.);
#661=EDGE_CURVE('',#532,#545,#350,.T.);
#662=EDGE_CURVE('',#544,#533,#351,.T.);
#663=EDGE_CURVE('',#536,#546,#352,.T.);
#664=EDGE_CURVE('',#547,#546,#353,.T.);
#665=EDGE_CURVE('',#538,#547,#354,.T.);
#666=EDGE_CURVE('',#534,#548,#355,.T.);
#667=EDGE_CURVE('',#546,#548,#265,.T.);
#668=EDGE_CURVE('',#530,#549,#356,.T.);
#669=EDGE_CURVE('',#548,#549,#357,.T.);
#670=EDGE_CURVE('',#533,#550,#358,.T.);
#671=EDGE_CURVE('',#549,#550,#266,.T.);
#672=EDGE_CURVE('',#551,#552,#359,.T.);
#673=EDGE_CURVE('',#551,#553,#360,.T.);
#674=EDGE_CURVE('',#554,#553,#361,.T.);
#675=EDGE_CURVE('',#552,#554,#362,.T.);
#676=EDGE_CURVE('',#540,#555,#363,.T.);
#677=EDGE_CURVE('',#556,#555,#364,.T.);
#678=EDGE_CURVE('',#542,#556,#365,.T.);
#679=EDGE_CURVE('',#555,#547,#267,.T.);
#680=EDGE_CURVE('',#544,#557,#366,.T.);
#681=EDGE_CURVE('',#550,#557,#367,.T.);
#682=EDGE_CURVE('',#557,#556,#268,.T.);
#683=EDGE_CURVE('',#551,#558,#269,.T.);
#684=EDGE_CURVE('',#558,#559,#270,.T.);
#685=EDGE_CURVE('',#559,#560,#271,.T.);
#686=EDGE_CURVE('',#560,#551,#272,.T.);
#687=EDGE_CURVE('',#561,#562,#273,.T.);
#688=EDGE_CURVE('',#562,#560,#368,.T.);
#689=EDGE_CURVE('',#559,#561,#369,.T.);
#690=EDGE_CURVE('',#563,#564,#274,.T.);
#691=EDGE_CURVE('',#564,#562,#275,.T.);
#692=EDGE_CURVE('',#561,#563,#276,.T.);
#693=EDGE_CURVE('',#565,#566,#277,.T.);
#694=EDGE_CURVE('',#566,#564,#370,.T.);
#695=EDGE_CURVE('',#563,#565,#371,.T.);
#696=EDGE_CURVE('',#567,#568,#278,.T.);
#697=EDGE_CURVE('',#568,#566,#279,.T.);
#698=EDGE_CURVE('',#565,#567,#280,.T.);
#699=EDGE_CURVE('',#569,#570,#281,.T.);
#700=EDGE_CURVE('',#570,#568,#372,.T.);
#701=EDGE_CURVE('',#567,#569,#373,.T.);
#702=EDGE_CURVE('',#571,#572,#282,.T.);
#703=EDGE_CURVE('',#572,#570,#283,.T.);
#704=EDGE_CURVE('',#569,#571,#284,.T.);
#705=EDGE_CURVE('',#573,#574,#285,.T.);
#706=EDGE_CURVE('',#574,#572,#374,.T.);
#707=EDGE_CURVE('',#571,#573,#375,.T.);
#708=EDGE_CURVE('',#575,#576,#286,.T.);
#709=EDGE_CURVE('',#576,#574,#287,.T.);
#710=EDGE_CURVE('',#573,#575,#288,.T.);
#711=EDGE_CURVE('',#577,#578,#289,.T.);
#712=EDGE_CURVE('',#578,#576,#376,.T.);
#713=EDGE_CURVE('',#575,#577,#377,.T.);
#714=EDGE_CURVE('',#579,#580,#290,.T.);
#715=EDGE_CURVE('',#580,#578,#291,.T.);
#716=EDGE_CURVE('',#577,#579,#292,.T.);
#717=EDGE_CURVE('',#581,#582,#293,.T.);
#718=EDGE_CURVE('',#582,#580,#378,.T.);
#719=EDGE_CURVE('',#579,#581,#379,.T.);
#720=EDGE_CURVE('',#583,#552,#294,.T.);
#721=EDGE_CURVE('',#552,#582,#295,.T.);
#722=EDGE_CURVE('',#581,#583,#296,.T.);
#723=EDGE_CURVE('',#583,#558,#380,.T.);
#724=EDGE_CURVE('',#576,#584,#381,.T.);
#725=EDGE_CURVE('',#585,#584,#297,.T.);
#726=EDGE_CURVE('',#574,#585,#382,.T.);
#727=EDGE_CURVE('',#578,#586,#383,.T.);
#728=EDGE_CURVE('',#584,#586,#384,.T.);
#729=EDGE_CURVE('',#580,#587,#385,.T.);
#730=EDGE_CURVE('',#586,#587,#298,.T.);
#731=EDGE_CURVE('',#582,#588,#386,.T.);
#732=EDGE_CURVE('',#587,#588,#387,.T.);
#733=EDGE_CURVE('',#588,#554,#299,.T.);
#734=EDGE_CURVE('',#560,#589,#388,.T.);
#735=EDGE_CURVE('',#553,#589,#300,.T.);
#736=EDGE_CURVE('',#590,#590,#301,.T.);
#737=EDGE_CURVE('',#590,#591,#302,.T.);
#738=EDGE_CURVE('',#591,#591,#303,.T.);
#739=EDGE_CURVE('',#592,#593,#389,.T.);
#740=EDGE_CURVE('',#593,#594,#304,.T.);
#741=EDGE_CURVE('',#594,#595,#390,.T.);
#742=EDGE_CURVE('',#595,#596,#305,.T.);
#743=EDGE_CURVE('',#596,#597,#391,.T.);
#744=EDGE_CURVE('',#597,#598,#306,.T.);
#745=EDGE_CURVE('',#598,#599,#392,.T.);
#746=EDGE_CURVE('',#599,#600,#307,.T.);
#747=EDGE_CURVE('',#600,#601,#393,.T.);
#748=EDGE_CURVE('',#601,#602,#308,.T.);
#749=EDGE_CURVE('',#602,#603,#394,.T.);
#750=EDGE_CURVE('',#603,#604,#309,.T.);
#751=EDGE_CURVE('',#604,#605,#395,.T.);
#752=EDGE_CURVE('',#605,#592,#310,.T.);
#753=EDGE_CURVE('',#606,#606,#311,.T.);
#754=EDGE_CURVE('',#607,#607,#312,.T.);
#755=EDGE_CURVE('',#608,#608,#313,.T.);
#756=EDGE_CURVE('',#608,#590,#396,.T.);
#757=EDGE_CURVE('',#609,#609,#314,.T.);
#758=EDGE_CURVE('',#609,#606,#315,.T.);
#759=EDGE_CURVE('',#610,#610,#316,.T.);
#760=EDGE_CURVE('',#610,#609,#397,.T.);
#761=EDGE_CURVE('',#611,#611,#317,.T.);
#762=EDGE_CURVE('',#611,#607,#318,.T.);
#763=EDGE_CURVE('',#612,#612,#319,.T.);
#764=EDGE_CURVE('',#612,#611,#398,.T.);
#765=EDGE_CURVE('',#613,#613,#320,.T.);
#766=EDGE_CURVE('',#613,#614,#399,.T.);
#767=EDGE_CURVE('',#614,#614,#321,.T.);
#768=EDGE_CURVE('',#615,#615,#322,.T.);
#769=EDGE_CURVE('',#615,#616,#400,.T.);
#770=EDGE_CURVE('',#616,#616,#323,.T.);
#771=EDGE_CURVE('',#617,#617,#324,.T.);
#772=EDGE_CURVE('',#617,#618,#401,.T.);
#773=EDGE_CURVE('',#618,#618,#325,.T.);
#774=EDGE_CURVE('',#598,#619,#402,.T.);
#775=EDGE_CURVE('',#620,#619,#403,.T.);
#776=EDGE_CURVE('',#599,#620,#404,.T.);
#777=EDGE_CURVE('',#597,#621,#405,.T.);
#778=EDGE_CURVE('',#619,#621,#326,.T.);
#779=EDGE_CURVE('',#596,#622,#406,.T.);
#780=EDGE_CURVE('',#621,#622,#407,.T.);
#781=EDGE_CURVE('',#595,#623,#408,.T.);
#782=EDGE_CURVE('',#622,#623,#327,.T.);
#783=EDGE_CURVE('',#594,#624,#409,.T.);
#784=EDGE_CURVE('',#623,#624,#410,.T.);
#785=EDGE_CURVE('',#593,#625,#411,.T.);
#786=EDGE_CURVE('',#624,#625,#328,.T.);
#787=EDGE_CURVE('',#592,#626,#412,.T.);
#788=EDGE_CURVE('',#625,#626,#413,.T.);
#789=EDGE_CURVE('',#627,#620,#329,.T.);
#790=EDGE_CURVE('',#600,#627,#414,.T.);
#791=EDGE_CURVE('',#628,#627,#415,.T.);
#792=EDGE_CURVE('',#601,#628,#416,.T.);
#793=EDGE_CURVE('',#629,#628,#330,.T.);
#794=EDGE_CURVE('',#602,#629,#417,.T.);
#795=EDGE_CURVE('',#630,#629,#418,.T.);
#796=EDGE_CURVE('',#603,#630,#419,.T.);
#797=EDGE_CURVE('',#631,#630,#331,.T.);
#798=EDGE_CURVE('',#604,#631,#420,.T.);
#799=EDGE_CURVE('',#632,#631,#421,.T.);
#800=EDGE_CURVE('',#605,#632,#422,.T.);
#801=EDGE_CURVE('',#626,#632,#332,.T.);
#802=EDGE_CURVE('',#589,#633,#423,.T.);
#803=EDGE_CURVE('',#633,#634,#333,.T.);
#804=EDGE_CURVE('',#634,#635,#424,.T.);
#805=EDGE_CURVE('',#635,#636,#334,.T.);
#806=EDGE_CURVE('',#636,#637,#425,.T.);
#807=EDGE_CURVE('',#637,#638,#335,.T.);
#808=EDGE_CURVE('',#638,#585,#426,.T.);
#809=EDGE_CURVE('',#572,#638,#427,.T.);
#810=EDGE_CURVE('',#570,#637,#428,.T.);
#811=EDGE_CURVE('',#568,#636,#429,.T.);
#812=EDGE_CURVE('',#566,#635,#430,.T.);
#813=EDGE_CURVE('',#564,#634,#431,.T.);
#814=EDGE_CURVE('',#562,#633,#432,.T.);
#815=ORIENTED_EDGE('',*,*,#639,.T.);
#816=ORIENTED_EDGE('',*,*,#640,.T.);
#817=ORIENTED_EDGE('',*,*,#641,.T.);
#818=ORIENTED_EDGE('',*,*,#642,.T.);
#819=ORIENTED_EDGE('',*,*,#643,.T.);
#820=ORIENTED_EDGE('',*,*,#644,.T.);
#821=ORIENTED_EDGE('',*,*,#639,.F.);
#822=ORIENTED_EDGE('',*,*,#645,.T.);
#823=ORIENTED_EDGE('',*,*,#646,.T.);
#824=ORIENTED_EDGE('',*,*,#647,.T.);
#825=ORIENTED_EDGE('',*,*,#643,.F.);
#826=ORIENTED_EDGE('',*,*,#648,.T.);
#827=ORIENTED_EDGE('',*,*,#649,.T.);
#828=ORIENTED_EDGE('',*,*,#650,.T.);
#829=ORIENTED_EDGE('',*,*,#646,.F.);
#830=ORIENTED_EDGE('',*,*,#651,.T.);
#831=ORIENTED_EDGE('',*,*,#652,.T.);
#832=ORIENTED_EDGE('',*,*,#653,.T.);
#833=ORIENTED_EDGE('',*,*,#649,.F.);
#834=ORIENTED_EDGE('',*,*,#654,.T.);
#835=ORIENTED_EDGE('',*,*,#655,.T.);
#836=ORIENTED_EDGE('',*,*,#656,.T.);
#837=ORIENTED_EDGE('',*,*,#652,.F.);
#838=ORIENTED_EDGE('',*,*,#657,.T.);
#839=ORIENTED_EDGE('',*,*,#658,.T.);
#840=ORIENTED_EDGE('',*,*,#659,.T.);
#841=ORIENTED_EDGE('',*,*,#655,.F.);
#842=ORIENTED_EDGE('',*,*,#660,.T.);
#843=ORIENTED_EDGE('',*,*,#641,.F.);
#844=ORIENTED_EDGE('',*,*,#661,.T.);
#845=ORIENTED_EDGE('',*,*,#658,.F.);
#846=ORIENTED_EDGE('',*,*,#662,.T.);
#847=ORIENTED_EDGE('',*,*,#651,.F.);
#848=ORIENTED_EDGE('',*,*,#663,.T.);
#849=ORIENTED_EDGE('',*,*,#664,.F.);
#850=ORIENTED_EDGE('',*,*,#665,.F.);
#851=ORIENTED_EDGE('',*,*,#648,.F.);
#852=ORIENTED_EDGE('',*,*,#666,.T.);
#853=ORIENTED_EDGE('',*,*,#667,.F.);
#854=ORIENTED_EDGE('',*,*,#663,.F.);
#855=ORIENTED_EDGE('',*,*,#645,.F.);
#856=ORIENTED_EDGE('',*,*,#668,.T.);
#857=ORIENTED_EDGE('',*,*,#669,.F.);
#858=ORIENTED_EDGE('',*,*,#666,.F.);
#859=ORIENTED_EDGE('',*,*,#642,.F.);
#860=ORIENTED_EDGE('',*,*,#670,.T.);
#861=ORIENTED_EDGE('',*,*,#671,.F.);
#862=ORIENTED_EDGE('',*,*,#668,.F.);
#863=ORIENTED_EDGE('',*,*,#672,.F.);
#864=ORIENTED_EDGE('',*,*,#673,.T.);
#865=ORIENTED_EDGE('',*,*,#674,.F.);
#866=ORIENTED_EDGE('',*,*,#675,.F.);
#867=ORIENTED_EDGE('',*,*,#640,.F.);
#868=ORIENTED_EDGE('',*,*,#644,.F.);
#869=ORIENTED_EDGE('',*,*,#647,.F.);
#870=ORIENTED_EDGE('',*,*,#650,.F.);
#871=ORIENTED_EDGE('',*,*,#653,.F.);
#872=ORIENTED_EDGE('',*,*,#656,.F.);
#873=ORIENTED_EDGE('',*,*,#659,.F.);
#874=ORIENTED_EDGE('',*,*,#661,.F.);
#875=ORIENTED_EDGE('',*,*,#657,.F.);
#876=ORIENTED_EDGE('',*,*,#676,.T.);
#877=ORIENTED_EDGE('',*,*,#677,.F.);
#878=ORIENTED_EDGE('',*,*,#678,.F.);
#879=ORIENTED_EDGE('',*,*,#654,.F.);
#880=ORIENTED_EDGE('',*,*,#665,.T.);
#881=ORIENTED_EDGE('',*,*,#679,.F.);
#882=ORIENTED_EDGE('',*,*,#676,.F.);
#883=ORIENTED_EDGE('',*,*,#662,.F.);
#884=ORIENTED_EDGE('',*,*,#680,.T.);
#885=ORIENTED_EDGE('',*,*,#681,.F.);
#886=ORIENTED_EDGE('',*,*,#670,.F.);
#887=ORIENTED_EDGE('',*,*,#660,.F.);
#888=ORIENTED_EDGE('',*,*,#678,.T.);
#889=ORIENTED_EDGE('',*,*,#682,.F.);
#890=ORIENTED_EDGE('',*,*,#680,.F.);
#891=ORIENTED_EDGE('',*,*,#683,.T.);
#892=ORIENTED_EDGE('',*,*,#684,.T.);
#893=ORIENTED_EDGE('',*,*,#685,.T.);
#894=ORIENTED_EDGE('',*,*,#686,.T.);
#895=ORIENTED_EDGE('',*,*,#687,.T.);
#896=ORIENTED_EDGE('',*,*,#688,.T.);
#897=ORIENTED_EDGE('',*,*,#685,.F.);
#898=ORIENTED_EDGE('',*,*,#689,.T.);
#899=ORIENTED_EDGE('',*,*,#690,.T.);
#900=ORIENTED_EDGE('',*,*,#691,.T.);
#901=ORIENTED_EDGE('',*,*,#687,.F.);
#902=ORIENTED_EDGE('',*,*,#692,.T.);
#903=ORIENTED_EDGE('',*,*,#693,.T.);
#904=ORIENTED_EDGE('',*,*,#694,.T.);
#905=ORIENTED_EDGE('',*,*,#690,.F.);
#906=ORIENTED_EDGE('',*,*,#695,.T.);
#907=ORIENTED_EDGE('',*,*,#696,.T.);
#908=ORIENTED_EDGE('',*,*,#697,.T.);
#909=ORIENTED_EDGE('',*,*,#693,.F.);
#910=ORIENTED_EDGE('',*,*,#698,.T.);
#911=ORIENTED_EDGE('',*,*,#699,.T.);
#912=ORIENTED_EDGE('',*,*,#700,.T.);
#913=ORIENTED_EDGE('',*,*,#696,.F.);
#914=ORIENTED_EDGE('',*,*,#701,.T.);
#915=ORIENTED_EDGE('',*,*,#702,.T.);
#916=ORIENTED_EDGE('',*,*,#703,.T.);
#917=ORIENTED_EDGE('',*,*,#699,.F.);
#918=ORIENTED_EDGE('',*,*,#704,.T.);
#919=ORIENTED_EDGE('',*,*,#705,.T.);
#920=ORIENTED_EDGE('',*,*,#706,.T.);
#921=ORIENTED_EDGE('',*,*,#702,.F.);
#922=ORIENTED_EDGE('',*,*,#707,.T.);
#923=ORIENTED_EDGE('',*,*,#708,.T.);
#924=ORIENTED_EDGE('',*,*,#709,.T.);
#925=ORIENTED_EDGE('',*,*,#705,.F.);
#926=ORIENTED_EDGE('',*,*,#710,.T.);
#927=ORIENTED_EDGE('',*,*,#711,.T.);
#928=ORIENTED_EDGE('',*,*,#712,.T.);
#929=ORIENTED_EDGE('',*,*,#708,.F.);
#930=ORIENTED_EDGE('',*,*,#713,.T.);
#931=ORIENTED_EDGE('',*,*,#714,.T.);
#932=ORIENTED_EDGE('',*,*,#715,.T.);
#933=ORIENTED_EDGE('',*,*,#711,.F.);
#934=ORIENTED_EDGE('',*,*,#716,.T.);
#935=ORIENTED_EDGE('',*,*,#717,.T.);
#936=ORIENTED_EDGE('',*,*,#718,.T.);
#937=ORIENTED_EDGE('',*,*,#714,.F.);
#938=ORIENTED_EDGE('',*,*,#719,.T.);
#939=ORIENTED_EDGE('',*,*,#720,.T.);
#940=ORIENTED_EDGE('',*,*,#721,.T.);
#941=ORIENTED_EDGE('',*,*,#717,.F.);
#942=ORIENTED_EDGE('',*,*,#722,.T.);
#943=ORIENTED_EDGE('',*,*,#720,.F.);
#944=ORIENTED_EDGE('',*,*,#723,.T.);
#945=ORIENTED_EDGE('',*,*,#683,.F.);
#946=ORIENTED_EDGE('',*,*,#672,.T.);
#947=ORIENTED_EDGE('',*,*,#709,.F.);
#948=ORIENTED_EDGE('',*,*,#724,.T.);
#949=ORIENTED_EDGE('',*,*,#725,.F.);
#950=ORIENTED_EDGE('',*,*,#726,.F.);
#951=ORIENTED_EDGE('',*,*,#712,.F.);
#952=ORIENTED_EDGE('',*,*,#727,.T.);
#953=ORIENTED_EDGE('',*,*,#728,.F.);
#954=ORIENTED_EDGE('',*,*,#724,.F.);
#955=ORIENTED_EDGE('',*,*,#715,.F.);
#956=ORIENTED_EDGE('',*,*,#729,.T.);
#957=ORIENTED_EDGE('',*,*,#730,.F.);
#958=ORIENTED_EDGE('',*,*,#727,.F.);
#959=ORIENTED_EDGE('',*,*,#718,.F.);
#960=ORIENTED_EDGE('',*,*,#731,.T.);
#961=ORIENTED_EDGE('',*,*,#732,.F.);
#962=ORIENTED_EDGE('',*,*,#729,.F.);
#963=ORIENTED_EDGE('',*,*,#721,.F.);
#964=ORIENTED_EDGE('',*,*,#675,.T.);
#965=ORIENTED_EDGE('',*,*,#733,.F.);
#966=ORIENTED_EDGE('',*,*,#731,.F.);
#967=ORIENTED_EDGE('',*,*,#686,.F.);
#968=ORIENTED_EDGE('',*,*,#734,.T.);
#969=ORIENTED_EDGE('',*,*,#735,.F.);
#970=ORIENTED_EDGE('',*,*,#673,.F.);
#971=ORIENTED_EDGE('',*,*,#684,.F.);
#972=ORIENTED_EDGE('',*,*,#723,.F.);
#973=ORIENTED_EDGE('',*,*,#722,.F.);
#974=ORIENTED_EDGE('',*,*,#719,.F.);
#975=ORIENTED_EDGE('',*,*,#716,.F.);
#976=ORIENTED_EDGE('',*,*,#713,.F.);
#977=ORIENTED_EDGE('',*,*,#710,.F.);
#978=ORIENTED_EDGE('',*,*,#707,.F.);
#979=ORIENTED_EDGE('',*,*,#704,.F.);
#980=ORIENTED_EDGE('',*,*,#701,.F.);
#981=ORIENTED_EDGE('',*,*,#698,.F.);
#982=ORIENTED_EDGE('',*,*,#695,.F.);
#983=ORIENTED_EDGE('',*,*,#692,.F.);
#984=ORIENTED_EDGE('',*,*,#689,.F.);
#985=ORIENTED_EDGE('',*,*,#736,.T.);
#986=ORIENTED_EDGE('',*,*,#737,.T.);
#987=ORIENTED_EDGE('',*,*,#738,.T.);
#988=ORIENTED_EDGE('',*,*,#737,.F.);
#989=ORIENTED_EDGE('',*,*,#739,.T.);
#990=ORIENTED_EDGE('',*,*,#740,.T.);
#991=ORIENTED_EDGE('',*,*,#741,.T.);
#992=ORIENTED_EDGE('',*,*,#742,.T.);
#993=ORIENTED_EDGE('',*,*,#743,.T.);
#994=ORIENTED_EDGE('',*,*,#744,.T.);
#995=ORIENTED_EDGE('',*,*,#745,.T.);
#996=ORIENTED_EDGE('',*,*,#746,.T.);
#997=ORIENTED_EDGE('',*,*,#747,.T.);
#998=ORIENTED_EDGE('',*,*,#748,.T.);
#999=ORIENTED_EDGE('',*,*,#749,.T.);
#1000=ORIENTED_EDGE('',*,*,#750,.T.);
#1001=ORIENTED_EDGE('',*,*,#751,.T.);
#1002=ORIENTED_EDGE('',*,*,#752,.T.);
#1003=ORIENTED_EDGE('',*,*,#753,.F.);
#1004=ORIENTED_EDGE('',*,*,#754,.F.);
#1005=ORIENTED_EDGE('',*,*,#738,.F.);
#1006=ORIENTED_EDGE('',*,*,#755,.F.);
#1007=ORIENTED_EDGE('',*,*,#756,.T.);
#1008=ORIENTED_EDGE('',*,*,#736,.F.);
#1009=ORIENTED_EDGE('',*,*,#756,.F.);
#1010=ORIENTED_EDGE('',*,*,#757,.T.);
#1011=ORIENTED_EDGE('',*,*,#758,.T.);
#1012=ORIENTED_EDGE('',*,*,#753,.T.);
#1013=ORIENTED_EDGE('',*,*,#758,.F.);
#1014=ORIENTED_EDGE('',*,*,#759,.F.);
#1015=ORIENTED_EDGE('',*,*,#760,.T.);
#1016=ORIENTED_EDGE('',*,*,#757,.F.);
#1017=ORIENTED_EDGE('',*,*,#760,.F.);
#1018=ORIENTED_EDGE('',*,*,#761,.T.);
#1019=ORIENTED_EDGE('',*,*,#762,.T.);
#1020=ORIENTED_EDGE('',*,*,#754,.T.);
#1021=ORIENTED_EDGE('',*,*,#762,.F.);
#1022=ORIENTED_EDGE('',*,*,#763,.F.);
#1023=ORIENTED_EDGE('',*,*,#764,.T.);
#1024=ORIENTED_EDGE('',*,*,#761,.F.);
#1025=ORIENTED_EDGE('',*,*,#764,.F.);
#1026=ORIENTED_EDGE('',*,*,#765,.F.);
#1027=ORIENTED_EDGE('',*,*,#766,.T.);
#1028=ORIENTED_EDGE('',*,*,#767,.F.);
#1029=ORIENTED_EDGE('',*,*,#766,.F.);
#1030=ORIENTED_EDGE('',*,*,#755,.T.);
#1031=ORIENTED_EDGE('',*,*,#765,.T.);
#1032=ORIENTED_EDGE('',*,*,#768,.F.);
#1033=ORIENTED_EDGE('',*,*,#769,.T.);
#1034=ORIENTED_EDGE('',*,*,#770,.F.);
#1035=ORIENTED_EDGE('',*,*,#769,.F.);
#1036=ORIENTED_EDGE('',*,*,#759,.T.);
#1037=ORIENTED_EDGE('',*,*,#768,.T.);
#1038=ORIENTED_EDGE('',*,*,#767,.T.);
#1039=ORIENTED_EDGE('',*,*,#771,.F.);
#1040=ORIENTED_EDGE('',*,*,#772,.T.);
#1041=ORIENTED_EDGE('',*,*,#773,.F.);
#1042=ORIENTED_EDGE('',*,*,#772,.F.);
#1043=ORIENTED_EDGE('',*,*,#763,.T.);
#1044=ORIENTED_EDGE('',*,*,#771,.T.);
#1045=ORIENTED_EDGE('',*,*,#770,.T.);
#1046=ORIENTED_EDGE('',*,*,#745,.F.);
#1047=ORIENTED_EDGE('',*,*,#774,.T.);
#1048=ORIENTED_EDGE('',*,*,#775,.F.);
#1049=ORIENTED_EDGE('',*,*,#776,.F.);
#1050=ORIENTED_EDGE('',*,*,#744,.F.);
#1051=ORIENTED_EDGE('',*,*,#777,.T.);
#1052=ORIENTED_EDGE('',*,*,#778,.F.);
#1053=ORIENTED_EDGE('',*,*,#774,.F.);
#1054=ORIENTED_EDGE('',*,*,#743,.F.);
#1055=ORIENTED_EDGE('',*,*,#779,.T.);
#1056=ORIENTED_EDGE('',*,*,#780,.F.);
#1057=ORIENTED_EDGE('',*,*,#777,.F.);
#1058=ORIENTED_EDGE('',*,*,#742,.F.);
#1059=ORIENTED_EDGE('',*,*,#781,.T.);
#1060=ORIENTED_EDGE('',*,*,#782,.F.);
#1061=ORIENTED_EDGE('',*,*,#779,.F.);
#1062=ORIENTED_EDGE('',*,*,#741,.F.);
#1063=ORIENTED_EDGE('',*,*,#783,.T.);
#1064=ORIENTED_EDGE('',*,*,#784,.F.);
#1065=ORIENTED_EDGE('',*,*,#781,.F.);
#1066=ORIENTED_EDGE('',*,*,#740,.F.);
#1067=ORIENTED_EDGE('',*,*,#785,.T.);
#1068=ORIENTED_EDGE('',*,*,#786,.F.);
#1069=ORIENTED_EDGE('',*,*,#783,.F.);
#1070=ORIENTED_EDGE('',*,*,#739,.F.);
#1071=ORIENTED_EDGE('',*,*,#787,.T.);
#1072=ORIENTED_EDGE('',*,*,#788,.F.);
#1073=ORIENTED_EDGE('',*,*,#785,.F.);
#1074=ORIENTED_EDGE('',*,*,#746,.F.);
#1075=ORIENTED_EDGE('',*,*,#776,.T.);
#1076=ORIENTED_EDGE('',*,*,#789,.F.);
#1077=ORIENTED_EDGE('',*,*,#790,.F.);
#1078=ORIENTED_EDGE('',*,*,#747,.F.);
#1079=ORIENTED_EDGE('',*,*,#790,.T.);
#1080=ORIENTED_EDGE('',*,*,#791,.F.);
#1081=ORIENTED_EDGE('',*,*,#792,.F.);
#1082=ORIENTED_EDGE('',*,*,#748,.F.);
#1083=ORIENTED_EDGE('',*,*,#792,.T.);
#1084=ORIENTED_EDGE('',*,*,#793,.F.);
#1085=ORIENTED_EDGE('',*,*,#794,.F.);
#1086=ORIENTED_EDGE('',*,*,#749,.F.);
#1087=ORIENTED_EDGE('',*,*,#794,.T.);
#1088=ORIENTED_EDGE('',*,*,#795,.F.);
#1089=ORIENTED_EDGE('',*,*,#796,.F.);
#1090=ORIENTED_EDGE('',*,*,#750,.F.);
#1091=ORIENTED_EDGE('',*,*,#796,.T.);
#1092=ORIENTED_EDGE('',*,*,#797,.F.);
#1093=ORIENTED_EDGE('',*,*,#798,.F.);
#1094=ORIENTED_EDGE('',*,*,#751,.F.);
#1095=ORIENTED_EDGE('',*,*,#798,.T.);
#1096=ORIENTED_EDGE('',*,*,#799,.F.);
#1097=ORIENTED_EDGE('',*,*,#800,.F.);
#1098=ORIENTED_EDGE('',*,*,#669,.T.);
#1099=ORIENTED_EDGE('',*,*,#671,.T.);
#1100=ORIENTED_EDGE('',*,*,#681,.T.);
#1101=ORIENTED_EDGE('',*,*,#682,.T.);
#1102=ORIENTED_EDGE('',*,*,#677,.T.);
#1103=ORIENTED_EDGE('',*,*,#679,.T.);
#1104=ORIENTED_EDGE('',*,*,#664,.T.);
#1105=ORIENTED_EDGE('',*,*,#667,.T.);
#1106=ORIENTED_EDGE('',*,*,#752,.F.);
#1107=ORIENTED_EDGE('',*,*,#800,.T.);
#1108=ORIENTED_EDGE('',*,*,#801,.F.);
#1109=ORIENTED_EDGE('',*,*,#787,.F.);
#1110=ORIENTED_EDGE('',*,*,#735,.T.);
#1111=ORIENTED_EDGE('',*,*,#802,.T.);
#1112=ORIENTED_EDGE('',*,*,#803,.T.);
#1113=ORIENTED_EDGE('',*,*,#804,.T.);
#1114=ORIENTED_EDGE('',*,*,#805,.T.);
#1115=ORIENTED_EDGE('',*,*,#806,.T.);
#1116=ORIENTED_EDGE('',*,*,#807,.T.);
#1117=ORIENTED_EDGE('',*,*,#808,.T.);
#1118=ORIENTED_EDGE('',*,*,#725,.T.);
#1119=ORIENTED_EDGE('',*,*,#728,.T.);
#1120=ORIENTED_EDGE('',*,*,#730,.T.);
#1121=ORIENTED_EDGE('',*,*,#732,.T.);
#1122=ORIENTED_EDGE('',*,*,#733,.T.);
#1123=ORIENTED_EDGE('',*,*,#674,.T.);
#1124=ORIENTED_EDGE('',*,*,#801,.T.);
#1125=ORIENTED_EDGE('',*,*,#799,.T.);
#1126=ORIENTED_EDGE('',*,*,#797,.T.);
#1127=ORIENTED_EDGE('',*,*,#795,.T.);
#1128=ORIENTED_EDGE('',*,*,#793,.T.);
#1129=ORIENTED_EDGE('',*,*,#791,.T.);
#1130=ORIENTED_EDGE('',*,*,#789,.T.);
#1131=ORIENTED_EDGE('',*,*,#775,.T.);
#1132=ORIENTED_EDGE('',*,*,#778,.T.);
#1133=ORIENTED_EDGE('',*,*,#780,.T.);
#1134=ORIENTED_EDGE('',*,*,#782,.T.);
#1135=ORIENTED_EDGE('',*,*,#784,.T.);
#1136=ORIENTED_EDGE('',*,*,#786,.T.);
#1137=ORIENTED_EDGE('',*,*,#788,.T.);
#1138=ORIENTED_EDGE('',*,*,#706,.F.);
#1139=ORIENTED_EDGE('',*,*,#726,.T.);
#1140=ORIENTED_EDGE('',*,*,#808,.F.);
#1141=ORIENTED_EDGE('',*,*,#809,.F.);
#1142=ORIENTED_EDGE('',*,*,#703,.F.);
#1143=ORIENTED_EDGE('',*,*,#809,.T.);
#1144=ORIENTED_EDGE('',*,*,#807,.F.);
#1145=ORIENTED_EDGE('',*,*,#810,.F.);
#1146=ORIENTED_EDGE('',*,*,#700,.F.);
#1147=ORIENTED_EDGE('',*,*,#810,.T.);
#1148=ORIENTED_EDGE('',*,*,#806,.F.);
#1149=ORIENTED_EDGE('',*,*,#811,.F.);
#1150=ORIENTED_EDGE('',*,*,#697,.F.);
#1151=ORIENTED_EDGE('',*,*,#811,.T.);
#1152=ORIENTED_EDGE('',*,*,#805,.F.);
#1153=ORIENTED_EDGE('',*,*,#812,.F.);
#1154=ORIENTED_EDGE('',*,*,#694,.F.);
#1155=ORIENTED_EDGE('',*,*,#812,.T.);
#1156=ORIENTED_EDGE('',*,*,#804,.F.);
#1157=ORIENTED_EDGE('',*,*,#813,.F.);
#1158=ORIENTED_EDGE('',*,*,#691,.F.);
#1159=ORIENTED_EDGE('',*,*,#813,.T.);
#1160=ORIENTED_EDGE('',*,*,#803,.F.);
#1161=ORIENTED_EDGE('',*,*,#814,.F.);
#1162=ORIENTED_EDGE('',*,*,#688,.F.);
#1163=ORIENTED_EDGE('',*,*,#814,.T.);
#1164=ORIENTED_EDGE('',*,*,#802,.F.);
#1165=ORIENTED_EDGE('',*,*,#734,.F.);
#1166=ORIENTED_EDGE('',*,*,#773,.T.);
#1167=CONICAL_SURFACE('',#1261,2.25,0.78539816339745);
#1168=CONICAL_SURFACE('',#1265,2.25,0.785398163397449);
#1169=CONICAL_SURFACE('',#1269,2.25,0.785398163397455);
#1170=CONICAL_SURFACE('',#1273,2.25,0.785398163397455);
#1171=ADVANCED_FACE('',(#96),#1167,.F.);
#1172=ADVANCED_FACE('',(#97),#65,.T.);
#1173=ADVANCED_FACE('',(#98),#1168,.F.);
#1174=ADVANCED_FACE('',(#99),#66,.T.);
#1175=ADVANCED_FACE('',(#100),#1169,.F.);
#1176=ADVANCED_FACE('',(#101),#67,.T.);
#1177=ADVANCED_FACE('',(#102),#1170,.F.);
#1178=ADVANCED_FACE('',(#103),#68,.T.);
#1179=ADVANCED_FACE('',(#104),#69,.F.);
#1180=ADVANCED_FACE('',(#105),#34,.F.);
#1181=ADVANCED_FACE('',(#106),#70,.F.);
#1182=ADVANCED_FACE('',(#107),#35,.F.);
#1183=ADVANCED_FACE('',(#108,#25),#71,.T.);
#1184=ADVANCED_FACE('',(#109),#72,.F.);
#1185=ADVANCED_FACE('',(#110),#36,.F.);
#1186=ADVANCED_FACE('',(#111),#73,.F.);
#1187=ADVANCED_FACE('',(#112),#37,.F.);
#1188=ADVANCED_FACE('',(#113),#15,.T.);
#1189=ADVANCED_FACE('',(#114),#38,.T.);
#1190=ADVANCED_FACE('',(#115),#16,.T.);
#1191=ADVANCED_FACE('',(#116),#39,.T.);
#1192=ADVANCED_FACE('',(#117),#17,.T.);
#1193=ADVANCED_FACE('',(#118),#40,.T.);
#1194=ADVANCED_FACE('',(#119),#18,.T.);
#1195=ADVANCED_FACE('',(#120),#41,.T.);
#1196=ADVANCED_FACE('',(#121),#19,.T.);
#1197=ADVANCED_FACE('',(#122),#42,.T.);
#1198=ADVANCED_FACE('',(#123),#20,.T.);
#1199=ADVANCED_FACE('',(#124),#43,.T.);
#1200=ADVANCED_FACE('',(#125),#21,.T.);
#1201=ADVANCED_FACE('',(#126),#44,.T.);
#1202=ADVANCED_FACE('',(#127),#45,.T.);
#1203=ADVANCED_FACE('',(#128),#74,.T.);
#1204=ADVANCED_FACE('',(#129),#46,.T.);
#1205=ADVANCED_FACE('',(#130),#75,.T.);
#1206=ADVANCED_FACE('',(#131),#47,.F.);
#1207=ADVANCED_FACE('',(#132),#48,.T.);
#1208=ADVANCED_FACE('',(#133),#76,.F.);
#1209=ADVANCED_FACE('',(#134),#22,.F.);
#1210=ADVANCED_FACE('',(#135,#26,#27,#28),#77,.T.);
#1211=ADVANCED_FACE('',(#136),#49,.T.);
#1212=ADVANCED_FACE('',(#137),#23,.F.);
#1213=ADVANCED_FACE('',(#138),#50,.T.);
#1214=ADVANCED_FACE('',(#139),#24,.F.);
#1215=ADVANCED_FACE('',(#140),#51,.T.);
#1216=ADVANCED_FACE('',(#141),#52,.F.);
#1217=ADVANCED_FACE('',(#142,#29),#78,.T.);
#1218=ADVANCED_FACE('',(#143),#53,.F.);
#1219=ADVANCED_FACE('',(#144,#30),#79,.T.);
#1220=ADVANCED_FACE('',(#145),#80,.T.);
#1221=ADVANCED_FACE('',(#146),#54,.F.);
#1222=ADVANCED_FACE('',(#147,#31),#81,.T.);
#1223=ADVANCED_FACE('',(#148),#82,.T.);
#1224=ADVANCED_FACE('',(#149),#83,.T.);
#1225=ADVANCED_FACE('',(#150),#55,.F.);
#1226=ADVANCED_FACE('',(#151),#84,.T.);
#1227=ADVANCED_FACE('',(#152),#56,.F.);
#1228=ADVANCED_FACE('',(#153),#85,.T.);
#1229=ADVANCED_FACE('',(#154),#57,.F.);
#1230=ADVANCED_FACE('',(#155),#86,.T.);
#1231=ADVANCED_FACE('',(#156),#58,.F.);
#1232=ADVANCED_FACE('',(#157),#87,.T.);
#1233=ADVANCED_FACE('',(#158),#59,.F.);
#1234=ADVANCED_FACE('',(#159),#88,.T.);
#1235=ADVANCED_FACE('',(#160),#60,.T.);
#1236=ADVANCED_FACE('',(#161,#32),#89,.T.);
#1237=ADVANCED_FACE('',(#162),#61,.F.);
#1238=ADVANCED_FACE('',(#163,#33),#90,.T.);
#1239=ADVANCED_FACE('',(#164),#91,.T.);
#1240=ADVANCED_FACE('',(#165),#62,.T.);
#1241=ADVANCED_FACE('',(#166),#92,.T.);
#1242=ADVANCED_FACE('',(#167),#63,.T.);
#1243=ADVANCED_FACE('',(#168),#93,.T.);
#1244=ADVANCED_FACE('',(#169),#64,.T.);
#1245=ADVANCED_FACE('',(#170),#94,.T.);
#1246=ADVANCED_FACE('',(#171),#95,.T.);
#1247=CLOSED_SHELL('',(#1171,#1172,#1173,#1174,#1175,#1176,#1177,#1178,
#1179,#1180,#1181,#1182,#1183,#1184,#1185,#1186,#1187,#1188,#1189,#1190,
#1191,#1192,#1193,#1194,#1195,#1196,#1197,#1198,#1199,#1200,#1201,#1202,
#1203,#1204,#1205,#1206,#1207,#1208,#1209,#1210,#1211,#1212,#1213,#1214,
#1215,#1216,#1217,#1218,#1219,#1220,#1221,#1222,#1223,#1224,#1225,#1226,
#1227,#1228,#1229,#1230,#1231,#1232,#1233,#1234,#1235,#1236,#1237,#1238,
#1239,#1240,#1241,#1242,#1243,#1244,#1245,#1246));
#1248=DERIVED_UNIT_ELEMENT(#1250,1.);
#1249=DERIVED_UNIT_ELEMENT(#2192,-3.);
#1250=(
MASS_UNIT()
NAMED_UNIT(*)
SI_UNIT(.KILO.,.GRAM.)
);
#1251=DERIVED_UNIT((#1248,#1249));
#1252=MEASURE_REPRESENTATION_ITEM('density measure',
POSITIVE_RATIO_MEASURE(7850.),#1251);
#1253=PROPERTY_DEFINITION_REPRESENTATION(#1258,#1255);
#1254=PROPERTY_DEFINITION_REPRESENTATION(#1259,#1256);
#1255=REPRESENTATION('material name',(#1257),#2189);
#1256=REPRESENTATION('density',(#1252),#2189);
#1257=DESCRIPTIVE_REPRESENTATION_ITEM('Steel','Steel');
#1258=PROPERTY_DEFINITION('material property','material name',#2199);
#1259=PROPERTY_DEFINITION('material property','density of part',#2199);
#1260=AXIS2_PLACEMENT_3D('',#1825,#1416,#1417);
#1261=AXIS2_PLACEMENT_3D('',#1826,#1418,#1419);
#1262=AXIS2_PLACEMENT_3D('',#1831,#1421,#1422);
#1263=AXIS2_PLACEMENT_3D('',#1834,#1424,#1425);
#1264=AXIS2_PLACEMENT_3D('',#1835,#1426,#1427);
#1265=AXIS2_PLACEMENT_3D('',#1841,#1431,#1432);
#1266=AXIS2_PLACEMENT_3D('',#1845,#1434,#1435);
#1267=AXIS2_PLACEMENT_3D('',#1846,#1436,#1437);
#1268=AXIS2_PLACEMENT_3D('',#1847,#1438,#1439);
#1269=AXIS2_PLACEMENT_3D('',#1853,#1443,#1444);
#1270=AXIS2_PLACEMENT_3D('',#1857,#1446,#1447);
#1271=AXIS2_PLACEMENT_3D('',#1858,#1448,#1449);
#1272=AXIS2_PLACEMENT_3D('',#1859,#1450,#1451);
#1273=AXIS2_PLACEMENT_3D('',#1865,#1455,#1456);
#1274=AXIS2_PLACEMENT_3D('',#1869,#1458,#1459);
#1275=AXIS2_PLACEMENT_3D('',#1870,#1460,#1461);
#1276=AXIS2_PLACEMENT_3D('',#1871,#1462,#1463);
#1277=AXIS2_PLACEMENT_3D('',#1874,#1466,#1467);
#1278=AXIS2_PLACEMENT_3D('',#1880,#1471,#1472);
#1279=AXIS2_PLACEMENT_3D('',#1883,#1474,#1475);
#1280=AXIS2_PLACEMENT_3D('',#1884,#1476,#1477);
#1281=AXIS2_PLACEMENT_3D('',#1888,#1480,#1481);
#1282=AXIS2_PLACEMENT_3D('',#1891,#1483,#1484);
#1283=AXIS2_PLACEMENT_3D('',#1892,#1485,#1486);
#1284=AXIS2_PLACEMENT_3D('',#1901,#1491,#1492);
#1285=AXIS2_PLACEMENT_3D('',#1907,#1496,#1497);
#1286=AXIS2_PLACEMENT_3D('',#1908,#1498,#1499);
#1287=AXIS2_PLACEMENT_3D('',#1909,#1500,#1501);
#1288=AXIS2_PLACEMENT_3D('',#1913,#1504,#1505);
#1289=AXIS2_PLACEMENT_3D('',#1914,#1506,#1507);
#1290=AXIS2_PLACEMENT_3D('',#1915,#1508,#1509);
#1291=AXIS2_PLACEMENT_3D('',#1917,#1510,#1511);
#1292=AXIS2_PLACEMENT_3D('',#1919,#1512,#1513);
#1293=AXIS2_PLACEMENT_3D('',#1921,#1514,#1515);
#1294=AXIS2_PLACEMENT_3D('',#1922,#1516,#1517);
#1295=AXIS2_PLACEMENT_3D('',#1923,#1518,#1519);
#1296=AXIS2_PLACEMENT_3D('',#1926,#1520,#1521);
#1297=AXIS2_PLACEMENT_3D('',#1929,#1524,#1525);
#1298=AXIS2_PLACEMENT_3D('',#1932,#1526,#1527);
#1299=AXIS2_PLACEMENT_3D('',#1933,#1528,#1529);
#1300=AXIS2_PLACEMENT_3D('',#1934,#1530,#1531);
#1301=AXIS2_PLACEMENT_3D('',#1935,#1532,#1533);
#1302=AXIS2_PLACEMENT_3D('',#1938,#1534,#1535);
#1303=AXIS2_PLACEMENT_3D('',#1941,#1538,#1539);
#1304=AXIS2_PLACEMENT_3D('',#1944,#1540,#1541);
#1305=AXIS2_PLACEMENT_3D('',#1945,#1542,#1543);
#1306=AXIS2_PLACEMENT_3D('',#1946,#1544,#1545);
#1307=AXIS2_PLACEMENT_3D('',#1947,#1546,#1547);
#1308=AXIS2_PLACEMENT_3D('',#1950,#1548,#1549);
#1309=AXIS2_PLACEMENT_3D('',#1953,#1552,#1553);
#1310=AXIS2_PLACEMENT_3D('',#1956,#1554,#1555);
#1311=AXIS2_PLACEMENT_3D('',#1957,#1556,#1557);
#1312=AXIS2_PLACEMENT_3D('',#1958,#1558,#1559);
#1313=AXIS2_PLACEMENT_3D('',#1959,#1560,#1561);
#1314=AXIS2_PLACEMENT_3D('',#1962,#1562,#1563);
#1315=AXIS2_PLACEMENT_3D('',#1965,#1566,#1567);
#1316=AXIS2_PLACEMENT_3D('',#1968,#1568,#1569);
#1317=AXIS2_PLACEMENT_3D('',#1969,#1570,#1571);
#1318=AXIS2_PLACEMENT_3D('',#1970,#1572,#1573);
#1319=AXIS2_PLACEMENT_3D('',#1971,#1574,#1575);
#1320=AXIS2_PLACEMENT_3D('',#1974,#1576,#1577);
#1321=AXIS2_PLACEMENT_3D('',#1977,#1580,#1581);
#1322=AXIS2_PLACEMENT_3D('',#1980,#1582,#1583);
#1323=AXIS2_PLACEMENT_3D('',#1981,#1584,#1585);
#1324=AXIS2_PLACEMENT_3D('',#1982,#1586,#1587);
#1325=AXIS2_PLACEMENT_3D('',#1983,#1588,#1589);
#1326=AXIS2_PLACEMENT_3D('',#1986,#1590,#1591);
#1327=AXIS2_PLACEMENT_3D('',#1989,#1594,#1595);
#1328=AXIS2_PLACEMENT_3D('',#1991,#1596,#1597);
#1329=AXIS2_PLACEMENT_3D('',#1992,#1598,#1599);
#1330=AXIS2_PLACEMENT_3D('',#1993,#1600,#1601);
#1331=AXIS2_PLACEMENT_3D('',#1994,#1602,#1603);
#1332=AXIS2_PLACEMENT_3D('',#1996,#1605,#1606);
#1333=AXIS2_PLACEMENT_3D('',#2000,#1608,#1609);
#1334=AXIS2_PLACEMENT_3D('',#2002,#1611,#1612);
#1335=AXIS2_PLACEMENT_3D('',#2006,#1615,#1616);
#1336=AXIS2_PLACEMENT_3D('',#2009,#1618,#1619);
#1337=AXIS2_PLACEMENT_3D('',#2010,#1620,#1621);
#1338=AXIS2_PLACEMENT_3D('',#2014,#1624,#1625);
#1339=AXIS2_PLACEMENT_3D('',#2015,#1626,#1627);
#1340=AXIS2_PLACEMENT_3D('',#2016,#1628,#1629);
#1341=AXIS2_PLACEMENT_3D('',#2019,#1631,#1632);
#1342=AXIS2_PLACEMENT_3D('',#2020,#1633,#1634);
#1343=AXIS2_PLACEMENT_3D('',#2021,#1635,#1636);
#1344=AXIS2_PLACEMENT_3D('',#2023,#1637,#1638);
#1345=AXIS2_PLACEMENT_3D('',#2025,#1639,#1640);
#1346=AXIS2_PLACEMENT_3D('',#2026,#1641,#1642);
#1347=AXIS2_PLACEMENT_3D('',#2027,#1643,#1644);
#1348=AXIS2_PLACEMENT_3D('',#2032,#1646,#1647);
#1349=AXIS2_PLACEMENT_3D('',#2036,#1649,#1650);
#1350=AXIS2_PLACEMENT_3D('',#2040,#1652,#1653);
#1351=AXIS2_PLACEMENT_3D('',#2044,#1655,#1656);
#1352=AXIS2_PLACEMENT_3D('',#2048,#1658,#1659);
#1353=AXIS2_PLACEMENT_3D('',#2052,#1661,#1662);
#1354=AXIS2_PLACEMENT_3D('',#2055,#1664,#1665);
#1355=AXIS2_PLACEMENT_3D('',#2057,#1666,#1667);
#1356=AXIS2_PLACEMENT_3D('',#2059,#1668,#1669);
#1357=AXIS2_PLACEMENT_3D('',#2060,#1670,#1671);
#1358=AXIS2_PLACEMENT_3D('',#2062,#1672,#1673);
#1359=AXIS2_PLACEMENT_3D('',#2064,#1675,#1676);
#1360=AXIS2_PLACEMENT_3D('',#2066,#1677,#1678);
#1361=AXIS2_PLACEMENT_3D('',#2067,#1679,#1680);
#1362=AXIS2_PLACEMENT_3D('',#2068,#1681,#1682);
#1363=AXIS2_PLACEMENT_3D('',#2070,#1683,#1684);
#1364=AXIS2_PLACEMENT_3D('',#2072,#1686,#1687);
#1365=AXIS2_PLACEMENT_3D('',#2074,#1688,#1689);
#1366=AXIS2_PLACEMENT_3D('',#2075,#1690,#1691);
#1367=AXIS2_PLACEMENT_3D('',#2076,#1692,#1693);
#1368=AXIS2_PLACEMENT_3D('',#2078,#1694,#1695);
#1369=AXIS2_PLACEMENT_3D('',#2080,#1697,#1698);
#1370=AXIS2_PLACEMENT_3D('',#2082,#1699,#1700);
#1371=AXIS2_PLACEMENT_3D('',#2085,#1702,#1703);
#1372=AXIS2_PLACEMENT_3D('',#2086,#1704,#1705);
#1373=AXIS2_PLACEMENT_3D('',#2087,#1706,#1707);
#1374=AXIS2_PLACEMENT_3D('',#2089,#1708,#1709);
#1375=AXIS2_PLACEMENT_3D('',#2092,#1711,#1712);
#1376=AXIS2_PLACEMENT_3D('',#2093,#1713,#1714);
#1377=AXIS2_PLACEMENT_3D('',#2094,#1715,#1716);
#1378=AXIS2_PLACEMENT_3D('',#2095,#1717,#1718);
#1379=AXIS2_PLACEMENT_3D('',#2097,#1719,#1720);
#1380=AXIS2_PLACEMENT_3D('',#2100,#1722,#1723);
#1381=AXIS2_PLACEMENT_3D('',#2101,#1724,#1725);
#1382=AXIS2_PLACEMENT_3D('',#2102,#1726,#1727);
#1383=AXIS2_PLACEMENT_3D('',#2103,#1728,#1729);
#1384=AXIS2_PLACEMENT_3D('',#2109,#1733,#1734);
#1385=AXIS2_PLACEMENT_3D('',#2112,#1736,#1737);
#1386=AXIS2_PLACEMENT_3D('',#2113,#1738,#1739);
#1387=AXIS2_PLACEMENT_3D('',#2117,#1742,#1743);
#1388=AXIS2_PLACEMENT_3D('',#2120,#1745,#1746);
#1389=AXIS2_PLACEMENT_3D('',#2121,#1747,#1748);
#1390=AXIS2_PLACEMENT_3D('',#2125,#1751,#1752);
#1391=AXIS2_PLACEMENT_3D('',#2128,#1754,#1755);
#1392=AXIS2_PLACEMENT_3D('',#2129,#1756,#1757);
#1393=AXIS2_PLACEMENT_3D('',#2133,#1760,#1761);
#1394=AXIS2_PLACEMENT_3D('',#2135,#1762,#1763);
#1395=AXIS2_PLACEMENT_3D('',#2137,#1765,#1766);
#1396=AXIS2_PLACEMENT_3D('',#2141,#1769,#1770);
#1397=AXIS2_PLACEMENT_3D('',#2143,#1771,#1772);
#1398=AXIS2_PLACEMENT_3D('',#2145,#1774,#1775);
#1399=AXIS2_PLACEMENT_3D('',#2149,#1778,#1779);
#1400=AXIS2_PLACEMENT_3D('',#2151,#1780,#1781);
#1401=AXIS2_PLACEMENT_3D('',#2153,#1783,#1784);
#1402=AXIS2_PLACEMENT_3D('',#2157,#1787,#1788);
#1403=AXIS2_PLACEMENT_3D('',#2158,#1789,#1790);
#1404=AXIS2_PLACEMENT_3D('',#2159,#1791,#1792);
#1405=AXIS2_PLACEMENT_3D('',#2163,#1794,#1795);
#1406=AXIS2_PLACEMENT_3D('',#2167,#1797,#1798);
#1407=AXIS2_PLACEMENT_3D('',#2171,#1800,#1801);
#1408=AXIS2_PLACEMENT_3D('',#2173,#1803,#1804);
#1409=AXIS2_PLACEMENT_3D('',#2175,#1806,#1807);
#1410=AXIS2_PLACEMENT_3D('',#2177,#1809,#1810);
#1411=AXIS2_PLACEMENT_3D('',#2179,#1812,#1813);
#1412=AXIS2_PLACEMENT_3D('',#2181,#1815,#1816);
#1413=AXIS2_PLACEMENT_3D('',#2183,#1818,#1819);
#1414=AXIS2_PLACEMENT_3D('',#2185,#1821,#1822);
#1415=AXIS2_PLACEMENT_3D('',#2186,#1823,#1824);
#1416=DIRECTION('axis',(0.,0.,1.));
#1417=DIRECTION('refdir',(1.,0.,0.));
#1418=DIRECTION('center_axis',(0.,1.,0.));
#1419=DIRECTION('ref_axis',(1.,4.34606891661003E-16,0.));
#1420=DIRECTION('',(0.707106781186548,0.707106781186548,0.));
#1421=DIRECTION('center_axis',(-7.11174913627096E-16,1.,0.));
#1422=DIRECTION('ref_axis',(1.,7.11174913627096E-16,0.));
#1423=DIRECTION('',(0.,-0.707106781186548,0.707106781186548));
#1424=DIRECTION('center_axis',(7.11174913627096E-16,-1.,0.));
#1425=DIRECTION('ref_axis',(1.,0.,0.));
#1426=DIRECTION('center_axis',(-0.707106781186554,0.707106781186541,0.));
#1427=DIRECTION('ref_axis',(0.,0.,1.));
#1428=DIRECTION('',(0.707106781186541,0.707106781186554,0.));
#1429=DIRECTION('',(0.,0.,-1.));
#1430=DIRECTION('',(0.,0.,1.));
#1431=DIRECTION('center_axis',(0.,1.,0.));
#1432=DIRECTION('ref_axis',(0.,0.,1.));
#1433=DIRECTION('',(0.,0.707106781186547,0.707106781186548));
#1434=DIRECTION('center_axis',(-7.11174913627096E-16,1.,0.));
#1435=DIRECTION('ref_axis',(0.,0.,1.));
#1436=DIRECTION('center_axis',(7.11174913627096E-16,-1.,0.));
#1437=DIRECTION('ref_axis',(0.,0.,1.));
#1438=DIRECTION('center_axis',(-5.02876604035476E-16,0.707106781186546,
-0.707106781186549));
#1439=DIRECTION('ref_axis',(-1.,0.,7.11174913627093E-16));
#1440=DIRECTION('',(0.,0.707106781186549,0.707106781186546));
#1441=DIRECTION('',(1.,7.11174913627096E-16,0.));
#1442=DIRECTION('',(-1.,-7.11174913627096E-16,0.));
#1443=DIRECTION('center_axis',(0.,1.,0.));
#1444=DIRECTION('ref_axis',(-1.,-4.34606891661003E-16,0.));
#1445=DIRECTION('',(-0.707106781186552,0.707106781186543,0.));
#1446=DIRECTION('center_axis',(-7.11174913627096E-16,1.,0.));
#1447=DIRECTION('ref_axis',(-1.,-7.11174913627096E-16,0.));
#1448=DIRECTION('center_axis',(7.11174913627096E-16,-1.,0.));
#1449=DIRECTION('ref_axis',(-1.,0.,0.));
#1450=DIRECTION('center_axis',(0.707106781186548,0.707106781186548,0.));
#1451=DIRECTION('ref_axis',(0.,0.,-1.));
#1452=DIRECTION('',(-0.707106781186548,0.707106781186548,0.));
#1453=DIRECTION('',(0.,0.,1.));
#1454=DIRECTION('',(0.,0.,-1.));
#1455=DIRECTION('center_axis',(0.,1.,0.));
#1456=DIRECTION('ref_axis',(0.,0.,-1.));
#1457=DIRECTION('',(0.,0.707106781186543,-0.707106781186552));
#1458=DIRECTION('center_axis',(-7.11174913627096E-16,1.,0.));
#1459=DIRECTION('ref_axis',(0.,0.,-1.));
#1460=DIRECTION('center_axis',(7.11174913627096E-16,-1.,0.));
#1461=DIRECTION('ref_axis',(0.,0.,-1.));
#1462=DIRECTION('center_axis',(-5.02876604035477E-16,0.707106781186548,
0.707106781186548));
#1463=DIRECTION('ref_axis',(1.,0.,7.11174913627096E-16));
#1464=DIRECTION('',(-1.,-7.11174913627096E-16,0.));
#1465=DIRECTION('',(1.,7.11174913627096E-16,0.));
#1466=DIRECTION('center_axis',(0.,0.,1.));
#1467=DIRECTION('ref_axis',(-1.,5.26284929958739E-32,0.));
#1468=DIRECTION('',(0.,-1.,0.));
#1469=DIRECTION('',(1.,4.74116604207842E-16,0.));
#1470=DIRECTION('',(0.,-1.,0.));
#1471=DIRECTION('center_axis',(0.,-1.,0.));
#1472=DIRECTION('ref_axis',(0.,0.,1.));
#1473=DIRECTION('',(0.,-1.,0.));
#1474=DIRECTION('center_axis',(-4.74116604207842E-16,1.,0.));
#1475=DIRECTION('ref_axis',(0.,0.,1.));
#1476=DIRECTION('center_axis',(1.,0.,0.));
#1477=DIRECTION('ref_axis',(0.,-3.16347735345424E-45,1.));
#1478=DIRECTION('',(0.,-1.,0.));
#1479=DIRECTION('',(0.,0.,-1.));
#1480=DIRECTION('center_axis',(0.,-1.,0.));
#1481=DIRECTION('ref_axis',(1.,0.,0.));
#1482=DIRECTION('',(0.,-1.,0.));
#1483=DIRECTION('center_axis',(-4.74116604207842E-16,1.,0.));
#1484=DIRECTION('ref_axis',(1.,0.,0.));
#1485=DIRECTION('center_axis',(-7.11174913627096E-16,1.,0.));
#1486=DIRECTION('ref_axis',(-1.,-7.11174913627096E-16,0.));
#1487=DIRECTION('',(1.,7.11174913627096E-16,0.));
#1488=DIRECTION('',(0.,0.,1.));
#1489=DIRECTION('',(-1.,-7.11174913627096E-16,0.));
#1490=DIRECTION('',(0.,0.,1.));
#1491=DIRECTION('center_axis',(-1.,0.,0.));
#1492=DIRECTION('ref_axis',(0.,3.29615615684227E-45,-1.));
#1493=DIRECTION('',(0.,-1.,0.));
#1494=DIRECTION('',(0.,0.,1.));
#1495=DIRECTION('',(0.,-1.,0.));
#1496=DIRECTION('center_axis',(0.,-1.,0.));
#1497=DIRECTION('ref_axis',(-1.,0.,0.));
#1498=DIRECTION('center_axis',(-4.74116604207842E-16,1.,0.));
#1499=DIRECTION('ref_axis',(-1.,0.,0.));
#1500=DIRECTION('center_axis',(0.,0.,-1.));
#1501=DIRECTION('ref_axis',(1.,5.26284929958737E-32,0.));
#1502=DIRECTION('',(0.,-1.,0.));
#1503=DIRECTION('',(-1.,-4.74116604207842E-16,0.));
#1504=DIRECTION('center_axis',(0.,-1.,0.));
#1505=DIRECTION('ref_axis',(0.,0.,-1.));
#1506=DIRECTION('center_axis',(-4.74116604207842E-16,1.,0.));
#1507=DIRECTION('ref_axis',(0.,0.,-1.));
#1508=DIRECTION('center_axis',(0.,0.,1.));
#1509=DIRECTION('ref_axis',(-0.707106771093713,0.707106791279382,0.));
#1510=DIRECTION('center_axis',(-0.999999999999998,6.42320063803936E-8,0.));
#1511=DIRECTION('ref_axis',(6.42320063803936E-8,0.999999999999998,0.));
#1512=DIRECTION('center_axis',(0.,0.,1.));
#1513=DIRECTION('ref_axis',(-0.707106771093713,0.707106791279382,0.));
#1514=DIRECTION('center_axis',(-3.56851548311E-8,0.999999999999999,0.));
#1515=DIRECTION('ref_axis',(0.,0.,-1.));
#1516=DIRECTION('center_axis',(0.,0.,-1.));
#1517=DIRECTION('ref_axis',(-0.707106771093713,0.707106791279382,0.));
#1518=DIRECTION('center_axis',(-9.1845492399368E-14,1.,0.));
#1519=DIRECTION('ref_axis',(-0.707106781186546,-6.43737908060349E-14,-0.707106781186549));
#1520=DIRECTION('center_axis',(-9.10382880192628E-14,1.,0.));
#1521=DIRECTION('ref_axis',(0.,0.,-1.));
#1522=DIRECTION('',(-9.1845492399368E-14,1.,0.));
#1523=DIRECTION('',(9.1845492399368E-14,-1.,0.));
#1524=DIRECTION('center_axis',(0.,0.,1.));
#1525=DIRECTION('ref_axis',(-0.707106797768041,-0.707106764605054,0.));
#1526=DIRECTION('center_axis',(-0.999999999999999,-3.56844864768392E-8,
0.));
#1527=DIRECTION('ref_axis',(0.,0.,-1.));
#1528=DIRECTION('center_axis',(0.,0.,-1.));
#1529=DIRECTION('ref_axis',(-0.707106791279619,-0.707106771093475,0.));
#1530=DIRECTION('center_axis',(0.,0.,1.));
#1531=DIRECTION('ref_axis',(-0.707106791279619,-0.707106771093475,0.));
#1532=DIRECTION('center_axis',(-1.,-1.96786822401016E-13,0.));
#1533=DIRECTION('ref_axis',(1.4130832128154E-13,-0.707106781186546,-0.707106781186549));
#1534=DIRECTION('center_axis',(-1.,-2.0428103653103E-13,0.));
#1535=DIRECTION('ref_axis',(0.,0.,-1.));
#1536=DIRECTION('',(-1.,-1.96786822401016E-13,0.));
#1537=DIRECTION('',(1.,1.96786822401016E-13,0.));
#1538=DIRECTION('center_axis',(0.,0.,1.));
#1539=DIRECTION('ref_axis',(1.,0.,0.));
#1540=DIRECTION('center_axis',(-0.427013474640393,-0.9042452612403,0.));
#1541=DIRECTION('ref_axis',(0.,0.,-1.));
#1542=DIRECTION('center_axis',(0.,0.,-1.));
#1543=DIRECTION('ref_axis',(0.535254071616007,-0.844691114442721,0.));
#1544=DIRECTION('center_axis',(0.,0.,1.));
#1545=DIRECTION('ref_axis',(0.535254071616007,-0.844691114442721,0.));
#1546=DIRECTION('center_axis',(-0.427006302953522,-0.90424864790497,0.));
#1547=DIRECTION('ref_axis',(0.639400350812369,-0.301939052427834,-0.707106781186548));
#1548=DIRECTION('center_axis',(-0.427006302953528,-0.904248647904967,0.));
#1549=DIRECTION('ref_axis',(0.,0.,-1.));
#1550=DIRECTION('',(-0.427006302953522,-0.904248647904969,0.));
#1551=DIRECTION('',(0.427006302953522,0.904248647904969,0.));
#1552=DIRECTION('center_axis',(0.,0.,1.));
#1553=DIRECTION('ref_axis',(1.,0.,0.));
#1554=DIRECTION('center_axis',(1.93748948551508E-7,-0.999999999999981,0.));
#1555=DIRECTION('ref_axis',(0.,0.,-1.));
#1556=DIRECTION('center_axis',(0.,0.,-1.));
#1557=DIRECTION('ref_axis',(0.975768551434145,-0.218805242240927,0.));
#1558=DIRECTION('center_axis',(0.,0.,1.));
#1559=DIRECTION('ref_axis',(0.975768551434145,-0.218805242240927,0.));
#1560=DIRECTION('center_axis',(3.01703278132908E-16,-1.,0.));
#1561=DIRECTION('ref_axis',(0.707106781186549,0.,-0.707106781186546));
#1562=DIRECTION('center_axis',(0.,-1.,0.));
#1563=DIRECTION('ref_axis',(0.,0.,-1.));
#1564=DIRECTION('',(3.01703278132908E-16,-1.,0.));
#1565=DIRECTION('',(-3.01703278132908E-16,1.,0.));
#1566=DIRECTION('center_axis',(0.,0.,1.));
#1567=DIRECTION('ref_axis',(1.,0.,0.));
#1568=DIRECTION('center_axis',(0.999999999999999,3.56851126426249E-8,0.));
#1569=DIRECTION('ref_axis',(0.,0.,-1.));
#1570=DIRECTION('center_axis',(0.,0.,-1.));
#1571=DIRECTION('ref_axis',(0.707106791279822,0.707106771093273,0.));
#1572=DIRECTION('center_axis',(0.,0.,1.));
#1573=DIRECTION('ref_axis',(0.707106791279822,0.707106771093273,0.));
#1574=DIRECTION('center_axis',(1.,1.28986335138144E-15,0.));
#1575=DIRECTION('ref_axis',(-3.14018491736756E-15,0.707106781186546,-0.707106781186549));
#1576=DIRECTION('center_axis',(1.,4.44089209850062E-15,0.));
#1577=DIRECTION('ref_axis',(0.,0.,-1.));
#1578=DIRECTION('',(1.,1.28986335138144E-15,0.));
#1579=DIRECTION('',(-1.,-1.28986335138144E-15,0.));
#1580=DIRECTION('center_axis',(0.,0.,1.));
#1581=DIRECTION('ref_axis',(1.,0.,0.));
#1582=DIRECTION('center_axis',(0.8000001862223,0.599999751703519,0.));
#1583=DIRECTION('ref_axis',(0.,0.,-1.));
#1584=DIRECTION('center_axis',(0.,0.,-1.));
#1585=DIRECTION('ref_axis',(-0.316227859280306,0.948683266962686,0.));
#1586=DIRECTION('center_axis',(0.,0.,1.));
#1587=DIRECTION('ref_axis',(-0.316227859280306,0.948683266962686,0.));
#1588=DIRECTION('center_axis',(0.800000038761563,0.599999948317913,0.));
#1589=DIRECTION('ref_axis',(-0.424264032167176,0.565685452357802,-0.707106781186547));
#1590=DIRECTION('center_axis',(0.800000038761565,0.59999994831791,0.));
#1591=DIRECTION('ref_axis',(0.,0.,-1.));
#1592=DIRECTION('',(0.800000038761563,0.599999948317913,0.));
#1593=DIRECTION('',(-0.800000038761563,-0.599999948317913,0.));
#1594=DIRECTION('center_axis',(0.,0.,1.));
#1595=DIRECTION('ref_axis',(1.,0.,0.));
#1596=DIRECTION('center_axis',(0.999999999996787,2.53491073021195E-6,0.));
#1597=DIRECTION('ref_axis',(0.,0.,-1.));
#1598=DIRECTION('center_axis',(0.,0.,1.));
#1599=DIRECTION('ref_axis',(0.316228727945743,-0.948682977407004,0.));
#1600=DIRECTION('center_axis',(0.,0.,-1.));
#1601=DIRECTION('ref_axis',(0.316228727945743,-0.948682977407004,0.));
#1602=DIRECTION('center_axis',(1.,7.11174913627096E-16,0.));
#1603=DIRECTION('ref_axis',(0.,0.707106781186548,-0.707106781186547));
#1604=DIRECTION('',(-1.,-7.11174913627096E-16,0.));
#1605=DIRECTION('center_axis',(0.,0.,1.));
#1606=DIRECTION('ref_axis',(0.999999999999998,-6.42332022856721E-8,0.));
#1607=DIRECTION('',(0.,0.,1.));
#1608=DIRECTION('center_axis',(0.,0.,1.));
#1609=DIRECTION('ref_axis',(0.999999999999998,-6.42332022856721E-8,0.));
#1610=DIRECTION('',(0.,0.,1.));
#1611=DIRECTION('center_axis',(-1.28986335138144E-15,1.,0.));
#1612=DIRECTION('ref_axis',(-1.,-1.28986335138144E-15,0.));
#1613=DIRECTION('',(0.,0.,1.));
#1614=DIRECTION('',(-1.,-1.28986335138144E-15,0.));
#1615=DIRECTION('center_axis',(0.,0.,1.));
#1616=DIRECTION('ref_axis',(-5.06987223467535E-7,0.999999999999872,0.));
#1617=DIRECTION('',(0.,0.,1.));
#1618=DIRECTION('center_axis',(0.,0.,1.));
#1619=DIRECTION('ref_axis',(-5.06987223467535E-7,0.999999999999872,0.));
#1620=DIRECTION('center_axis',(-0.599999948317913,0.800000038761563,0.));
#1621=DIRECTION('ref_axis',(-0.800000038761563,-0.599999948317913,0.));
#1622=DIRECTION('',(0.,0.,1.));
#1623=DIRECTION('',(-0.800000038761563,-0.599999948317913,0.));
#1624=DIRECTION('center_axis',(0.,0.,1.));
#1625=DIRECTION('ref_axis',(2.53491073063236E-6,-0.999999999996787,0.));
#1626=DIRECTION('center_axis',(0.,0.,-1.));
#1627=DIRECTION('ref_axis',(2.53491073063236E-6,-0.999999999996787,0.));
#1628=DIRECTION('center_axis',(0.,0.,1.));
#1629=DIRECTION('ref_axis',(6.42320057119252E-8,0.999999999999998,0.));
#1630=DIRECTION('',(0.,0.,1.));
#1631=DIRECTION('center_axis',(0.,0.,1.));
#1632=DIRECTION('ref_axis',(6.42320057119252E-8,0.999999999999998,0.));
#1633=DIRECTION('center_axis',(0.,0.,1.));
#1634=DIRECTION('ref_axis',(1.,0.,0.));
#1635=DIRECTION('center_axis',(0.,0.,-1.));
#1636=DIRECTION('ref_axis',(-1.,0.,0.));
#1637=DIRECTION('center_axis',(0.,0.,-1.));
#1638=DIRECTION('ref_axis',(-1.,0.,0.));
#1639=DIRECTION('center_axis',(-1.38777878078145E-16,-1.,0.));
#1640=DIRECTION('ref_axis',(1.,-1.38777878078145E-16,0.));
#1641=DIRECTION('center_axis',(0.,0.,1.));
#1642=DIRECTION('ref_axis',(-1.,0.,0.));
#1643=DIRECTION('center_axis',(0.,0.,1.));
#1644=DIRECTION('ref_axis',(1.,0.,0.));
#1645=DIRECTION('',(9.18454921294331E-14,-1.,0.));
#1646=DIRECTION('center_axis',(0.,0.,1.));
#1647=DIRECTION('ref_axis',(-0.999999999999998,6.42320053776909E-8,0.));
#1648=DIRECTION('',(1.,9.87262081042404E-14,0.));
#1649=DIRECTION('center_axis',(0.,0.,1.));
#1650=DIRECTION('ref_axis',(9.71016551355327E-6,-0.999999999952856,0.));
#1651=DIRECTION('',(0.427006302953528,0.904248647904966,0.));
#1652=DIRECTION('center_axis',(0.,0.,1.));
#1653=DIRECTION('ref_axis',(0.904248449203692,-0.427006723732447,0.));
#1654=DIRECTION('',(-3.01703276158028E-16,1.,0.));
#1655=DIRECTION('center_axis',(0.,0.,1.));
#1656=DIRECTION('ref_axis',(0.999999999999998,-6.42332021981754E-8,0.));
#1657=DIRECTION('',(-1.,2.17664443550512E-15,0.));
#1658=DIRECTION('center_axis',(0.,0.,1.));
#1659=DIRECTION('ref_axis',(-5.06987223914214E-7,0.999999999999872,0.));
#1660=DIRECTION('',(-0.800000038761606,-0.599999948317855,0.));
#1661=DIRECTION('center_axis',(0.,0.,-1.));
#1662=DIRECTION('ref_axis',(6.33731297181384E-7,-0.999999999999799,0.));
#1663=DIRECTION('',(-1.,-4.74116604207842E-16,0.));
#1664=DIRECTION('center_axis',(0.,0.,1.));
#1665=DIRECTION('ref_axis',(6.4232005377691E-8,0.999999999999998,0.));
#1666=DIRECTION('center_axis',(0.,0.,1.));
#1667=DIRECTION('ref_axis',(-1.,0.,0.));
#1668=DIRECTION('center_axis',(0.,0.,1.));
#1669=DIRECTION('ref_axis',(-1.,0.,0.));
#1670=DIRECTION('center_axis',(0.,0.,1.));
#1671=DIRECTION('ref_axis',(-1.,0.,0.));
#1672=DIRECTION('center_axis',(0.,0.,1.));
#1673=DIRECTION('ref_axis',(-1.,0.,0.));
#1674=DIRECTION('',(0.,0.,-1.));
#1675=DIRECTION('center_axis',(0.,0.,-1.));
#1676=DIRECTION('ref_axis',(-1.,0.,0.));
#1677=DIRECTION('center_axis',(0.,0.,-1.));
#1678=DIRECTION('ref_axis',(-1.,0.,0.));
#1679=DIRECTION('center_axis',(0.,-1.,0.));
#1680=DIRECTION('ref_axis',(1.,0.,0.));
#1681=DIRECTION('center_axis',(0.,0.,1.));
#1682=DIRECTION('ref_axis',(-1.,0.,0.));
#1683=DIRECTION('center_axis',(0.,0.,1.));
#1684=DIRECTION('ref_axis',(-1.,0.,0.));
#1685=DIRECTION('',(0.,0.,-1.));
#1686=DIRECTION('center_axis',(0.,0.,-1.));
#1687=DIRECTION('ref_axis',(-1.,0.,0.));
#1688=DIRECTION('center_axis',(0.,0.,-1.));
#1689=DIRECTION('ref_axis',(-1.,0.,0.));
#1690=DIRECTION('center_axis',(-1.38777878078145E-16,-1.,0.));
#1691=DIRECTION('ref_axis',(1.,-1.38777878078145E-16,0.));
#1692=DIRECTION('center_axis',(0.,0.,1.));
#1693=DIRECTION('ref_axis',(-1.,0.,0.));
#1694=DIRECTION('center_axis',(0.,0.,1.));
#1695=DIRECTION('ref_axis',(-1.,0.,0.));
#1696=DIRECTION('',(0.,0.,-1.));
#1697=DIRECTION('center_axis',(0.,0.,1.));
#1698=DIRECTION('ref_axis',(-1.,0.,0.));
#1699=DIRECTION('center_axis',(0.,0.,-1.));
#1700=DIRECTION('ref_axis',(-1.,0.,0.));
#1701=DIRECTION('',(0.,0.,-1.));
#1702=DIRECTION('center_axis',(0.,0.,1.));
#1703=DIRECTION('ref_axis',(-1.,0.,0.));
#1704=DIRECTION('center_axis',(0.,0.,1.));
#1705=DIRECTION('ref_axis',(-1.,0.,0.));
#1706=DIRECTION('center_axis',(0.,0.,1.));
#1707=DIRECTION('ref_axis',(-1.,0.,0.));
#1708=DIRECTION('center_axis',(0.,0.,-1.));
#1709=DIRECTION('ref_axis',(-1.,0.,0.));
#1710=DIRECTION('',(0.,0.,-1.));
#1711=DIRECTION('center_axis',(0.,0.,1.));
#1712=DIRECTION('ref_axis',(-1.,0.,0.));
#1713=DIRECTION('center_axis',(0.,0.,1.));
#1714=DIRECTION('ref_axis',(-1.,0.,0.));
#1715=DIRECTION('center_axis',(0.,0.,1.));
#1716=DIRECTION('ref_axis',(1.,0.,0.));
#1717=DIRECTION('center_axis',(0.,0.,1.));
#1718=DIRECTION('ref_axis',(-1.,0.,0.));
#1719=DIRECTION('center_axis',(0.,0.,-1.));
#1720=DIRECTION('ref_axis',(-1.,0.,0.));
#1721=DIRECTION('',(0.,0.,-1.));
#1722=DIRECTION('center_axis',(0.,0.,1.));
#1723=DIRECTION('ref_axis',(-1.,0.,0.));
#1724=DIRECTION('center_axis',(0.,0.,1.));
#1725=DIRECTION('ref_axis',(-1.,0.,0.));
#1726=DIRECTION('center_axis',(0.,0.,1.));
#1727=DIRECTION('ref_axis',(1.,0.,0.));
#1728=DIRECTION('center_axis',(-1.,-3.01703276158028E-16,0.));
#1729=DIRECTION('ref_axis',(3.01703276158028E-16,-1.,0.));
#1730=DIRECTION('',(0.,0.,1.));
#1731=DIRECTION('',(3.01703276158028E-16,-1.,0.));
#1732=DIRECTION('',(0.,0.,1.));
#1733=DIRECTION('center_axis',(0.,0.,1.));
#1734=DIRECTION('ref_axis',(0.904248449203692,-0.427006723732447,0.));
#1735=DIRECTION('',(0.,0.,1.));
#1736=DIRECTION('center_axis',(0.,0.,-1.));
#1737=DIRECTION('ref_axis',(0.904248449203692,-0.427006723732447,0.));
#1738=DIRECTION('center_axis',(-0.904248647904966,0.427006302953528,0.));
#1739=DIRECTION('ref_axis',(-0.427006302953528,-0.904248647904966,0.));
#1740=DIRECTION('',(0.,0.,1.));
#1741=DIRECTION('',(-0.427006302953528,-0.904248647904966,0.));
#1742=DIRECTION('center_axis',(0.,0.,1.));
#1743=DIRECTION('ref_axis',(9.71016551355327E-6,-0.999999999952856,0.));
#1744=DIRECTION('',(0.,0.,1.));
#1745=DIRECTION('center_axis',(0.,0.,-1.));
#1746=DIRECTION('ref_axis',(9.71016551355327E-6,-0.999999999952856,0.));
#1747=DIRECTION('center_axis',(-9.87262081042404E-14,1.,0.));
#1748=DIRECTION('ref_axis',(-1.,-9.87262081042404E-14,0.));
#1749=DIRECTION('',(0.,0.,1.));
#1750=DIRECTION('',(-1.,-9.87262081042404E-14,0.));
#1751=DIRECTION('center_axis',(0.,0.,1.));
#1752=DIRECTION('ref_axis',(-0.999999999999998,6.42320053776909E-8,0.));
#1753=DIRECTION('',(0.,0.,1.));
#1754=DIRECTION('center_axis',(0.,0.,-1.));
#1755=DIRECTION('ref_axis',(-0.999999999999998,6.42320053776909E-8,0.));
#1756=DIRECTION('center_axis',(1.,9.18454921294331E-14,0.));
#1757=DIRECTION('ref_axis',(-9.18454921294331E-14,1.,0.));
#1758=DIRECTION('',(0.,0.,1.));
#1759=DIRECTION('',(-9.18454921294331E-14,1.,0.));
#1760=DIRECTION('center_axis',(0.,0.,1.));
#1761=DIRECTION('ref_axis',(0.999999999999998,-6.42332021981754E-8,0.));
#1762=DIRECTION('center_axis',(0.,0.,-1.));
#1763=DIRECTION('ref_axis',(0.999999999999998,-6.42332021981754E-8,0.));
#1764=DIRECTION('',(0.,0.,1.));
#1765=DIRECTION('center_axis',(-2.17664443550512E-15,-1.,0.));
#1766=DIRECTION('ref_axis',(1.,-2.17664443550512E-15,0.));
#1767=DIRECTION('',(1.,-2.17664443550512E-15,0.));
#1768=DIRECTION('',(0.,0.,1.));
#1769=DIRECTION('center_axis',(0.,0.,1.));
#1770=DIRECTION('ref_axis',(-5.06987223914214E-7,0.999999999999872,0.));
#1771=DIRECTION('center_axis',(0.,0.,-1.));
#1772=DIRECTION('ref_axis',(-5.06987223914214E-7,0.999999999999872,0.));
#1773=DIRECTION('',(0.,0.,1.));
#1774=DIRECTION('center_axis',(0.599999948317855,-0.800000038761607,0.));
#1775=DIRECTION('ref_axis',(0.800000038761606,0.599999948317855,0.));
#1776=DIRECTION('',(0.800000038761606,0.599999948317855,0.));
#1777=DIRECTION('',(0.,0.,1.));
#1778=DIRECTION('center_axis',(0.,0.,1.));
#1779=DIRECTION('ref_axis',(6.33731297181384E-7,-0.999999999999799,0.));
#1780=DIRECTION('center_axis',(0.,0.,1.));
#1781=DIRECTION('ref_axis',(6.33731297181384E-7,-0.999999999999799,0.));
#1782=DIRECTION('',(0.,0.,1.));
#1783=DIRECTION('center_axis',(4.74116604207842E-16,-1.,0.));
#1784=DIRECTION('ref_axis',(1.,4.74116604207842E-16,0.));
#1785=DIRECTION('',(1.,4.74116604207842E-16,0.));
#1786=DIRECTION('',(0.,0.,1.));
#1787=DIRECTION('center_axis',(0.,0.,1.));
#1788=DIRECTION('ref_axis',(6.4232005377691E-8,0.999999999999998,0.));
#1789=DIRECTION('center_axis',(0.,0.,-1.));
#1790=DIRECTION('ref_axis',(6.4232005377691E-8,0.999999999999998,0.));
#1791=DIRECTION('center_axis',(0.,0.,1.));
#1792=DIRECTION('ref_axis',(1.,0.,0.));
#1793=DIRECTION('',(9.1845492399368E-14,-1.,0.));
#1794=DIRECTION('center_axis',(0.,0.,1.));
#1795=DIRECTION('ref_axis',(-0.999999999999998,6.42320052184926E-8,0.));
#1796=DIRECTION('',(1.,1.96786822401016E-13,0.));
#1797=DIRECTION('center_axis',(0.,0.,1.));
#1798=DIRECTION('ref_axis',(8.09181950343634E-6,-0.999999999967261,0.));
#1799=DIRECTION('',(0.427006302953522,0.904248647904969,0.));
#1800=DIRECTION('center_axis',(0.,0.,1.));
#1801=DIRECTION('ref_axis',(0.904248449203692,-0.427006723732447,0.));
#1802=DIRECTION('',(-3.01703278132908E-16,1.,0.));
#1803=DIRECTION('center_axis',(1.,3.01703278132908E-16,0.));
#1804=DIRECTION('ref_axis',(-3.01703278132908E-16,1.,0.));
#1805=DIRECTION('',(0.,0.,1.));
#1806=DIRECTION('center_axis',(0.,0.,1.));
#1807=DIRECTION('ref_axis',(0.904248449203692,-0.427006723732447,0.));
#1808=DIRECTION('',(0.,0.,1.));
#1809=DIRECTION('center_axis',(0.90424864790497,-0.427006302953522,0.));
#1810=DIRECTION('ref_axis',(0.427006302953522,0.904248647904969,0.));
#1811=DIRECTION('',(0.,0.,1.));
#1812=DIRECTION('center_axis',(0.,0.,1.));
#1813=DIRECTION('ref_axis',(8.09181950343634E-6,-0.999999999967261,0.));
#1814=DIRECTION('',(0.,0.,1.));
#1815=DIRECTION('center_axis',(1.96786822401016E-13,-1.,0.));
#1816=DIRECTION('ref_axis',(1.,1.96786822401016E-13,0.));
#1817=DIRECTION('',(0.,0.,1.));
#1818=DIRECTION('center_axis',(0.,0.,1.));
#1819=DIRECTION('ref_axis',(-0.999999999999998,6.42320052184926E-8,0.));
#1820=DIRECTION('',(0.,0.,1.));
#1821=DIRECTION('center_axis',(-1.,-9.1845492399368E-14,0.));
#1822=DIRECTION('ref_axis',(9.1845492399368E-14,-1.,0.));
#1823=DIRECTION('center_axis',(0.,0.,1.));
#1824=DIRECTION('ref_axis',(1.,0.,0.));
#1825=CARTESIAN_POINT('',(0.,0.,0.));
#1826=CARTESIAN_POINT('Origin',(-55.28,38.425,15.945));
#1827=CARTESIAN_POINT('',(-53.53,37.925,15.945));
#1828=CARTESIAN_POINT('',(-52.53,38.925,15.945));
#1829=CARTESIAN_POINT('',(-53.53,37.925,15.945));
#1830=CARTESIAN_POINT('',(-55.28,38.925,13.195));
#1831=CARTESIAN_POINT('Origin',(-55.28,38.925,15.945));
#1832=CARTESIAN_POINT('',(-55.28,37.925,14.195));
#1833=CARTESIAN_POINT('',(-55.28,38.925,13.195));
#1834=CARTESIAN_POINT('Origin',(-55.28,37.925,15.945));
#1835=CARTESIAN_POINT('Origin',(-53.03,38.425,7.97249999999998));
#1836=CARTESIAN_POINT('',(-53.53,37.925,16.655));
#1837=CARTESIAN_POINT('',(-52.53,38.925,16.655));
#1838=CARTESIAN_POINT('',(-53.53,37.925,16.655));
#1839=CARTESIAN_POINT('',(-52.53,38.925,7.97249999999998));
#1840=CARTESIAN_POINT('',(-53.53,37.925,7.97249999999998));
#1841=CARTESIAN_POINT('Origin',(-55.28,38.425,16.655));
#1842=CARTESIAN_POINT('',(-55.28,37.925,18.405));
#1843=CARTESIAN_POINT('',(-55.28,38.925,19.405));
#1844=CARTESIAN_POINT('',(-55.28,37.925,18.405));
#1845=CARTESIAN_POINT('Origin',(-55.28,38.925,16.655));
#1846=CARTESIAN_POINT('Origin',(-55.28,37.925,16.655));
#1847=CARTESIAN_POINT('Origin',(-53.2383335,38.425,18.905));
#1848=CARTESIAN_POINT('',(-61.72,37.925,18.405));
#1849=CARTESIAN_POINT('',(-61.72,38.925,19.405));
#1850=CARTESIAN_POINT('',(-61.72,37.925,18.405));
#1851=CARTESIAN_POINT('',(-53.2383335,38.925,19.405));
#1852=CARTESIAN_POINT('',(-53.2383335,37.925,18.405));
#1853=CARTESIAN_POINT('Origin',(-61.72,38.425,16.655));
#1854=CARTESIAN_POINT('',(-63.47,37.925,16.655));
#1855=CARTESIAN_POINT('',(-64.47,38.925,16.655));
#1856=CARTESIAN_POINT('',(-63.47,37.925,16.655));
#1857=CARTESIAN_POINT('Origin',(-61.72,38.925,16.655));
#1858=CARTESIAN_POINT('Origin',(-61.72,37.925,16.655));
#1859=CARTESIAN_POINT('Origin',(-63.97,38.425,8.32749999999998));
#1860=CARTESIAN_POINT('',(-63.47,37.925,15.945));
#1861=CARTESIAN_POINT('',(-64.47,38.925,15.945));
#1862=CARTESIAN_POINT('',(-63.47,37.925,15.945));
#1863=CARTESIAN_POINT('',(-64.47,38.925,8.32749999999998));
#1864=CARTESIAN_POINT('',(-63.47,37.925,8.32749999999998));
#1865=CARTESIAN_POINT('Origin',(-61.72,38.425,15.945));
#1866=CARTESIAN_POINT('',(-61.72,37.925,14.195));
#1867=CARTESIAN_POINT('',(-61.72,38.925,13.195));
#1868=CARTESIAN_POINT('',(-61.72,37.925,14.195));
#1869=CARTESIAN_POINT('Origin',(-61.72,38.925,15.945));
#1870=CARTESIAN_POINT('Origin',(-61.72,37.925,15.945));
#1871=CARTESIAN_POINT('Origin',(-56.4583335,38.425,13.695));
#1872=CARTESIAN_POINT('',(-56.4583335,38.925,13.195));
#1873=CARTESIAN_POINT('',(-56.4583335,37.925,14.195));
#1874=CARTESIAN_POINT('Origin',(-55.28,38.925,18.405));
#1875=CARTESIAN_POINT('',(-55.28,35.925,18.405));
#1876=CARTESIAN_POINT('',(-55.28,38.925,18.405));
#1877=CARTESIAN_POINT('',(-61.72,35.925,18.405));
#1878=CARTESIAN_POINT('',(-62.604999967884,35.925,18.405));
#1879=CARTESIAN_POINT('',(-61.72,38.925,18.405));
#1880=CARTESIAN_POINT('Origin',(-55.28,38.925,16.655));
#1881=CARTESIAN_POINT('',(-53.53,35.925,16.655));
#1882=CARTESIAN_POINT('',(-53.53,38.925,16.655));
#1883=CARTESIAN_POINT('Origin',(-55.28,35.925,16.655));
#1884=CARTESIAN_POINT('Origin',(-53.53,38.925,15.945));
#1885=CARTESIAN_POINT('',(-53.53,35.925,15.945));
#1886=CARTESIAN_POINT('',(-53.53,38.925,15.945));
#1887=CARTESIAN_POINT('',(-53.53,35.925,7.97249999999998));
#1888=CARTESIAN_POINT('Origin',(-55.28,38.925,15.945));
#1889=CARTESIAN_POINT('',(-55.28,35.925,14.195));
#1890=CARTESIAN_POINT('',(-55.28,38.925,14.195));
#1891=CARTESIAN_POINT('Origin',(-55.28,35.925,15.945));
#1892=CARTESIAN_POINT('Origin',(-51.196667,38.925,0.));
#1893=CARTESIAN_POINT('',(-69.929999743072,38.925,2.));
#1894=CARTESIAN_POINT('',(-51.196667,38.925,2.));
#1895=CARTESIAN_POINT('',(-25.5983335,38.925,2.));
#1896=CARTESIAN_POINT('',(-69.929999743072,38.925,20.));
#1897=CARTESIAN_POINT('',(-69.929999743072,38.925,0.));
#1898=CARTESIAN_POINT('',(-51.196667,38.925,20.));
#1899=CARTESIAN_POINT('',(-69.929999743072,38.925,20.));
#1900=CARTESIAN_POINT('',(-51.196667,38.925,0.));
#1901=CARTESIAN_POINT('Origin',(-63.47,38.925,16.655));
#1902=CARTESIAN_POINT('',(-63.47,35.925,16.655));
#1903=CARTESIAN_POINT('',(-63.47,38.925,16.655));
#1904=CARTESIAN_POINT('',(-63.47,35.925,15.945));
#1905=CARTESIAN_POINT('',(-63.47,35.925,8.32749999999998));
#1906=CARTESIAN_POINT('',(-63.47,38.925,15.945));
#1907=CARTESIAN_POINT('Origin',(-61.72,38.925,16.655));
#1908=CARTESIAN_POINT('Origin',(-61.72,35.925,16.655));
#1909=CARTESIAN_POINT('Origin',(-61.72,38.925,14.195));
#1910=CARTESIAN_POINT('',(-61.72,35.925,14.195));
#1911=CARTESIAN_POINT('',(-61.72,38.925,14.195));
#1912=CARTESIAN_POINT('',(-65.824999967884,35.925,14.195));
#1913=CARTESIAN_POINT('Origin',(-61.72,38.925,15.945));
#1914=CARTESIAN_POINT('Origin',(-61.72,35.925,15.945));
#1915=CARTESIAN_POINT('Origin',(-69.93000032116,29.925000321166,2.));
#1916=CARTESIAN_POINT('',(-69.929999871536,36.925,0.));
#1917=CARTESIAN_POINT('Origin',(-69.929999871536,36.925,2.));
#1918=CARTESIAN_POINT('',(-76.929999999994,29.9250000713699,0.));
#1919=CARTESIAN_POINT('Origin',(-69.93000032116,29.925000321166,0.));
#1920=CARTESIAN_POINT('',(-78.929999999994,29.9249999999996,2.));
#1921=CARTESIAN_POINT('Origin',(-76.929999999994,29.9250000713699,2.));
#1922=CARTESIAN_POINT('Origin',(-69.93000032116,29.925000321166,2.));
#1923=CARTESIAN_POINT('Origin',(-76.9299999999986,14.9624999999964,2.));
#1924=CARTESIAN_POINT('',(-76.929999999994,-35.6399997430718,0.));
#1925=CARTESIAN_POINT('',(-78.929999999994,-35.639999743072,2.));
#1926=CARTESIAN_POINT('Origin',(-76.929999999994,-35.6399997430718,2.));
#1927=CARTESIAN_POINT('',(-78.9299999999986,14.9624999999962,2.));
#1928=CARTESIAN_POINT('',(-76.9299999999986,14.9624999999964,0.));
#1929=CARTESIAN_POINT('Origin',(-69.93000032116,-35.64000032116,2.));
#1930=CARTESIAN_POINT('',(-69.9300000713686,-42.639999999994,0.));
#1931=CARTESIAN_POINT('',(-69.9299999999996,-44.639999999994,2.));
#1932=CARTESIAN_POINT('Origin',(-69.9300000713686,-42.639999999994,2.));
#1933=CARTESIAN_POINT('Origin',(-69.93000032116,-35.64000032116,2.));
#1934=CARTESIAN_POINT('Origin',(-69.93000032116,-35.64000032116,0.));
#1935=CARTESIAN_POINT('Origin',(-34.9649999999958,-42.6399999999931,2.));
#1936=CARTESIAN_POINT('',(50.1716788616953,-42.6399999999764,0.));
#1937=CARTESIAN_POINT('',(50.1716788616957,-44.6399999999764,2.));
#1938=CARTESIAN_POINT('Origin',(50.1716788616953,-42.6399999999764,2.));
#1939=CARTESIAN_POINT('',(-34.9649999999954,-44.6399999999931,2.));
#1940=CARTESIAN_POINT('',(-34.9649999999958,-42.6399999999931,0.));
#1941=CARTESIAN_POINT('Origin',(50.17160603465,-35.63991717633,2.));
#1942=CARTESIAN_POINT('',(56.5013977564883,-38.6290468657516,0.));
#1943=CARTESIAN_POINT('',(58.3098882789689,-39.4830738150324,2.));
#1944=CARTESIAN_POINT('Origin',(56.5013977564883,-38.6290468657516,2.));
#1945=CARTESIAN_POINT('Origin',(50.17160603465,-35.63991717633,2.));
#1946=CARTESIAN_POINT('Origin',(50.17160603465,-35.63991717633,0.));
#1947=CARTESIAN_POINT('Origin',(58.8080419446829,-33.7443885504281,2.));
#1948=CARTESIAN_POINT('',(76.2597395010047,3.21214771097732,0.));
#1949=CARTESIAN_POINT('',(78.0682367968147,2.35813510507026,2.));
#1950=CARTESIAN_POINT('Origin',(76.2597395010047,3.21214771097732,2.));
#1951=CARTESIAN_POINT('',(60.6165392404928,-34.5984011563351,2.));
#1952=CARTESIAN_POINT('',(58.8080419446829,-33.7443885504281,0.));
#1953=CARTESIAN_POINT('Origin',(69.9300078743521,6.20119225626099,2.));
#1954=CARTESIAN_POINT('',(76.9299999999999,6.20119361250211,0.));
#1955=CARTESIAN_POINT('',(78.9299999999998,6.20119400000001,2.));
#1956=CARTESIAN_POINT('Origin',(76.9299999999999,6.20119361250211,2.));
#1957=CARTESIAN_POINT('Origin',(69.9300078743521,6.20119225626099,2.));
#1958=CARTESIAN_POINT('Origin',(69.9300078743521,6.20119225626099,0.));
#1959=CARTESIAN_POINT('Origin',(76.93,3.10059700000002,2.));
#1960=CARTESIAN_POINT('',(76.93,35.6399997430672,0.));
#1961=CARTESIAN_POINT('',(78.93,35.6399997430672,2.));
#1962=CARTESIAN_POINT('Origin',(76.93,35.6399997430672,2.));
#1963=CARTESIAN_POINT('',(78.93,3.10059700000002,2.));
#1964=CARTESIAN_POINT('',(76.93,3.10059700000002,0.));
#1965=CARTESIAN_POINT('Origin',(69.930000321166,35.640000321166,2.));
#1966=CARTESIAN_POINT('',(69.9300000713702,42.64,0.));
#1967=CARTESIAN_POINT('',(69.93,44.64,2.));
#1968=CARTESIAN_POINT('Origin',(69.9300000713702,42.64,2.));
#1969=CARTESIAN_POINT('Origin',(69.930000321166,35.640000321166,2.));
#1970=CARTESIAN_POINT('Origin',(69.930000321166,35.640000321166,0.));
#1971=CARTESIAN_POINT('Origin',(34.965,42.6399999999999,2.));
#1972=CARTESIAN_POINT('',(-40.2433350279489,42.6399999999998,0.));
#1973=CARTESIAN_POINT('',(-40.2433350279489,44.6399999999998,2.));
#1974=CARTESIAN_POINT('Origin',(-40.2433350279489,42.6399999999998,2.));
#1975=CARTESIAN_POINT('',(34.965,44.6399999999999,2.));
#1976=CARTESIAN_POINT('',(34.965,42.6399999999999,0.));
#1977=CARTESIAN_POINT('Origin',(-40.24333046506,35.6399923952021,2.));
#1978=CARTESIAN_POINT('',(-44.4433332898621,41.2399997825987,0.));
#1979=CARTESIAN_POINT('',(-45.6433327932692,42.8400001550433,2.));
#1980=CARTESIAN_POINT('Origin',(-44.4433332898621,41.2399997825987,2.));
#1981=CARTESIAN_POINT('Origin',(-40.24333046506,35.6399923952021,2.));
#1982=CARTESIAN_POINT('Origin',(-40.24333046506,35.6399923952021,0.));
#1983=CARTESIAN_POINT('Origin',(-40.1190646371737,44.4832008356213,2.));
#1984=CARTESIAN_POINT('',(-49.396665481007,37.5250011392419,0.));
#1985=CARTESIAN_POINT('',(-50.5966653776414,39.1250012167631,2.));
#1986=CARTESIAN_POINT('Origin',(-49.396665481007,37.5250011392419,2.));
#1987=CARTESIAN_POINT('',(-41.3190645338095,46.0832009131445,2.));
#1988=CARTESIAN_POINT('',(-40.1190646371737,44.4832008356213,0.));
#1989=CARTESIAN_POINT('Origin',(-51.19666953493,39.925007604798,2.));
#1990=CARTESIAN_POINT('',(-51.1966619301785,36.9250000000064,0.));
#1991=CARTESIAN_POINT('Origin',(-51.1966619301785,36.9250000000064,2.));
#1992=CARTESIAN_POINT('Origin',(-51.19666953493,39.925007604798,2.));
#1993=CARTESIAN_POINT('Origin',(-51.19666953493,39.925007604798,0.));
#1994=CARTESIAN_POINT('Origin',(-25.5983335,36.925,2.));
#1995=CARTESIAN_POINT('',(-25.5983335,36.925,0.));
#1996=CARTESIAN_POINT('Origin',(69.930000321166,35.640000321166,0.));
#1997=CARTESIAN_POINT('',(69.93,44.64,20.));
#1998=CARTESIAN_POINT('',(69.93,44.64,0.));
#1999=CARTESIAN_POINT('',(78.93,35.6399997430672,20.));
#2000=CARTESIAN_POINT('Origin',(69.930000321166,35.640000321166,20.));
#2001=CARTESIAN_POINT('',(78.93,35.6399997430672,0.));
#2002=CARTESIAN_POINT('Origin',(69.93,44.64,0.));
#2003=CARTESIAN_POINT('',(-40.2433350279489,44.6399999999998,20.));
#2004=CARTESIAN_POINT('',(-40.2433350279489,44.6399999999998,0.));
#2005=CARTESIAN_POINT('',(-40.2433350279489,44.6399999999998,20.));
#2006=CARTESIAN_POINT('Origin',(-40.24333046506,35.6399923952021,0.));
#2007=CARTESIAN_POINT('',(-45.6433327932692,42.8400001550433,20.));
#2008=CARTESIAN_POINT('',(-45.6433327932692,42.8400001550433,0.));
#2009=CARTESIAN_POINT('Origin',(-40.24333046506,35.6399923952021,20.));
#2010=CARTESIAN_POINT('Origin',(-45.6433327932715,42.8400001550464,0.));
#2011=CARTESIAN_POINT('',(-50.5966653776414,39.1250012167631,20.));
#2012=CARTESIAN_POINT('',(-50.5966653776414,39.1250012167631,0.));
#2013=CARTESIAN_POINT('',(-50.5966653776428,39.125001216765,20.));
#2014=CARTESIAN_POINT('Origin',(-51.19666953493,39.925007604798,0.));
#2015=CARTESIAN_POINT('Origin',(-51.19666953493,39.925007604798,20.));
#2016=CARTESIAN_POINT('Origin',(-69.93000032116,29.925000321166,0.));
#2017=CARTESIAN_POINT('',(-78.929999999994,29.9249999999996,20.));
#2018=CARTESIAN_POINT('',(-78.929999999994,29.9249999999996,0.));
#2019=CARTESIAN_POINT('Origin',(-69.93000032116,29.925000321166,20.));
#2020=CARTESIAN_POINT('Origin',(0.,8.88178419700125E-15,0.));
#2021=CARTESIAN_POINT('Origin',(59.69,-3.92,4.));
#2022=CARTESIAN_POINT('',(63.69,-3.92,4.));
#2023=CARTESIAN_POINT('Origin',(59.69,-3.92,4.));
#2024=CARTESIAN_POINT('',(65.69,-3.92,2.));
#2025=CARTESIAN_POINT('Origin',(65.69,-3.92,4.));
#2026=CARTESIAN_POINT('Origin',(59.69,-3.92,2.));
#2027=CARTESIAN_POINT('Origin',(0.,8.88178419700125E-15,2.));
#2028=CARTESIAN_POINT('',(-75.929999999994,29.9249999999999,2.));
#2029=CARTESIAN_POINT('',(-75.929999999994,-35.639999935768,2.));
#2030=CARTESIAN_POINT('',(-75.9299999999956,-17.8199999678875,2.));
#2031=CARTESIAN_POINT('',(-69.9299999999999,-41.639999999994,2.));
#2032=CARTESIAN_POINT('Origin',(-69.93000032116,-35.64000032116,2.));
#2033=CARTESIAN_POINT('',(50.1716642964473,-41.6399999999881,2.));
#2034=CARTESIAN_POINT('',(25.0858321482257,-41.6399999999906,2.));
#2035=CARTESIAN_POINT('',(55.5971484311982,-38.2020419971399,2.));
#2036=CARTESIAN_POINT('Origin',(50.17160603465,-35.63991717633,2.));
#2037=CARTESIAN_POINT('',(75.3554914492036,3.6391552762676,2.));
#2038=CARTESIAN_POINT('',(67.7829678537444,-12.3967771562512,2.));
#2039=CARTESIAN_POINT('',(75.9299999999997,6.201194,2.));
#2040=CARTESIAN_POINT('Origin',(69.9300078743521,6.20119225626099,2.));
#2041=CARTESIAN_POINT('',(75.93,35.6399999357668,2.));
#2042=CARTESIAN_POINT('',(75.93,17.8199999678834,2.));
#2043=CARTESIAN_POINT('',(69.93,41.64,2.));
#2044=CARTESIAN_POINT('Origin',(69.930000321166,35.640000321166,2.));
#2045=CARTESIAN_POINT('',(-40.2433335069872,41.6400000000002,2.));
#2046=CARTESIAN_POINT('',(-20.1216667534936,41.6400000000002,2.));
#2047=CARTESIAN_POINT('',(-43.8433329483155,40.4400000387584,2.));
#2048=CARTESIAN_POINT('Origin',(-40.24333046506,35.6399923952021,2.));
#2049=CARTESIAN_POINT('',(-48.7966665944099,36.7250003041902,2.));
#2050=CARTESIAN_POINT('',(-41.9957315118999,41.825700929575,2.));
#2051=CARTESIAN_POINT('',(-51.196667,35.925,2.));
#2052=CARTESIAN_POINT('Origin',(-51.19666953493,39.925007604798,2.));
#2053=CARTESIAN_POINT('',(-69.929999935768,35.925,2.));
#2054=CARTESIAN_POINT('',(-34.964999967884,35.925,2.));
#2055=CARTESIAN_POINT('Origin',(-69.93000032116,29.925000321166,2.));
#2056=CARTESIAN_POINT('',(-29.81,28.08,2.));
#2057=CARTESIAN_POINT('Origin',(-35.81,28.08,2.));
#2058=CARTESIAN_POINT('',(-38.81,-5.92,2.));
#2059=CARTESIAN_POINT('Origin',(-44.81,-5.92,2.));
#2060=CARTESIAN_POINT('Origin',(59.69,-3.92,2.));
#2061=CARTESIAN_POINT('',(63.69,-3.92,12.));
#2062=CARTESIAN_POINT('Origin',(59.69,-3.92,12.));
#2063=CARTESIAN_POINT('',(63.69,-3.92,2.));
#2064=CARTESIAN_POINT('Origin',(-35.81,28.08,4.));
#2065=CARTESIAN_POINT('',(-31.81,28.08,4.));
#2066=CARTESIAN_POINT('Origin',(-35.81,28.08,4.));
#2067=CARTESIAN_POINT('Origin',(-29.81,28.08,4.));
#2068=CARTESIAN_POINT('Origin',(-35.81,28.08,2.));
#2069=CARTESIAN_POINT('',(-31.81,28.08,12.));
#2070=CARTESIAN_POINT('Origin',(-35.81,28.08,12.));
#2071=CARTESIAN_POINT('',(-31.81,28.08,2.));
#2072=CARTESIAN_POINT('Origin',(-44.81,-5.92,4.));
#2073=CARTESIAN_POINT('',(-40.81,-5.92,4.));
#2074=CARTESIAN_POINT('Origin',(-44.81,-5.92,4.));
#2075=CARTESIAN_POINT('Origin',(-38.81,-5.92,4.));
#2076=CARTESIAN_POINT('Origin',(-44.81,-5.92,2.));
#2077=CARTESIAN_POINT('',(-40.81,-5.92,12.));
#2078=CARTESIAN_POINT('Origin',(-44.81,-5.92,12.));
#2079=CARTESIAN_POINT('',(-40.81,-5.92,2.));
#2080=CARTESIAN_POINT('Origin',(59.69,-3.92,2.));
#2081=CARTESIAN_POINT('',(61.69,-3.92,12.));
#2082=CARTESIAN_POINT('Origin',(59.69,-3.92,12.));
#2083=CARTESIAN_POINT('',(61.69,-3.92,2.));
#2084=CARTESIAN_POINT('',(61.69,-3.92,2.));
#2085=CARTESIAN_POINT('Origin',(59.69,-3.92,2.));
#2086=CARTESIAN_POINT('Origin',(59.69,-3.92,12.));
#2087=CARTESIAN_POINT('Origin',(-35.81,28.08,2.));
#2088=CARTESIAN_POINT('',(-33.81,28.08,12.));
#2089=CARTESIAN_POINT('Origin',(-35.81,28.08,12.));
#2090=CARTESIAN_POINT('',(-33.81,28.08,2.));
#2091=CARTESIAN_POINT('',(-33.81,28.08,2.));
#2092=CARTESIAN_POINT('Origin',(-35.81,28.08,2.));
#2093=CARTESIAN_POINT('Origin',(-35.81,28.08,12.));
#2094=CARTESIAN_POINT('Origin',(0.,8.88178419700125E-15,2.));
#2095=CARTESIAN_POINT('Origin',(-44.81,-5.92,2.));
#2096=CARTESIAN_POINT('',(-42.81,-5.92,12.));
#2097=CARTESIAN_POINT('Origin',(-44.81,-5.92,12.));
#2098=CARTESIAN_POINT('',(-42.81,-5.92,2.));
#2099=CARTESIAN_POINT('',(-42.81,-5.92,2.));
#2100=CARTESIAN_POINT('Origin',(-44.81,-5.92,2.));
#2101=CARTESIAN_POINT('Origin',(-44.81,-5.92,12.));
#2102=CARTESIAN_POINT('Origin',(0.,8.88178419700125E-15,2.));
#2103=CARTESIAN_POINT('Origin',(75.93,35.6399999357668,0.));
#2104=CARTESIAN_POINT('',(75.9299999999998,6.201194,20.));
#2105=CARTESIAN_POINT('',(75.9299999999997,6.201194,0.));
#2106=CARTESIAN_POINT('',(75.93,35.6399999357668,20.));
#2107=CARTESIAN_POINT('',(75.93,35.6399999357668,20.));
#2108=CARTESIAN_POINT('',(75.93,35.6399999357668,0.));
#2109=CARTESIAN_POINT('Origin',(69.9300078743521,6.20119225626099,0.));
#2110=CARTESIAN_POINT('',(75.3554914492036,3.6391552762676,20.));
#2111=CARTESIAN_POINT('',(75.3554914492036,3.6391552762676,0.));
#2112=CARTESIAN_POINT('Origin',(69.9300078743521,6.20119225626099,20.));
#2113=CARTESIAN_POINT('Origin',(75.3554914492036,3.6391552762676,0.));
#2114=CARTESIAN_POINT('',(55.5971484311982,-38.2020419971399,20.));
#2115=CARTESIAN_POINT('',(55.5971484311982,-38.2020419971399,0.));
#2116=CARTESIAN_POINT('',(75.3554914492036,3.6391552762676,20.));
#2117=CARTESIAN_POINT('Origin',(50.17160603465,-35.63991717633,0.));
#2118=CARTESIAN_POINT('',(50.1716642964473,-41.6399999999881,20.));
#2119=CARTESIAN_POINT('',(50.1716642964473,-41.6399999999881,0.));
#2120=CARTESIAN_POINT('Origin',(50.17160603465,-35.63991717633,20.));
#2121=CARTESIAN_POINT('Origin',(50.1716642964473,-41.6399999999881,0.));
#2122=CARTESIAN_POINT('',(-69.9299999999999,-41.639999999994,20.));
#2123=CARTESIAN_POINT('',(-69.9299999999999,-41.639999999994,0.));
#2124=CARTESIAN_POINT('',(50.1716642964473,-41.6399999999881,20.));
#2125=CARTESIAN_POINT('Origin',(-69.93000032116,-35.64000032116,0.));
#2126=CARTESIAN_POINT('',(-75.929999999994,-35.639999935768,20.));
#2127=CARTESIAN_POINT('',(-75.929999999994,-35.639999935768,0.));
#2128=CARTESIAN_POINT('Origin',(-69.93000032116,-35.64000032116,20.));
#2129=CARTESIAN_POINT('Origin',(-75.929999999994,-35.639999935768,0.));
#2130=CARTESIAN_POINT('',(-75.929999999994,29.9249999999999,20.));
#2131=CARTESIAN_POINT('',(-75.929999999994,29.9249999999999,0.));
#2132=CARTESIAN_POINT('',(-75.929999999994,-35.639999935768,20.));
#2133=CARTESIAN_POINT('Origin',(69.930000321166,35.640000321166,0.));
#2134=CARTESIAN_POINT('',(69.93,41.64,20.));
#2135=CARTESIAN_POINT('Origin',(69.930000321166,35.640000321166,20.));
#2136=CARTESIAN_POINT('',(69.93,41.64,0.));
#2137=CARTESIAN_POINT('Origin',(-40.2433335069872,41.6400000000002,0.));
#2138=CARTESIAN_POINT('',(-40.2433335069872,41.6400000000002,20.));
#2139=CARTESIAN_POINT('',(-40.2433335069872,41.6400000000002,20.));
#2140=CARTESIAN_POINT('',(-40.2433335069872,41.6400000000002,0.));
#2141=CARTESIAN_POINT('Origin',(-40.24333046506,35.6399923952021,0.));
#2142=CARTESIAN_POINT('',(-43.8433329483155,40.4400000387584,20.));
#2143=CARTESIAN_POINT('Origin',(-40.24333046506,35.6399923952021,20.));
#2144=CARTESIAN_POINT('',(-43.8433329483155,40.4400000387584,0.));
#2145=CARTESIAN_POINT('Origin',(-48.79666659441,36.7250003041903,0.));
#2146=CARTESIAN_POINT('',(-48.7966665944099,36.7250003041902,20.));
#2147=CARTESIAN_POINT('',(-48.79666659441,36.7250003041903,20.));
#2148=CARTESIAN_POINT('',(-48.7966665944099,36.7250003041902,0.));
#2149=CARTESIAN_POINT('Origin',(-51.19666953493,39.925007604798,0.));
#2150=CARTESIAN_POINT('',(-51.196667,35.925,20.));
#2151=CARTESIAN_POINT('Origin',(-51.19666953493,39.925007604798,20.));
#2152=CARTESIAN_POINT('',(-51.196667,35.925,0.));
#2153=CARTESIAN_POINT('Origin',(-69.929999935768,35.925,0.));
#2154=CARTESIAN_POINT('',(-69.929999935768,35.925,20.));
#2155=CARTESIAN_POINT('',(-69.929999935768,35.925,20.));
#2156=CARTESIAN_POINT('',(-69.929999935768,35.925,0.));
#2157=CARTESIAN_POINT('Origin',(-69.93000032116,29.925000321166,0.));
#2158=CARTESIAN_POINT('Origin',(-69.93000032116,29.925000321166,20.));
#2159=CARTESIAN_POINT('Origin',(0.,8.88178419700125E-15,20.));
#2160=CARTESIAN_POINT('',(-78.929999999994,-35.639999743072,20.));
#2161=CARTESIAN_POINT('',(-78.929999999994,-35.639999743072,20.));
#2162=CARTESIAN_POINT('',(-69.9299999999996,-44.639999999994,20.));
#2163=CARTESIAN_POINT('Origin',(-69.93000032116,-35.64000032116,20.));
#2164=CARTESIAN_POINT('',(50.1716788616957,-44.6399999999764,20.));
#2165=CARTESIAN_POINT('',(50.1716788616957,-44.6399999999764,20.));
#2166=CARTESIAN_POINT('',(58.3098882789689,-39.4830738150324,20.));
#2167=CARTESIAN_POINT('Origin',(50.17160603465,-35.63991717633,20.));
#2168=CARTESIAN_POINT('',(78.0682367968146,2.35813510507026,20.));
#2169=CARTESIAN_POINT('',(78.0682367968147,2.35813510507026,20.));
#2170=CARTESIAN_POINT('',(78.9299999999998,6.20119400000001,20.));
#2171=CARTESIAN_POINT('Origin',(69.9300078743521,6.20119225626099,20.));
#2172=CARTESIAN_POINT('',(78.93,35.6399997430672,20.));
#2173=CARTESIAN_POINT('Origin',(78.93,6.20119400000001,0.));
#2174=CARTESIAN_POINT('',(78.9299999999998,6.20119400000001,0.));
#2175=CARTESIAN_POINT('Origin',(69.9300078743521,6.20119225626099,0.));
#2176=CARTESIAN_POINT('',(78.0682367968147,2.35813510507026,0.));
#2177=CARTESIAN_POINT('Origin',(58.3098882789854,-39.4830738150402,0.));
#2178=CARTESIAN_POINT('',(58.3098882789689,-39.4830738150324,0.));
#2179=CARTESIAN_POINT('Origin',(50.17160603465,-35.63991717633,0.));
#2180=CARTESIAN_POINT('',(50.1716788616957,-44.6399999999764,0.));
#2181=CARTESIAN_POINT('Origin',(-69.9299999999996,-44.64,0.));
#2182=CARTESIAN_POINT('',(-69.9299999999996,-44.639999999994,0.));
#2183=CARTESIAN_POINT('Origin',(-69.93000032116,-35.64000032116,0.));
#2184=CARTESIAN_POINT('',(-78.929999999994,-35.639999743072,0.));
#2185=CARTESIAN_POINT('Origin',(-78.93,29.9249999999996,0.));
#2186=CARTESIAN_POINT('Origin',(0.,8.88178419700125E-15,2.));
#2187=UNCERTAINTY_MEASURE_WITH_UNIT(LENGTH_MEASURE(0.01),#2191,
'DISTANCE_ACCURACY_VALUE',
'Maximum model space distance between geometric entities at asserted c
onnectivities');
#2188=UNCERTAINTY_MEASURE_WITH_UNIT(LENGTH_MEASURE(0.01),#2191,
'DISTANCE_ACCURACY_VALUE',
'Maximum model space distance between geometric entities at asserted c
onnectivities');
#2189=(
GEOMETRIC_REPRESENTATION_CONTEXT(3)
GLOBAL_UNCERTAINTY_ASSIGNED_CONTEXT((#2187))
GLOBAL_UNIT_ASSIGNED_CONTEXT((#2191,#2193,#2194))
REPRESENTATION_CONTEXT('','3D')
);
#2190=(
GEOMETRIC_REPRESENTATION_CONTEXT(3)
GLOBAL_UNCERTAINTY_ASSIGNED_CONTEXT((#2188))
GLOBAL_UNIT_ASSIGNED_CONTEXT((#2191,#2193,#2194))
REPRESENTATION_CONTEXT('','3D')
);
#2191=(
LENGTH_UNIT()
NAMED_UNIT(*)
SI_UNIT(.MILLI.,.METRE.)
);
#2192=(
LENGTH_UNIT()
NAMED_UNIT(*)
SI_UNIT($,.METRE.)
);
#2193=(
NAMED_UNIT(*)
PLANE_ANGLE_UNIT()
SI_UNIT($,.RADIAN.)
);
#2194=(
NAMED_UNIT(*)
SI_UNIT($,.STERADIAN.)
SOLID_ANGLE_UNIT()
);
#2195=SHAPE_DEFINITION_REPRESENTATION(#2196,#2197);
#2196=PRODUCT_DEFINITION_SHAPE('',$,#2199);
#2197=SHAPE_REPRESENTATION('',(#1260),#2189);
#2198=PRODUCT_DEFINITION_CONTEXT('part definition',#2203,'design');
#2199=PRODUCT_DEFINITION('megapad','megapad v5',#2200,#2198);
#2200=PRODUCT_DEFINITION_FORMATION('',$,#2205);
#2201=PRODUCT_RELATED_PRODUCT_CATEGORY('megapad v5','megapad v5',(#2205));
#2202=APPLICATION_PROTOCOL_DEFINITION('international standard',
'automotive_design',2009,#2203);
#2203=APPLICATION_CONTEXT(
'Core Data for Automotive Mechanical Design Process');
#2204=PRODUCT_CONTEXT('part definition',#2203,'mechanical');
#2205=PRODUCT('megapad','megapad v5',$,(#2204));
#2206=PRESENTATION_STYLE_ASSIGNMENT((#2212));
#2207=PRESENTATION_STYLE_ASSIGNMENT((#2213));
#2208=PRESENTATION_STYLE_ASSIGNMENT((#2214));
#2209=PRESENTATION_STYLE_ASSIGNMENT((#2215));
#2210=PRESENTATION_STYLE_ASSIGNMENT((#2216));
#2211=PRESENTATION_STYLE_ASSIGNMENT((#2217));
#2212=SURFACE_STYLE_USAGE(.BOTH.,#2218);
#2213=SURFACE_STYLE_USAGE(.BOTH.,#2219);
#2214=SURFACE_STYLE_USAGE(.BOTH.,#2220);
#2215=SURFACE_STYLE_USAGE(.BOTH.,#2221);
#2216=SURFACE_STYLE_USAGE(.BOTH.,#2222);
#2217=SURFACE_STYLE_USAGE(.BOTH.,#2223);
#2218=SURFACE_SIDE_STYLE('',(#2224));
#2219=SURFACE_SIDE_STYLE('',(#2225));
#2220=SURFACE_SIDE_STYLE('',(#2226));
#2221=SURFACE_SIDE_STYLE('',(#2227));
#2222=SURFACE_SIDE_STYLE('',(#2228));
#2223=SURFACE_SIDE_STYLE('',(#2229));
#2224=SURFACE_STYLE_FILL_AREA(#2230);
#2225=SURFACE_STYLE_FILL_AREA(#2231);
#2226=SURFACE_STYLE_FILL_AREA(#2232);
#2227=SURFACE_STYLE_FILL_AREA(#2233);
#2228=SURFACE_STYLE_FILL_AREA(#2234);
#2229=SURFACE_STYLE_FILL_AREA(#2235);
#2230=FILL_AREA_STYLE('Steel - Satin',(#2236));
#2231=FILL_AREA_STYLE('Opaque(80,124,105)',(#2237));
#2232=FILL_AREA_STYLE(
'PA 11 - Nylon- HP 11-30 (with EOS P 396 3D Printer)',(#2238));
#2233=FILL_AREA_STYLE('Opaque(25,25,25)',(#2239));
#2234=FILL_AREA_STYLE('Opaque(160,160,160)',(#2240));
#2235=FILL_AREA_STYLE('Plastic - Translucent Matte (Red)',(#2241));
#2236=FILL_AREA_STYLE_COLOUR('Steel - Satin',#2242);
#2237=FILL_AREA_STYLE_COLOUR('Opaque(80,124,105)',#2243);
#2238=FILL_AREA_STYLE_COLOUR(
'PA 11 - Nylon- HP 11-30 (with EOS P 396 3D Printer)',#2244);
#2239=FILL_AREA_STYLE_COLOUR('Opaque(25,25,25)',#2245);
#2240=FILL_AREA_STYLE_COLOUR('Opaque(160,160,160)',#2246);
#2241=FILL_AREA_STYLE_COLOUR('Plastic - Translucent Matte (Red)',#2247);
#2242=COLOUR_RGB('Steel - Satin',0.627450980392157,0.627450980392157,0.627450980392157);
#2243=COLOUR_RGB('Opaque(80,124,105)',0.313725490196078,0.486274509803922,
0.411764705882353);
#2244=COLOUR_RGB('PA 11 - Nylon- HP 11-30 (with EOS P 396 3D Printer)',
0.247058823529412,0.247058823529412,0.247058823529412);
#2245=COLOUR_RGB('Opaque(25,25,25)',0.0980392156862745,0.0980392156862745,
0.0980392156862745);
#2246=COLOUR_RGB('Opaque(160,160,160)',0.627450980392157,0.627450980392157,
0.627450980392157);
#2247=COLOUR_RGB('Plastic - Translucent Matte (Red)',0.768627450980392,
0.207843137254902,0.152941176470588);
ENDSEC;
END-ISO-10303-21;
