ISO-10303-21;
HEADER;
/* Generated by software containing ST-Developer
 * from STEP Tools, Inc. (www.steptools.com) 
 */

FILE_DESCRIPTION(
/* description */ (''),
/* implementation_level */ '2;1');

FILE_NAME(
/* name */ 'megapad.step',
/* time_stamp */ '2026-03-26T19:11:25Z',
/* author */ (''),
/* organization */ (''),
/* preprocessor_version */ 'ST-DEVELOPER v20.1',
/* originating_system */ 'Autodesk Translation Framework v14.24.0.0',
/* authorisation */ '');

FILE_SCHEMA (('AUTOMOTIVE_DESIGN { 1 0 10303 214 3 1 1 }'));
ENDSEC;

DATA;
#10=MECHANICAL_DESIGN_GEOMETRIC_PRESENTATION_REPRESENTATION('',(#190,#191),
#17768);
#11=SHAPE_REPRESENTATION_RELATIONSHIP('SRR','None',#17775,#12);
#12=ADVANCED_BREP_SHAPE_REPRESENTATION('',(#192,#193),#17767);
#13=B_SPLINE_SURFACE_WITH_KNOTS('',2,1,((#15915,#15916),(#15917,#15918),
(#15919,#15920)),.UNSPECIFIED.,.F.,.F.,.F.,(3,3),(2,2),(0.,1.),(0.,0.05),
 .UNSPECIFIED.);
#14=B_SPLINE_SURFACE_WITH_KNOTS('',2,1,((#15930,#15931),(#15932,#15933),
(#15934,#15935)),.UNSPECIFIED.,.F.,.F.,.F.,(3,3),(2,2),(0.,1.),(0.,0.05),
 .UNSPECIFIED.);
#15=B_SPLINE_SURFACE_WITH_KNOTS('',2,1,((#15945,#15946),(#15947,#15948),
(#15949,#15950)),.UNSPECIFIED.,.F.,.F.,.F.,(3,3),(2,2),(0.,1.),(0.,0.05),
 .UNSPECIFIED.);
#16=B_SPLINE_SURFACE_WITH_KNOTS('',2,1,((#15976,#15977),(#15978,#15979),
(#15980,#15981)),.UNSPECIFIED.,.F.,.F.,.F.,(3,3),(2,2),(0.,1.),(0.,0.05),
 .UNSPECIFIED.);
#17=B_SPLINE_SURFACE_WITH_KNOTS('',2,1,((#15996,#15997),(#15998,#15999),
(#16000,#16001)),.UNSPECIFIED.,.F.,.F.,.F.,(3,3),(2,2),(0.,1.),(0.,0.05),
 .UNSPECIFIED.);
#18=B_SPLINE_SURFACE_WITH_KNOTS('',2,1,((#16007,#16008),(#16009,#16010),
(#16011,#16012)),.UNSPECIFIED.,.F.,.F.,.F.,(3,3),(2,2),(0.,1.),(0.,0.05),
 .UNSPECIFIED.);
#19=B_SPLINE_SURFACE_WITH_KNOTS('',2,1,((#16018,#16019),(#16020,#16021),
(#16022,#16023)),.UNSPECIFIED.,.F.,.F.,.F.,(3,3),(2,2),(0.,1.),(0.,0.05),
 .UNSPECIFIED.);
#20=B_SPLINE_SURFACE_WITH_KNOTS('',2,1,((#16029,#16030),(#16031,#16032),
(#16033,#16034)),.UNSPECIFIED.,.F.,.F.,.F.,(3,3),(2,2),(0.,1.),(0.,0.05),
 .UNSPECIFIED.);
#21=B_SPLINE_SURFACE_WITH_KNOTS('',2,1,((#16040,#16041),(#16042,#16043),
(#16044,#16045)),.UNSPECIFIED.,.F.,.F.,.F.,(3,3),(2,2),(0.,1.),(0.,0.05),
 .UNSPECIFIED.);
#22=B_SPLINE_SURFACE_WITH_KNOTS('',2,1,((#16059,#16060),(#16061,#16062),
(#16063,#16064)),.UNSPECIFIED.,.F.,.F.,.F.,(3,3),(2,2),(0.,1.),(0.,0.05),
 .UNSPECIFIED.);
#23=B_SPLINE_SURFACE_WITH_KNOTS('',2,1,((#16070,#16071),(#16072,#16073),
(#16074,#16075)),.UNSPECIFIED.,.F.,.F.,.F.,(3,3),(2,2),(0.,1.),(0.,0.05),
 .UNSPECIFIED.);
#24=B_SPLINE_SURFACE_WITH_KNOTS('',2,1,((#16081,#16082),(#16083,#16084),
(#16085,#16086)),.UNSPECIFIED.,.F.,.F.,.F.,(3,3),(2,2),(0.,1.),(0.,0.05),
 .UNSPECIFIED.);
#25=B_SPLINE_SURFACE_WITH_KNOTS('',2,1,((#16167,#16168),(#16169,#16170),
(#16171,#16172)),.UNSPECIFIED.,.F.,.F.,.F.,(3,3),(2,2),(0.,1.),(0.,0.05),
 .UNSPECIFIED.);
#26=B_SPLINE_SURFACE_WITH_KNOTS('',2,1,((#16182,#16183),(#16184,#16185),
(#16186,#16187)),.UNSPECIFIED.,.F.,.F.,.F.,(3,3),(2,2),(0.,1.),(0.,0.05),
 .UNSPECIFIED.);
#27=B_SPLINE_SURFACE_WITH_KNOTS('',2,1,((#16193,#16194),(#16195,#16196),
(#16197,#16198)),.UNSPECIFIED.,.F.,.F.,.F.,(3,3),(2,2),(0.,1.),(0.,0.05),
 .UNSPECIFIED.);
#28=B_SPLINE_SURFACE_WITH_KNOTS('',2,1,((#16208,#16209),(#16210,#16211),
(#16212,#16213)),.UNSPECIFIED.,.F.,.F.,.F.,(3,3),(2,2),(0.,1.),(0.,0.05),
 .UNSPECIFIED.);
#29=B_SPLINE_SURFACE_WITH_KNOTS('',2,1,((#16278,#16279),(#16280,#16281),
(#16282,#16283)),.UNSPECIFIED.,.F.,.F.,.F.,(3,3),(2,2),(0.,1.),(0.,0.05),
 .UNSPECIFIED.);
#30=B_SPLINE_SURFACE_WITH_KNOTS('',2,1,((#16293,#16294),(#16295,#16296),
(#16297,#16298)),.UNSPECIFIED.,.F.,.F.,.F.,(3,3),(2,2),(0.,1.),(0.,0.05),
 .UNSPECIFIED.);
#31=B_SPLINE_SURFACE_WITH_KNOTS('',2,1,((#16304,#16305),(#16306,#16307),
(#16308,#16309)),.UNSPECIFIED.,.F.,.F.,.F.,(3,3),(2,2),(0.,1.),(0.,0.05),
 .UNSPECIFIED.);
#32=B_SPLINE_SURFACE_WITH_KNOTS('',2,1,((#16319,#16320),(#16321,#16322),
(#16323,#16324)),.UNSPECIFIED.,.F.,.F.,.F.,(3,3),(2,2),(0.,1.),(0.,0.05),
 .UNSPECIFIED.);
#33=B_SPLINE_SURFACE_WITH_KNOTS('',2,1,((#16387,#16388),(#16389,#16390),
(#16391,#16392)),.UNSPECIFIED.,.F.,.F.,.F.,(3,3),(2,2),(0.,1.),(0.,0.05),
 .UNSPECIFIED.);
#34=B_SPLINE_SURFACE_WITH_KNOTS('',2,1,((#16402,#16403),(#16404,#16405),
(#16406,#16407)),.UNSPECIFIED.,.F.,.F.,.F.,(3,3),(2,2),(0.,1.),(0.,0.05),
 .UNSPECIFIED.);
#35=B_SPLINE_SURFACE_WITH_KNOTS('',2,1,((#16417,#16418),(#16419,#16420),
(#16421,#16422)),.UNSPECIFIED.,.F.,.F.,.F.,(3,3),(2,2),(0.,1.),(0.,0.05),
 .UNSPECIFIED.);
#36=B_SPLINE_SURFACE_WITH_KNOTS('',2,1,((#16432,#16433),(#16434,#16435),
(#16436,#16437)),.UNSPECIFIED.,.F.,.F.,.F.,(3,3),(2,2),(0.,1.),(0.,0.05),
 .UNSPECIFIED.);
#37=B_SPLINE_SURFACE_WITH_KNOTS('',2,1,((#16447,#16448),(#16449,#16450),
(#16451,#16452)),.UNSPECIFIED.,.F.,.F.,.F.,(3,3),(2,2),(0.,1.),(0.,0.05),
 .UNSPECIFIED.);
#38=B_SPLINE_SURFACE_WITH_KNOTS('',2,1,((#16574,#16575),(#16576,#16577),
(#16578,#16579)),.UNSPECIFIED.,.F.,.F.,.F.,(3,3),(2,2),(0.,1.),(0.,0.05),
 .UNSPECIFIED.);
#39=B_SPLINE_SURFACE_WITH_KNOTS('',2,1,((#16589,#16590),(#16591,#16592),
(#16593,#16594)),.UNSPECIFIED.,.F.,.F.,.F.,(3,3),(2,2),(0.,1.),(0.,0.05),
 .UNSPECIFIED.);
#40=B_SPLINE_SURFACE_WITH_KNOTS('',2,1,((#16600,#16601),(#16602,#16603),
(#16604,#16605)),.UNSPECIFIED.,.F.,.F.,.F.,(3,3),(2,2),(0.,1.),(0.,0.05),
 .UNSPECIFIED.);
#41=B_SPLINE_SURFACE_WITH_KNOTS('',2,1,((#16615,#16616),(#16617,#16618),
(#16619,#16620)),.UNSPECIFIED.,.F.,.F.,.F.,(3,3),(2,2),(0.,1.),(0.,0.05),
 .UNSPECIFIED.);
#42=B_SPLINE_SURFACE_WITH_KNOTS('',2,1,((#16685,#16686),(#16687,#16688),
(#16689,#16690)),.UNSPECIFIED.,.F.,.F.,.F.,(3,3),(2,2),(0.,1.),(0.,0.05),
 .UNSPECIFIED.);
#43=B_SPLINE_SURFACE_WITH_KNOTS('',2,1,((#16700,#16701),(#16702,#16703),
(#16704,#16705)),.UNSPECIFIED.,.F.,.F.,.F.,(3,3),(2,2),(0.,1.),(0.,0.05),
 .UNSPECIFIED.);
#44=B_SPLINE_SURFACE_WITH_KNOTS('',2,1,((#16711,#16712),(#16713,#16714),
(#16715,#16716)),.UNSPECIFIED.,.F.,.F.,.F.,(3,3),(2,2),(0.,1.),(0.,0.05),
 .UNSPECIFIED.);
#45=B_SPLINE_SURFACE_WITH_KNOTS('',2,1,((#16726,#16727),(#16728,#16729),
(#16730,#16731)),.UNSPECIFIED.,.F.,.F.,.F.,(3,3),(2,2),(0.,1.),(0.,0.05),
 .UNSPECIFIED.);
#46=B_SPLINE_SURFACE_WITH_KNOTS('',2,1,((#16766,#16767),(#16768,#16769),
(#16770,#16771)),.UNSPECIFIED.,.F.,.F.,.F.,(3,3),(2,2),(0.,1.),(0.,0.05),
 .UNSPECIFIED.);
#47=B_SPLINE_SURFACE_WITH_KNOTS('',2,1,((#16777,#16778),(#16779,#16780),
(#16781,#16782)),.UNSPECIFIED.,.F.,.F.,.F.,(3,3),(2,2),(0.,1.),(0.,0.05),
 .UNSPECIFIED.);
#48=B_SPLINE_SURFACE_WITH_KNOTS('',2,1,((#16788,#16789),(#16790,#16791),
(#16792,#16793)),.UNSPECIFIED.,.F.,.F.,.F.,(3,3),(2,2),(0.,1.),(0.,0.05),
 .UNSPECIFIED.);
#49=B_SPLINE_SURFACE_WITH_KNOTS('',2,1,((#16799,#16800),(#16801,#16802),
(#16803,#16804)),.UNSPECIFIED.,.F.,.F.,.F.,(3,3),(2,2),(0.,1.),(0.,0.05),
 .UNSPECIFIED.);
#50=B_SPLINE_SURFACE_WITH_KNOTS('',2,1,((#16810,#16811),(#16812,#16813),
(#16814,#16815)),.UNSPECIFIED.,.F.,.F.,.F.,(3,3),(2,2),(0.,1.),(0.,0.05),
 .UNSPECIFIED.);
#51=B_SPLINE_SURFACE_WITH_KNOTS('',2,1,((#16829,#16830),(#16831,#16832),
(#16833,#16834)),.UNSPECIFIED.,.F.,.F.,.F.,(3,3),(2,2),(0.,1.),(0.,0.05),
 .UNSPECIFIED.);
#52=B_SPLINE_SURFACE_WITH_KNOTS('',2,1,((#16840,#16841),(#16842,#16843),
(#16844,#16845)),.UNSPECIFIED.,.F.,.F.,.F.,(3,3),(2,2),(0.,1.),(0.,0.05),
 .UNSPECIFIED.);
#53=B_SPLINE_SURFACE_WITH_KNOTS('',2,1,((#16851,#16852),(#16853,#16854),
(#16855,#16856)),.UNSPECIFIED.,.F.,.F.,.F.,(3,3),(2,2),(0.,1.),(0.,0.05),
 .UNSPECIFIED.);
#54=B_SPLINE_SURFACE_WITH_KNOTS('',2,1,((#16939,#16940),(#16941,#16942),
(#16943,#16944)),.UNSPECIFIED.,.F.,.F.,.F.,(3,3),(2,2),(0.,1.),(0.,0.05),
 .UNSPECIFIED.);
#55=B_SPLINE_SURFACE_WITH_KNOTS('',2,1,((#16954,#16955),(#16956,#16957),
(#16958,#16959)),.UNSPECIFIED.,.F.,.F.,.F.,(3,3),(2,2),(0.,1.),(0.,0.05),
 .UNSPECIFIED.);
#56=B_SPLINE_SURFACE_WITH_KNOTS('',2,1,((#16969,#16970),(#16971,#16972),
(#16973,#16974)),.UNSPECIFIED.,.F.,.F.,.F.,(3,3),(2,2),(0.,1.),(0.,0.05),
 .UNSPECIFIED.);
#57=B_SPLINE_SURFACE_WITH_KNOTS('',2,1,((#17000,#17001),(#17002,#17003),
(#17004,#17005)),.UNSPECIFIED.,.F.,.F.,.F.,(3,3),(2,2),(0.,1.),(0.,0.05),
 .UNSPECIFIED.);
#58=B_SPLINE_SURFACE_WITH_KNOTS('',2,1,((#17056,#17057),(#17058,#17059),
(#17060,#17061)),.UNSPECIFIED.,.F.,.F.,.F.,(3,3),(2,2),(0.,1.),(0.,0.05),
 .UNSPECIFIED.);
#59=B_SPLINE_SURFACE_WITH_KNOTS('',2,1,((#17071,#17072),(#17073,#17074),
(#17075,#17076)),.UNSPECIFIED.,.F.,.F.,.F.,(3,3),(2,2),(0.,1.),(0.,0.05),
 .UNSPECIFIED.);
#60=B_SPLINE_SURFACE_WITH_KNOTS('',2,1,((#17086,#17087),(#17088,#17089),
(#17090,#17091)),.UNSPECIFIED.,.F.,.F.,.F.,(3,3),(2,2),(0.,1.),(0.,0.05),
 .UNSPECIFIED.);
#61=B_SPLINE_SURFACE_WITH_KNOTS('',2,1,((#17101,#17102),(#17103,#17104),
(#17105,#17106)),.UNSPECIFIED.,.F.,.F.,.F.,(3,3),(2,2),(0.,1.),(0.,0.05),
 .UNSPECIFIED.);
#62=B_SPLINE_SURFACE_WITH_KNOTS('',2,1,((#17218,#17219),(#17220,#17221),
(#17222,#17223)),.UNSPECIFIED.,.F.,.F.,.F.,(3,3),(2,2),(0.,1.),(0.,0.05),
 .UNSPECIFIED.);
#63=B_SPLINE_SURFACE_WITH_KNOTS('',2,1,((#17233,#17234),(#17235,#17236),
(#17237,#17238)),.UNSPECIFIED.,.F.,.F.,.F.,(3,3),(2,2),(0.,1.),(0.,0.05),
 .UNSPECIFIED.);
#64=B_SPLINE_SURFACE_WITH_KNOTS('',2,1,((#17248,#17249),(#17250,#17251),
(#17252,#17253)),.UNSPECIFIED.,.F.,.F.,.F.,(3,3),(2,2),(0.,1.),(0.,0.05),
 .UNSPECIFIED.);
#65=B_SPLINE_SURFACE_WITH_KNOTS('',2,1,((#17263,#17264),(#17265,#17266),
(#17267,#17268)),.UNSPECIFIED.,.F.,.F.,.F.,(3,3),(2,2),(0.,1.),(0.,0.05),
 .UNSPECIFIED.);
#66=B_SPLINE_SURFACE_WITH_KNOTS('',2,1,((#17278,#17279),(#17280,#17281),
(#17282,#17283)),.UNSPECIFIED.,.F.,.F.,.F.,(3,3),(2,2),(0.,1.),(0.,0.05),
 .UNSPECIFIED.);
#67=B_SPLINE_SURFACE_WITH_KNOTS('',2,1,((#17362,#17363),(#17364,#17365),
(#17366,#17367)),.UNSPECIFIED.,.F.,.F.,.F.,(3,3),(2,2),(0.,1.),(0.,0.05),
 .UNSPECIFIED.);
#68=B_SPLINE_SURFACE_WITH_KNOTS('',2,1,((#17377,#17378),(#17379,#17380),
(#17381,#17382)),.UNSPECIFIED.,.F.,.F.,.F.,(3,3),(2,2),(0.,1.),(0.,0.05),
 .UNSPECIFIED.);
#69=B_SPLINE_SURFACE_WITH_KNOTS('',2,1,((#17392,#17393),(#17394,#17395),
(#17396,#17397)),.UNSPECIFIED.,.F.,.F.,.F.,(3,3),(2,2),(0.,1.),(0.,0.05),
 .UNSPECIFIED.);
#70=B_SPLINE_SURFACE_WITH_KNOTS('',2,1,((#17407,#17408),(#17409,#17410),
(#17411,#17412)),.UNSPECIFIED.,.F.,.F.,.F.,(3,3),(2,2),(0.,1.),(0.,0.05),
 .UNSPECIFIED.);
#71=B_SPLINE_CURVE_WITH_KNOTS('',2,(#14906,#14907,#14908),.UNSPECIFIED.,
 .F.,.F.,(3,3),(0.,1.),.UNSPECIFIED.);
#72=B_SPLINE_CURVE_WITH_KNOTS('',2,(#14912,#14913,#14914),.UNSPECIFIED.,
 .F.,.F.,(3,3),(0.,1.),.UNSPECIFIED.);
#73=B_SPLINE_CURVE_WITH_KNOTS('',2,(#14918,#14919,#14920),.UNSPECIFIED.,
 .F.,.F.,(3,3),(0.,1.),.UNSPECIFIED.);
#74=B_SPLINE_CURVE_WITH_KNOTS('',2,(#14924,#14925,#14926),.UNSPECIFIED.,
 .F.,.F.,(3,3),(0.,1.),.UNSPECIFIED.);
#75=B_SPLINE_CURVE_WITH_KNOTS('',2,(#14946,#14947,#14948),.UNSPECIFIED.,
 .F.,.F.,(3,3),(0.,1.),.UNSPECIFIED.);
#76=B_SPLINE_CURVE_WITH_KNOTS('',2,(#14952,#14953,#14954),.UNSPECIFIED.,
 .F.,.F.,(3,3),(0.,1.),.UNSPECIFIED.);
#77=B_SPLINE_CURVE_WITH_KNOTS('',2,(#14958,#14959,#14960),.UNSPECIFIED.,
 .F.,.F.,(3,3),(0.,1.),.UNSPECIFIED.);
#78=B_SPLINE_CURVE_WITH_KNOTS('',2,(#14964,#14965,#14966),.UNSPECIFIED.,
 .F.,.F.,(3,3),(0.,1.),.UNSPECIFIED.);
#79=B_SPLINE_CURVE_WITH_KNOTS('',2,(#14970,#14971,#14972),.UNSPECIFIED.,
 .F.,.F.,(3,3),(0.,1.),.UNSPECIFIED.);
#80=B_SPLINE_CURVE_WITH_KNOTS('',2,(#15026,#15027,#15028),.UNSPECIFIED.,
 .F.,.F.,(3,3),(0.,1.),.UNSPECIFIED.);
#81=B_SPLINE_CURVE_WITH_KNOTS('',2,(#15032,#15033,#15034),.UNSPECIFIED.,
 .F.,.F.,(3,3),(0.,1.),.UNSPECIFIED.);
#82=B_SPLINE_CURVE_WITH_KNOTS('',2,(#15038,#15039,#15040),.UNSPECIFIED.,
 .F.,.F.,(3,3),(0.,1.),.UNSPECIFIED.);
#83=B_SPLINE_CURVE_WITH_KNOTS('',2,(#15044,#15045,#15046),.UNSPECIFIED.,
 .F.,.F.,(3,3),(0.,1.),.UNSPECIFIED.);
#84=B_SPLINE_CURVE_WITH_KNOTS('',2,(#15052,#15053,#15054),.UNSPECIFIED.,
 .F.,.F.,(3,3),(0.,1.),.UNSPECIFIED.);
#85=B_SPLINE_CURVE_WITH_KNOTS('',2,(#15066,#15067,#15068),.UNSPECIFIED.,
 .F.,.F.,(3,3),(0.,1.),.UNSPECIFIED.);
#86=B_SPLINE_CURVE_WITH_KNOTS('',2,(#15072,#15073,#15074),.UNSPECIFIED.,
 .F.,.F.,(3,3),(0.,1.),.UNSPECIFIED.);
#87=B_SPLINE_CURVE_WITH_KNOTS('',2,(#15077,#15078,#15079),.UNSPECIFIED.,
 .F.,.F.,(3,3),(0.,1.),.UNSPECIFIED.);
#88=B_SPLINE_CURVE_WITH_KNOTS('',2,(#15102,#15103,#15104),.UNSPECIFIED.,
 .F.,.F.,(3,3),(0.,1.),.UNSPECIFIED.);
#89=B_SPLINE_CURVE_WITH_KNOTS('',2,(#15106,#15107,#15108),.UNSPECIFIED.,
 .F.,.F.,(3,3),(0.,1.),.UNSPECIFIED.);
#90=B_SPLINE_CURVE_WITH_KNOTS('',2,(#15110,#15111,#15112),.UNSPECIFIED.,
 .F.,.F.,(3,3),(0.,1.),.UNSPECIFIED.);
#91=B_SPLINE_CURVE_WITH_KNOTS('',2,(#15118,#15119,#15120),.UNSPECIFIED.,
 .F.,.F.,(3,3),(0.,1.),.UNSPECIFIED.);
#92=B_SPLINE_CURVE_WITH_KNOTS('',2,(#15122,#15123,#15124),.UNSPECIFIED.,
 .F.,.F.,(3,3),(0.,1.),.UNSPECIFIED.);
#93=B_SPLINE_CURVE_WITH_KNOTS('',2,(#15126,#15127,#15128),.UNSPECIFIED.,
 .F.,.F.,(3,3),(0.,1.),.UNSPECIFIED.);
#94=B_SPLINE_CURVE_WITH_KNOTS('',2,(#15130,#15131,#15132),.UNSPECIFIED.,
 .F.,.F.,(3,3),(0.,1.),.UNSPECIFIED.);
#95=B_SPLINE_CURVE_WITH_KNOTS('',2,(#15134,#15135,#15136),.UNSPECIFIED.,
 .F.,.F.,(3,3),(0.,1.),.UNSPECIFIED.);
#96=B_SPLINE_CURVE_WITH_KNOTS('',2,(#15152,#15153,#15154),.UNSPECIFIED.,
 .F.,.F.,(3,3),(0.,1.),.UNSPECIFIED.);
#97=B_SPLINE_CURVE_WITH_KNOTS('',2,(#15158,#15159,#15160),.UNSPECIFIED.,
 .F.,.F.,(3,3),(0.,1.),.UNSPECIFIED.);
#98=B_SPLINE_CURVE_WITH_KNOTS('',2,(#15162,#15163,#15164),.UNSPECIFIED.,
 .F.,.F.,(3,3),(0.,1.),.UNSPECIFIED.);
#99=B_SPLINE_CURVE_WITH_KNOTS('',2,(#15168,#15169,#15170),.UNSPECIFIED.,
 .F.,.F.,(3,3),(0.,1.),.UNSPECIFIED.);
#100=B_SPLINE_CURVE_WITH_KNOTS('',2,(#15186,#15187,#15188),
 .UNSPECIFIED.,.F.,.F.,(3,3),(0.,1.),.UNSPECIFIED.);
#101=B_SPLINE_CURVE_WITH_KNOTS('',2,(#15192,#15193,#15194),
 .UNSPECIFIED.,.F.,.F.,(3,3),(0.,1.),.UNSPECIFIED.);
#102=B_SPLINE_CURVE_WITH_KNOTS('',2,(#15196,#15197,#15198),
 .UNSPECIFIED.,.F.,.F.,(3,3),(0.,1.),.UNSPECIFIED.);
#103=B_SPLINE_CURVE_WITH_KNOTS('',2,(#15202,#15203,#15204),
 .UNSPECIFIED.,.F.,.F.,(3,3),(0.,1.),.UNSPECIFIED.);
#104=B_SPLINE_CURVE_WITH_KNOTS('',2,(#15248,#15249,#15250),
 .UNSPECIFIED.,.F.,.F.,(3,3),(0.,1.),.UNSPECIFIED.);
#105=B_SPLINE_CURVE_WITH_KNOTS('',2,(#15254,#15255,#15256),
 .UNSPECIFIED.,.F.,.F.,(3,3),(0.,1.),.UNSPECIFIED.);
#106=B_SPLINE_CURVE_WITH_KNOTS('',2,(#15260,#15261,#15262),
 .UNSPECIFIED.,.F.,.F.,(3,3),(0.,1.),.UNSPECIFIED.);
#107=B_SPLINE_CURVE_WITH_KNOTS('',2,(#15266,#15267,#15268),
 .UNSPECIFIED.,.F.,.F.,(3,3),(0.,1.),.UNSPECIFIED.);
#108=B_SPLINE_CURVE_WITH_KNOTS('',2,(#15272,#15273,#15274),
 .UNSPECIFIED.,.F.,.F.,(3,3),(0.,1.),.UNSPECIFIED.);
#109=B_SPLINE_CURVE_WITH_KNOTS('',2,(#15304,#15305,#15306),
 .UNSPECIFIED.,.F.,.F.,(3,3),(0.,1.),.UNSPECIFIED.);
#110=B_SPLINE_CURVE_WITH_KNOTS('',2,(#15310,#15311,#15312),
 .UNSPECIFIED.,.F.,.F.,(3,3),(0.,1.),.UNSPECIFIED.);
#111=B_SPLINE_CURVE_WITH_KNOTS('',2,(#15314,#15315,#15316),
 .UNSPECIFIED.,.F.,.F.,(3,3),(0.,1.),.UNSPECIFIED.);
#112=B_SPLINE_CURVE_WITH_KNOTS('',2,(#15320,#15321,#15322),
 .UNSPECIFIED.,.F.,.F.,(3,3),(0.,1.),.UNSPECIFIED.);
#113=B_SPLINE_CURVE_WITH_KNOTS('',2,(#15338,#15339,#15340),
 .UNSPECIFIED.,.F.,.F.,(3,3),(0.,1.),.UNSPECIFIED.);
#114=B_SPLINE_CURVE_WITH_KNOTS('',2,(#15344,#15345,#15346),
 .UNSPECIFIED.,.F.,.F.,(3,3),(0.,1.),.UNSPECIFIED.);
#115=B_SPLINE_CURVE_WITH_KNOTS('',2,(#15348,#15349,#15350),
 .UNSPECIFIED.,.F.,.F.,(3,3),(0.,1.),.UNSPECIFIED.);
#116=B_SPLINE_CURVE_WITH_KNOTS('',2,(#15354,#15355,#15356),
 .UNSPECIFIED.,.F.,.F.,(3,3),(0.,1.),.UNSPECIFIED.);
#117=B_SPLINE_CURVE_WITH_KNOTS('',2,(#15380,#15381,#15382),
 .UNSPECIFIED.,.F.,.F.,(3,3),(0.,1.),.UNSPECIFIED.);
#118=B_SPLINE_CURVE_WITH_KNOTS('',2,(#15384,#15385,#15386),
 .UNSPECIFIED.,.F.,.F.,(3,3),(0.,1.),.UNSPECIFIED.);
#119=B_SPLINE_CURVE_WITH_KNOTS('',2,(#15388,#15389,#15390),
 .UNSPECIFIED.,.F.,.F.,(3,3),(0.,1.),.UNSPECIFIED.);
#120=B_SPLINE_CURVE_WITH_KNOTS('',2,(#15396,#15397,#15398),
 .UNSPECIFIED.,.F.,.F.,(3,3),(0.,1.),.UNSPECIFIED.);
#121=B_SPLINE_CURVE_WITH_KNOTS('',2,(#15400,#15401,#15402),
 .UNSPECIFIED.,.F.,.F.,(3,3),(0.,1.),.UNSPECIFIED.);
#122=B_SPLINE_CURVE_WITH_KNOTS('',2,(#15404,#15405,#15406),
 .UNSPECIFIED.,.F.,.F.,(3,3),(0.,1.),.UNSPECIFIED.);
#123=B_SPLINE_CURVE_WITH_KNOTS('',2,(#15408,#15409,#15410),
 .UNSPECIFIED.,.F.,.F.,(3,3),(0.,1.),.UNSPECIFIED.);
#124=B_SPLINE_CURVE_WITH_KNOTS('',2,(#15412,#15413,#15414),
 .UNSPECIFIED.,.F.,.F.,(3,3),(0.,1.),.UNSPECIFIED.);
#125=B_SPLINE_CURVE_WITH_KNOTS('',2,(#15420,#15421,#15422),
 .UNSPECIFIED.,.F.,.F.,(3,3),(0.,1.),.UNSPECIFIED.);
#126=B_SPLINE_CURVE_WITH_KNOTS('',2,(#15434,#15435,#15436),
 .UNSPECIFIED.,.F.,.F.,(3,3),(0.,1.),.UNSPECIFIED.);
#127=B_SPLINE_CURVE_WITH_KNOTS('',2,(#15440,#15441,#15442),
 .UNSPECIFIED.,.F.,.F.,(3,3),(0.,1.),.UNSPECIFIED.);
#128=B_SPLINE_CURVE_WITH_KNOTS('',2,(#15445,#15446,#15447),
 .UNSPECIFIED.,.F.,.F.,(3,3),(0.,1.),.UNSPECIFIED.);
#129=B_SPLINE_CURVE_WITH_KNOTS('',3,(#15789,#15790,#15791,#15792,#15793,
#15794,#15795,#15796,#15797,#15798,#15799,#15800,#15801,#15802,#15803,#15804,
#15805,#15806,#15807,#15808,#15809,#15810),.UNSPECIFIED.,.F.,.F.,(4,2,2,
2,2,2,2,2,2,2,4),(1.11136453036157,1.27792550246592,1.34812139790634,1.38644523655632,
1.42884970975919,1.54174256965973,1.65463542956026,1.69703990276313,1.73536374141311,
1.80555963685353,1.97212060895788),.UNSPECIFIED.);
#130=B_SPLINE_CURVE_WITH_KNOTS('',3,(#15812,#15813,#15814,#15815,#15816,
#15817,#15818,#15819,#15820,#15821),.UNSPECIFIED.,.F.,.F.,(4,2,2,2,4),(0.303971332795512,
0.385642113774245,0.466826656147606,0.543765704094333,0.614949439310051),
 .UNSPECIFIED.);
#131=B_SPLINE_CURVE_WITH_KNOTS('',3,(#15824,#15825,#15826,#15827,#15828,
#15829,#15830,#15831,#15832,#15833),.UNSPECIFIED.,.F.,.F.,(4,2,2,2,4),(0.614949439310051,
0.686133174525769,0.763072222472497,0.844256764845858,0.925927545824591),
 .UNSPECIFIED.);
#132=B_SPLINE_CURVE_WITH_KNOTS('',2,(#15923,#15924,#15925),
 .UNSPECIFIED.,.F.,.F.,(3,3),(0.,1.),.UNSPECIFIED.);
#133=B_SPLINE_CURVE_WITH_KNOTS('',2,(#15938,#15939,#15940),
 .UNSPECIFIED.,.F.,.F.,(3,3),(0.,1.),.UNSPECIFIED.);
#134=B_SPLINE_CURVE_WITH_KNOTS('',2,(#15953,#15954,#15955),
 .UNSPECIFIED.,.F.,.F.,(3,3),(0.,1.),.UNSPECIFIED.);
#135=B_SPLINE_CURVE_WITH_KNOTS('',2,(#15982,#15983,#15984),
 .UNSPECIFIED.,.F.,.F.,(3,3),(0.,1.),.UNSPECIFIED.);
#136=B_SPLINE_CURVE_WITH_KNOTS('',2,(#16004,#16005,#16006),
 .UNSPECIFIED.,.F.,.F.,(3,3),(0.,1.),.UNSPECIFIED.);
#137=B_SPLINE_CURVE_WITH_KNOTS('',2,(#16015,#16016,#16017),
 .UNSPECIFIED.,.F.,.F.,(3,3),(0.,1.),.UNSPECIFIED.);
#138=B_SPLINE_CURVE_WITH_KNOTS('',2,(#16026,#16027,#16028),
 .UNSPECIFIED.,.F.,.F.,(3,3),(0.,1.),.UNSPECIFIED.);
#139=B_SPLINE_CURVE_WITH_KNOTS('',2,(#16037,#16038,#16039),
 .UNSPECIFIED.,.F.,.F.,(3,3),(0.,1.),.UNSPECIFIED.);
#140=B_SPLINE_CURVE_WITH_KNOTS('',2,(#16048,#16049,#16050),
 .UNSPECIFIED.,.F.,.F.,(3,3),(0.,1.),.UNSPECIFIED.);
#141=B_SPLINE_CURVE_WITH_KNOTS('',2,(#16067,#16068,#16069),
 .UNSPECIFIED.,.F.,.F.,(3,3),(0.,1.),.UNSPECIFIED.);
#142=B_SPLINE_CURVE_WITH_KNOTS('',2,(#16078,#16079,#16080),
 .UNSPECIFIED.,.F.,.F.,(3,3),(0.,1.),.UNSPECIFIED.);
#143=B_SPLINE_CURVE_WITH_KNOTS('',2,(#16089,#16090,#16091),
 .UNSPECIFIED.,.F.,.F.,(3,3),(0.,1.),.UNSPECIFIED.);
#144=B_SPLINE_CURVE_WITH_KNOTS('',2,(#16175,#16176,#16177),
 .UNSPECIFIED.,.F.,.F.,(3,3),(0.,1.),.UNSPECIFIED.);
#145=B_SPLINE_CURVE_WITH_KNOTS('',2,(#16190,#16191,#16192),
 .UNSPECIFIED.,.F.,.F.,(3,3),(0.,1.),.UNSPECIFIED.);
#146=B_SPLINE_CURVE_WITH_KNOTS('',2,(#16201,#16202,#16203),
 .UNSPECIFIED.,.F.,.F.,(3,3),(0.,1.),.UNSPECIFIED.);
#147=B_SPLINE_CURVE_WITH_KNOTS('',2,(#16216,#16217,#16218),
 .UNSPECIFIED.,.F.,.F.,(3,3),(0.,1.),.UNSPECIFIED.);
#148=B_SPLINE_CURVE_WITH_KNOTS('',2,(#16286,#16287,#16288),
 .UNSPECIFIED.,.F.,.F.,(3,3),(0.,1.),.UNSPECIFIED.);
#149=B_SPLINE_CURVE_WITH_KNOTS('',2,(#16301,#16302,#16303),
 .UNSPECIFIED.,.F.,.F.,(3,3),(0.,1.),.UNSPECIFIED.);
#150=B_SPLINE_CURVE_WITH_KNOTS('',2,(#16312,#16313,#16314),
 .UNSPECIFIED.,.F.,.F.,(3,3),(0.,1.),.UNSPECIFIED.);
#151=B_SPLINE_CURVE_WITH_KNOTS('',2,(#16327,#16328,#16329),
 .UNSPECIFIED.,.F.,.F.,(3,3),(0.,1.),.UNSPECIFIED.);
#152=B_SPLINE_CURVE_WITH_KNOTS('',2,(#16395,#16396,#16397),
 .UNSPECIFIED.,.F.,.F.,(3,3),(0.,1.),.UNSPECIFIED.);
#153=B_SPLINE_CURVE_WITH_KNOTS('',2,(#16410,#16411,#16412),
 .UNSPECIFIED.,.F.,.F.,(3,3),(0.,1.),.UNSPECIFIED.);
#154=B_SPLINE_CURVE_WITH_KNOTS('',2,(#16425,#16426,#16427),
 .UNSPECIFIED.,.F.,.F.,(3,3),(0.,1.),.UNSPECIFIED.);
#155=B_SPLINE_CURVE_WITH_KNOTS('',2,(#16440,#16441,#16442),
 .UNSPECIFIED.,.F.,.F.,(3,3),(0.,1.),.UNSPECIFIED.);
#156=B_SPLINE_CURVE_WITH_KNOTS('',2,(#16455,#16456,#16457),
 .UNSPECIFIED.,.F.,.F.,(3,3),(0.,1.),.UNSPECIFIED.);
#157=B_SPLINE_CURVE_WITH_KNOTS('',2,(#16582,#16583,#16584),
 .UNSPECIFIED.,.F.,.F.,(3,3),(0.,1.),.UNSPECIFIED.);
#158=B_SPLINE_CURVE_WITH_KNOTS('',2,(#16597,#16598,#16599),
 .UNSPECIFIED.,.F.,.F.,(3,3),(0.,1.),.UNSPECIFIED.);
#159=B_SPLINE_CURVE_WITH_KNOTS('',2,(#16608,#16609,#16610),
 .UNSPECIFIED.,.F.,.F.,(3,3),(0.,1.),.UNSPECIFIED.);
#160=B_SPLINE_CURVE_WITH_KNOTS('',2,(#16623,#16624,#16625),
 .UNSPECIFIED.,.F.,.F.,(3,3),(0.,1.),.UNSPECIFIED.);
#161=B_SPLINE_CURVE_WITH_KNOTS('',2,(#16693,#16694,#16695),
 .UNSPECIFIED.,.F.,.F.,(3,3),(0.,1.),.UNSPECIFIED.);
#162=B_SPLINE_CURVE_WITH_KNOTS('',2,(#16708,#16709,#16710),
 .UNSPECIFIED.,.F.,.F.,(3,3),(0.,1.),.UNSPECIFIED.);
#163=B_SPLINE_CURVE_WITH_KNOTS('',2,(#16719,#16720,#16721),
 .UNSPECIFIED.,.F.,.F.,(3,3),(0.,1.),.UNSPECIFIED.);
#164=B_SPLINE_CURVE_WITH_KNOTS('',2,(#16734,#16735,#16736),
 .UNSPECIFIED.,.F.,.F.,(3,3),(0.,1.),.UNSPECIFIED.);
#165=B_SPLINE_CURVE_WITH_KNOTS('',2,(#16774,#16775,#16776),
 .UNSPECIFIED.,.F.,.F.,(3,3),(0.,1.),.UNSPECIFIED.);
#166=B_SPLINE_CURVE_WITH_KNOTS('',2,(#16785,#16786,#16787),
 .UNSPECIFIED.,.F.,.F.,(3,3),(0.,1.),.UNSPECIFIED.);
#167=B_SPLINE_CURVE_WITH_KNOTS('',2,(#16796,#16797,#16798),
 .UNSPECIFIED.,.F.,.F.,(3,3),(0.,1.),.UNSPECIFIED.);
#168=B_SPLINE_CURVE_WITH_KNOTS('',2,(#16807,#16808,#16809),
 .UNSPECIFIED.,.F.,.F.,(3,3),(0.,1.),.UNSPECIFIED.);
#169=B_SPLINE_CURVE_WITH_KNOTS('',2,(#16818,#16819,#16820),
 .UNSPECIFIED.,.F.,.F.,(3,3),(0.,1.),.UNSPECIFIED.);
#170=B_SPLINE_CURVE_WITH_KNOTS('',2,(#16837,#16838,#16839),
 .UNSPECIFIED.,.F.,.F.,(3,3),(0.,1.),.UNSPECIFIED.);
#171=B_SPLINE_CURVE_WITH_KNOTS('',2,(#16848,#16849,#16850),
 .UNSPECIFIED.,.F.,.F.,(3,3),(0.,1.),.UNSPECIFIED.);
#172=B_SPLINE_CURVE_WITH_KNOTS('',2,(#16859,#16860,#16861),
 .UNSPECIFIED.,.F.,.F.,(3,3),(0.,1.),.UNSPECIFIED.);
#173=B_SPLINE_CURVE_WITH_KNOTS('',2,(#16947,#16948,#16949),
 .UNSPECIFIED.,.F.,.F.,(3,3),(0.,1.),.UNSPECIFIED.);
#174=B_SPLINE_CURVE_WITH_KNOTS('',2,(#16962,#16963,#16964),
 .UNSPECIFIED.,.F.,.F.,(3,3),(0.,1.),.UNSPECIFIED.);
#175=B_SPLINE_CURVE_WITH_KNOTS('',2,(#16977,#16978,#16979),
 .UNSPECIFIED.,.F.,.F.,(3,3),(0.,1.),.UNSPECIFIED.);
#176=B_SPLINE_CURVE_WITH_KNOTS('',2,(#17006,#17007,#17008),
 .UNSPECIFIED.,.F.,.F.,(3,3),(0.,1.),.UNSPECIFIED.);
#177=B_SPLINE_CURVE_WITH_KNOTS('',2,(#17064,#17065,#17066),
 .UNSPECIFIED.,.F.,.F.,(3,3),(0.,1.),.UNSPECIFIED.);
#178=B_SPLINE_CURVE_WITH_KNOTS('',2,(#17079,#17080,#17081),
 .UNSPECIFIED.,.F.,.F.,(3,3),(0.,1.),.UNSPECIFIED.);
#179=B_SPLINE_CURVE_WITH_KNOTS('',2,(#17094,#17095,#17096),
 .UNSPECIFIED.,.F.,.F.,(3,3),(0.,1.),.UNSPECIFIED.);
#180=B_SPLINE_CURVE_WITH_KNOTS('',2,(#17109,#17110,#17111),
 .UNSPECIFIED.,.F.,.F.,(3,3),(0.,1.),.UNSPECIFIED.);
#181=B_SPLINE_CURVE_WITH_KNOTS('',2,(#17226,#17227,#17228),
 .UNSPECIFIED.,.F.,.F.,(3,3),(0.,1.),.UNSPECIFIED.);
#182=B_SPLINE_CURVE_WITH_KNOTS('',2,(#17241,#17242,#17243),
 .UNSPECIFIED.,.F.,.F.,(3,3),(0.,1.),.UNSPECIFIED.);
#183=B_SPLINE_CURVE_WITH_KNOTS('',2,(#17256,#17257,#17258),
 .UNSPECIFIED.,.F.,.F.,(3,3),(0.,1.),.UNSPECIFIED.);
#184=B_SPLINE_CURVE_WITH_KNOTS('',2,(#17271,#17272,#17273),
 .UNSPECIFIED.,.F.,.F.,(3,3),(0.,1.),.UNSPECIFIED.);
#185=B_SPLINE_CURVE_WITH_KNOTS('',2,(#17286,#17287,#17288),
 .UNSPECIFIED.,.F.,.F.,(3,3),(0.,1.),.UNSPECIFIED.);
#186=B_SPLINE_CURVE_WITH_KNOTS('',2,(#17370,#17371,#17372),
 .UNSPECIFIED.,.F.,.F.,(3,3),(0.,1.),.UNSPECIFIED.);
#187=B_SPLINE_CURVE_WITH_KNOTS('',2,(#17385,#17386,#17387),
 .UNSPECIFIED.,.F.,.F.,(3,3),(0.,1.),.UNSPECIFIED.);
#188=B_SPLINE_CURVE_WITH_KNOTS('',2,(#17400,#17401,#17402),
 .UNSPECIFIED.,.F.,.F.,(3,3),(0.,1.),.UNSPECIFIED.);
#189=B_SPLINE_CURVE_WITH_KNOTS('',2,(#17415,#17416,#17417),
 .UNSPECIFIED.,.F.,.F.,(3,3),(0.,1.),.UNSPECIFIED.);
#190=STYLED_ITEM('',(#17786),#192);
#191=STYLED_ITEM('',(#17790),#193);
#192=MANIFOLD_SOLID_BREP('Base',#10642);
#193=MANIFOLD_SOLID_BREP('Plate',#10643);
#194=CONICAL_SURFACE('',#10688,1.75,0.785398163397447);
#195=CONICAL_SURFACE('',#10692,1.75,0.785398163397447);
#196=CONICAL_SURFACE('',#10696,1.75,0.785398163397447);
#197=CONICAL_SURFACE('',#10699,1.75,0.785398163397447);
#198=FACE_BOUND('',#1216,.T.);
#199=FACE_BOUND('',#1260,.T.);
#200=FACE_BOUND('',#1261,.T.);
#201=FACE_BOUND('',#1262,.T.);
#202=FACE_BOUND('',#1270,.T.);
#203=FACE_BOUND('',#1273,.T.);
#204=FACE_BOUND('',#1277,.T.);
#205=FACE_BOUND('',#1292,.T.);
#206=FACE_BOUND('',#1295,.T.);
#207=FACE_BOUND('',#1310,.T.);
#208=FACE_BOUND('',#1311,.T.);
#209=FACE_BOUND('',#1312,.T.);
#210=FACE_BOUND('',#1313,.T.);
#211=FACE_BOUND('',#1314,.T.);
#212=FACE_BOUND('',#1315,.T.);
#213=FACE_BOUND('',#1316,.T.);
#214=FACE_BOUND('',#1317,.T.);
#215=FACE_BOUND('',#1318,.T.);
#216=FACE_BOUND('',#1319,.T.);
#217=FACE_BOUND('',#1320,.T.);
#218=FACE_BOUND('',#1321,.T.);
#219=FACE_BOUND('',#1322,.T.);
#220=FACE_BOUND('',#1323,.T.);
#221=FACE_BOUND('',#1324,.T.);
#222=FACE_BOUND('',#1325,.T.);
#223=FACE_BOUND('',#1326,.T.);
#224=FACE_BOUND('',#1327,.T.);
#225=FACE_BOUND('',#1328,.T.);
#226=FACE_BOUND('',#1329,.T.);
#227=FACE_BOUND('',#1330,.T.);
#228=FACE_BOUND('',#1331,.T.);
#229=FACE_BOUND('',#1332,.T.);
#230=FACE_BOUND('',#1333,.T.);
#231=FACE_BOUND('',#1334,.T.);
#232=FACE_BOUND('',#1335,.T.);
#233=FACE_BOUND('',#1336,.T.);
#234=FACE_BOUND('',#1337,.T.);
#235=FACE_BOUND('',#1338,.T.);
#236=FACE_BOUND('',#1339,.T.);
#237=FACE_BOUND('',#1340,.T.);
#238=FACE_BOUND('',#1341,.T.);
#239=FACE_BOUND('',#1342,.T.);
#240=FACE_BOUND('',#1343,.T.);
#241=FACE_BOUND('',#1346,.T.);
#242=FACE_BOUND('',#1347,.T.);
#243=FACE_BOUND('',#1348,.T.);
#244=FACE_BOUND('',#1349,.T.);
#245=FACE_BOUND('',#1350,.T.);
#246=FACE_BOUND('',#1351,.T.);
#247=FACE_BOUND('',#1352,.T.);
#248=FACE_BOUND('',#1353,.T.);
#249=FACE_BOUND('',#1354,.T.);
#250=FACE_BOUND('',#1355,.T.);
#251=FACE_BOUND('',#1356,.T.);
#252=FACE_BOUND('',#1357,.T.);
#253=FACE_BOUND('',#1358,.T.);
#254=FACE_BOUND('',#1359,.T.);
#255=FACE_BOUND('',#1360,.T.);
#256=FACE_BOUND('',#1361,.T.);
#257=FACE_BOUND('',#1362,.T.);
#258=FACE_BOUND('',#1363,.T.);
#259=FACE_BOUND('',#1371,.T.);
#260=FACE_BOUND('',#1374,.T.);
#261=FACE_BOUND('',#1376,.T.);
#262=FACE_BOUND('',#1380,.T.);
#263=FACE_BOUND('',#1400,.T.);
#264=FACE_BOUND('',#1442,.T.);
#265=FACE_BOUND('',#1462,.T.);
#266=FACE_BOUND('',#1521,.T.);
#267=FACE_BOUND('',#1541,.T.);
#268=FACE_BOUND('',#1583,.T.);
#269=FACE_BOUND('',#1605,.T.);
#270=FACE_BOUND('',#1666,.T.);
#271=FACE_BOUND('',#1835,.T.);
#272=PLANE('',#10683);
#273=PLANE('',#10686);
#274=PLANE('',#10687);
#275=PLANE('',#10691);
#276=PLANE('',#10695);
#277=PLANE('',#10698);
#278=PLANE('',#10701);
#279=PLANE('',#10702);
#280=PLANE('',#10705);
#281=PLANE('',#10706);
#282=PLANE('',#10709);
#283=PLANE('',#10712);
#284=PLANE('',#10715);
#285=PLANE('',#10762);
#286=PLANE('',#10765);
#287=PLANE('',#10770);
#288=PLANE('',#10775);
#289=PLANE('',#10800);
#290=PLANE('',#10804);
#291=PLANE('',#10805);
#292=PLANE('',#10809);
#293=PLANE('',#10810);
#294=PLANE('',#10811);
#295=PLANE('',#10814);
#296=PLANE('',#10817);
#297=PLANE('',#10820);
#298=PLANE('',#10823);
#299=PLANE('',#10826);
#300=PLANE('',#10829);
#301=PLANE('',#10832);
#302=PLANE('',#10836);
#303=PLANE('',#10838);
#304=PLANE('',#10840);
#305=PLANE('',#10842);
#306=PLANE('',#10843);
#307=PLANE('',#10844);
#308=PLANE('',#10845);
#309=PLANE('',#10846);
#310=PLANE('',#10847);
#311=PLANE('',#10848);
#312=PLANE('',#10849);
#313=PLANE('',#10934);
#314=PLANE('',#11029);
#315=PLANE('',#11033);
#316=PLANE('',#11034);
#317=PLANE('',#11039);
#318=PLANE('',#11040);
#319=PLANE('',#11042);
#320=PLANE('',#11043);
#321=PLANE('',#11044);
#322=PLANE('',#11045);
#323=PLANE('',#11046);
#324=PLANE('',#11047);
#325=PLANE('',#11048);
#326=PLANE('',#11049);
#327=PLANE('',#11050);
#328=PLANE('',#11051);
#329=PLANE('',#11052);
#330=PLANE('',#11053);
#331=PLANE('',#11054);
#332=PLANE('',#11055);
#333=PLANE('',#11056);
#334=PLANE('',#11057);
#335=PLANE('',#11058);
#336=PLANE('',#11059);
#337=PLANE('',#11060);
#338=PLANE('',#11061);
#339=PLANE('',#11062);
#340=PLANE('',#11063);
#341=PLANE('',#11064);
#342=PLANE('',#11065);
#343=PLANE('',#11066);
#344=PLANE('',#11067);
#345=PLANE('',#11068);
#346=PLANE('',#11069);
#347=PLANE('',#11070);
#348=PLANE('',#11071);
#349=PLANE('',#11072);
#350=PLANE('',#11073);
#351=PLANE('',#11074);
#352=PLANE('',#11075);
#353=PLANE('',#11076);
#354=PLANE('',#11077);
#355=PLANE('',#11078);
#356=PLANE('',#11079);
#357=PLANE('',#11080);
#358=PLANE('',#11081);
#359=PLANE('',#11082);
#360=PLANE('',#11083);
#361=PLANE('',#11084);
#362=PLANE('',#11085);
#363=PLANE('',#11086);
#364=PLANE('',#11087);
#365=PLANE('',#11088);
#366=PLANE('',#11089);
#367=PLANE('',#11090);
#368=PLANE('',#11091);
#369=PLANE('',#11092);
#370=PLANE('',#11093);
#371=PLANE('',#11094);
#372=PLANE('',#11095);
#373=PLANE('',#11096);
#374=PLANE('',#11097);
#375=PLANE('',#11098);
#376=PLANE('',#11099);
#377=PLANE('',#11100);
#378=PLANE('',#11101);
#379=PLANE('',#11102);
#380=PLANE('',#11103);
#381=PLANE('',#11104);
#382=PLANE('',#11105);
#383=PLANE('',#11106);
#384=PLANE('',#11107);
#385=PLANE('',#11108);
#386=PLANE('',#11109);
#387=PLANE('',#11110);
#388=PLANE('',#11111);
#389=PLANE('',#11112);
#390=PLANE('',#11113);
#391=PLANE('',#11114);
#392=PLANE('',#11115);
#393=PLANE('',#11116);
#394=PLANE('',#11117);
#395=PLANE('',#11118);
#396=PLANE('',#11119);
#397=PLANE('',#11120);
#398=PLANE('',#11121);
#399=PLANE('',#11122);
#400=PLANE('',#11123);
#401=PLANE('',#11124);
#402=PLANE('',#11125);
#403=PLANE('',#11126);
#404=PLANE('',#11127);
#405=PLANE('',#11128);
#406=PLANE('',#11129);
#407=PLANE('',#11130);
#408=PLANE('',#11131);
#409=PLANE('',#11132);
#410=PLANE('',#11133);
#411=PLANE('',#11134);
#412=PLANE('',#11135);
#413=PLANE('',#11136);
#414=PLANE('',#11137);
#415=PLANE('',#11138);
#416=PLANE('',#11139);
#417=PLANE('',#11140);
#418=PLANE('',#11141);
#419=PLANE('',#11142);
#420=PLANE('',#11143);
#421=PLANE('',#11144);
#422=PLANE('',#11145);
#423=PLANE('',#11146);
#424=PLANE('',#11147);
#425=PLANE('',#11148);
#426=PLANE('',#11149);
#427=PLANE('',#11150);
#428=PLANE('',#11151);
#429=PLANE('',#11152);
#430=PLANE('',#11153);
#431=PLANE('',#11154);
#432=PLANE('',#11155);
#433=PLANE('',#11156);
#434=PLANE('',#11157);
#435=PLANE('',#11158);
#436=PLANE('',#11159);
#437=PLANE('',#11160);
#438=PLANE('',#11161);
#439=PLANE('',#11162);
#440=PLANE('',#11163);
#441=PLANE('',#11164);
#442=PLANE('',#11165);
#443=PLANE('',#11166);
#444=PLANE('',#11167);
#445=PLANE('',#11168);
#446=PLANE('',#11169);
#447=PLANE('',#11170);
#448=PLANE('',#11171);
#449=PLANE('',#11172);
#450=PLANE('',#11173);
#451=PLANE('',#11174);
#452=PLANE('',#11175);
#453=PLANE('',#11176);
#454=PLANE('',#11177);
#455=PLANE('',#11178);
#456=PLANE('',#11179);
#457=PLANE('',#11180);
#458=PLANE('',#11181);
#459=PLANE('',#11182);
#460=PLANE('',#11183);
#461=PLANE('',#11184);
#462=PLANE('',#11185);
#463=PLANE('',#11186);
#464=PLANE('',#11187);
#465=PLANE('',#11188);
#466=PLANE('',#11189);
#467=PLANE('',#11190);
#468=PLANE('',#11191);
#469=PLANE('',#11192);
#470=PLANE('',#11193);
#471=PLANE('',#11194);
#472=PLANE('',#11195);
#473=PLANE('',#11196);
#474=PLANE('',#11197);
#475=PLANE('',#11198);
#476=PLANE('',#11199);
#477=PLANE('',#11200);
#478=PLANE('',#11201);
#479=PLANE('',#11202);
#480=PLANE('',#11203);
#481=PLANE('',#11204);
#482=PLANE('',#11205);
#483=PLANE('',#11206);
#484=PLANE('',#11207);
#485=PLANE('',#11208);
#486=PLANE('',#11209);
#487=PLANE('',#11210);
#488=PLANE('',#11211);
#489=PLANE('',#11212);
#490=PLANE('',#11213);
#491=PLANE('',#11214);
#492=PLANE('',#11215);
#493=PLANE('',#11216);
#494=PLANE('',#11217);
#495=PLANE('',#11218);
#496=PLANE('',#11219);
#497=PLANE('',#11220);
#498=PLANE('',#11221);
#499=PLANE('',#11222);
#500=PLANE('',#11223);
#501=PLANE('',#11224);
#502=PLANE('',#11225);
#503=PLANE('',#11226);
#504=PLANE('',#11227);
#505=PLANE('',#11228);
#506=PLANE('',#11229);
#507=PLANE('',#11230);
#508=PLANE('',#11231);
#509=PLANE('',#11232);
#510=PLANE('',#11233);
#511=PLANE('',#11234);
#512=PLANE('',#11235);
#513=PLANE('',#11236);
#514=PLANE('',#11237);
#515=PLANE('',#11238);
#516=PLANE('',#11239);
#517=PLANE('',#11240);
#518=PLANE('',#11241);
#519=PLANE('',#11242);
#520=PLANE('',#11243);
#521=PLANE('',#11244);
#522=PLANE('',#11245);
#523=PLANE('',#11246);
#524=PLANE('',#11247);
#525=PLANE('',#11248);
#526=PLANE('',#11249);
#527=PLANE('',#11250);
#528=PLANE('',#11251);
#529=PLANE('',#11252);
#530=PLANE('',#11253);
#531=PLANE('',#11254);
#532=PLANE('',#11255);
#533=PLANE('',#11256);
#534=PLANE('',#11257);
#535=PLANE('',#11258);
#536=PLANE('',#11259);
#537=PLANE('',#11260);
#538=PLANE('',#11261);
#539=PLANE('',#11262);
#540=PLANE('',#11263);
#541=PLANE('',#11264);
#542=PLANE('',#11265);
#543=PLANE('',#11266);
#544=PLANE('',#11267);
#545=PLANE('',#11268);
#546=PLANE('',#11269);
#547=PLANE('',#11271);
#548=PLANE('',#11273);
#549=PLANE('',#11275);
#550=PLANE('',#11277);
#551=PLANE('',#11279);
#552=PLANE('',#11281);
#553=PLANE('',#11283);
#554=PLANE('',#11285);
#555=PLANE('',#11287);
#556=PLANE('',#11289);
#557=PLANE('',#11291);
#558=PLANE('',#11296);
#559=PLANE('',#11298);
#560=PLANE('',#11300);
#561=PLANE('',#11302);
#562=PLANE('',#11304);
#563=PLANE('',#11306);
#564=PLANE('',#11308);
#565=PLANE('',#11310);
#566=PLANE('',#11312);
#567=PLANE('',#11314);
#568=PLANE('',#11316);
#569=PLANE('',#11318);
#570=PLANE('',#11320);
#571=PLANE('',#11322);
#572=PLANE('',#11324);
#573=PLANE('',#11326);
#574=PLANE('',#11328);
#575=PLANE('',#11330);
#576=PLANE('',#11332);
#577=PLANE('',#11334);
#578=PLANE('',#11336);
#579=PLANE('',#11338);
#580=PLANE('',#11340);
#581=PLANE('',#11342);
#582=PLANE('',#11344);
#583=PLANE('',#11346);
#584=PLANE('',#11348);
#585=PLANE('',#11350);
#586=PLANE('',#11352);
#587=PLANE('',#11354);
#588=PLANE('',#11356);
#589=PLANE('',#11358);
#590=PLANE('',#11360);
#591=PLANE('',#11362);
#592=PLANE('',#11364);
#593=PLANE('',#11366);
#594=PLANE('',#11368);
#595=PLANE('',#11370);
#596=PLANE('',#11372);
#597=PLANE('',#11374);
#598=PLANE('',#11376);
#599=PLANE('',#11378);
#600=PLANE('',#11380);
#601=PLANE('',#11382);
#602=PLANE('',#11384);
#603=PLANE('',#11386);
#604=PLANE('',#11388);
#605=PLANE('',#11390);
#606=PLANE('',#11393);
#607=PLANE('',#11395);
#608=PLANE('',#11397);
#609=PLANE('',#11399);
#610=PLANE('',#11401);
#611=PLANE('',#11403);
#612=PLANE('',#11405);
#613=PLANE('',#11407);
#614=PLANE('',#11409);
#615=PLANE('',#11411);
#616=PLANE('',#11413);
#617=PLANE('',#11414);
#618=PLANE('',#11416);
#619=PLANE('',#11419);
#620=PLANE('',#11420);
#621=PLANE('',#11422);
#622=PLANE('',#11424);
#623=PLANE('',#11426);
#624=PLANE('',#11427);
#625=PLANE('',#11429);
#626=PLANE('',#11430);
#627=TOROIDAL_SURFACE('',#10660,2.95,0.7);
#628=TOROIDAL_SURFACE('',#10666,2.95,0.7);
#629=TOROIDAL_SURFACE('',#10672,2.95,0.7);
#630=TOROIDAL_SURFACE('',#10678,2.95,0.7);
#631=TOROIDAL_SURFACE('',#10718,6.99999967883399,2.);
#632=TOROIDAL_SURFACE('',#10725,6.999999678834,2.);
#633=TOROIDAL_SURFACE('',#10731,7.00008282394101,2.);
#634=TOROIDAL_SURFACE('',#10737,6.99999212564789,2.);
#635=TOROIDAL_SURFACE('',#10743,6.99999967883401,2.);
#636=TOROIDAL_SURFACE('',#10749,7.00000760479895,2.);
#637=TOROIDAL_SURFACE('',#10755,3.00000760480121,2.);
#638=TOROIDAL_SURFACE('',#10771,10.,6.);
#639=TOROIDAL_SURFACE('',#10787,10.,6.);
#640=TOROIDAL_SURFACE('',#10792,10.25,6.);
#641=TOROIDAL_SURFACE('',#10930,6.,2.);
#642=TOROIDAL_SURFACE('',#11017,6.,2.);
#643=TOROIDAL_SURFACE('',#11022,6.25,2.);
#644=FACE_OUTER_BOUND('',#1203,.T.);
#645=FACE_OUTER_BOUND('',#1204,.T.);
#646=FACE_OUTER_BOUND('',#1205,.T.);
#647=FACE_OUTER_BOUND('',#1206,.T.);
#648=FACE_OUTER_BOUND('',#1207,.T.);
#649=FACE_OUTER_BOUND('',#1208,.T.);
#650=FACE_OUTER_BOUND('',#1209,.T.);
#651=FACE_OUTER_BOUND('',#1210,.T.);
#652=FACE_OUTER_BOUND('',#1211,.T.);
#653=FACE_OUTER_BOUND('',#1212,.T.);
#654=FACE_OUTER_BOUND('',#1213,.T.);
#655=FACE_OUTER_BOUND('',#1214,.T.);
#656=FACE_OUTER_BOUND('',#1215,.T.);
#657=FACE_OUTER_BOUND('',#1217,.T.);
#658=FACE_OUTER_BOUND('',#1218,.T.);
#659=FACE_OUTER_BOUND('',#1219,.T.);
#660=FACE_OUTER_BOUND('',#1220,.T.);
#661=FACE_OUTER_BOUND('',#1221,.T.);
#662=FACE_OUTER_BOUND('',#1222,.T.);
#663=FACE_OUTER_BOUND('',#1223,.T.);
#664=FACE_OUTER_BOUND('',#1224,.T.);
#665=FACE_OUTER_BOUND('',#1225,.T.);
#666=FACE_OUTER_BOUND('',#1226,.T.);
#667=FACE_OUTER_BOUND('',#1227,.T.);
#668=FACE_OUTER_BOUND('',#1228,.T.);
#669=FACE_OUTER_BOUND('',#1229,.T.);
#670=FACE_OUTER_BOUND('',#1230,.T.);
#671=FACE_OUTER_BOUND('',#1231,.T.);
#672=FACE_OUTER_BOUND('',#1232,.T.);
#673=FACE_OUTER_BOUND('',#1233,.T.);
#674=FACE_OUTER_BOUND('',#1234,.T.);
#675=FACE_OUTER_BOUND('',#1235,.T.);
#676=FACE_OUTER_BOUND('',#1236,.T.);
#677=FACE_OUTER_BOUND('',#1237,.T.);
#678=FACE_OUTER_BOUND('',#1238,.T.);
#679=FACE_OUTER_BOUND('',#1239,.T.);
#680=FACE_OUTER_BOUND('',#1240,.T.);
#681=FACE_OUTER_BOUND('',#1241,.T.);
#682=FACE_OUTER_BOUND('',#1242,.T.);
#683=FACE_OUTER_BOUND('',#1243,.T.);
#684=FACE_OUTER_BOUND('',#1244,.T.);
#685=FACE_OUTER_BOUND('',#1245,.T.);
#686=FACE_OUTER_BOUND('',#1246,.T.);
#687=FACE_OUTER_BOUND('',#1247,.T.);
#688=FACE_OUTER_BOUND('',#1248,.T.);
#689=FACE_OUTER_BOUND('',#1249,.T.);
#690=FACE_OUTER_BOUND('',#1250,.T.);
#691=FACE_OUTER_BOUND('',#1251,.T.);
#692=FACE_OUTER_BOUND('',#1252,.T.);
#693=FACE_OUTER_BOUND('',#1253,.T.);
#694=FACE_OUTER_BOUND('',#1254,.T.);
#695=FACE_OUTER_BOUND('',#1255,.T.);
#696=FACE_OUTER_BOUND('',#1256,.T.);
#697=FACE_OUTER_BOUND('',#1257,.T.);
#698=FACE_OUTER_BOUND('',#1258,.T.);
#699=FACE_OUTER_BOUND('',#1259,.T.);
#700=FACE_OUTER_BOUND('',#1263,.T.);
#701=FACE_OUTER_BOUND('',#1264,.T.);
#702=FACE_OUTER_BOUND('',#1265,.T.);
#703=FACE_OUTER_BOUND('',#1266,.T.);
#704=FACE_OUTER_BOUND('',#1267,.T.);
#705=FACE_OUTER_BOUND('',#1268,.T.);
#706=FACE_OUTER_BOUND('',#1269,.T.);
#707=FACE_OUTER_BOUND('',#1271,.T.);
#708=FACE_OUTER_BOUND('',#1272,.T.);
#709=FACE_OUTER_BOUND('',#1274,.T.);
#710=FACE_OUTER_BOUND('',#1275,.T.);
#711=FACE_OUTER_BOUND('',#1276,.T.);
#712=FACE_OUTER_BOUND('',#1278,.T.);
#713=FACE_OUTER_BOUND('',#1279,.T.);
#714=FACE_OUTER_BOUND('',#1280,.T.);
#715=FACE_OUTER_BOUND('',#1281,.T.);
#716=FACE_OUTER_BOUND('',#1282,.T.);
#717=FACE_OUTER_BOUND('',#1283,.T.);
#718=FACE_OUTER_BOUND('',#1284,.T.);
#719=FACE_OUTER_BOUND('',#1285,.T.);
#720=FACE_OUTER_BOUND('',#1286,.T.);
#721=FACE_OUTER_BOUND('',#1287,.T.);
#722=FACE_OUTER_BOUND('',#1288,.T.);
#723=FACE_OUTER_BOUND('',#1289,.T.);
#724=FACE_OUTER_BOUND('',#1290,.T.);
#725=FACE_OUTER_BOUND('',#1291,.T.);
#726=FACE_OUTER_BOUND('',#1293,.T.);
#727=FACE_OUTER_BOUND('',#1294,.T.);
#728=FACE_OUTER_BOUND('',#1296,.T.);
#729=FACE_OUTER_BOUND('',#1297,.T.);
#730=FACE_OUTER_BOUND('',#1298,.T.);
#731=FACE_OUTER_BOUND('',#1299,.T.);
#732=FACE_OUTER_BOUND('',#1300,.T.);
#733=FACE_OUTER_BOUND('',#1301,.T.);
#734=FACE_OUTER_BOUND('',#1302,.T.);
#735=FACE_OUTER_BOUND('',#1303,.T.);
#736=FACE_OUTER_BOUND('',#1304,.T.);
#737=FACE_OUTER_BOUND('',#1305,.T.);
#738=FACE_OUTER_BOUND('',#1306,.T.);
#739=FACE_OUTER_BOUND('',#1307,.T.);
#740=FACE_OUTER_BOUND('',#1308,.T.);
#741=FACE_OUTER_BOUND('',#1309,.T.);
#742=FACE_OUTER_BOUND('',#1344,.T.);
#743=FACE_OUTER_BOUND('',#1345,.T.);
#744=FACE_OUTER_BOUND('',#1364,.T.);
#745=FACE_OUTER_BOUND('',#1365,.T.);
#746=FACE_OUTER_BOUND('',#1366,.T.);
#747=FACE_OUTER_BOUND('',#1367,.T.);
#748=FACE_OUTER_BOUND('',#1368,.T.);
#749=FACE_OUTER_BOUND('',#1369,.T.);
#750=FACE_OUTER_BOUND('',#1370,.T.);
#751=FACE_OUTER_BOUND('',#1372,.T.);
#752=FACE_OUTER_BOUND('',#1373,.T.);
#753=FACE_OUTER_BOUND('',#1375,.T.);
#754=FACE_OUTER_BOUND('',#1377,.T.);
#755=FACE_OUTER_BOUND('',#1378,.T.);
#756=FACE_OUTER_BOUND('',#1379,.T.);
#757=FACE_OUTER_BOUND('',#1381,.T.);
#758=FACE_OUTER_BOUND('',#1382,.T.);
#759=FACE_OUTER_BOUND('',#1383,.T.);
#760=FACE_OUTER_BOUND('',#1384,.T.);
#761=FACE_OUTER_BOUND('',#1385,.T.);
#762=FACE_OUTER_BOUND('',#1386,.T.);
#763=FACE_OUTER_BOUND('',#1387,.T.);
#764=FACE_OUTER_BOUND('',#1388,.T.);
#765=FACE_OUTER_BOUND('',#1389,.T.);
#766=FACE_OUTER_BOUND('',#1390,.T.);
#767=FACE_OUTER_BOUND('',#1391,.T.);
#768=FACE_OUTER_BOUND('',#1392,.T.);
#769=FACE_OUTER_BOUND('',#1393,.T.);
#770=FACE_OUTER_BOUND('',#1394,.T.);
#771=FACE_OUTER_BOUND('',#1395,.T.);
#772=FACE_OUTER_BOUND('',#1396,.T.);
#773=FACE_OUTER_BOUND('',#1397,.T.);
#774=FACE_OUTER_BOUND('',#1398,.T.);
#775=FACE_OUTER_BOUND('',#1399,.T.);
#776=FACE_OUTER_BOUND('',#1401,.T.);
#777=FACE_OUTER_BOUND('',#1402,.T.);
#778=FACE_OUTER_BOUND('',#1403,.T.);
#779=FACE_OUTER_BOUND('',#1404,.T.);
#780=FACE_OUTER_BOUND('',#1405,.T.);
#781=FACE_OUTER_BOUND('',#1406,.T.);
#782=FACE_OUTER_BOUND('',#1407,.T.);
#783=FACE_OUTER_BOUND('',#1408,.T.);
#784=FACE_OUTER_BOUND('',#1409,.T.);
#785=FACE_OUTER_BOUND('',#1410,.T.);
#786=FACE_OUTER_BOUND('',#1411,.T.);
#787=FACE_OUTER_BOUND('',#1412,.T.);
#788=FACE_OUTER_BOUND('',#1413,.T.);
#789=FACE_OUTER_BOUND('',#1414,.T.);
#790=FACE_OUTER_BOUND('',#1415,.T.);
#791=FACE_OUTER_BOUND('',#1416,.T.);
#792=FACE_OUTER_BOUND('',#1417,.T.);
#793=FACE_OUTER_BOUND('',#1418,.T.);
#794=FACE_OUTER_BOUND('',#1419,.T.);
#795=FACE_OUTER_BOUND('',#1420,.T.);
#796=FACE_OUTER_BOUND('',#1421,.T.);
#797=FACE_OUTER_BOUND('',#1422,.T.);
#798=FACE_OUTER_BOUND('',#1423,.T.);
#799=FACE_OUTER_BOUND('',#1424,.T.);
#800=FACE_OUTER_BOUND('',#1425,.T.);
#801=FACE_OUTER_BOUND('',#1426,.T.);
#802=FACE_OUTER_BOUND('',#1427,.T.);
#803=FACE_OUTER_BOUND('',#1428,.T.);
#804=FACE_OUTER_BOUND('',#1429,.T.);
#805=FACE_OUTER_BOUND('',#1430,.T.);
#806=FACE_OUTER_BOUND('',#1431,.T.);
#807=FACE_OUTER_BOUND('',#1432,.T.);
#808=FACE_OUTER_BOUND('',#1433,.T.);
#809=FACE_OUTER_BOUND('',#1434,.T.);
#810=FACE_OUTER_BOUND('',#1435,.T.);
#811=FACE_OUTER_BOUND('',#1436,.T.);
#812=FACE_OUTER_BOUND('',#1437,.T.);
#813=FACE_OUTER_BOUND('',#1438,.T.);
#814=FACE_OUTER_BOUND('',#1439,.T.);
#815=FACE_OUTER_BOUND('',#1440,.T.);
#816=FACE_OUTER_BOUND('',#1441,.T.);
#817=FACE_OUTER_BOUND('',#1443,.T.);
#818=FACE_OUTER_BOUND('',#1444,.T.);
#819=FACE_OUTER_BOUND('',#1445,.T.);
#820=FACE_OUTER_BOUND('',#1446,.T.);
#821=FACE_OUTER_BOUND('',#1447,.T.);
#822=FACE_OUTER_BOUND('',#1448,.T.);
#823=FACE_OUTER_BOUND('',#1449,.T.);
#824=FACE_OUTER_BOUND('',#1450,.T.);
#825=FACE_OUTER_BOUND('',#1451,.T.);
#826=FACE_OUTER_BOUND('',#1452,.T.);
#827=FACE_OUTER_BOUND('',#1453,.T.);
#828=FACE_OUTER_BOUND('',#1454,.T.);
#829=FACE_OUTER_BOUND('',#1455,.T.);
#830=FACE_OUTER_BOUND('',#1456,.T.);
#831=FACE_OUTER_BOUND('',#1457,.T.);
#832=FACE_OUTER_BOUND('',#1458,.T.);
#833=FACE_OUTER_BOUND('',#1459,.T.);
#834=FACE_OUTER_BOUND('',#1460,.T.);
#835=FACE_OUTER_BOUND('',#1461,.T.);
#836=FACE_OUTER_BOUND('',#1463,.T.);
#837=FACE_OUTER_BOUND('',#1464,.T.);
#838=FACE_OUTER_BOUND('',#1465,.T.);
#839=FACE_OUTER_BOUND('',#1466,.T.);
#840=FACE_OUTER_BOUND('',#1467,.T.);
#841=FACE_OUTER_BOUND('',#1468,.T.);
#842=FACE_OUTER_BOUND('',#1469,.T.);
#843=FACE_OUTER_BOUND('',#1470,.T.);
#844=FACE_OUTER_BOUND('',#1471,.T.);
#845=FACE_OUTER_BOUND('',#1472,.T.);
#846=FACE_OUTER_BOUND('',#1473,.T.);
#847=FACE_OUTER_BOUND('',#1474,.T.);
#848=FACE_OUTER_BOUND('',#1475,.T.);
#849=FACE_OUTER_BOUND('',#1476,.T.);
#850=FACE_OUTER_BOUND('',#1477,.T.);
#851=FACE_OUTER_BOUND('',#1478,.T.);
#852=FACE_OUTER_BOUND('',#1479,.T.);
#853=FACE_OUTER_BOUND('',#1480,.T.);
#854=FACE_OUTER_BOUND('',#1481,.T.);
#855=FACE_OUTER_BOUND('',#1482,.T.);
#856=FACE_OUTER_BOUND('',#1483,.T.);
#857=FACE_OUTER_BOUND('',#1484,.T.);
#858=FACE_OUTER_BOUND('',#1485,.T.);
#859=FACE_OUTER_BOUND('',#1486,.T.);
#860=FACE_OUTER_BOUND('',#1487,.T.);
#861=FACE_OUTER_BOUND('',#1488,.T.);
#862=FACE_OUTER_BOUND('',#1489,.T.);
#863=FACE_OUTER_BOUND('',#1490,.T.);
#864=FACE_OUTER_BOUND('',#1491,.T.);
#865=FACE_OUTER_BOUND('',#1492,.T.);
#866=FACE_OUTER_BOUND('',#1493,.T.);
#867=FACE_OUTER_BOUND('',#1494,.T.);
#868=FACE_OUTER_BOUND('',#1495,.T.);
#869=FACE_OUTER_BOUND('',#1496,.T.);
#870=FACE_OUTER_BOUND('',#1497,.T.);
#871=FACE_OUTER_BOUND('',#1498,.T.);
#872=FACE_OUTER_BOUND('',#1499,.T.);
#873=FACE_OUTER_BOUND('',#1500,.T.);
#874=FACE_OUTER_BOUND('',#1501,.T.);
#875=FACE_OUTER_BOUND('',#1502,.T.);
#876=FACE_OUTER_BOUND('',#1503,.T.);
#877=FACE_OUTER_BOUND('',#1504,.T.);
#878=FACE_OUTER_BOUND('',#1505,.T.);
#879=FACE_OUTER_BOUND('',#1506,.T.);
#880=FACE_OUTER_BOUND('',#1507,.T.);
#881=FACE_OUTER_BOUND('',#1508,.T.);
#882=FACE_OUTER_BOUND('',#1509,.T.);
#883=FACE_OUTER_BOUND('',#1510,.T.);
#884=FACE_OUTER_BOUND('',#1511,.T.);
#885=FACE_OUTER_BOUND('',#1512,.T.);
#886=FACE_OUTER_BOUND('',#1513,.T.);
#887=FACE_OUTER_BOUND('',#1514,.T.);
#888=FACE_OUTER_BOUND('',#1515,.T.);
#889=FACE_OUTER_BOUND('',#1516,.T.);
#890=FACE_OUTER_BOUND('',#1517,.T.);
#891=FACE_OUTER_BOUND('',#1518,.T.);
#892=FACE_OUTER_BOUND('',#1519,.T.);
#893=FACE_OUTER_BOUND('',#1520,.T.);
#894=FACE_OUTER_BOUND('',#1522,.T.);
#895=FACE_OUTER_BOUND('',#1523,.T.);
#896=FACE_OUTER_BOUND('',#1524,.T.);
#897=FACE_OUTER_BOUND('',#1525,.T.);
#898=FACE_OUTER_BOUND('',#1526,.T.);
#899=FACE_OUTER_BOUND('',#1527,.T.);
#900=FACE_OUTER_BOUND('',#1528,.T.);
#901=FACE_OUTER_BOUND('',#1529,.T.);
#902=FACE_OUTER_BOUND('',#1530,.T.);
#903=FACE_OUTER_BOUND('',#1531,.T.);
#904=FACE_OUTER_BOUND('',#1532,.T.);
#905=FACE_OUTER_BOUND('',#1533,.T.);
#906=FACE_OUTER_BOUND('',#1534,.T.);
#907=FACE_OUTER_BOUND('',#1535,.T.);
#908=FACE_OUTER_BOUND('',#1536,.T.);
#909=FACE_OUTER_BOUND('',#1537,.T.);
#910=FACE_OUTER_BOUND('',#1538,.T.);
#911=FACE_OUTER_BOUND('',#1539,.T.);
#912=FACE_OUTER_BOUND('',#1540,.T.);
#913=FACE_OUTER_BOUND('',#1542,.T.);
#914=FACE_OUTER_BOUND('',#1543,.T.);
#915=FACE_OUTER_BOUND('',#1544,.T.);
#916=FACE_OUTER_BOUND('',#1545,.T.);
#917=FACE_OUTER_BOUND('',#1546,.T.);
#918=FACE_OUTER_BOUND('',#1547,.T.);
#919=FACE_OUTER_BOUND('',#1548,.T.);
#920=FACE_OUTER_BOUND('',#1549,.T.);
#921=FACE_OUTER_BOUND('',#1550,.T.);
#922=FACE_OUTER_BOUND('',#1551,.T.);
#923=FACE_OUTER_BOUND('',#1552,.T.);
#924=FACE_OUTER_BOUND('',#1553,.T.);
#925=FACE_OUTER_BOUND('',#1554,.T.);
#926=FACE_OUTER_BOUND('',#1555,.T.);
#927=FACE_OUTER_BOUND('',#1556,.T.);
#928=FACE_OUTER_BOUND('',#1557,.T.);
#929=FACE_OUTER_BOUND('',#1558,.T.);
#930=FACE_OUTER_BOUND('',#1559,.T.);
#931=FACE_OUTER_BOUND('',#1560,.T.);
#932=FACE_OUTER_BOUND('',#1561,.T.);
#933=FACE_OUTER_BOUND('',#1562,.T.);
#934=FACE_OUTER_BOUND('',#1563,.T.);
#935=FACE_OUTER_BOUND('',#1564,.T.);
#936=FACE_OUTER_BOUND('',#1565,.T.);
#937=FACE_OUTER_BOUND('',#1566,.T.);
#938=FACE_OUTER_BOUND('',#1567,.T.);
#939=FACE_OUTER_BOUND('',#1568,.T.);
#940=FACE_OUTER_BOUND('',#1569,.T.);
#941=FACE_OUTER_BOUND('',#1570,.T.);
#942=FACE_OUTER_BOUND('',#1571,.T.);
#943=FACE_OUTER_BOUND('',#1572,.T.);
#944=FACE_OUTER_BOUND('',#1573,.T.);
#945=FACE_OUTER_BOUND('',#1574,.T.);
#946=FACE_OUTER_BOUND('',#1575,.T.);
#947=FACE_OUTER_BOUND('',#1576,.T.);
#948=FACE_OUTER_BOUND('',#1577,.T.);
#949=FACE_OUTER_BOUND('',#1578,.T.);
#950=FACE_OUTER_BOUND('',#1579,.T.);
#951=FACE_OUTER_BOUND('',#1580,.T.);
#952=FACE_OUTER_BOUND('',#1581,.T.);
#953=FACE_OUTER_BOUND('',#1582,.T.);
#954=FACE_OUTER_BOUND('',#1584,.T.);
#955=FACE_OUTER_BOUND('',#1585,.T.);
#956=FACE_OUTER_BOUND('',#1586,.T.);
#957=FACE_OUTER_BOUND('',#1587,.T.);
#958=FACE_OUTER_BOUND('',#1588,.T.);
#959=FACE_OUTER_BOUND('',#1589,.T.);
#960=FACE_OUTER_BOUND('',#1590,.T.);
#961=FACE_OUTER_BOUND('',#1591,.T.);
#962=FACE_OUTER_BOUND('',#1592,.T.);
#963=FACE_OUTER_BOUND('',#1593,.T.);
#964=FACE_OUTER_BOUND('',#1594,.T.);
#965=FACE_OUTER_BOUND('',#1595,.T.);
#966=FACE_OUTER_BOUND('',#1596,.T.);
#967=FACE_OUTER_BOUND('',#1597,.T.);
#968=FACE_OUTER_BOUND('',#1598,.T.);
#969=FACE_OUTER_BOUND('',#1599,.T.);
#970=FACE_OUTER_BOUND('',#1600,.T.);
#971=FACE_OUTER_BOUND('',#1601,.T.);
#972=FACE_OUTER_BOUND('',#1602,.T.);
#973=FACE_OUTER_BOUND('',#1603,.T.);
#974=FACE_OUTER_BOUND('',#1604,.T.);
#975=FACE_OUTER_BOUND('',#1606,.T.);
#976=FACE_OUTER_BOUND('',#1607,.T.);
#977=FACE_OUTER_BOUND('',#1608,.T.);
#978=FACE_OUTER_BOUND('',#1609,.T.);
#979=FACE_OUTER_BOUND('',#1610,.T.);
#980=FACE_OUTER_BOUND('',#1611,.T.);
#981=FACE_OUTER_BOUND('',#1612,.T.);
#982=FACE_OUTER_BOUND('',#1613,.T.);
#983=FACE_OUTER_BOUND('',#1614,.T.);
#984=FACE_OUTER_BOUND('',#1615,.T.);
#985=FACE_OUTER_BOUND('',#1616,.T.);
#986=FACE_OUTER_BOUND('',#1617,.T.);
#987=FACE_OUTER_BOUND('',#1618,.T.);
#988=FACE_OUTER_BOUND('',#1619,.T.);
#989=FACE_OUTER_BOUND('',#1620,.T.);
#990=FACE_OUTER_BOUND('',#1621,.T.);
#991=FACE_OUTER_BOUND('',#1622,.T.);
#992=FACE_OUTER_BOUND('',#1623,.T.);
#993=FACE_OUTER_BOUND('',#1624,.T.);
#994=FACE_OUTER_BOUND('',#1625,.T.);
#995=FACE_OUTER_BOUND('',#1626,.T.);
#996=FACE_OUTER_BOUND('',#1627,.T.);
#997=FACE_OUTER_BOUND('',#1628,.T.);
#998=FACE_OUTER_BOUND('',#1629,.T.);
#999=FACE_OUTER_BOUND('',#1630,.T.);
#1000=FACE_OUTER_BOUND('',#1631,.T.);
#1001=FACE_OUTER_BOUND('',#1632,.T.);
#1002=FACE_OUTER_BOUND('',#1633,.T.);
#1003=FACE_OUTER_BOUND('',#1634,.T.);
#1004=FACE_OUTER_BOUND('',#1635,.T.);
#1005=FACE_OUTER_BOUND('',#1636,.T.);
#1006=FACE_OUTER_BOUND('',#1637,.T.);
#1007=FACE_OUTER_BOUND('',#1638,.T.);
#1008=FACE_OUTER_BOUND('',#1639,.T.);
#1009=FACE_OUTER_BOUND('',#1640,.T.);
#1010=FACE_OUTER_BOUND('',#1641,.T.);
#1011=FACE_OUTER_BOUND('',#1642,.T.);
#1012=FACE_OUTER_BOUND('',#1643,.T.);
#1013=FACE_OUTER_BOUND('',#1644,.T.);
#1014=FACE_OUTER_BOUND('',#1645,.T.);
#1015=FACE_OUTER_BOUND('',#1646,.T.);
#1016=FACE_OUTER_BOUND('',#1647,.T.);
#1017=FACE_OUTER_BOUND('',#1648,.T.);
#1018=FACE_OUTER_BOUND('',#1649,.T.);
#1019=FACE_OUTER_BOUND('',#1650,.T.);
#1020=FACE_OUTER_BOUND('',#1651,.T.);
#1021=FACE_OUTER_BOUND('',#1652,.T.);
#1022=FACE_OUTER_BOUND('',#1653,.T.);
#1023=FACE_OUTER_BOUND('',#1654,.T.);
#1024=FACE_OUTER_BOUND('',#1655,.T.);
#1025=FACE_OUTER_BOUND('',#1656,.T.);
#1026=FACE_OUTER_BOUND('',#1657,.T.);
#1027=FACE_OUTER_BOUND('',#1658,.T.);
#1028=FACE_OUTER_BOUND('',#1659,.T.);
#1029=FACE_OUTER_BOUND('',#1660,.T.);
#1030=FACE_OUTER_BOUND('',#1661,.T.);
#1031=FACE_OUTER_BOUND('',#1662,.T.);
#1032=FACE_OUTER_BOUND('',#1663,.T.);
#1033=FACE_OUTER_BOUND('',#1664,.T.);
#1034=FACE_OUTER_BOUND('',#1665,.T.);
#1035=FACE_OUTER_BOUND('',#1667,.T.);
#1036=FACE_OUTER_BOUND('',#1668,.T.);
#1037=FACE_OUTER_BOUND('',#1669,.T.);
#1038=FACE_OUTER_BOUND('',#1670,.T.);
#1039=FACE_OUTER_BOUND('',#1671,.T.);
#1040=FACE_OUTER_BOUND('',#1672,.T.);
#1041=FACE_OUTER_BOUND('',#1673,.T.);
#1042=FACE_OUTER_BOUND('',#1674,.T.);
#1043=FACE_OUTER_BOUND('',#1675,.T.);
#1044=FACE_OUTER_BOUND('',#1676,.T.);
#1045=FACE_OUTER_BOUND('',#1677,.T.);
#1046=FACE_OUTER_BOUND('',#1678,.T.);
#1047=FACE_OUTER_BOUND('',#1679,.T.);
#1048=FACE_OUTER_BOUND('',#1680,.T.);
#1049=FACE_OUTER_BOUND('',#1681,.T.);
#1050=FACE_OUTER_BOUND('',#1682,.T.);
#1051=FACE_OUTER_BOUND('',#1683,.T.);
#1052=FACE_OUTER_BOUND('',#1684,.T.);
#1053=FACE_OUTER_BOUND('',#1685,.T.);
#1054=FACE_OUTER_BOUND('',#1686,.T.);
#1055=FACE_OUTER_BOUND('',#1687,.T.);
#1056=FACE_OUTER_BOUND('',#1688,.T.);
#1057=FACE_OUTER_BOUND('',#1689,.T.);
#1058=FACE_OUTER_BOUND('',#1690,.T.);
#1059=FACE_OUTER_BOUND('',#1691,.T.);
#1060=FACE_OUTER_BOUND('',#1692,.T.);
#1061=FACE_OUTER_BOUND('',#1693,.T.);
#1062=FACE_OUTER_BOUND('',#1694,.T.);
#1063=FACE_OUTER_BOUND('',#1695,.T.);
#1064=FACE_OUTER_BOUND('',#1696,.T.);
#1065=FACE_OUTER_BOUND('',#1697,.T.);
#1066=FACE_OUTER_BOUND('',#1698,.T.);
#1067=FACE_OUTER_BOUND('',#1699,.T.);
#1068=FACE_OUTER_BOUND('',#1700,.T.);
#1069=FACE_OUTER_BOUND('',#1701,.T.);
#1070=FACE_OUTER_BOUND('',#1702,.T.);
#1071=FACE_OUTER_BOUND('',#1703,.T.);
#1072=FACE_OUTER_BOUND('',#1704,.T.);
#1073=FACE_OUTER_BOUND('',#1705,.T.);
#1074=FACE_OUTER_BOUND('',#1706,.T.);
#1075=FACE_OUTER_BOUND('',#1707,.T.);
#1076=FACE_OUTER_BOUND('',#1708,.T.);
#1077=FACE_OUTER_BOUND('',#1709,.T.);
#1078=FACE_OUTER_BOUND('',#1710,.T.);
#1079=FACE_OUTER_BOUND('',#1711,.T.);
#1080=FACE_OUTER_BOUND('',#1712,.T.);
#1081=FACE_OUTER_BOUND('',#1713,.T.);
#1082=FACE_OUTER_BOUND('',#1714,.T.);
#1083=FACE_OUTER_BOUND('',#1715,.T.);
#1084=FACE_OUTER_BOUND('',#1716,.T.);
#1085=FACE_OUTER_BOUND('',#1717,.T.);
#1086=FACE_OUTER_BOUND('',#1718,.T.);
#1087=FACE_OUTER_BOUND('',#1719,.T.);
#1088=FACE_OUTER_BOUND('',#1720,.T.);
#1089=FACE_OUTER_BOUND('',#1721,.T.);
#1090=FACE_OUTER_BOUND('',#1722,.T.);
#1091=FACE_OUTER_BOUND('',#1723,.T.);
#1092=FACE_OUTER_BOUND('',#1724,.T.);
#1093=FACE_OUTER_BOUND('',#1725,.T.);
#1094=FACE_OUTER_BOUND('',#1726,.T.);
#1095=FACE_OUTER_BOUND('',#1727,.T.);
#1096=FACE_OUTER_BOUND('',#1728,.T.);
#1097=FACE_OUTER_BOUND('',#1729,.T.);
#1098=FACE_OUTER_BOUND('',#1730,.T.);
#1099=FACE_OUTER_BOUND('',#1731,.T.);
#1100=FACE_OUTER_BOUND('',#1732,.T.);
#1101=FACE_OUTER_BOUND('',#1733,.T.);
#1102=FACE_OUTER_BOUND('',#1734,.T.);
#1103=FACE_OUTER_BOUND('',#1735,.T.);
#1104=FACE_OUTER_BOUND('',#1736,.T.);
#1105=FACE_OUTER_BOUND('',#1737,.T.);
#1106=FACE_OUTER_BOUND('',#1738,.T.);
#1107=FACE_OUTER_BOUND('',#1739,.T.);
#1108=FACE_OUTER_BOUND('',#1740,.T.);
#1109=FACE_OUTER_BOUND('',#1741,.T.);
#1110=FACE_OUTER_BOUND('',#1742,.T.);
#1111=FACE_OUTER_BOUND('',#1743,.T.);
#1112=FACE_OUTER_BOUND('',#1744,.T.);
#1113=FACE_OUTER_BOUND('',#1745,.T.);
#1114=FACE_OUTER_BOUND('',#1746,.T.);
#1115=FACE_OUTER_BOUND('',#1747,.T.);
#1116=FACE_OUTER_BOUND('',#1748,.T.);
#1117=FACE_OUTER_BOUND('',#1749,.T.);
#1118=FACE_OUTER_BOUND('',#1750,.T.);
#1119=FACE_OUTER_BOUND('',#1751,.T.);
#1120=FACE_OUTER_BOUND('',#1752,.T.);
#1121=FACE_OUTER_BOUND('',#1753,.T.);
#1122=FACE_OUTER_BOUND('',#1754,.T.);
#1123=FACE_OUTER_BOUND('',#1755,.T.);
#1124=FACE_OUTER_BOUND('',#1756,.T.);
#1125=FACE_OUTER_BOUND('',#1757,.T.);
#1126=FACE_OUTER_BOUND('',#1758,.T.);
#1127=FACE_OUTER_BOUND('',#1759,.T.);
#1128=FACE_OUTER_BOUND('',#1760,.T.);
#1129=FACE_OUTER_BOUND('',#1761,.T.);
#1130=FACE_OUTER_BOUND('',#1762,.T.);
#1131=FACE_OUTER_BOUND('',#1763,.T.);
#1132=FACE_OUTER_BOUND('',#1764,.T.);
#1133=FACE_OUTER_BOUND('',#1765,.T.);
#1134=FACE_OUTER_BOUND('',#1766,.T.);
#1135=FACE_OUTER_BOUND('',#1767,.T.);
#1136=FACE_OUTER_BOUND('',#1768,.T.);
#1137=FACE_OUTER_BOUND('',#1769,.T.);
#1138=FACE_OUTER_BOUND('',#1770,.T.);
#1139=FACE_OUTER_BOUND('',#1771,.T.);
#1140=FACE_OUTER_BOUND('',#1772,.T.);
#1141=FACE_OUTER_BOUND('',#1773,.T.);
#1142=FACE_OUTER_BOUND('',#1774,.T.);
#1143=FACE_OUTER_BOUND('',#1775,.T.);
#1144=FACE_OUTER_BOUND('',#1776,.T.);
#1145=FACE_OUTER_BOUND('',#1777,.T.);
#1146=FACE_OUTER_BOUND('',#1778,.T.);
#1147=FACE_OUTER_BOUND('',#1779,.T.);
#1148=FACE_OUTER_BOUND('',#1780,.T.);
#1149=FACE_OUTER_BOUND('',#1781,.T.);
#1150=FACE_OUTER_BOUND('',#1782,.T.);
#1151=FACE_OUTER_BOUND('',#1783,.T.);
#1152=FACE_OUTER_BOUND('',#1784,.T.);
#1153=FACE_OUTER_BOUND('',#1785,.T.);
#1154=FACE_OUTER_BOUND('',#1786,.T.);
#1155=FACE_OUTER_BOUND('',#1787,.T.);
#1156=FACE_OUTER_BOUND('',#1788,.T.);
#1157=FACE_OUTER_BOUND('',#1789,.T.);
#1158=FACE_OUTER_BOUND('',#1790,.T.);
#1159=FACE_OUTER_BOUND('',#1791,.T.);
#1160=FACE_OUTER_BOUND('',#1792,.T.);
#1161=FACE_OUTER_BOUND('',#1793,.T.);
#1162=FACE_OUTER_BOUND('',#1794,.T.);
#1163=FACE_OUTER_BOUND('',#1795,.T.);
#1164=FACE_OUTER_BOUND('',#1796,.T.);
#1165=FACE_OUTER_BOUND('',#1797,.T.);
#1166=FACE_OUTER_BOUND('',#1798,.T.);
#1167=FACE_OUTER_BOUND('',#1799,.T.);
#1168=FACE_OUTER_BOUND('',#1800,.T.);
#1169=FACE_OUTER_BOUND('',#1801,.T.);
#1170=FACE_OUTER_BOUND('',#1802,.T.);
#1171=FACE_OUTER_BOUND('',#1803,.T.);
#1172=FACE_OUTER_BOUND('',#1804,.T.);
#1173=FACE_OUTER_BOUND('',#1805,.T.);
#1174=FACE_OUTER_BOUND('',#1806,.T.);
#1175=FACE_OUTER_BOUND('',#1807,.T.);
#1176=FACE_OUTER_BOUND('',#1808,.T.);
#1177=FACE_OUTER_BOUND('',#1809,.T.);
#1178=FACE_OUTER_BOUND('',#1810,.T.);
#1179=FACE_OUTER_BOUND('',#1811,.T.);
#1180=FACE_OUTER_BOUND('',#1812,.T.);
#1181=FACE_OUTER_BOUND('',#1813,.T.);
#1182=FACE_OUTER_BOUND('',#1814,.T.);
#1183=FACE_OUTER_BOUND('',#1815,.T.);
#1184=FACE_OUTER_BOUND('',#1816,.T.);
#1185=FACE_OUTER_BOUND('',#1817,.T.);
#1186=FACE_OUTER_BOUND('',#1818,.T.);
#1187=FACE_OUTER_BOUND('',#1819,.T.);
#1188=FACE_OUTER_BOUND('',#1820,.T.);
#1189=FACE_OUTER_BOUND('',#1821,.T.);
#1190=FACE_OUTER_BOUND('',#1822,.T.);
#1191=FACE_OUTER_BOUND('',#1823,.T.);
#1192=FACE_OUTER_BOUND('',#1824,.T.);
#1193=FACE_OUTER_BOUND('',#1825,.T.);
#1194=FACE_OUTER_BOUND('',#1826,.T.);
#1195=FACE_OUTER_BOUND('',#1827,.T.);
#1196=FACE_OUTER_BOUND('',#1828,.T.);
#1197=FACE_OUTER_BOUND('',#1829,.T.);
#1198=FACE_OUTER_BOUND('',#1830,.T.);
#1199=FACE_OUTER_BOUND('',#1831,.T.);
#1200=FACE_OUTER_BOUND('',#1832,.T.);
#1201=FACE_OUTER_BOUND('',#1833,.T.);
#1202=FACE_OUTER_BOUND('',#1834,.T.);
#1203=EDGE_LOOP('',(#6906,#6907,#6908,#6909));
#1204=EDGE_LOOP('',(#6910,#6911,#6912,#6913));
#1205=EDGE_LOOP('',(#6914,#6915,#6916,#6917));
#1206=EDGE_LOOP('',(#6918,#6919,#6920,#6921));
#1207=EDGE_LOOP('',(#6922,#6923,#6924,#6925));
#1208=EDGE_LOOP('',(#6926,#6927,#6928,#6929));
#1209=EDGE_LOOP('',(#6930,#6931,#6932,#6933));
#1210=EDGE_LOOP('',(#6934,#6935,#6936,#6937));
#1211=EDGE_LOOP('',(#6938,#6939,#6940,#6941));
#1212=EDGE_LOOP('',(#6942,#6943,#6944,#6945));
#1213=EDGE_LOOP('',(#6946,#6947,#6948,#6949));
#1214=EDGE_LOOP('',(#6950,#6951,#6952,#6953));
#1215=EDGE_LOOP('',(#6954,#6955,#6956,#6957));
#1216=EDGE_LOOP('',(#6958,#6959,#6960,#6961,#6962,#6963,#6964,#6965));
#1217=EDGE_LOOP('',(#6966,#6967,#6968,#6969));
#1218=EDGE_LOOP('',(#6970,#6971,#6972,#6973));
#1219=EDGE_LOOP('',(#6974,#6975,#6976,#6977));
#1220=EDGE_LOOP('',(#6978,#6979,#6980,#6981));
#1221=EDGE_LOOP('',(#6982,#6983,#6984,#6985));
#1222=EDGE_LOOP('',(#6986,#6987,#6988,#6989));
#1223=EDGE_LOOP('',(#6990,#6991,#6992,#6993));
#1224=EDGE_LOOP('',(#6994,#6995,#6996,#6997));
#1225=EDGE_LOOP('',(#6998,#6999,#7000,#7001));
#1226=EDGE_LOOP('',(#7002,#7003,#7004,#7005));
#1227=EDGE_LOOP('',(#7006,#7007,#7008,#7009));
#1228=EDGE_LOOP('',(#7010,#7011,#7012,#7013));
#1229=EDGE_LOOP('',(#7014,#7015,#7016,#7017));
#1230=EDGE_LOOP('',(#7018,#7019,#7020,#7021));
#1231=EDGE_LOOP('',(#7022,#7023,#7024,#7025));
#1232=EDGE_LOOP('',(#7026,#7027,#7028,#7029));
#1233=EDGE_LOOP('',(#7030,#7031,#7032,#7033));
#1234=EDGE_LOOP('',(#7034,#7035,#7036,#7037));
#1235=EDGE_LOOP('',(#7038,#7039,#7040,#7041));
#1236=EDGE_LOOP('',(#7042,#7043,#7044,#7045));
#1237=EDGE_LOOP('',(#7046,#7047,#7048,#7049));
#1238=EDGE_LOOP('',(#7050,#7051,#7052,#7053));
#1239=EDGE_LOOP('',(#7054,#7055,#7056,#7057));
#1240=EDGE_LOOP('',(#7058,#7059,#7060,#7061));
#1241=EDGE_LOOP('',(#7062,#7063,#7064,#7065));
#1242=EDGE_LOOP('',(#7066,#7067,#7068,#7069));
#1243=EDGE_LOOP('',(#7070,#7071,#7072,#7073));
#1244=EDGE_LOOP('',(#7074,#7075,#7076,#7077));
#1245=EDGE_LOOP('',(#7078,#7079,#7080,#7081));
#1246=EDGE_LOOP('',(#7082,#7083,#7084,#7085));
#1247=EDGE_LOOP('',(#7086,#7087,#7088,#7089));
#1248=EDGE_LOOP('',(#7090,#7091,#7092,#7093));
#1249=EDGE_LOOP('',(#7094,#7095,#7096,#7097));
#1250=EDGE_LOOP('',(#7098,#7099,#7100,#7101));
#1251=EDGE_LOOP('',(#7102,#7103,#7104,#7105));
#1252=EDGE_LOOP('',(#7106,#7107,#7108,#7109));
#1253=EDGE_LOOP('',(#7110,#7111,#7112,#7113));
#1254=EDGE_LOOP('',(#7114,#7115,#7116,#7117));
#1255=EDGE_LOOP('',(#7118,#7119,#7120,#7121));
#1256=EDGE_LOOP('',(#7122,#7123,#7124,#7125));
#1257=EDGE_LOOP('',(#7126,#7127,#7128,#7129,#7130,#7131,#7132,#7133,#7134,
#7135,#7136,#7137,#7138,#7139));
#1258=EDGE_LOOP('',(#7140,#7141,#7142,#7143));
#1259=EDGE_LOOP('',(#7144,#7145,#7146,#7147,#7148,#7149,#7150,#7151,#7152,
#7153,#7154,#7155,#7156,#7157));
#1260=EDGE_LOOP('',(#7158));
#1261=EDGE_LOOP('',(#7159));
#1262=EDGE_LOOP('',(#7160));
#1263=EDGE_LOOP('',(#7161,#7162,#7163,#7164));
#1264=EDGE_LOOP('',(#7165,#7166,#7167,#7168));
#1265=EDGE_LOOP('',(#7169,#7170,#7171,#7172));
#1266=EDGE_LOOP('',(#7173,#7174,#7175,#7176));
#1267=EDGE_LOOP('',(#7177,#7178,#7179,#7180));
#1268=EDGE_LOOP('',(#7181,#7182,#7183,#7184));
#1269=EDGE_LOOP('',(#7185));
#1270=EDGE_LOOP('',(#7186));
#1271=EDGE_LOOP('',(#7187,#7188,#7189,#7190));
#1272=EDGE_LOOP('',(#7191));
#1273=EDGE_LOOP('',(#7192));
#1274=EDGE_LOOP('',(#7193));
#1275=EDGE_LOOP('',(#7194,#7195,#7196,#7197));
#1276=EDGE_LOOP('',(#7198));
#1277=EDGE_LOOP('',(#7199));
#1278=EDGE_LOOP('',(#7200));
#1279=EDGE_LOOP('',(#7201,#7202,#7203,#7204));
#1280=EDGE_LOOP('',(#7205,#7206,#7207,#7208));
#1281=EDGE_LOOP('',(#7209,#7210,#7211,#7212));
#1282=EDGE_LOOP('',(#7213,#7214,#7215,#7216));
#1283=EDGE_LOOP('',(#7217,#7218,#7219,#7220));
#1284=EDGE_LOOP('',(#7221,#7222,#7223,#7224));
#1285=EDGE_LOOP('',(#7225,#7226,#7227,#7228));
#1286=EDGE_LOOP('',(#7229,#7230,#7231,#7232));
#1287=EDGE_LOOP('',(#7233,#7234,#7235,#7236));
#1288=EDGE_LOOP('',(#7237,#7238,#7239,#7240));
#1289=EDGE_LOOP('',(#7241,#7242,#7243,#7244));
#1290=EDGE_LOOP('',(#7245,#7246,#7247,#7248));
#1291=EDGE_LOOP('',(#7249,#7250,#7251,#7252));
#1292=EDGE_LOOP('',(#7253,#7254,#7255,#7256,#7257,#7258,#7259,#7260));
#1293=EDGE_LOOP('',(#7261,#7262,#7263,#7264));
#1294=EDGE_LOOP('',(#7265,#7266,#7267,#7268,#7269,#7270,#7271,#7272,#7273,
#7274,#7275,#7276,#7277,#7278));
#1295=EDGE_LOOP('',(#7279,#7280,#7281,#7282,#7283,#7284,#7285,#7286,#7287,
#7288,#7289,#7290,#7291,#7292));
#1296=EDGE_LOOP('',(#7293,#7294,#7295,#7296));
#1297=EDGE_LOOP('',(#7297,#7298,#7299,#7300));
#1298=EDGE_LOOP('',(#7301,#7302,#7303,#7304));
#1299=EDGE_LOOP('',(#7305,#7306,#7307,#7308));
#1300=EDGE_LOOP('',(#7309,#7310,#7311,#7312));
#1301=EDGE_LOOP('',(#7313,#7314,#7315,#7316));
#1302=EDGE_LOOP('',(#7317,#7318,#7319,#7320));
#1303=EDGE_LOOP('',(#7321));
#1304=EDGE_LOOP('',(#7322,#7323,#7324,#7325));
#1305=EDGE_LOOP('',(#7326,#7327,#7328,#7329));
#1306=EDGE_LOOP('',(#7330,#7331,#7332,#7333));
#1307=EDGE_LOOP('',(#7334,#7335,#7336,#7337));
#1308=EDGE_LOOP('',(#7338,#7339,#7340,#7341));
#1309=EDGE_LOOP('',(#7342,#7343,#7344,#7345,#7346,#7347,#7348,#7349,#7350,
#7351,#7352,#7353,#7354,#7355,#7356,#7357,#7358,#7359,#7360,#7361,#7362,
#7363,#7364,#7365,#7366));
#1310=EDGE_LOOP('',(#7367,#7368,#7369,#7370,#7371,#7372,#7373,#7374));
#1311=EDGE_LOOP('',(#7375,#7376,#7377,#7378,#7379,#7380,#7381,#7382));
#1312=EDGE_LOOP('',(#7383,#7384,#7385,#7386,#7387,#7388,#7389,#7390));
#1313=EDGE_LOOP('',(#7391));
#1314=EDGE_LOOP('',(#7392));
#1315=EDGE_LOOP('',(#7393,#7394,#7395,#7396,#7397,#7398,#7399,#7400));
#1316=EDGE_LOOP('',(#7401,#7402,#7403,#7404,#7405,#7406,#7407,#7408));
#1317=EDGE_LOOP('',(#7409,#7410,#7411,#7412,#7413,#7414,#7415,#7416));
#1318=EDGE_LOOP('',(#7417,#7418,#7419,#7420,#7421,#7422,#7423,#7424));
#1319=EDGE_LOOP('',(#7425,#7426,#7427,#7428,#7429,#7430,#7431,#7432));
#1320=EDGE_LOOP('',(#7433,#7434,#7435,#7436,#7437,#7438,#7439,#7440));
#1321=EDGE_LOOP('',(#7441,#7442,#7443,#7444,#7445,#7446,#7447,#7448));
#1322=EDGE_LOOP('',(#7449,#7450,#7451,#7452,#7453,#7454,#7455,#7456));
#1323=EDGE_LOOP('',(#7457,#7458,#7459,#7460,#7461,#7462,#7463,#7464));
#1324=EDGE_LOOP('',(#7465,#7466,#7467,#7468,#7469,#7470,#7471,#7472));
#1325=EDGE_LOOP('',(#7473,#7474,#7475,#7476,#7477,#7478,#7479,#7480));
#1326=EDGE_LOOP('',(#7481,#7482,#7483,#7484,#7485,#7486,#7487,#7488));
#1327=EDGE_LOOP('',(#7489));
#1328=EDGE_LOOP('',(#7490,#7491,#7492,#7493,#7494,#7495,#7496,#7497));
#1329=EDGE_LOOP('',(#7498,#7499,#7500,#7501,#7502,#7503,#7504,#7505));
#1330=EDGE_LOOP('',(#7506,#7507,#7508,#7509,#7510,#7511,#7512,#7513,#7514,
#7515,#7516,#7517,#7518,#7519));
#1331=EDGE_LOOP('',(#7520,#7521,#7522,#7523,#7524,#7525,#7526,#7527,#7528,
#7529,#7530,#7531,#7532,#7533,#7534,#7535,#7536,#7537,#7538,#7539,#7540,
#7541,#7542,#7543,#7544));
#1332=EDGE_LOOP('',(#7545,#7546,#7547,#7548,#7549,#7550,#7551,#7552,#7553,
#7554,#7555,#7556));
#1333=EDGE_LOOP('',(#7557,#7558,#7559,#7560,#7561,#7562,#7563,#7564,#7565,
#7566,#7567,#7568,#7569,#7570));
#1334=EDGE_LOOP('',(#7571,#7572,#7573,#7574,#7575,#7576,#7577,#7578,#7579,
#7580,#7581,#7582));
#1335=EDGE_LOOP('',(#7583,#7584,#7585,#7586,#7587,#7588,#7589,#7590,#7591,
#7592,#7593,#7594,#7595,#7596,#7597,#7598,#7599,#7600,#7601,#7602,#7603));
#1336=EDGE_LOOP('',(#7604,#7605,#7606,#7607,#7608,#7609,#7610,#7611,#7612,
#7613,#7614,#7615,#7616));
#1337=EDGE_LOOP('',(#7617,#7618,#7619,#7620,#7621,#7622,#7623,#7624,#7625,
#7626,#7627,#7628,#7629));
#1338=EDGE_LOOP('',(#7630,#7631,#7632,#7633,#7634,#7635,#7636,#7637,#7638,
#7639,#7640,#7641));
#1339=EDGE_LOOP('',(#7642,#7643,#7644,#7645,#7646,#7647,#7648,#7649,#7650,
#7651,#7652,#7653,#7654,#7655,#7656,#7657,#7658,#7659,#7660,#7661,#7662,
#7663,#7664,#7665,#7666));
#1340=EDGE_LOOP('',(#7667,#7668,#7669,#7670,#7671,#7672,#7673,#7674,#7675,
#7676,#7677,#7678,#7679));
#1341=EDGE_LOOP('',(#7680,#7681,#7682,#7683,#7684,#7685,#7686,#7687,#7688,
#7689,#7690,#7691,#7692));
#1342=EDGE_LOOP('',(#7693,#7694,#7695,#7696,#7697,#7698,#7699,#7700,#7701,
#7702,#7703,#7704,#7705,#7706,#7707,#7708,#7709,#7710,#7711,#7712,#7713));
#1343=EDGE_LOOP('',(#7714,#7715,#7716,#7717,#7718,#7719,#7720,#7721,#7722,
#7723,#7724,#7725));
#1344=EDGE_LOOP('',(#7726,#7727,#7728,#7729));
#1345=EDGE_LOOP('',(#7730,#7731,#7732,#7733,#7734,#7735,#7736,#7737,#7738,
#7739,#7740,#7741,#7742,#7743,#7744,#7745,#7746,#7747,#7748,#7749,#7750,
#7751,#7752,#7753,#7754,#7755,#7756,#7757,#7758,#7759,#7760,#7761,#7762,
#7763,#7764,#7765,#7766));
#1346=EDGE_LOOP('',(#7767));
#1347=EDGE_LOOP('',(#7768,#7769,#7770,#7771,#7772,#7773,#7774,#7775));
#1348=EDGE_LOOP('',(#7776,#7777,#7778,#7779,#7780,#7781,#7782,#7783));
#1349=EDGE_LOOP('',(#7784,#7785,#7786,#7787,#7788,#7789,#7790,#7791));
#1350=EDGE_LOOP('',(#7792,#7793,#7794,#7795,#7796,#7797,#7798,#7799));
#1351=EDGE_LOOP('',(#7800,#7801,#7802,#7803,#7804,#7805,#7806,#7807));
#1352=EDGE_LOOP('',(#7808,#7809,#7810,#7811,#7812,#7813,#7814,#7815));
#1353=EDGE_LOOP('',(#7816,#7817,#7818,#7819,#7820,#7821,#7822,#7823));
#1354=EDGE_LOOP('',(#7824,#7825,#7826,#7827,#7828,#7829,#7830,#7831));
#1355=EDGE_LOOP('',(#7832,#7833,#7834,#7835,#7836,#7837,#7838,#7839));
#1356=EDGE_LOOP('',(#7840,#7841,#7842,#7843,#7844,#7845,#7846,#7847));
#1357=EDGE_LOOP('',(#7848,#7849,#7850,#7851,#7852,#7853,#7854,#7855));
#1358=EDGE_LOOP('',(#7856,#7857,#7858,#7859,#7860,#7861,#7862,#7863));
#1359=EDGE_LOOP('',(#7864,#7865,#7866,#7867,#7868,#7869,#7870,#7871));
#1360=EDGE_LOOP('',(#7872,#7873,#7874,#7875,#7876,#7877,#7878,#7879));
#1361=EDGE_LOOP('',(#7880,#7881,#7882,#7883,#7884,#7885,#7886,#7887));
#1362=EDGE_LOOP('',(#7888,#7889,#7890,#7891,#7892,#7893,#7894,#7895));
#1363=EDGE_LOOP('',(#7896));
#1364=EDGE_LOOP('',(#7897,#7898,#7899,#7900));
#1365=EDGE_LOOP('',(#7901,#7902,#7903,#7904));
#1366=EDGE_LOOP('',(#7905,#7906,#7907,#7908));
#1367=EDGE_LOOP('',(#7909,#7910,#7911,#7912,#7913,#7914));
#1368=EDGE_LOOP('',(#7915,#7916,#7917,#7918));
#1369=EDGE_LOOP('',(#7919,#7920,#7921,#7922));
#1370=EDGE_LOOP('',(#7923));
#1371=EDGE_LOOP('',(#7924));
#1372=EDGE_LOOP('',(#7925,#7926,#7927,#7928));
#1373=EDGE_LOOP('',(#7929));
#1374=EDGE_LOOP('',(#7930));
#1375=EDGE_LOOP('',(#7931));
#1376=EDGE_LOOP('',(#7932));
#1377=EDGE_LOOP('',(#7933,#7934,#7935,#7936));
#1378=EDGE_LOOP('',(#7937,#7938,#7939,#7940));
#1379=EDGE_LOOP('',(#7941,#7942));
#1380=EDGE_LOOP('',(#7943));
#1381=EDGE_LOOP('',(#7944,#7945,#7946,#7947));
#1382=EDGE_LOOP('',(#7948,#7949,#7950,#7951));
#1383=EDGE_LOOP('',(#7952,#7953,#7954,#7955));
#1384=EDGE_LOOP('',(#7956,#7957,#7958,#7959));
#1385=EDGE_LOOP('',(#7960,#7961,#7962,#7963));
#1386=EDGE_LOOP('',(#7964,#7965,#7966,#7967));
#1387=EDGE_LOOP('',(#7968,#7969,#7970,#7971));
#1388=EDGE_LOOP('',(#7972,#7973,#7974,#7975));
#1389=EDGE_LOOP('',(#7976,#7977,#7978,#7979));
#1390=EDGE_LOOP('',(#7980,#7981,#7982,#7983));
#1391=EDGE_LOOP('',(#7984,#7985,#7986,#7987));
#1392=EDGE_LOOP('',(#7988,#7989,#7990,#7991));
#1393=EDGE_LOOP('',(#7992,#7993,#7994,#7995));
#1394=EDGE_LOOP('',(#7996,#7997,#7998,#7999));
#1395=EDGE_LOOP('',(#8000,#8001,#8002,#8003));
#1396=EDGE_LOOP('',(#8004,#8005,#8006,#8007));
#1397=EDGE_LOOP('',(#8008,#8009,#8010,#8011));
#1398=EDGE_LOOP('',(#8012,#8013,#8014,#8015));
#1399=EDGE_LOOP('',(#8016,#8017,#8018,#8019,#8020,#8021,#8022,#8023,#8024,
#8025,#8026,#8027));
#1400=EDGE_LOOP('',(#8028,#8029,#8030,#8031,#8032,#8033));
#1401=EDGE_LOOP('',(#8034,#8035,#8036,#8037));
#1402=EDGE_LOOP('',(#8038,#8039,#8040,#8041));
#1403=EDGE_LOOP('',(#8042,#8043,#8044,#8045));
#1404=EDGE_LOOP('',(#8046,#8047,#8048,#8049));
#1405=EDGE_LOOP('',(#8050,#8051,#8052,#8053));
#1406=EDGE_LOOP('',(#8054,#8055,#8056,#8057));
#1407=EDGE_LOOP('',(#8058,#8059,#8060,#8061));
#1408=EDGE_LOOP('',(#8062,#8063,#8064,#8065));
#1409=EDGE_LOOP('',(#8066,#8067,#8068,#8069));
#1410=EDGE_LOOP('',(#8070,#8071,#8072,#8073));
#1411=EDGE_LOOP('',(#8074,#8075,#8076,#8077));
#1412=EDGE_LOOP('',(#8078,#8079,#8080,#8081));
#1413=EDGE_LOOP('',(#8082,#8083,#8084,#8085));
#1414=EDGE_LOOP('',(#8086,#8087,#8088,#8089));
#1415=EDGE_LOOP('',(#8090,#8091,#8092,#8093));
#1416=EDGE_LOOP('',(#8094,#8095,#8096,#8097));
#1417=EDGE_LOOP('',(#8098,#8099,#8100,#8101));
#1418=EDGE_LOOP('',(#8102,#8103,#8104,#8105));
#1419=EDGE_LOOP('',(#8106,#8107,#8108,#8109));
#1420=EDGE_LOOP('',(#8110,#8111,#8112,#8113));
#1421=EDGE_LOOP('',(#8114,#8115,#8116,#8117));
#1422=EDGE_LOOP('',(#8118,#8119,#8120,#8121,#8122,#8123,#8124,#8125,#8126,
#8127,#8128,#8129,#8130,#8131,#8132,#8133,#8134,#8135,#8136,#8137,#8138));
#1423=EDGE_LOOP('',(#8139,#8140,#8141,#8142));
#1424=EDGE_LOOP('',(#8143,#8144,#8145,#8146));
#1425=EDGE_LOOP('',(#8147,#8148,#8149,#8150));
#1426=EDGE_LOOP('',(#8151,#8152,#8153,#8154));
#1427=EDGE_LOOP('',(#8155,#8156,#8157,#8158));
#1428=EDGE_LOOP('',(#8159,#8160,#8161,#8162));
#1429=EDGE_LOOP('',(#8163,#8164,#8165,#8166));
#1430=EDGE_LOOP('',(#8167,#8168,#8169,#8170));
#1431=EDGE_LOOP('',(#8171,#8172,#8173,#8174));
#1432=EDGE_LOOP('',(#8175,#8176,#8177,#8178));
#1433=EDGE_LOOP('',(#8179,#8180,#8181,#8182));
#1434=EDGE_LOOP('',(#8183,#8184,#8185,#8186));
#1435=EDGE_LOOP('',(#8187,#8188,#8189,#8190));
#1436=EDGE_LOOP('',(#8191,#8192,#8193,#8194));
#1437=EDGE_LOOP('',(#8195,#8196,#8197,#8198));
#1438=EDGE_LOOP('',(#8199,#8200,#8201,#8202));
#1439=EDGE_LOOP('',(#8203,#8204,#8205,#8206));
#1440=EDGE_LOOP('',(#8207,#8208,#8209,#8210));
#1441=EDGE_LOOP('',(#8211,#8212,#8213,#8214,#8215,#8216,#8217,#8218,#8219,
#8220,#8221,#8222,#8223));
#1442=EDGE_LOOP('',(#8224,#8225,#8226,#8227,#8228));
#1443=EDGE_LOOP('',(#8229,#8230,#8231,#8232));
#1444=EDGE_LOOP('',(#8233,#8234,#8235,#8236));
#1445=EDGE_LOOP('',(#8237,#8238,#8239,#8240));
#1446=EDGE_LOOP('',(#8241,#8242,#8243,#8244));
#1447=EDGE_LOOP('',(#8245,#8246,#8247,#8248));
#1448=EDGE_LOOP('',(#8249,#8250,#8251,#8252));
#1449=EDGE_LOOP('',(#8253,#8254,#8255,#8256));
#1450=EDGE_LOOP('',(#8257,#8258,#8259,#8260));
#1451=EDGE_LOOP('',(#8261,#8262,#8263,#8264));
#1452=EDGE_LOOP('',(#8265,#8266,#8267,#8268));
#1453=EDGE_LOOP('',(#8269,#8270,#8271,#8272));
#1454=EDGE_LOOP('',(#8273,#8274,#8275,#8276));
#1455=EDGE_LOOP('',(#8277,#8278,#8279,#8280));
#1456=EDGE_LOOP('',(#8281,#8282,#8283,#8284));
#1457=EDGE_LOOP('',(#8285,#8286,#8287,#8288));
#1458=EDGE_LOOP('',(#8289,#8290,#8291,#8292));
#1459=EDGE_LOOP('',(#8293,#8294,#8295,#8296));
#1460=EDGE_LOOP('',(#8297,#8298,#8299,#8300));
#1461=EDGE_LOOP('',(#8301,#8302,#8303,#8304,#8305,#8306,#8307,#8308,#8309,
#8310,#8311,#8312,#8313));
#1462=EDGE_LOOP('',(#8314,#8315,#8316,#8317,#8318));
#1463=EDGE_LOOP('',(#8319,#8320,#8321,#8322));
#1464=EDGE_LOOP('',(#8323,#8324,#8325,#8326));
#1465=EDGE_LOOP('',(#8327,#8328,#8329,#8330));
#1466=EDGE_LOOP('',(#8331,#8332,#8333,#8334));
#1467=EDGE_LOOP('',(#8335,#8336,#8337,#8338));
#1468=EDGE_LOOP('',(#8339,#8340,#8341,#8342));
#1469=EDGE_LOOP('',(#8343,#8344,#8345,#8346));
#1470=EDGE_LOOP('',(#8347,#8348,#8349,#8350));
#1471=EDGE_LOOP('',(#8351,#8352,#8353,#8354));
#1472=EDGE_LOOP('',(#8355,#8356,#8357,#8358));
#1473=EDGE_LOOP('',(#8359,#8360,#8361,#8362));
#1474=EDGE_LOOP('',(#8363,#8364,#8365,#8366));
#1475=EDGE_LOOP('',(#8367,#8368,#8369,#8370));
#1476=EDGE_LOOP('',(#8371,#8372,#8373,#8374));
#1477=EDGE_LOOP('',(#8375,#8376,#8377,#8378));
#1478=EDGE_LOOP('',(#8379,#8380,#8381,#8382));
#1479=EDGE_LOOP('',(#8383,#8384,#8385,#8386));
#1480=EDGE_LOOP('',(#8387,#8388,#8389,#8390));
#1481=EDGE_LOOP('',(#8391,#8392,#8393,#8394));
#1482=EDGE_LOOP('',(#8395,#8396,#8397,#8398));
#1483=EDGE_LOOP('',(#8399,#8400,#8401,#8402));
#1484=EDGE_LOOP('',(#8403,#8404,#8405,#8406));
#1485=EDGE_LOOP('',(#8407,#8408,#8409,#8410));
#1486=EDGE_LOOP('',(#8411,#8412,#8413,#8414));
#1487=EDGE_LOOP('',(#8415,#8416,#8417,#8418));
#1488=EDGE_LOOP('',(#8419,#8420,#8421,#8422,#8423,#8424,#8425,#8426,#8427,
#8428,#8429,#8430,#8431,#8432,#8433,#8434,#8435,#8436,#8437,#8438,#8439,
#8440,#8441,#8442,#8443));
#1489=EDGE_LOOP('',(#8444,#8445,#8446,#8447));
#1490=EDGE_LOOP('',(#8448,#8449,#8450,#8451));
#1491=EDGE_LOOP('',(#8452,#8453,#8454,#8455));
#1492=EDGE_LOOP('',(#8456,#8457,#8458,#8459));
#1493=EDGE_LOOP('',(#8460,#8461,#8462,#8463));
#1494=EDGE_LOOP('',(#8464,#8465,#8466,#8467));
#1495=EDGE_LOOP('',(#8468,#8469,#8470,#8471));
#1496=EDGE_LOOP('',(#8472,#8473,#8474,#8475));
#1497=EDGE_LOOP('',(#8476,#8477,#8478,#8479));
#1498=EDGE_LOOP('',(#8480,#8481,#8482,#8483));
#1499=EDGE_LOOP('',(#8484,#8485,#8486,#8487));
#1500=EDGE_LOOP('',(#8488,#8489,#8490,#8491));
#1501=EDGE_LOOP('',(#8492,#8493,#8494,#8495,#8496,#8497,#8498,#8499,#8500,
#8501,#8502,#8503));
#1502=EDGE_LOOP('',(#8504,#8505,#8506,#8507));
#1503=EDGE_LOOP('',(#8508,#8509,#8510,#8511));
#1504=EDGE_LOOP('',(#8512,#8513,#8514,#8515));
#1505=EDGE_LOOP('',(#8516,#8517,#8518,#8519));
#1506=EDGE_LOOP('',(#8520,#8521,#8522,#8523));
#1507=EDGE_LOOP('',(#8524,#8525,#8526,#8527));
#1508=EDGE_LOOP('',(#8528,#8529,#8530,#8531));
#1509=EDGE_LOOP('',(#8532,#8533,#8534,#8535));
#1510=EDGE_LOOP('',(#8536,#8537,#8538,#8539));
#1511=EDGE_LOOP('',(#8540,#8541,#8542,#8543));
#1512=EDGE_LOOP('',(#8544,#8545,#8546,#8547));
#1513=EDGE_LOOP('',(#8548,#8549,#8550,#8551));
#1514=EDGE_LOOP('',(#8552,#8553,#8554,#8555));
#1515=EDGE_LOOP('',(#8556,#8557,#8558,#8559));
#1516=EDGE_LOOP('',(#8560,#8561,#8562,#8563));
#1517=EDGE_LOOP('',(#8564,#8565,#8566,#8567));
#1518=EDGE_LOOP('',(#8568,#8569,#8570,#8571));
#1519=EDGE_LOOP('',(#8572,#8573,#8574,#8575));
#1520=EDGE_LOOP('',(#8576,#8577,#8578,#8579,#8580,#8581,#8582,#8583,#8584,
#8585,#8586,#8587,#8588));
#1521=EDGE_LOOP('',(#8589,#8590,#8591,#8592,#8593));
#1522=EDGE_LOOP('',(#8594,#8595,#8596,#8597));
#1523=EDGE_LOOP('',(#8598,#8599,#8600,#8601));
#1524=EDGE_LOOP('',(#8602,#8603,#8604,#8605));
#1525=EDGE_LOOP('',(#8606,#8607,#8608,#8609));
#1526=EDGE_LOOP('',(#8610,#8611,#8612,#8613));
#1527=EDGE_LOOP('',(#8614,#8615,#8616,#8617));
#1528=EDGE_LOOP('',(#8618,#8619,#8620,#8621));
#1529=EDGE_LOOP('',(#8622,#8623,#8624,#8625));
#1530=EDGE_LOOP('',(#8626,#8627,#8628,#8629));
#1531=EDGE_LOOP('',(#8630,#8631,#8632,#8633));
#1532=EDGE_LOOP('',(#8634,#8635,#8636,#8637));
#1533=EDGE_LOOP('',(#8638,#8639,#8640,#8641));
#1534=EDGE_LOOP('',(#8642,#8643,#8644,#8645));
#1535=EDGE_LOOP('',(#8646,#8647,#8648,#8649));
#1536=EDGE_LOOP('',(#8650,#8651,#8652,#8653));
#1537=EDGE_LOOP('',(#8654,#8655,#8656,#8657));
#1538=EDGE_LOOP('',(#8658,#8659,#8660,#8661));
#1539=EDGE_LOOP('',(#8662,#8663,#8664,#8665));
#1540=EDGE_LOOP('',(#8666,#8667,#8668,#8669,#8670,#8671,#8672,#8673,#8674,
#8675,#8676,#8677,#8678));
#1541=EDGE_LOOP('',(#8679,#8680,#8681,#8682,#8683));
#1542=EDGE_LOOP('',(#8684,#8685,#8686,#8687));
#1543=EDGE_LOOP('',(#8688,#8689,#8690,#8691));
#1544=EDGE_LOOP('',(#8692,#8693,#8694,#8695));
#1545=EDGE_LOOP('',(#8696,#8697,#8698,#8699));
#1546=EDGE_LOOP('',(#8700,#8701,#8702,#8703));
#1547=EDGE_LOOP('',(#8704,#8705,#8706,#8707));
#1548=EDGE_LOOP('',(#8708,#8709,#8710,#8711));
#1549=EDGE_LOOP('',(#8712,#8713,#8714,#8715));
#1550=EDGE_LOOP('',(#8716,#8717,#8718,#8719));
#1551=EDGE_LOOP('',(#8720,#8721,#8722,#8723));
#1552=EDGE_LOOP('',(#8724,#8725,#8726,#8727));
#1553=EDGE_LOOP('',(#8728,#8729,#8730,#8731));
#1554=EDGE_LOOP('',(#8732,#8733,#8734,#8735));
#1555=EDGE_LOOP('',(#8736,#8737,#8738,#8739));
#1556=EDGE_LOOP('',(#8740,#8741,#8742,#8743));
#1557=EDGE_LOOP('',(#8744,#8745,#8746,#8747));
#1558=EDGE_LOOP('',(#8748,#8749,#8750,#8751));
#1559=EDGE_LOOP('',(#8752,#8753,#8754,#8755));
#1560=EDGE_LOOP('',(#8756,#8757,#8758,#8759));
#1561=EDGE_LOOP('',(#8760,#8761,#8762,#8763));
#1562=EDGE_LOOP('',(#8764,#8765,#8766,#8767));
#1563=EDGE_LOOP('',(#8768,#8769,#8770,#8771,#8772,#8773,#8774,#8775,#8776,
#8777,#8778,#8779,#8780,#8781,#8782,#8783,#8784,#8785,#8786,#8787,#8788));
#1564=EDGE_LOOP('',(#8789,#8790,#8791,#8792));
#1565=EDGE_LOOP('',(#8793,#8794,#8795,#8796));
#1566=EDGE_LOOP('',(#8797,#8798,#8799,#8800));
#1567=EDGE_LOOP('',(#8801,#8802,#8803,#8804));
#1568=EDGE_LOOP('',(#8805,#8806,#8807,#8808));
#1569=EDGE_LOOP('',(#8809,#8810,#8811,#8812));
#1570=EDGE_LOOP('',(#8813,#8814,#8815,#8816));
#1571=EDGE_LOOP('',(#8817,#8818,#8819,#8820));
#1572=EDGE_LOOP('',(#8821,#8822,#8823,#8824));
#1573=EDGE_LOOP('',(#8825,#8826,#8827,#8828));
#1574=EDGE_LOOP('',(#8829,#8830,#8831,#8832));
#1575=EDGE_LOOP('',(#8833,#8834,#8835,#8836));
#1576=EDGE_LOOP('',(#8837,#8838,#8839,#8840));
#1577=EDGE_LOOP('',(#8841,#8842,#8843,#8844));
#1578=EDGE_LOOP('',(#8845,#8846,#8847,#8848));
#1579=EDGE_LOOP('',(#8849,#8850,#8851,#8852));
#1580=EDGE_LOOP('',(#8853,#8854,#8855,#8856));
#1581=EDGE_LOOP('',(#8857,#8858,#8859,#8860));
#1582=EDGE_LOOP('',(#8861,#8862,#8863,#8864,#8865,#8866,#8867,#8868,#8869,
#8870,#8871,#8872));
#1583=EDGE_LOOP('',(#8873,#8874,#8875,#8876,#8877,#8878));
#1584=EDGE_LOOP('',(#8879,#8880,#8881,#8882));
#1585=EDGE_LOOP('',(#8883,#8884,#8885,#8886));
#1586=EDGE_LOOP('',(#8887,#8888,#8889,#8890));
#1587=EDGE_LOOP('',(#8891,#8892,#8893,#8894));
#1588=EDGE_LOOP('',(#8895,#8896,#8897,#8898));
#1589=EDGE_LOOP('',(#8899,#8900,#8901,#8902));
#1590=EDGE_LOOP('',(#8903,#8904,#8905,#8906));
#1591=EDGE_LOOP('',(#8907,#8908,#8909,#8910));
#1592=EDGE_LOOP('',(#8911,#8912,#8913,#8914));
#1593=EDGE_LOOP('',(#8915,#8916,#8917,#8918));
#1594=EDGE_LOOP('',(#8919,#8920,#8921,#8922));
#1595=EDGE_LOOP('',(#8923,#8924,#8925,#8926));
#1596=EDGE_LOOP('',(#8927,#8928,#8929,#8930));
#1597=EDGE_LOOP('',(#8931,#8932,#8933,#8934));
#1598=EDGE_LOOP('',(#8935,#8936,#8937,#8938));
#1599=EDGE_LOOP('',(#8939,#8940,#8941,#8942));
#1600=EDGE_LOOP('',(#8943,#8944,#8945,#8946));
#1601=EDGE_LOOP('',(#8947,#8948,#8949,#8950));
#1602=EDGE_LOOP('',(#8951,#8952,#8953,#8954));
#1603=EDGE_LOOP('',(#8955,#8956,#8957,#8958));
#1604=EDGE_LOOP('',(#8959,#8960,#8961,#8962,#8963,#8964,#8965,#8966,#8967,
#8968,#8969,#8970,#8971,#8972));
#1605=EDGE_LOOP('',(#8973,#8974,#8975,#8976,#8977,#8978));
#1606=EDGE_LOOP('',(#8979,#8980,#8981,#8982));
#1607=EDGE_LOOP('',(#8983,#8984,#8985,#8986));
#1608=EDGE_LOOP('',(#8987,#8988,#8989,#8990));
#1609=EDGE_LOOP('',(#8991,#8992,#8993,#8994));
#1610=EDGE_LOOP('',(#8995,#8996,#8997,#8998));
#1611=EDGE_LOOP('',(#8999,#9000,#9001,#9002));
#1612=EDGE_LOOP('',(#9003,#9004,#9005,#9006));
#1613=EDGE_LOOP('',(#9007,#9008,#9009,#9010));
#1614=EDGE_LOOP('',(#9011,#9012,#9013,#9014));
#1615=EDGE_LOOP('',(#9015,#9016,#9017,#9018));
#1616=EDGE_LOOP('',(#9019,#9020,#9021,#9022));
#1617=EDGE_LOOP('',(#9023,#9024,#9025,#9026));
#1618=EDGE_LOOP('',(#9027,#9028,#9029,#9030,#9031,#9032,#9033,#9034,#9035,
#9036,#9037,#9038));
#1619=EDGE_LOOP('',(#9039,#9040,#9041,#9042));
#1620=EDGE_LOOP('',(#9043,#9044,#9045,#9046));
#1621=EDGE_LOOP('',(#9047,#9048,#9049,#9050));
#1622=EDGE_LOOP('',(#9051,#9052,#9053,#9054));
#1623=EDGE_LOOP('',(#9055,#9056,#9057,#9058));
#1624=EDGE_LOOP('',(#9059,#9060,#9061,#9062));
#1625=EDGE_LOOP('',(#9063,#9064,#9065,#9066));
#1626=EDGE_LOOP('',(#9067,#9068,#9069,#9070));
#1627=EDGE_LOOP('',(#9071,#9072,#9073,#9074));
#1628=EDGE_LOOP('',(#9075,#9076,#9077,#9078));
#1629=EDGE_LOOP('',(#9079,#9080,#9081,#9082));
#1630=EDGE_LOOP('',(#9083,#9084,#9085,#9086));
#1631=EDGE_LOOP('',(#9087,#9088,#9089,#9090));
#1632=EDGE_LOOP('',(#9091,#9092,#9093,#9094));
#1633=EDGE_LOOP('',(#9095,#9096,#9097,#9098));
#1634=EDGE_LOOP('',(#9099,#9100,#9101,#9102));
#1635=EDGE_LOOP('',(#9103,#9104,#9105,#9106));
#1636=EDGE_LOOP('',(#9107,#9108,#9109,#9110));
#1637=EDGE_LOOP('',(#9111,#9112,#9113,#9114));
#1638=EDGE_LOOP('',(#9115,#9116,#9117,#9118));
#1639=EDGE_LOOP('',(#9119,#9120,#9121,#9122));
#1640=EDGE_LOOP('',(#9123,#9124,#9125,#9126));
#1641=EDGE_LOOP('',(#9127,#9128,#9129,#9130));
#1642=EDGE_LOOP('',(#9131,#9132,#9133,#9134));
#1643=EDGE_LOOP('',(#9135,#9136,#9137,#9138));
#1644=EDGE_LOOP('',(#9139,#9140,#9141,#9142,#9143,#9144,#9145,#9146,#9147,
#9148,#9149,#9150,#9151,#9152,#9153,#9154,#9155,#9156,#9157,#9158,#9159,
#9160,#9161,#9162,#9163));
#1645=EDGE_LOOP('',(#9164,#9165,#9166,#9167));
#1646=EDGE_LOOP('',(#9168,#9169,#9170,#9171));
#1647=EDGE_LOOP('',(#9172,#9173,#9174,#9175));
#1648=EDGE_LOOP('',(#9176,#9177,#9178,#9179));
#1649=EDGE_LOOP('',(#9180,#9181,#9182,#9183));
#1650=EDGE_LOOP('',(#9184,#9185,#9186,#9187));
#1651=EDGE_LOOP('',(#9188,#9189,#9190,#9191));
#1652=EDGE_LOOP('',(#9192,#9193,#9194,#9195));
#1653=EDGE_LOOP('',(#9196,#9197,#9198,#9199));
#1654=EDGE_LOOP('',(#9200,#9201,#9202,#9203));
#1655=EDGE_LOOP('',(#9204,#9205,#9206,#9207));
#1656=EDGE_LOOP('',(#9208,#9209,#9210,#9211));
#1657=EDGE_LOOP('',(#9212,#9213,#9214,#9215));
#1658=EDGE_LOOP('',(#9216,#9217,#9218,#9219));
#1659=EDGE_LOOP('',(#9220,#9221,#9222,#9223));
#1660=EDGE_LOOP('',(#9224,#9225,#9226,#9227));
#1661=EDGE_LOOP('',(#9228,#9229,#9230,#9231));
#1662=EDGE_LOOP('',(#9232,#9233,#9234,#9235));
#1663=EDGE_LOOP('',(#9236,#9237,#9238,#9239));
#1664=EDGE_LOOP('',(#9240,#9241,#9242,#9243));
#1665=EDGE_LOOP('',(#9244,#9245,#9246,#9247,#9248,#9249,#9250,#9251,#9252,
#9253,#9254,#9255,#9256,#9257));
#1666=EDGE_LOOP('',(#9258,#9259,#9260,#9261,#9262,#9263));
#1667=EDGE_LOOP('',(#9264,#9265,#9266,#9267,#9268,#9269));
#1668=EDGE_LOOP('',(#9270,#9271,#9272,#9273,#9274,#9275));
#1669=EDGE_LOOP('',(#9276,#9277,#9278,#9279,#9280,#9281));
#1670=EDGE_LOOP('',(#9282,#9283,#9284,#9285,#9286));
#1671=EDGE_LOOP('',(#9287,#9288,#9289,#9290,#9291));
#1672=EDGE_LOOP('',(#9292,#9293,#9294,#9295,#9296));
#1673=EDGE_LOOP('',(#9297,#9298,#9299,#9300,#9301));
#1674=EDGE_LOOP('',(#9302,#9303,#9304,#9305));
#1675=EDGE_LOOP('',(#9306,#9307,#9308,#9309));
#1676=EDGE_LOOP('',(#9310,#9311,#9312,#9313));
#1677=EDGE_LOOP('',(#9314,#9315,#9316,#9317));
#1678=EDGE_LOOP('',(#9318,#9319,#9320,#9321));
#1679=EDGE_LOOP('',(#9322,#9323,#9324,#9325));
#1680=EDGE_LOOP('',(#9326,#9327,#9328,#9329));
#1681=EDGE_LOOP('',(#9330,#9331,#9332,#9333));
#1682=EDGE_LOOP('',(#9334,#9335,#9336,#9337));
#1683=EDGE_LOOP('',(#9338,#9339,#9340,#9341));
#1684=EDGE_LOOP('',(#9342,#9343,#9344,#9345));
#1685=EDGE_LOOP('',(#9346,#9347,#9348,#9349));
#1686=EDGE_LOOP('',(#9350,#9351,#9352,#9353));
#1687=EDGE_LOOP('',(#9354,#9355,#9356,#9357));
#1688=EDGE_LOOP('',(#9358,#9359,#9360,#9361));
#1689=EDGE_LOOP('',(#9362,#9363,#9364,#9365));
#1690=EDGE_LOOP('',(#9366,#9367,#9368,#9369));
#1691=EDGE_LOOP('',(#9370,#9371,#9372,#9373));
#1692=EDGE_LOOP('',(#9374,#9375,#9376,#9377));
#1693=EDGE_LOOP('',(#9378,#9379,#9380,#9381));
#1694=EDGE_LOOP('',(#9382,#9383,#9384,#9385));
#1695=EDGE_LOOP('',(#9386,#9387,#9388,#9389));
#1696=EDGE_LOOP('',(#9390,#9391,#9392,#9393));
#1697=EDGE_LOOP('',(#9394,#9395,#9396,#9397));
#1698=EDGE_LOOP('',(#9398,#9399,#9400,#9401));
#1699=EDGE_LOOP('',(#9402,#9403,#9404,#9405));
#1700=EDGE_LOOP('',(#9406,#9407,#9408,#9409));
#1701=EDGE_LOOP('',(#9410,#9411,#9412,#9413));
#1702=EDGE_LOOP('',(#9414,#9415,#9416,#9417));
#1703=EDGE_LOOP('',(#9418,#9419,#9420,#9421));
#1704=EDGE_LOOP('',(#9422,#9423,#9424,#9425));
#1705=EDGE_LOOP('',(#9426,#9427,#9428,#9429));
#1706=EDGE_LOOP('',(#9430,#9431,#9432,#9433));
#1707=EDGE_LOOP('',(#9434,#9435,#9436,#9437));
#1708=EDGE_LOOP('',(#9438,#9439,#9440,#9441));
#1709=EDGE_LOOP('',(#9442,#9443,#9444,#9445));
#1710=EDGE_LOOP('',(#9446,#9447,#9448,#9449));
#1711=EDGE_LOOP('',(#9450,#9451,#9452,#9453));
#1712=EDGE_LOOP('',(#9454,#9455,#9456,#9457));
#1713=EDGE_LOOP('',(#9458,#9459,#9460,#9461));
#1714=EDGE_LOOP('',(#9462,#9463,#9464,#9465));
#1715=EDGE_LOOP('',(#9466,#9467,#9468,#9469));
#1716=EDGE_LOOP('',(#9470,#9471,#9472,#9473));
#1717=EDGE_LOOP('',(#9474,#9475,#9476,#9477));
#1718=EDGE_LOOP('',(#9478,#9479,#9480,#9481));
#1719=EDGE_LOOP('',(#9482,#9483,#9484,#9485));
#1720=EDGE_LOOP('',(#9486,#9487,#9488,#9489));
#1721=EDGE_LOOP('',(#9490,#9491,#9492,#9493));
#1722=EDGE_LOOP('',(#9494,#9495,#9496,#9497));
#1723=EDGE_LOOP('',(#9498,#9499,#9500,#9501));
#1724=EDGE_LOOP('',(#9502,#9503,#9504,#9505));
#1725=EDGE_LOOP('',(#9506,#9507,#9508,#9509));
#1726=EDGE_LOOP('',(#9510,#9511,#9512,#9513));
#1727=EDGE_LOOP('',(#9514,#9515,#9516,#9517));
#1728=EDGE_LOOP('',(#9518,#9519,#9520,#9521));
#1729=EDGE_LOOP('',(#9522,#9523,#9524,#9525));
#1730=EDGE_LOOP('',(#9526,#9527,#9528,#9529));
#1731=EDGE_LOOP('',(#9530,#9531,#9532,#9533));
#1732=EDGE_LOOP('',(#9534,#9535,#9536,#9537));
#1733=EDGE_LOOP('',(#9538,#9539,#9540,#9541));
#1734=EDGE_LOOP('',(#9542,#9543,#9544,#9545));
#1735=EDGE_LOOP('',(#9546,#9547,#9548,#9549));
#1736=EDGE_LOOP('',(#9550,#9551,#9552,#9553));
#1737=EDGE_LOOP('',(#9554,#9555,#9556,#9557));
#1738=EDGE_LOOP('',(#9558,#9559,#9560,#9561));
#1739=EDGE_LOOP('',(#9562,#9563,#9564,#9565));
#1740=EDGE_LOOP('',(#9566,#9567,#9568,#9569));
#1741=EDGE_LOOP('',(#9570,#9571,#9572,#9573));
#1742=EDGE_LOOP('',(#9574,#9575,#9576,#9577));
#1743=EDGE_LOOP('',(#9578,#9579,#9580,#9581));
#1744=EDGE_LOOP('',(#9582,#9583,#9584,#9585));
#1745=EDGE_LOOP('',(#9586,#9587,#9588,#9589));
#1746=EDGE_LOOP('',(#9590,#9591,#9592,#9593));
#1747=EDGE_LOOP('',(#9594,#9595,#9596,#9597));
#1748=EDGE_LOOP('',(#9598,#9599,#9600,#9601));
#1749=EDGE_LOOP('',(#9602,#9603,#9604,#9605));
#1750=EDGE_LOOP('',(#9606,#9607,#9608,#9609));
#1751=EDGE_LOOP('',(#9610,#9611,#9612,#9613));
#1752=EDGE_LOOP('',(#9614,#9615,#9616,#9617));
#1753=EDGE_LOOP('',(#9618,#9619,#9620,#9621));
#1754=EDGE_LOOP('',(#9622,#9623,#9624,#9625));
#1755=EDGE_LOOP('',(#9626,#9627,#9628,#9629));
#1756=EDGE_LOOP('',(#9630,#9631,#9632,#9633));
#1757=EDGE_LOOP('',(#9634,#9635,#9636,#9637));
#1758=EDGE_LOOP('',(#9638,#9639,#9640,#9641));
#1759=EDGE_LOOP('',(#9642,#9643,#9644,#9645));
#1760=EDGE_LOOP('',(#9646,#9647,#9648,#9649));
#1761=EDGE_LOOP('',(#9650,#9651,#9652,#9653));
#1762=EDGE_LOOP('',(#9654,#9655,#9656,#9657));
#1763=EDGE_LOOP('',(#9658,#9659,#9660,#9661));
#1764=EDGE_LOOP('',(#9662,#9663,#9664,#9665));
#1765=EDGE_LOOP('',(#9666,#9667,#9668,#9669));
#1766=EDGE_LOOP('',(#9670,#9671,#9672,#9673));
#1767=EDGE_LOOP('',(#9674,#9675,#9676,#9677));
#1768=EDGE_LOOP('',(#9678,#9679,#9680,#9681));
#1769=EDGE_LOOP('',(#9682,#9683,#9684,#9685));
#1770=EDGE_LOOP('',(#9686,#9687,#9688,#9689));
#1771=EDGE_LOOP('',(#9690,#9691,#9692,#9693));
#1772=EDGE_LOOP('',(#9694,#9695,#9696,#9697));
#1773=EDGE_LOOP('',(#9698,#9699,#9700,#9701));
#1774=EDGE_LOOP('',(#9702,#9703,#9704,#9705));
#1775=EDGE_LOOP('',(#9706,#9707,#9708,#9709));
#1776=EDGE_LOOP('',(#9710,#9711,#9712,#9713));
#1777=EDGE_LOOP('',(#9714,#9715,#9716,#9717));
#1778=EDGE_LOOP('',(#9718,#9719,#9720,#9721));
#1779=EDGE_LOOP('',(#9722,#9723,#9724,#9725));
#1780=EDGE_LOOP('',(#9726,#9727,#9728,#9729));
#1781=EDGE_LOOP('',(#9730,#9731,#9732,#9733));
#1782=EDGE_LOOP('',(#9734,#9735,#9736,#9737));
#1783=EDGE_LOOP('',(#9738,#9739,#9740,#9741));
#1784=EDGE_LOOP('',(#9742,#9743,#9744,#9745));
#1785=EDGE_LOOP('',(#9746,#9747,#9748,#9749));
#1786=EDGE_LOOP('',(#9750,#9751,#9752,#9753));
#1787=EDGE_LOOP('',(#9754,#9755,#9756,#9757));
#1788=EDGE_LOOP('',(#9758,#9759,#9760,#9761));
#1789=EDGE_LOOP('',(#9762,#9763,#9764,#9765));
#1790=EDGE_LOOP('',(#9766,#9767,#9768,#9769));
#1791=EDGE_LOOP('',(#9770,#9771,#9772,#9773));
#1792=EDGE_LOOP('',(#9774,#9775,#9776,#9777));
#1793=EDGE_LOOP('',(#9778,#9779,#9780,#9781));
#1794=EDGE_LOOP('',(#9782,#9783,#9784,#9785));
#1795=EDGE_LOOP('',(#9786,#9787,#9788,#9789));
#1796=EDGE_LOOP('',(#9790,#9791,#9792,#9793));
#1797=EDGE_LOOP('',(#9794,#9795,#9796,#9797));
#1798=EDGE_LOOP('',(#9798,#9799,#9800,#9801));
#1799=EDGE_LOOP('',(#9802,#9803,#9804,#9805));
#1800=EDGE_LOOP('',(#9806,#9807,#9808,#9809));
#1801=EDGE_LOOP('',(#9810,#9811,#9812,#9813));
#1802=EDGE_LOOP('',(#9814,#9815,#9816,#9817));
#1803=EDGE_LOOP('',(#9818,#9819,#9820,#9821));
#1804=EDGE_LOOP('',(#9822,#9823,#9824,#9825));
#1805=EDGE_LOOP('',(#9826,#9827,#9828,#9829));
#1806=EDGE_LOOP('',(#9830,#9831,#9832,#9833));
#1807=EDGE_LOOP('',(#9834,#9835,#9836,#9837,#9838,#9839));
#1808=EDGE_LOOP('',(#9840,#9841,#9842,#9843));
#1809=EDGE_LOOP('',(#9844,#9845,#9846,#9847));
#1810=EDGE_LOOP('',(#9848,#9849,#9850,#9851));
#1811=EDGE_LOOP('',(#9852,#9853,#9854,#9855));
#1812=EDGE_LOOP('',(#9856,#9857,#9858,#9859));
#1813=EDGE_LOOP('',(#9860,#9861,#9862,#9863));
#1814=EDGE_LOOP('',(#9864,#9865,#9866,#9867));
#1815=EDGE_LOOP('',(#9868,#9869,#9870,#9871));
#1816=EDGE_LOOP('',(#9872,#9873,#9874,#9875));
#1817=EDGE_LOOP('',(#9876,#9877,#9878,#9879));
#1818=EDGE_LOOP('',(#9880,#9881,#9882,#9883));
#1819=EDGE_LOOP('',(#9884,#9885,#9886,#9887));
#1820=EDGE_LOOP('',(#9888,#9889,#9890,#9891));
#1821=EDGE_LOOP('',(#9892,#9893,#9894,#9895));
#1822=EDGE_LOOP('',(#9896,#9897,#9898,#9899));
#1823=EDGE_LOOP('',(#9900,#9901,#9902,#9903));
#1824=EDGE_LOOP('',(#9904,#9905,#9906,#9907));
#1825=EDGE_LOOP('',(#9908,#9909,#9910,#9911));
#1826=EDGE_LOOP('',(#9912,#9913,#9914,#9915,#9916,#9917,#9918,#9919,#9920,
#9921,#9922,#9923,#9924,#9925));
#1827=EDGE_LOOP('',(#9926,#9927,#9928,#9929));
#1828=EDGE_LOOP('',(#9930,#9931,#9932,#9933));
#1829=EDGE_LOOP('',(#9934,#9935,#9936,#9937));
#1830=EDGE_LOOP('',(#9938,#9939,#9940,#9941));
#1831=EDGE_LOOP('',(#9942,#9943,#9944,#9945));
#1832=EDGE_LOOP('',(#9946,#9947,#9948,#9949));
#1833=EDGE_LOOP('',(#9950,#9951,#9952,#9953,#9954,#9955));
#1834=EDGE_LOOP('',(#9956));
#1835=EDGE_LOOP('',(#9957));
#1836=LINE('',#14121,#2970);
#1837=LINE('',#14124,#2971);
#1838=LINE('',#14135,#2972);
#1839=LINE('',#14136,#2973);
#1840=LINE('',#14147,#2974);
#1841=LINE('',#14148,#2975);
#1842=LINE('',#14159,#2976);
#1843=LINE('',#14160,#2977);
#1844=LINE('',#14166,#2978);
#1845=LINE('',#14169,#2979);
#1846=LINE('',#14172,#2980);
#1847=LINE('',#14173,#2981);
#1848=LINE('',#14176,#2982);
#1849=LINE('',#14180,#2983);
#1850=LINE('',#14181,#2984);
#1851=LINE('',#14185,#2985);
#1852=LINE('',#14187,#2986);
#1853=LINE('',#14189,#2987);
#1854=LINE('',#14190,#2988);
#1855=LINE('',#14194,#2989);
#1856=LINE('',#14198,#2990);
#1857=LINE('',#14203,#2991);
#1858=LINE('',#14204,#2992);
#1859=LINE('',#14205,#2993);
#1860=LINE('',#14208,#2994);
#1861=LINE('',#14213,#2995);
#1862=LINE('',#14214,#2996);
#1863=LINE('',#14217,#2997);
#1864=LINE('',#14221,#2998);
#1865=LINE('',#14222,#2999);
#1866=LINE('',#14225,#3000);
#1867=LINE('',#14228,#3001);
#1868=LINE('',#14229,#3002);
#1869=LINE('',#14231,#3003);
#1870=LINE('',#14233,#3004);
#1871=LINE('',#14235,#3005);
#1872=LINE('',#14239,#3006);
#1873=LINE('',#14241,#3007);
#1874=LINE('',#14242,#3008);
#1875=LINE('',#14245,#3009);
#1876=LINE('',#14249,#3010);
#1877=LINE('',#14250,#3011);
#1878=LINE('',#14253,#3012);
#1879=LINE('',#14257,#3013);
#1880=LINE('',#14258,#3014);
#1881=LINE('',#14261,#3015);
#1882=LINE('',#14265,#3016);
#1883=LINE('',#14266,#3017);
#1884=LINE('',#14281,#3018);
#1885=LINE('',#14282,#3019);
#1886=LINE('',#14293,#3020);
#1887=LINE('',#14294,#3021);
#1888=LINE('',#14305,#3022);
#1889=LINE('',#14306,#3023);
#1890=LINE('',#14317,#3024);
#1891=LINE('',#14318,#3025);
#1892=LINE('',#14329,#3026);
#1893=LINE('',#14330,#3027);
#1894=LINE('',#14341,#3028);
#1895=LINE('',#14342,#3029);
#1896=LINE('',#14349,#3030);
#1897=LINE('',#14352,#3031);
#1898=LINE('',#14355,#3032);
#1899=LINE('',#14358,#3033);
#1900=LINE('',#14359,#3034);
#1901=LINE('',#14362,#3035);
#1902=LINE('',#14366,#3036);
#1903=LINE('',#14367,#3037);
#1904=LINE('',#14372,#3038);
#1905=LINE('',#14384,#3039);
#1906=LINE('',#14388,#3040);
#1907=LINE('',#14392,#3041);
#1908=LINE('',#14396,#3042);
#1909=LINE('',#14400,#3043);
#1910=LINE('',#14404,#3044);
#1911=LINE('',#14408,#3045);
#1912=LINE('',#14417,#3046);
#1913=LINE('',#14425,#3047);
#1914=LINE('',#14433,#3048);
#1915=LINE('',#14438,#3049);
#1916=LINE('',#14445,#3050);
#1917=LINE('',#14453,#3051);
#1918=LINE('',#14459,#3052);
#1919=LINE('',#14461,#3053);
#1920=LINE('',#14462,#3054);
#1921=LINE('',#14465,#3055);
#1922=LINE('',#14469,#3056);
#1923=LINE('',#14470,#3057);
#1924=LINE('',#14473,#3058);
#1925=LINE('',#14477,#3059);
#1926=LINE('',#14478,#3060);
#1927=LINE('',#14481,#3061);
#1928=LINE('',#14485,#3062);
#1929=LINE('',#14486,#3063);
#1930=LINE('',#14490,#3064);
#1931=LINE('',#14493,#3065);
#1932=LINE('',#14494,#3066);
#1933=LINE('',#14498,#3067);
#1934=LINE('',#14501,#3068);
#1935=LINE('',#14502,#3069);
#1936=LINE('',#14506,#3070);
#1937=LINE('',#14509,#3071);
#1938=LINE('',#14510,#3072);
#1939=LINE('',#14515,#3073);
#1940=LINE('',#14519,#3074);
#1941=LINE('',#14523,#3075);
#1942=LINE('',#14526,#3076);
#1943=LINE('',#14528,#3077);
#1944=LINE('',#14530,#3078);
#1945=LINE('',#14532,#3079);
#1946=LINE('',#14534,#3080);
#1947=LINE('',#14536,#3081);
#1948=LINE('',#14538,#3082);
#1949=LINE('',#14544,#3083);
#1950=LINE('',#14546,#3084);
#1951=LINE('',#14548,#3085);
#1952=LINE('',#14549,#3086);
#1953=LINE('',#14553,#3087);
#1954=LINE('',#14555,#3088);
#1955=LINE('',#14557,#3089);
#1956=LINE('',#14558,#3090);
#1957=LINE('',#14560,#3091);
#1958=LINE('',#14561,#3092);
#1959=LINE('',#14564,#3093);
#1960=LINE('',#14566,#3094);
#1961=LINE('',#14567,#3095);
#1962=LINE('',#14570,#3096);
#1963=LINE('',#14572,#3097);
#1964=LINE('',#14573,#3098);
#1965=LINE('',#14578,#3099);
#1966=LINE('',#14580,#3100);
#1967=LINE('',#14584,#3101);
#1968=LINE('',#14588,#3102);
#1969=LINE('',#14592,#3103);
#1970=LINE('',#14594,#3104);
#1971=LINE('',#14598,#3105);
#1972=LINE('',#14602,#3106);
#1973=LINE('',#14606,#3107);
#1974=LINE('',#14608,#3108);
#1975=LINE('',#14612,#3109);
#1976=LINE('',#14618,#3110);
#1977=LINE('',#14622,#3111);
#1978=LINE('',#14626,#3112);
#1979=LINE('',#14629,#3113);
#1980=LINE('',#14634,#3114);
#1981=LINE('',#14638,#3115);
#1982=LINE('',#14642,#3116);
#1983=LINE('',#14645,#3117);
#1984=LINE('',#14650,#3118);
#1985=LINE('',#14654,#3119);
#1986=LINE('',#14658,#3120);
#1987=LINE('',#14661,#3121);
#1988=LINE('',#14670,#3122);
#1989=LINE('',#14674,#3123);
#1990=LINE('',#14678,#3124);
#1991=LINE('',#14681,#3125);
#1992=LINE('',#14686,#3126);
#1993=LINE('',#14690,#3127);
#1994=LINE('',#14694,#3128);
#1995=LINE('',#14697,#3129);
#1996=LINE('',#14702,#3130);
#1997=LINE('',#14706,#3131);
#1998=LINE('',#14710,#3132);
#1999=LINE('',#14713,#3133);
#2000=LINE('',#14718,#3134);
#2001=LINE('',#14722,#3135);
#2002=LINE('',#14726,#3136);
#2003=LINE('',#14729,#3137);
#2004=LINE('',#14734,#3138);
#2005=LINE('',#14738,#3139);
#2006=LINE('',#14742,#3140);
#2007=LINE('',#14745,#3141);
#2008=LINE('',#14750,#3142);
#2009=LINE('',#14754,#3143);
#2010=LINE('',#14758,#3144);
#2011=LINE('',#14761,#3145);
#2012=LINE('',#14766,#3146);
#2013=LINE('',#14770,#3147);
#2014=LINE('',#14774,#3148);
#2015=LINE('',#14777,#3149);
#2016=LINE('',#14782,#3150);
#2017=LINE('',#14786,#3151);
#2018=LINE('',#14790,#3152);
#2019=LINE('',#14793,#3153);
#2020=LINE('',#14798,#3154);
#2021=LINE('',#14802,#3155);
#2022=LINE('',#14806,#3156);
#2023=LINE('',#14809,#3157);
#2024=LINE('',#14814,#3158);
#2025=LINE('',#14818,#3159);
#2026=LINE('',#14822,#3160);
#2027=LINE('',#14825,#3161);
#2028=LINE('',#14830,#3162);
#2029=LINE('',#14834,#3163);
#2030=LINE('',#14838,#3164);
#2031=LINE('',#14841,#3165);
#2032=LINE('',#14846,#3166);
#2033=LINE('',#14850,#3167);
#2034=LINE('',#14854,#3168);
#2035=LINE('',#14857,#3169);
#2036=LINE('',#14864,#3170);
#2037=LINE('',#14868,#3171);
#2038=LINE('',#14872,#3172);
#2039=LINE('',#14875,#3173);
#2040=LINE('',#14880,#3174);
#2041=LINE('',#14884,#3175);
#2042=LINE('',#14888,#3176);
#2043=LINE('',#14891,#3177);
#2044=LINE('',#14894,#3178);
#2045=LINE('',#14896,#3179);
#2046=LINE('',#14898,#3180);
#2047=LINE('',#14900,#3181);
#2048=LINE('',#14902,#3182);
#2049=LINE('',#14904,#3183);
#2050=LINE('',#14910,#3184);
#2051=LINE('',#14916,#3185);
#2052=LINE('',#14922,#3186);
#2053=LINE('',#14927,#3187);
#2054=LINE('',#14930,#3188);
#2055=LINE('',#14932,#3189);
#2056=LINE('',#14934,#3190);
#2057=LINE('',#14936,#3191);
#2058=LINE('',#14938,#3192);
#2059=LINE('',#14940,#3193);
#2060=LINE('',#14942,#3194);
#2061=LINE('',#14944,#3195);
#2062=LINE('',#14950,#3196);
#2063=LINE('',#14956,#3197);
#2064=LINE('',#14962,#3198);
#2065=LINE('',#14968,#3199);
#2066=LINE('',#14974,#3200);
#2067=LINE('',#14976,#3201);
#2068=LINE('',#14978,#3202);
#2069=LINE('',#14980,#3203);
#2070=LINE('',#14982,#3204);
#2071=LINE('',#14984,#3205);
#2072=LINE('',#14986,#3206);
#2073=LINE('',#14987,#3207);
#2074=LINE('',#14990,#3208);
#2075=LINE('',#14992,#3209);
#2076=LINE('',#14994,#3210);
#2077=LINE('',#14996,#3211);
#2078=LINE('',#14998,#3212);
#2079=LINE('',#15000,#3213);
#2080=LINE('',#15002,#3214);
#2081=LINE('',#15004,#3215);
#2082=LINE('',#15006,#3216);
#2083=LINE('',#15008,#3217);
#2084=LINE('',#15010,#3218);
#2085=LINE('',#15011,#3219);
#2086=LINE('',#15014,#3220);
#2087=LINE('',#15016,#3221);
#2088=LINE('',#15018,#3222);
#2089=LINE('',#15020,#3223);
#2090=LINE('',#15022,#3224);
#2091=LINE('',#15024,#3225);
#2092=LINE('',#15030,#3226);
#2093=LINE('',#15036,#3227);
#2094=LINE('',#15042,#3228);
#2095=LINE('',#15047,#3229);
#2096=LINE('',#15050,#3230);
#2097=LINE('',#15056,#3231);
#2098=LINE('',#15058,#3232);
#2099=LINE('',#15060,#3233);
#2100=LINE('',#15062,#3234);
#2101=LINE('',#15064,#3235);
#2102=LINE('',#15070,#3236);
#2103=LINE('',#15076,#3237);
#2104=LINE('',#15082,#3238);
#2105=LINE('',#15084,#3239);
#2106=LINE('',#15086,#3240);
#2107=LINE('',#15088,#3241);
#2108=LINE('',#15090,#3242);
#2109=LINE('',#15092,#3243);
#2110=LINE('',#15094,#3244);
#2111=LINE('',#15096,#3245);
#2112=LINE('',#15098,#3246);
#2113=LINE('',#15100,#3247);
#2114=LINE('',#15114,#3248);
#2115=LINE('',#15116,#3249);
#2116=LINE('',#15137,#3250);
#2117=LINE('',#15140,#3251);
#2118=LINE('',#15142,#3252);
#2119=LINE('',#15144,#3253);
#2120=LINE('',#15146,#3254);
#2121=LINE('',#15148,#3255);
#2122=LINE('',#15150,#3256);
#2123=LINE('',#15156,#3257);
#2124=LINE('',#15166,#3258);
#2125=LINE('',#15171,#3259);
#2126=LINE('',#15174,#3260);
#2127=LINE('',#15176,#3261);
#2128=LINE('',#15178,#3262);
#2129=LINE('',#15180,#3263);
#2130=LINE('',#15182,#3264);
#2131=LINE('',#15184,#3265);
#2132=LINE('',#15190,#3266);
#2133=LINE('',#15200,#3267);
#2134=LINE('',#15205,#3268);
#2135=LINE('',#15208,#3269);
#2136=LINE('',#15210,#3270);
#2137=LINE('',#15212,#3271);
#2138=LINE('',#15214,#3272);
#2139=LINE('',#15216,#3273);
#2140=LINE('',#15218,#3274);
#2141=LINE('',#15220,#3275);
#2142=LINE('',#15222,#3276);
#2143=LINE('',#15224,#3277);
#2144=LINE('',#15226,#3278);
#2145=LINE('',#15228,#3279);
#2146=LINE('',#15229,#3280);
#2147=LINE('',#15232,#3281);
#2148=LINE('',#15234,#3282);
#2149=LINE('',#15236,#3283);
#2150=LINE('',#15238,#3284);
#2151=LINE('',#15240,#3285);
#2152=LINE('',#15242,#3286);
#2153=LINE('',#15244,#3287);
#2154=LINE('',#15246,#3288);
#2155=LINE('',#15252,#3289);
#2156=LINE('',#15258,#3290);
#2157=LINE('',#15264,#3291);
#2158=LINE('',#15270,#3292);
#2159=LINE('',#15276,#3293);
#2160=LINE('',#15278,#3294);
#2161=LINE('',#15280,#3295);
#2162=LINE('',#15282,#3296);
#2163=LINE('',#15284,#3297);
#2164=LINE('',#15286,#3298);
#2165=LINE('',#15288,#3299);
#2166=LINE('',#15289,#3300);
#2167=LINE('',#15292,#3301);
#2168=LINE('',#15294,#3302);
#2169=LINE('',#15296,#3303);
#2170=LINE('',#15298,#3304);
#2171=LINE('',#15300,#3305);
#2172=LINE('',#15302,#3306);
#2173=LINE('',#15308,#3307);
#2174=LINE('',#15318,#3308);
#2175=LINE('',#15323,#3309);
#2176=LINE('',#15326,#3310);
#2177=LINE('',#15328,#3311);
#2178=LINE('',#15330,#3312);
#2179=LINE('',#15332,#3313);
#2180=LINE('',#15334,#3314);
#2181=LINE('',#15336,#3315);
#2182=LINE('',#15342,#3316);
#2183=LINE('',#15352,#3317);
#2184=LINE('',#15357,#3318);
#2185=LINE('',#15360,#3319);
#2186=LINE('',#15362,#3320);
#2187=LINE('',#15364,#3321);
#2188=LINE('',#15366,#3322);
#2189=LINE('',#15368,#3323);
#2190=LINE('',#15370,#3324);
#2191=LINE('',#15372,#3325);
#2192=LINE('',#15374,#3326);
#2193=LINE('',#15376,#3327);
#2194=LINE('',#15378,#3328);
#2195=LINE('',#15392,#3329);
#2196=LINE('',#15394,#3330);
#2197=LINE('',#15415,#3331);
#2198=LINE('',#15418,#3332);
#2199=LINE('',#15424,#3333);
#2200=LINE('',#15426,#3334);
#2201=LINE('',#15428,#3335);
#2202=LINE('',#15430,#3336);
#2203=LINE('',#15432,#3337);
#2204=LINE('',#15438,#3338);
#2205=LINE('',#15444,#3339);
#2206=LINE('',#15458,#3340);
#2207=LINE('',#15462,#3341);
#2208=LINE('',#15464,#3342);
#2209=LINE('',#15468,#3343);
#2210=LINE('',#15472,#3344);
#2211=LINE('',#15476,#3345);
#2212=LINE('',#15478,#3346);
#2213=LINE('',#15482,#3347);
#2214=LINE('',#15486,#3348);
#2215=LINE('',#15490,#3349);
#2216=LINE('',#15494,#3350);
#2217=LINE('',#15498,#3351);
#2218=LINE('',#15502,#3352);
#2219=LINE('',#15506,#3353);
#2220=LINE('',#15510,#3354);
#2221=LINE('',#15514,#3355);
#2222=LINE('',#15516,#3356);
#2223=LINE('',#15524,#3357);
#2224=LINE('',#15528,#3358);
#2225=LINE('',#15532,#3359);
#2226=LINE('',#15535,#3360);
#2227=LINE('',#15540,#3361);
#2228=LINE('',#15544,#3362);
#2229=LINE('',#15548,#3363);
#2230=LINE('',#15551,#3364);
#2231=LINE('',#15556,#3365);
#2232=LINE('',#15560,#3366);
#2233=LINE('',#15564,#3367);
#2234=LINE('',#15567,#3368);
#2235=LINE('',#15572,#3369);
#2236=LINE('',#15576,#3370);
#2237=LINE('',#15580,#3371);
#2238=LINE('',#15583,#3372);
#2239=LINE('',#15588,#3373);
#2240=LINE('',#15592,#3374);
#2241=LINE('',#15596,#3375);
#2242=LINE('',#15599,#3376);
#2243=LINE('',#15604,#3377);
#2244=LINE('',#15608,#3378);
#2245=LINE('',#15612,#3379);
#2246=LINE('',#15615,#3380);
#2247=LINE('',#15620,#3381);
#2248=LINE('',#15624,#3382);
#2249=LINE('',#15628,#3383);
#2250=LINE('',#15631,#3384);
#2251=LINE('',#15636,#3385);
#2252=LINE('',#15640,#3386);
#2253=LINE('',#15644,#3387);
#2254=LINE('',#15647,#3388);
#2255=LINE('',#15652,#3389);
#2256=LINE('',#15656,#3390);
#2257=LINE('',#15660,#3391);
#2258=LINE('',#15663,#3392);
#2259=LINE('',#15668,#3393);
#2260=LINE('',#15672,#3394);
#2261=LINE('',#15676,#3395);
#2262=LINE('',#15679,#3396);
#2263=LINE('',#15684,#3397);
#2264=LINE('',#15688,#3398);
#2265=LINE('',#15692,#3399);
#2266=LINE('',#15695,#3400);
#2267=LINE('',#15700,#3401);
#2268=LINE('',#15704,#3402);
#2269=LINE('',#15708,#3403);
#2270=LINE('',#15711,#3404);
#2271=LINE('',#15716,#3405);
#2272=LINE('',#15720,#3406);
#2273=LINE('',#15724,#3407);
#2274=LINE('',#15727,#3408);
#2275=LINE('',#15732,#3409);
#2276=LINE('',#15736,#3410);
#2277=LINE('',#15740,#3411);
#2278=LINE('',#15743,#3412);
#2279=LINE('',#15748,#3413);
#2280=LINE('',#15752,#3414);
#2281=LINE('',#15756,#3415);
#2282=LINE('',#15759,#3416);
#2283=LINE('',#15764,#3417);
#2284=LINE('',#15768,#3418);
#2285=LINE('',#15772,#3419);
#2286=LINE('',#15775,#3420);
#2287=LINE('',#15779,#3421);
#2288=LINE('',#15787,#3422);
#2289=LINE('',#15836,#3423);
#2290=LINE('',#15839,#3424);
#2291=LINE('',#15844,#3425);
#2292=LINE('',#15851,#3426);
#2293=LINE('',#15862,#3427);
#2294=LINE('',#15865,#3428);
#2295=LINE('',#15867,#3429);
#2296=LINE('',#15868,#3430);
#2297=LINE('',#15870,#3431);
#2298=LINE('',#15876,#3432);
#2299=LINE('',#15878,#3433);
#2300=LINE('',#15880,#3434);
#2301=LINE('',#15881,#3435);
#2302=LINE('',#15884,#3436);
#2303=LINE('',#15886,#3437);
#2304=LINE('',#15887,#3438);
#2305=LINE('',#15890,#3439);
#2306=LINE('',#15892,#3440);
#2307=LINE('',#15893,#3441);
#2308=LINE('',#15896,#3442);
#2309=LINE('',#15898,#3443);
#2310=LINE('',#15899,#3444);
#2311=LINE('',#15902,#3445);
#2312=LINE('',#15904,#3446);
#2313=LINE('',#15905,#3447);
#2314=LINE('',#15907,#3448);
#2315=LINE('',#15908,#3449);
#2316=LINE('',#15911,#3450);
#2317=LINE('',#15913,#3451);
#2318=LINE('',#15914,#3452);
#2319=LINE('',#15922,#3453);
#2320=LINE('',#15928,#3454);
#2321=LINE('',#15929,#3455);
#2322=LINE('',#15937,#3456);
#2323=LINE('',#15943,#3457);
#2324=LINE('',#15944,#3458);
#2325=LINE('',#15952,#3459);
#2326=LINE('',#15958,#3460);
#2327=LINE('',#15959,#3461);
#2328=LINE('',#15962,#3462);
#2329=LINE('',#15963,#3463);
#2330=LINE('',#15966,#3464);
#2331=LINE('',#15967,#3465);
#2332=LINE('',#15970,#3466);
#2333=LINE('',#15971,#3467);
#2334=LINE('',#15974,#3468);
#2335=LINE('',#15975,#3469);
#2336=LINE('',#15988,#3470);
#2337=LINE('',#15990,#3471);
#2338=LINE('',#15991,#3472);
#2339=LINE('',#15994,#3473);
#2340=LINE('',#15995,#3474);
#2341=LINE('',#16003,#3475);
#2342=LINE('',#16014,#3476);
#2343=LINE('',#16025,#3477);
#2344=LINE('',#16036,#3478);
#2345=LINE('',#16047,#3479);
#2346=LINE('',#16053,#3480);
#2347=LINE('',#16054,#3481);
#2348=LINE('',#16057,#3482);
#2349=LINE('',#16058,#3483);
#2350=LINE('',#16066,#3484);
#2351=LINE('',#16077,#3485);
#2352=LINE('',#16088,#3486);
#2353=LINE('',#16094,#3487);
#2354=LINE('',#16095,#3488);
#2355=LINE('',#16098,#3489);
#2356=LINE('',#16099,#3490);
#2357=LINE('',#16102,#3491);
#2358=LINE('',#16103,#3492);
#2359=LINE('',#16106,#3493);
#2360=LINE('',#16107,#3494);
#2361=LINE('',#16110,#3495);
#2362=LINE('',#16111,#3496);
#2363=LINE('',#16114,#3497);
#2364=LINE('',#16115,#3498);
#2365=LINE('',#16118,#3499);
#2366=LINE('',#16119,#3500);
#2367=LINE('',#16122,#3501);
#2368=LINE('',#16123,#3502);
#2369=LINE('',#16125,#3503);
#2370=LINE('',#16130,#3504);
#2371=LINE('',#16132,#3505);
#2372=LINE('',#16134,#3506);
#2373=LINE('',#16135,#3507);
#2374=LINE('',#16138,#3508);
#2375=LINE('',#16140,#3509);
#2376=LINE('',#16141,#3510);
#2377=LINE('',#16144,#3511);
#2378=LINE('',#16146,#3512);
#2379=LINE('',#16147,#3513);
#2380=LINE('',#16150,#3514);
#2381=LINE('',#16152,#3515);
#2382=LINE('',#16153,#3516);
#2383=LINE('',#16155,#3517);
#2384=LINE('',#16156,#3518);
#2385=LINE('',#16159,#3519);
#2386=LINE('',#16161,#3520);
#2387=LINE('',#16162,#3521);
#2388=LINE('',#16165,#3522);
#2389=LINE('',#16166,#3523);
#2390=LINE('',#16174,#3524);
#2391=LINE('',#16180,#3525);
#2392=LINE('',#16181,#3526);
#2393=LINE('',#16189,#3527);
#2394=LINE('',#16200,#3528);
#2395=LINE('',#16206,#3529);
#2396=LINE('',#16207,#3530);
#2397=LINE('',#16215,#3531);
#2398=LINE('',#16221,#3532);
#2399=LINE('',#16222,#3533);
#2400=LINE('',#16225,#3534);
#2401=LINE('',#16226,#3535);
#2402=LINE('',#16229,#3536);
#2403=LINE('',#16230,#3537);
#2404=LINE('',#16233,#3538);
#2405=LINE('',#16234,#3539);
#2406=LINE('',#16236,#3540);
#2407=LINE('',#16241,#3541);
#2408=LINE('',#16243,#3542);
#2409=LINE('',#16245,#3543);
#2410=LINE('',#16246,#3544);
#2411=LINE('',#16249,#3545);
#2412=LINE('',#16251,#3546);
#2413=LINE('',#16252,#3547);
#2414=LINE('',#16255,#3548);
#2415=LINE('',#16257,#3549);
#2416=LINE('',#16258,#3550);
#2417=LINE('',#16261,#3551);
#2418=LINE('',#16263,#3552);
#2419=LINE('',#16264,#3553);
#2420=LINE('',#16266,#3554);
#2421=LINE('',#16267,#3555);
#2422=LINE('',#16270,#3556);
#2423=LINE('',#16272,#3557);
#2424=LINE('',#16273,#3558);
#2425=LINE('',#16276,#3559);
#2426=LINE('',#16277,#3560);
#2427=LINE('',#16285,#3561);
#2428=LINE('',#16291,#3562);
#2429=LINE('',#16292,#3563);
#2430=LINE('',#16300,#3564);
#2431=LINE('',#16311,#3565);
#2432=LINE('',#16317,#3566);
#2433=LINE('',#16318,#3567);
#2434=LINE('',#16326,#3568);
#2435=LINE('',#16332,#3569);
#2436=LINE('',#16333,#3570);
#2437=LINE('',#16336,#3571);
#2438=LINE('',#16337,#3572);
#2439=LINE('',#16340,#3573);
#2440=LINE('',#16341,#3574);
#2441=LINE('',#16344,#3575);
#2442=LINE('',#16345,#3576);
#2443=LINE('',#16347,#3577);
#2444=LINE('',#16351,#3578);
#2445=LINE('',#16353,#3579);
#2446=LINE('',#16354,#3580);
#2447=LINE('',#16357,#3581);
#2448=LINE('',#16358,#3582);
#2449=LINE('',#16361,#3583);
#2450=LINE('',#16362,#3584);
#2451=LINE('',#16365,#3585);
#2452=LINE('',#16366,#3586);
#2453=LINE('',#16369,#3587);
#2454=LINE('',#16370,#3588);
#2455=LINE('',#16373,#3589);
#2456=LINE('',#16374,#3590);
#2457=LINE('',#16377,#3591);
#2458=LINE('',#16378,#3592);
#2459=LINE('',#16381,#3593);
#2460=LINE('',#16382,#3594);
#2461=LINE('',#16385,#3595);
#2462=LINE('',#16386,#3596);
#2463=LINE('',#16394,#3597);
#2464=LINE('',#16400,#3598);
#2465=LINE('',#16401,#3599);
#2466=LINE('',#16409,#3600);
#2467=LINE('',#16415,#3601);
#2468=LINE('',#16416,#3602);
#2469=LINE('',#16424,#3603);
#2470=LINE('',#16430,#3604);
#2471=LINE('',#16431,#3605);
#2472=LINE('',#16439,#3606);
#2473=LINE('',#16445,#3607);
#2474=LINE('',#16446,#3608);
#2475=LINE('',#16454,#3609);
#2476=LINE('',#16460,#3610);
#2477=LINE('',#16461,#3611);
#2478=LINE('',#16464,#3612);
#2479=LINE('',#16465,#3613);
#2480=LINE('',#16468,#3614);
#2481=LINE('',#16469,#3615);
#2482=LINE('',#16472,#3616);
#2483=LINE('',#16473,#3617);
#2484=LINE('',#16476,#3618);
#2485=LINE('',#16477,#3619);
#2486=LINE('',#16480,#3620);
#2487=LINE('',#16481,#3621);
#2488=LINE('',#16483,#3622);
#2489=LINE('',#16487,#3623);
#2490=LINE('',#16489,#3624);
#2491=LINE('',#16490,#3625);
#2492=LINE('',#16493,#3626);
#2493=LINE('',#16494,#3627);
#2494=LINE('',#16497,#3628);
#2495=LINE('',#16498,#3629);
#2496=LINE('',#16501,#3630);
#2497=LINE('',#16502,#3631);
#2498=LINE('',#16505,#3632);
#2499=LINE('',#16506,#3633);
#2500=LINE('',#16509,#3634);
#2501=LINE('',#16510,#3635);
#2502=LINE('',#16513,#3636);
#2503=LINE('',#16514,#3637);
#2504=LINE('',#16517,#3638);
#2505=LINE('',#16518,#3639);
#2506=LINE('',#16521,#3640);
#2507=LINE('',#16522,#3641);
#2508=LINE('',#16525,#3642);
#2509=LINE('',#16526,#3643);
#2510=LINE('',#16529,#3644);
#2511=LINE('',#16530,#3645);
#2512=LINE('',#16532,#3646);
#2513=LINE('',#16537,#3647);
#2514=LINE('',#16539,#3648);
#2515=LINE('',#16541,#3649);
#2516=LINE('',#16542,#3650);
#2517=LINE('',#16545,#3651);
#2518=LINE('',#16547,#3652);
#2519=LINE('',#16548,#3653);
#2520=LINE('',#16551,#3654);
#2521=LINE('',#16553,#3655);
#2522=LINE('',#16554,#3656);
#2523=LINE('',#16557,#3657);
#2524=LINE('',#16559,#3658);
#2525=LINE('',#16560,#3659);
#2526=LINE('',#16562,#3660);
#2527=LINE('',#16563,#3661);
#2528=LINE('',#16566,#3662);
#2529=LINE('',#16568,#3663);
#2530=LINE('',#16569,#3664);
#2531=LINE('',#16572,#3665);
#2532=LINE('',#16573,#3666);
#2533=LINE('',#16581,#3667);
#2534=LINE('',#16587,#3668);
#2535=LINE('',#16588,#3669);
#2536=LINE('',#16596,#3670);
#2537=LINE('',#16607,#3671);
#2538=LINE('',#16613,#3672);
#2539=LINE('',#16614,#3673);
#2540=LINE('',#16622,#3674);
#2541=LINE('',#16628,#3675);
#2542=LINE('',#16629,#3676);
#2543=LINE('',#16632,#3677);
#2544=LINE('',#16633,#3678);
#2545=LINE('',#16636,#3679);
#2546=LINE('',#16637,#3680);
#2547=LINE('',#16640,#3681);
#2548=LINE('',#16641,#3682);
#2549=LINE('',#16643,#3683);
#2550=LINE('',#16648,#3684);
#2551=LINE('',#16650,#3685);
#2552=LINE('',#16652,#3686);
#2553=LINE('',#16653,#3687);
#2554=LINE('',#16656,#3688);
#2555=LINE('',#16658,#3689);
#2556=LINE('',#16659,#3690);
#2557=LINE('',#16662,#3691);
#2558=LINE('',#16664,#3692);
#2559=LINE('',#16665,#3693);
#2560=LINE('',#16668,#3694);
#2561=LINE('',#16670,#3695);
#2562=LINE('',#16671,#3696);
#2563=LINE('',#16673,#3697);
#2564=LINE('',#16674,#3698);
#2565=LINE('',#16677,#3699);
#2566=LINE('',#16679,#3700);
#2567=LINE('',#16680,#3701);
#2568=LINE('',#16683,#3702);
#2569=LINE('',#16684,#3703);
#2570=LINE('',#16692,#3704);
#2571=LINE('',#16698,#3705);
#2572=LINE('',#16699,#3706);
#2573=LINE('',#16707,#3707);
#2574=LINE('',#16718,#3708);
#2575=LINE('',#16724,#3709);
#2576=LINE('',#16725,#3710);
#2577=LINE('',#16733,#3711);
#2578=LINE('',#16739,#3712);
#2579=LINE('',#16740,#3713);
#2580=LINE('',#16743,#3714);
#2581=LINE('',#16744,#3715);
#2582=LINE('',#16747,#3716);
#2583=LINE('',#16748,#3717);
#2584=LINE('',#16751,#3718);
#2585=LINE('',#16752,#3719);
#2586=LINE('',#16754,#3720);
#2587=LINE('',#16758,#3721);
#2588=LINE('',#16760,#3722);
#2589=LINE('',#16761,#3723);
#2590=LINE('',#16764,#3724);
#2591=LINE('',#16765,#3725);
#2592=LINE('',#16773,#3726);
#2593=LINE('',#16784,#3727);
#2594=LINE('',#16795,#3728);
#2595=LINE('',#16806,#3729);
#2596=LINE('',#16817,#3730);
#2597=LINE('',#16823,#3731);
#2598=LINE('',#16824,#3732);
#2599=LINE('',#16827,#3733);
#2600=LINE('',#16828,#3734);
#2601=LINE('',#16836,#3735);
#2602=LINE('',#16847,#3736);
#2603=LINE('',#16858,#3737);
#2604=LINE('',#16864,#3738);
#2605=LINE('',#16865,#3739);
#2606=LINE('',#16868,#3740);
#2607=LINE('',#16869,#3741);
#2608=LINE('',#16872,#3742);
#2609=LINE('',#16873,#3743);
#2610=LINE('',#16876,#3744);
#2611=LINE('',#16877,#3745);
#2612=LINE('',#16880,#3746);
#2613=LINE('',#16881,#3747);
#2614=LINE('',#16884,#3748);
#2615=LINE('',#16885,#3749);
#2616=LINE('',#16888,#3750);
#2617=LINE('',#16889,#3751);
#2618=LINE('',#16892,#3752);
#2619=LINE('',#16893,#3753);
#2620=LINE('',#16895,#3754);
#2621=LINE('',#16900,#3755);
#2622=LINE('',#16902,#3756);
#2623=LINE('',#16904,#3757);
#2624=LINE('',#16905,#3758);
#2625=LINE('',#16908,#3759);
#2626=LINE('',#16910,#3760);
#2627=LINE('',#16911,#3761);
#2628=LINE('',#16914,#3762);
#2629=LINE('',#16916,#3763);
#2630=LINE('',#16917,#3764);
#2631=LINE('',#16920,#3765);
#2632=LINE('',#16922,#3766);
#2633=LINE('',#16923,#3767);
#2634=LINE('',#16926,#3768);
#2635=LINE('',#16928,#3769);
#2636=LINE('',#16929,#3770);
#2637=LINE('',#16931,#3771);
#2638=LINE('',#16932,#3772);
#2639=LINE('',#16935,#3773);
#2640=LINE('',#16937,#3774);
#2641=LINE('',#16938,#3775);
#2642=LINE('',#16946,#3776);
#2643=LINE('',#16952,#3777);
#2644=LINE('',#16953,#3778);
#2645=LINE('',#16961,#3779);
#2646=LINE('',#16967,#3780);
#2647=LINE('',#16968,#3781);
#2648=LINE('',#16976,#3782);
#2649=LINE('',#16982,#3783);
#2650=LINE('',#16983,#3784);
#2651=LINE('',#16986,#3785);
#2652=LINE('',#16987,#3786);
#2653=LINE('',#16990,#3787);
#2654=LINE('',#16991,#3788);
#2655=LINE('',#16994,#3789);
#2656=LINE('',#16995,#3790);
#2657=LINE('',#16998,#3791);
#2658=LINE('',#16999,#3792);
#2659=LINE('',#17013,#3793);
#2660=LINE('',#17015,#3794);
#2661=LINE('',#17017,#3795);
#2662=LINE('',#17018,#3796);
#2663=LINE('',#17021,#3797);
#2664=LINE('',#17023,#3798);
#2665=LINE('',#17024,#3799);
#2666=LINE('',#17027,#3800);
#2667=LINE('',#17029,#3801);
#2668=LINE('',#17030,#3802);
#2669=LINE('',#17033,#3803);
#2670=LINE('',#17035,#3804);
#2671=LINE('',#17036,#3805);
#2672=LINE('',#17039,#3806);
#2673=LINE('',#17041,#3807);
#2674=LINE('',#17042,#3808);
#2675=LINE('',#17044,#3809);
#2676=LINE('',#17045,#3810);
#2677=LINE('',#17048,#3811);
#2678=LINE('',#17050,#3812);
#2679=LINE('',#17051,#3813);
#2680=LINE('',#17054,#3814);
#2681=LINE('',#17055,#3815);
#2682=LINE('',#17063,#3816);
#2683=LINE('',#17069,#3817);
#2684=LINE('',#17070,#3818);
#2685=LINE('',#17078,#3819);
#2686=LINE('',#17084,#3820);
#2687=LINE('',#17085,#3821);
#2688=LINE('',#17093,#3822);
#2689=LINE('',#17099,#3823);
#2690=LINE('',#17100,#3824);
#2691=LINE('',#17108,#3825);
#2692=LINE('',#17114,#3826);
#2693=LINE('',#17115,#3827);
#2694=LINE('',#17118,#3828);
#2695=LINE('',#17119,#3829);
#2696=LINE('',#17122,#3830);
#2697=LINE('',#17123,#3831);
#2698=LINE('',#17126,#3832);
#2699=LINE('',#17127,#3833);
#2700=LINE('',#17129,#3834);
#2701=LINE('',#17133,#3835);
#2702=LINE('',#17135,#3836);
#2703=LINE('',#17136,#3837);
#2704=LINE('',#17139,#3838);
#2705=LINE('',#17140,#3839);
#2706=LINE('',#17143,#3840);
#2707=LINE('',#17144,#3841);
#2708=LINE('',#17147,#3842);
#2709=LINE('',#17148,#3843);
#2710=LINE('',#17151,#3844);
#2711=LINE('',#17152,#3845);
#2712=LINE('',#17155,#3846);
#2713=LINE('',#17156,#3847);
#2714=LINE('',#17159,#3848);
#2715=LINE('',#17160,#3849);
#2716=LINE('',#17163,#3850);
#2717=LINE('',#17164,#3851);
#2718=LINE('',#17167,#3852);
#2719=LINE('',#17168,#3853);
#2720=LINE('',#17171,#3854);
#2721=LINE('',#17172,#3855);
#2722=LINE('',#17175,#3856);
#2723=LINE('',#17176,#3857);
#2724=LINE('',#17178,#3858);
#2725=LINE('',#17182,#3859);
#2726=LINE('',#17184,#3860);
#2727=LINE('',#17185,#3861);
#2728=LINE('',#17188,#3862);
#2729=LINE('',#17189,#3863);
#2730=LINE('',#17192,#3864);
#2731=LINE('',#17193,#3865);
#2732=LINE('',#17196,#3866);
#2733=LINE('',#17197,#3867);
#2734=LINE('',#17200,#3868);
#2735=LINE('',#17201,#3869);
#2736=LINE('',#17204,#3870);
#2737=LINE('',#17205,#3871);
#2738=LINE('',#17208,#3872);
#2739=LINE('',#17209,#3873);
#2740=LINE('',#17212,#3874);
#2741=LINE('',#17213,#3875);
#2742=LINE('',#17216,#3876);
#2743=LINE('',#17217,#3877);
#2744=LINE('',#17225,#3878);
#2745=LINE('',#17231,#3879);
#2746=LINE('',#17232,#3880);
#2747=LINE('',#17240,#3881);
#2748=LINE('',#17246,#3882);
#2749=LINE('',#17247,#3883);
#2750=LINE('',#17255,#3884);
#2751=LINE('',#17261,#3885);
#2752=LINE('',#17262,#3886);
#2753=LINE('',#17270,#3887);
#2754=LINE('',#17276,#3888);
#2755=LINE('',#17277,#3889);
#2756=LINE('',#17285,#3890);
#2757=LINE('',#17291,#3891);
#2758=LINE('',#17292,#3892);
#2759=LINE('',#17295,#3893);
#2760=LINE('',#17296,#3894);
#2761=LINE('',#17299,#3895);
#2762=LINE('',#17300,#3896);
#2763=LINE('',#17303,#3897);
#2764=LINE('',#17304,#3898);
#2765=LINE('',#17307,#3899);
#2766=LINE('',#17308,#3900);
#2767=LINE('',#17311,#3901);
#2768=LINE('',#17312,#3902);
#2769=LINE('',#17314,#3903);
#2770=LINE('',#17319,#3904);
#2771=LINE('',#17321,#3905);
#2772=LINE('',#17323,#3906);
#2773=LINE('',#17324,#3907);
#2774=LINE('',#17327,#3908);
#2775=LINE('',#17329,#3909);
#2776=LINE('',#17330,#3910);
#2777=LINE('',#17333,#3911);
#2778=LINE('',#17335,#3912);
#2779=LINE('',#17336,#3913);
#2780=LINE('',#17339,#3914);
#2781=LINE('',#17341,#3915);
#2782=LINE('',#17342,#3916);
#2783=LINE('',#17345,#3917);
#2784=LINE('',#17347,#3918);
#2785=LINE('',#17348,#3919);
#2786=LINE('',#17350,#3920);
#2787=LINE('',#17351,#3921);
#2788=LINE('',#17354,#3922);
#2789=LINE('',#17356,#3923);
#2790=LINE('',#17357,#3924);
#2791=LINE('',#17360,#3925);
#2792=LINE('',#17361,#3926);
#2793=LINE('',#17369,#3927);
#2794=LINE('',#17375,#3928);
#2795=LINE('',#17376,#3929);
#2796=LINE('',#17384,#3930);
#2797=LINE('',#17390,#3931);
#2798=LINE('',#17391,#3932);
#2799=LINE('',#17399,#3933);
#2800=LINE('',#17405,#3934);
#2801=LINE('',#17406,#3935);
#2802=LINE('',#17414,#3936);
#2803=LINE('',#17420,#3937);
#2804=LINE('',#17421,#3938);
#2805=LINE('',#17424,#3939);
#2806=LINE('',#17425,#3940);
#2807=LINE('',#17428,#3941);
#2808=LINE('',#17429,#3942);
#2809=LINE('',#17432,#3943);
#2810=LINE('',#17433,#3944);
#2811=LINE('',#17435,#3945);
#2812=LINE('',#17445,#3946);
#2813=LINE('',#17446,#3947);
#2814=LINE('',#17448,#3948);
#2815=LINE('',#17450,#3949);
#2816=LINE('',#17452,#3950);
#2817=LINE('',#17454,#3951);
#2818=LINE('',#17456,#3952);
#2819=LINE('',#17458,#3953);
#2820=LINE('',#17461,#3954);
#2821=LINE('',#17462,#3955);
#2822=LINE('',#17464,#3956);
#2823=LINE('',#17466,#3957);
#2824=LINE('',#17468,#3958);
#2825=LINE('',#17470,#3959);
#2826=LINE('',#17472,#3960);
#2827=LINE('',#17474,#3961);
#2828=LINE('',#17477,#3962);
#2829=LINE('',#17478,#3963);
#2830=LINE('',#17480,#3964);
#2831=LINE('',#17482,#3965);
#2832=LINE('',#17484,#3966);
#2833=LINE('',#17486,#3967);
#2834=LINE('',#17488,#3968);
#2835=LINE('',#17490,#3969);
#2836=LINE('',#17493,#3970);
#2837=LINE('',#17497,#3971);
#2838=LINE('',#17499,#3972);
#2839=LINE('',#17500,#3973);
#2840=LINE('',#17502,#3974);
#2841=LINE('',#17504,#3975);
#2842=LINE('',#17506,#3976);
#2843=LINE('',#17508,#3977);
#2844=LINE('',#17510,#3978);
#2845=LINE('',#17512,#3979);
#2846=LINE('',#17515,#3980);
#2847=LINE('',#17516,#3981);
#2848=LINE('',#17518,#3982);
#2849=LINE('',#17520,#3983);
#2850=LINE('',#17522,#3984);
#2851=LINE('',#17524,#3985);
#2852=LINE('',#17526,#3986);
#2853=LINE('',#17528,#3987);
#2854=LINE('',#17531,#3988);
#2855=LINE('',#17532,#3989);
#2856=LINE('',#17534,#3990);
#2857=LINE('',#17536,#3991);
#2858=LINE('',#17538,#3992);
#2859=LINE('',#17540,#3993);
#2860=LINE('',#17542,#3994);
#2861=LINE('',#17544,#3995);
#2862=LINE('',#17547,#3996);
#2863=LINE('',#17548,#3997);
#2864=LINE('',#17550,#3998);
#2865=LINE('',#17552,#3999);
#2866=LINE('',#17554,#4000);
#2867=LINE('',#17556,#4001);
#2868=LINE('',#17558,#4002);
#2869=LINE('',#17560,#4003);
#2870=LINE('',#17563,#4004);
#2871=LINE('',#17564,#4005);
#2872=LINE('',#17566,#4006);
#2873=LINE('',#17568,#4007);
#2874=LINE('',#17570,#4008);
#2875=LINE('',#17572,#4009);
#2876=LINE('',#17574,#4010);
#2877=LINE('',#17576,#4011);
#2878=LINE('',#17579,#4012);
#2879=LINE('',#17580,#4013);
#2880=LINE('',#17582,#4014);
#2881=LINE('',#17584,#4015);
#2882=LINE('',#17586,#4016);
#2883=LINE('',#17588,#4017);
#2884=LINE('',#17590,#4018);
#2885=LINE('',#17592,#4019);
#2886=LINE('',#17595,#4020);
#2887=LINE('',#17596,#4021);
#2888=LINE('',#17598,#4022);
#2889=LINE('',#17600,#4023);
#2890=LINE('',#17602,#4024);
#2891=LINE('',#17604,#4025);
#2892=LINE('',#17606,#4026);
#2893=LINE('',#17608,#4027);
#2894=LINE('',#17611,#4028);
#2895=LINE('',#17612,#4029);
#2896=LINE('',#17614,#4030);
#2897=LINE('',#17616,#4031);
#2898=LINE('',#17618,#4032);
#2899=LINE('',#17620,#4033);
#2900=LINE('',#17622,#4034);
#2901=LINE('',#17624,#4035);
#2902=LINE('',#17627,#4036);
#2903=LINE('',#17628,#4037);
#2904=LINE('',#17630,#4038);
#2905=LINE('',#17632,#4039);
#2906=LINE('',#17634,#4040);
#2907=LINE('',#17636,#4041);
#2908=LINE('',#17638,#4042);
#2909=LINE('',#17640,#4043);
#2910=LINE('',#17643,#4044);
#2911=LINE('',#17644,#4045);
#2912=LINE('',#17646,#4046);
#2913=LINE('',#17648,#4047);
#2914=LINE('',#17650,#4048);
#2915=LINE('',#17652,#4049);
#2916=LINE('',#17654,#4050);
#2917=LINE('',#17656,#4051);
#2918=LINE('',#17659,#4052);
#2919=LINE('',#17660,#4053);
#2920=LINE('',#17662,#4054);
#2921=LINE('',#17664,#4055);
#2922=LINE('',#17666,#4056);
#2923=LINE('',#17668,#4057);
#2924=LINE('',#17670,#4058);
#2925=LINE('',#17672,#4059);
#2926=LINE('',#17675,#4060);
#2927=LINE('',#17676,#4061);
#2928=LINE('',#17678,#4062);
#2929=LINE('',#17680,#4063);
#2930=LINE('',#17682,#4064);
#2931=LINE('',#17684,#4065);
#2932=LINE('',#17686,#4066);
#2933=LINE('',#17688,#4067);
#2934=LINE('',#17691,#4068);
#2935=LINE('',#17693,#4069);
#2936=LINE('',#17694,#4070);
#2937=LINE('',#17696,#4071);
#2938=LINE('',#17698,#4072);
#2939=LINE('',#17700,#4073);
#2940=LINE('',#17702,#4074);
#2941=LINE('',#17704,#4075);
#2942=LINE('',#17706,#4076);
#2943=LINE('',#17709,#4077);
#2944=LINE('',#17710,#4078);
#2945=LINE('',#17712,#4079);
#2946=LINE('',#17714,#4080);
#2947=LINE('',#17716,#4081);
#2948=LINE('',#17718,#4082);
#2949=LINE('',#17720,#4083);
#2950=LINE('',#17722,#4084);
#2951=LINE('',#17725,#4085);
#2952=LINE('',#17726,#4086);
#2953=LINE('',#17728,#4087);
#2954=LINE('',#17730,#4088);
#2955=LINE('',#17732,#4089);
#2956=LINE('',#17734,#4090);
#2957=LINE('',#17736,#4091);
#2958=LINE('',#17738,#4092);
#2959=LINE('',#17740,#4093);
#2960=LINE('',#17743,#4094);
#2961=LINE('',#17745,#4095);
#2962=LINE('',#17747,#4096);
#2963=LINE('',#17749,#4097);
#2964=LINE('',#17751,#4098);
#2965=LINE('',#17753,#4099);
#2966=LINE('',#17755,#4100);
#2967=LINE('',#17757,#4101);
#2968=LINE('',#17759,#4102);
#2969=LINE('',#17761,#4103);
#2970=VECTOR('',#11437,10.);
#2971=VECTOR('',#11440,10.);
#2972=VECTOR('',#11453,10.);
#2973=VECTOR('',#11454,10.);
#2974=VECTOR('',#11467,10.);
#2975=VECTOR('',#11468,10.);
#2976=VECTOR('',#11481,10.);
#2977=VECTOR('',#11482,10.);
#2978=VECTOR('',#11491,10.);
#2979=VECTOR('',#11494,10.);
#2980=VECTOR('',#11497,10.);
#2981=VECTOR('',#11498,10.);
#2982=VECTOR('',#11501,10.);
#2983=VECTOR('',#11506,10.);
#2984=VECTOR('',#11507,10.);
#2985=VECTOR('',#11510,10.);
#2986=VECTOR('',#11511,10.);
#2987=VECTOR('',#11512,10.);
#2988=VECTOR('',#11513,10.);
#2989=VECTOR('',#11516,10.);
#2990=VECTOR('',#11519,10.);
#2991=VECTOR('',#11524,10.);
#2992=VECTOR('',#11525,10.);
#2993=VECTOR('',#11526,10.);
#2994=VECTOR('',#11529,10.);
#2995=VECTOR('',#11536,10.);
#2996=VECTOR('',#11537,10.);
#2997=VECTOR('',#11540,10.);
#2998=VECTOR('',#11545,10.);
#2999=VECTOR('',#11546,10.);
#3000=VECTOR('',#11549,10.);
#3001=VECTOR('',#11554,10.);
#3002=VECTOR('',#11555,10.);
#3003=VECTOR('',#11558,10.);
#3004=VECTOR('',#11561,10.);
#3005=VECTOR('',#11564,10.);
#3006=VECTOR('',#11569,10.);
#3007=VECTOR('',#11570,10.);
#3008=VECTOR('',#11571,10.);
#3009=VECTOR('',#11574,10.);
#3010=VECTOR('',#11579,10.);
#3011=VECTOR('',#11580,10.);
#3012=VECTOR('',#11583,10.);
#3013=VECTOR('',#11588,10.);
#3014=VECTOR('',#11589,10.);
#3015=VECTOR('',#11592,10.);
#3016=VECTOR('',#11597,10.);
#3017=VECTOR('',#11598,10.);
#3018=VECTOR('',#11617,10.);
#3019=VECTOR('',#11618,10.);
#3020=VECTOR('',#11631,10.);
#3021=VECTOR('',#11632,10.);
#3022=VECTOR('',#11645,10.);
#3023=VECTOR('',#11646,10.);
#3024=VECTOR('',#11659,10.);
#3025=VECTOR('',#11660,10.);
#3026=VECTOR('',#11673,10.);
#3027=VECTOR('',#11674,10.);
#3028=VECTOR('',#11687,10.);
#3029=VECTOR('',#11688,10.);
#3030=VECTOR('',#11699,10.);
#3031=VECTOR('',#11702,10.);
#3032=VECTOR('',#11705,10.);
#3033=VECTOR('',#11708,10.);
#3034=VECTOR('',#11709,10.);
#3035=VECTOR('',#11712,10.);
#3036=VECTOR('',#11717,10.);
#3037=VECTOR('',#11718,10.);
#3038=VECTOR('',#11725,10.);
#3039=VECTOR('',#11740,10.);
#3040=VECTOR('',#11743,10.);
#3041=VECTOR('',#11746,10.);
#3042=VECTOR('',#11749,10.);
#3043=VECTOR('',#11752,10.);
#3044=VECTOR('',#11755,10.);
#3045=VECTOR('',#11758,10.);
#3046=VECTOR('',#11769,4.);
#3047=VECTOR('',#11780,4.);
#3048=VECTOR('',#11791,4.25);
#3049=VECTOR('',#11796,2.);
#3050=VECTOR('',#11805,2.);
#3051=VECTOR('',#11816,2.25);
#3052=VECTOR('',#11825,10.);
#3053=VECTOR('',#11826,10.);
#3054=VECTOR('',#11827,10.);
#3055=VECTOR('',#11830,10.);
#3056=VECTOR('',#11835,10.);
#3057=VECTOR('',#11836,10.);
#3058=VECTOR('',#11839,10.);
#3059=VECTOR('',#11844,10.);
#3060=VECTOR('',#11845,10.);
#3061=VECTOR('',#11848,10.);
#3062=VECTOR('',#11853,10.);
#3063=VECTOR('',#11854,10.);
#3064=VECTOR('',#11859,10.);
#3065=VECTOR('',#11862,10.);
#3066=VECTOR('',#11863,10.);
#3067=VECTOR('',#11868,10.);
#3068=VECTOR('',#11871,10.);
#3069=VECTOR('',#11872,10.);
#3070=VECTOR('',#11877,10.);
#3071=VECTOR('',#11880,10.);
#3072=VECTOR('',#11881,10.);
#3073=VECTOR('',#11888,10.);
#3074=VECTOR('',#11891,10.);
#3075=VECTOR('',#11894,10.);
#3076=VECTOR('',#11897,10.);
#3077=VECTOR('',#11900,10.);
#3078=VECTOR('',#11903,10.);
#3079=VECTOR('',#11906,10.);
#3080=VECTOR('',#11909,10.);
#3081=VECTOR('',#11912,10.);
#3082=VECTOR('',#11915,10.);
#3083=VECTOR('',#11922,10.);
#3084=VECTOR('',#11923,10.);
#3085=VECTOR('',#11924,10.);
#3086=VECTOR('',#11925,10.);
#3087=VECTOR('',#11928,10.);
#3088=VECTOR('',#11929,10.);
#3089=VECTOR('',#11930,10.);
#3090=VECTOR('',#11931,10.);
#3091=VECTOR('',#11934,10.);
#3092=VECTOR('',#11935,10.);
#3093=VECTOR('',#11938,10.);
#3094=VECTOR('',#11939,10.);
#3095=VECTOR('',#11940,10.);
#3096=VECTOR('',#11943,10.);
#3097=VECTOR('',#11944,10.);
#3098=VECTOR('',#11945,10.);
#3099=VECTOR('',#11950,10.);
#3100=VECTOR('',#11951,10.);
#3101=VECTOR('',#11954,10.);
#3102=VECTOR('',#11957,10.);
#3103=VECTOR('',#11960,10.);
#3104=VECTOR('',#11961,10.);
#3105=VECTOR('',#11964,10.);
#3106=VECTOR('',#11967,10.);
#3107=VECTOR('',#11970,10.);
#3108=VECTOR('',#11971,10.);
#3109=VECTOR('',#11974,10.);
#3110=VECTOR('',#11979,10.);
#3111=VECTOR('',#11982,10.);
#3112=VECTOR('',#11985,10.);
#3113=VECTOR('',#11988,10.);
#3114=VECTOR('',#11991,10.);
#3115=VECTOR('',#11994,10.);
#3116=VECTOR('',#11997,10.);
#3117=VECTOR('',#12000,10.);
#3118=VECTOR('',#12003,10.);
#3119=VECTOR('',#12006,10.);
#3120=VECTOR('',#12009,10.);
#3121=VECTOR('',#12012,10.);
#3122=VECTOR('',#12019,10.);
#3123=VECTOR('',#12022,10.);
#3124=VECTOR('',#12025,10.);
#3125=VECTOR('',#12028,10.);
#3126=VECTOR('',#12031,10.);
#3127=VECTOR('',#12034,10.);
#3128=VECTOR('',#12037,10.);
#3129=VECTOR('',#12040,10.);
#3130=VECTOR('',#12043,10.);
#3131=VECTOR('',#12046,10.);
#3132=VECTOR('',#12049,10.);
#3133=VECTOR('',#12052,10.);
#3134=VECTOR('',#12055,10.);
#3135=VECTOR('',#12058,10.);
#3136=VECTOR('',#12061,10.);
#3137=VECTOR('',#12064,10.);
#3138=VECTOR('',#12067,10.);
#3139=VECTOR('',#12070,10.);
#3140=VECTOR('',#12073,10.);
#3141=VECTOR('',#12076,10.);
#3142=VECTOR('',#12079,10.);
#3143=VECTOR('',#12082,10.);
#3144=VECTOR('',#12085,10.);
#3145=VECTOR('',#12088,10.);
#3146=VECTOR('',#12091,10.);
#3147=VECTOR('',#12094,10.);
#3148=VECTOR('',#12097,10.);
#3149=VECTOR('',#12100,10.);
#3150=VECTOR('',#12103,10.);
#3151=VECTOR('',#12106,10.);
#3152=VECTOR('',#12109,10.);
#3153=VECTOR('',#12112,10.);
#3154=VECTOR('',#12115,10.);
#3155=VECTOR('',#12118,10.);
#3156=VECTOR('',#12121,10.);
#3157=VECTOR('',#12124,10.);
#3158=VECTOR('',#12127,10.);
#3159=VECTOR('',#12130,10.);
#3160=VECTOR('',#12133,10.);
#3161=VECTOR('',#12136,10.);
#3162=VECTOR('',#12139,10.);
#3163=VECTOR('',#12142,10.);
#3164=VECTOR('',#12145,10.);
#3165=VECTOR('',#12148,10.);
#3166=VECTOR('',#12151,10.);
#3167=VECTOR('',#12154,10.);
#3168=VECTOR('',#12157,10.);
#3169=VECTOR('',#12160,10.);
#3170=VECTOR('',#12165,10.);
#3171=VECTOR('',#12168,10.);
#3172=VECTOR('',#12171,10.);
#3173=VECTOR('',#12174,10.);
#3174=VECTOR('',#12177,10.);
#3175=VECTOR('',#12180,10.);
#3176=VECTOR('',#12183,10.);
#3177=VECTOR('',#12186,10.);
#3178=VECTOR('',#12187,10.);
#3179=VECTOR('',#12188,10.);
#3180=VECTOR('',#12189,10.);
#3181=VECTOR('',#12190,10.);
#3182=VECTOR('',#12191,10.);
#3183=VECTOR('',#12192,10.);
#3184=VECTOR('',#12193,10.);
#3185=VECTOR('',#12194,10.);
#3186=VECTOR('',#12195,10.);
#3187=VECTOR('',#12196,10.);
#3188=VECTOR('',#12197,10.);
#3189=VECTOR('',#12198,10.);
#3190=VECTOR('',#12199,10.);
#3191=VECTOR('',#12200,10.);
#3192=VECTOR('',#12201,10.);
#3193=VECTOR('',#12202,10.);
#3194=VECTOR('',#12203,10.);
#3195=VECTOR('',#12204,10.);
#3196=VECTOR('',#12205,10.);
#3197=VECTOR('',#12206,10.);
#3198=VECTOR('',#12207,10.);
#3199=VECTOR('',#12208,10.);
#3200=VECTOR('',#12209,10.);
#3201=VECTOR('',#12210,10.);
#3202=VECTOR('',#12211,10.);
#3203=VECTOR('',#12212,10.);
#3204=VECTOR('',#12213,10.);
#3205=VECTOR('',#12214,10.);
#3206=VECTOR('',#12215,10.);
#3207=VECTOR('',#12216,10.);
#3208=VECTOR('',#12217,10.);
#3209=VECTOR('',#12218,10.);
#3210=VECTOR('',#12219,10.);
#3211=VECTOR('',#12220,10.);
#3212=VECTOR('',#12221,10.);
#3213=VECTOR('',#12222,10.);
#3214=VECTOR('',#12223,10.);
#3215=VECTOR('',#12224,10.);
#3216=VECTOR('',#12225,10.);
#3217=VECTOR('',#12226,10.);
#3218=VECTOR('',#12227,10.);
#3219=VECTOR('',#12228,10.);
#3220=VECTOR('',#12229,10.);
#3221=VECTOR('',#12230,10.);
#3222=VECTOR('',#12231,10.);
#3223=VECTOR('',#12232,10.);
#3224=VECTOR('',#12233,10.);
#3225=VECTOR('',#12234,10.);
#3226=VECTOR('',#12235,10.);
#3227=VECTOR('',#12236,10.);
#3228=VECTOR('',#12237,10.);
#3229=VECTOR('',#12238,10.);
#3230=VECTOR('',#12239,10.);
#3231=VECTOR('',#12240,10.);
#3232=VECTOR('',#12241,10.);
#3233=VECTOR('',#12242,10.);
#3234=VECTOR('',#12243,10.);
#3235=VECTOR('',#12244,10.);
#3236=VECTOR('',#12245,10.);
#3237=VECTOR('',#12246,10.);
#3238=VECTOR('',#12247,10.);
#3239=VECTOR('',#12248,10.);
#3240=VECTOR('',#12249,10.);
#3241=VECTOR('',#12250,10.);
#3242=VECTOR('',#12251,10.);
#3243=VECTOR('',#12252,10.);
#3244=VECTOR('',#12253,10.);
#3245=VECTOR('',#12254,10.);
#3246=VECTOR('',#12255,10.);
#3247=VECTOR('',#12256,10.);
#3248=VECTOR('',#12257,10.);
#3249=VECTOR('',#12258,10.);
#3250=VECTOR('',#12259,10.);
#3251=VECTOR('',#12260,10.);
#3252=VECTOR('',#12261,10.);
#3253=VECTOR('',#12262,10.);
#3254=VECTOR('',#12263,10.);
#3255=VECTOR('',#12264,10.);
#3256=VECTOR('',#12265,10.);
#3257=VECTOR('',#12266,10.);
#3258=VECTOR('',#12267,10.);
#3259=VECTOR('',#12268,10.);
#3260=VECTOR('',#12269,10.);
#3261=VECTOR('',#12270,10.);
#3262=VECTOR('',#12271,10.);
#3263=VECTOR('',#12272,10.);
#3264=VECTOR('',#12273,10.);
#3265=VECTOR('',#12274,10.);
#3266=VECTOR('',#12275,10.);
#3267=VECTOR('',#12276,10.);
#3268=VECTOR('',#12277,10.);
#3269=VECTOR('',#12278,10.);
#3270=VECTOR('',#12279,10.);
#3271=VECTOR('',#12280,10.);
#3272=VECTOR('',#12281,10.);
#3273=VECTOR('',#12282,10.);
#3274=VECTOR('',#12283,10.);
#3275=VECTOR('',#12284,10.);
#3276=VECTOR('',#12285,10.);
#3277=VECTOR('',#12286,10.);
#3278=VECTOR('',#12287,10.);
#3279=VECTOR('',#12288,10.);
#3280=VECTOR('',#12289,10.);
#3281=VECTOR('',#12290,10.);
#3282=VECTOR('',#12291,10.);
#3283=VECTOR('',#12292,10.);
#3284=VECTOR('',#12293,10.);
#3285=VECTOR('',#12294,10.);
#3286=VECTOR('',#12295,10.);
#3287=VECTOR('',#12296,10.);
#3288=VECTOR('',#12297,10.);
#3289=VECTOR('',#12298,10.);
#3290=VECTOR('',#12299,10.);
#3291=VECTOR('',#12300,10.);
#3292=VECTOR('',#12301,10.);
#3293=VECTOR('',#12302,10.);
#3294=VECTOR('',#12303,10.);
#3295=VECTOR('',#12304,10.);
#3296=VECTOR('',#12305,10.);
#3297=VECTOR('',#12306,10.);
#3298=VECTOR('',#12307,10.);
#3299=VECTOR('',#12308,10.);
#3300=VECTOR('',#12309,10.);
#3301=VECTOR('',#12310,10.);
#3302=VECTOR('',#12311,10.);
#3303=VECTOR('',#12312,10.);
#3304=VECTOR('',#12313,10.);
#3305=VECTOR('',#12314,10.);
#3306=VECTOR('',#12315,10.);
#3307=VECTOR('',#12316,10.);
#3308=VECTOR('',#12317,10.);
#3309=VECTOR('',#12318,10.);
#3310=VECTOR('',#12319,10.);
#3311=VECTOR('',#12320,10.);
#3312=VECTOR('',#12321,10.);
#3313=VECTOR('',#12322,10.);
#3314=VECTOR('',#12323,10.);
#3315=VECTOR('',#12324,10.);
#3316=VECTOR('',#12325,10.);
#3317=VECTOR('',#12326,10.);
#3318=VECTOR('',#12327,10.);
#3319=VECTOR('',#12328,10.);
#3320=VECTOR('',#12329,10.);
#3321=VECTOR('',#12330,10.);
#3322=VECTOR('',#12331,10.);
#3323=VECTOR('',#12332,10.);
#3324=VECTOR('',#12333,10.);
#3325=VECTOR('',#12334,10.);
#3326=VECTOR('',#12335,10.);
#3327=VECTOR('',#12336,10.);
#3328=VECTOR('',#12337,10.);
#3329=VECTOR('',#12338,10.);
#3330=VECTOR('',#12339,10.);
#3331=VECTOR('',#12340,10.);
#3332=VECTOR('',#12341,10.);
#3333=VECTOR('',#12342,10.);
#3334=VECTOR('',#12343,10.);
#3335=VECTOR('',#12344,10.);
#3336=VECTOR('',#12345,10.);
#3337=VECTOR('',#12346,10.);
#3338=VECTOR('',#12347,10.);
#3339=VECTOR('',#12348,10.);
#3340=VECTOR('',#12361,10.);
#3341=VECTOR('',#12364,10.);
#3342=VECTOR('',#12365,10.);
#3343=VECTOR('',#12368,10.);
#3344=VECTOR('',#12371,10.);
#3345=VECTOR('',#12374,10.);
#3346=VECTOR('',#12375,10.);
#3347=VECTOR('',#12378,10.);
#3348=VECTOR('',#12381,10.);
#3349=VECTOR('',#12384,10.);
#3350=VECTOR('',#12387,10.);
#3351=VECTOR('',#12390,10.);
#3352=VECTOR('',#12393,10.);
#3353=VECTOR('',#12396,10.);
#3354=VECTOR('',#12399,10.);
#3355=VECTOR('',#12402,10.);
#3356=VECTOR('',#12403,10.);
#3357=VECTOR('',#12410,10.);
#3358=VECTOR('',#12413,10.);
#3359=VECTOR('',#12416,10.);
#3360=VECTOR('',#12419,10.);
#3361=VECTOR('',#12422,10.);
#3362=VECTOR('',#12425,10.);
#3363=VECTOR('',#12428,10.);
#3364=VECTOR('',#12431,10.);
#3365=VECTOR('',#12434,10.);
#3366=VECTOR('',#12437,10.);
#3367=VECTOR('',#12440,10.);
#3368=VECTOR('',#12443,10.);
#3369=VECTOR('',#12446,10.);
#3370=VECTOR('',#12449,10.);
#3371=VECTOR('',#12452,10.);
#3372=VECTOR('',#12455,10.);
#3373=VECTOR('',#12458,10.);
#3374=VECTOR('',#12461,10.);
#3375=VECTOR('',#12464,10.);
#3376=VECTOR('',#12467,10.);
#3377=VECTOR('',#12470,10.);
#3378=VECTOR('',#12473,10.);
#3379=VECTOR('',#12476,10.);
#3380=VECTOR('',#12479,10.);
#3381=VECTOR('',#12482,10.);
#3382=VECTOR('',#12485,10.);
#3383=VECTOR('',#12488,10.);
#3384=VECTOR('',#12491,10.);
#3385=VECTOR('',#12494,10.);
#3386=VECTOR('',#12497,10.);
#3387=VECTOR('',#12500,10.);
#3388=VECTOR('',#12503,10.);
#3389=VECTOR('',#12506,10.);
#3390=VECTOR('',#12509,10.);
#3391=VECTOR('',#12512,10.);
#3392=VECTOR('',#12515,10.);
#3393=VECTOR('',#12518,10.);
#3394=VECTOR('',#12521,10.);
#3395=VECTOR('',#12524,10.);
#3396=VECTOR('',#12527,10.);
#3397=VECTOR('',#12530,10.);
#3398=VECTOR('',#12533,10.);
#3399=VECTOR('',#12536,10.);
#3400=VECTOR('',#12539,10.);
#3401=VECTOR('',#12542,10.);
#3402=VECTOR('',#12545,10.);
#3403=VECTOR('',#12548,10.);
#3404=VECTOR('',#12551,10.);
#3405=VECTOR('',#12554,10.);
#3406=VECTOR('',#12557,10.);
#3407=VECTOR('',#12560,10.);
#3408=VECTOR('',#12563,10.);
#3409=VECTOR('',#12566,10.);
#3410=VECTOR('',#12569,10.);
#3411=VECTOR('',#12572,10.);
#3412=VECTOR('',#12575,10.);
#3413=VECTOR('',#12578,10.);
#3414=VECTOR('',#12581,10.);
#3415=VECTOR('',#12584,10.);
#3416=VECTOR('',#12587,10.);
#3417=VECTOR('',#12590,10.);
#3418=VECTOR('',#12593,10.);
#3419=VECTOR('',#12596,10.);
#3420=VECTOR('',#12599,10.);
#3421=VECTOR('',#12604,4.);
#3422=VECTOR('',#12615,4.);
#3423=VECTOR('',#12622,10.);
#3424=VECTOR('',#12625,10.);
#3425=VECTOR('',#12630,2.);
#3426=VECTOR('',#12639,2.);
#3427=VECTOR('',#12652,10.);
#3428=VECTOR('',#12655,10.);
#3429=VECTOR('',#12658,10.);
#3430=VECTOR('',#12659,10.);
#3431=VECTOR('',#12662,10.);
#3432=VECTOR('',#12667,10.);
#3433=VECTOR('',#12668,10.);
#3434=VECTOR('',#12669,10.);
#3435=VECTOR('',#12670,10.);
#3436=VECTOR('',#12673,10.);
#3437=VECTOR('',#12674,10.);
#3438=VECTOR('',#12675,10.);
#3439=VECTOR('',#12678,10.);
#3440=VECTOR('',#12679,10.);
#3441=VECTOR('',#12680,10.);
#3442=VECTOR('',#12683,10.);
#3443=VECTOR('',#12684,10.);
#3444=VECTOR('',#12685,10.);
#3445=VECTOR('',#12688,10.);
#3446=VECTOR('',#12689,10.);
#3447=VECTOR('',#12690,10.);
#3448=VECTOR('',#12693,10.);
#3449=VECTOR('',#12694,10.);
#3450=VECTOR('',#12697,10.);
#3451=VECTOR('',#12698,10.);
#3452=VECTOR('',#12699,10.);
#3453=VECTOR('',#12700,10.);
#3454=VECTOR('',#12703,10.);
#3455=VECTOR('',#12704,10.);
#3456=VECTOR('',#12705,10.);
#3457=VECTOR('',#12708,10.);
#3458=VECTOR('',#12709,10.);
#3459=VECTOR('',#12710,10.);
#3460=VECTOR('',#12713,10.);
#3461=VECTOR('',#12714,10.);
#3462=VECTOR('',#12717,10.);
#3463=VECTOR('',#12718,10.);
#3464=VECTOR('',#12721,10.);
#3465=VECTOR('',#12722,10.);
#3466=VECTOR('',#12725,10.);
#3467=VECTOR('',#12726,10.);
#3468=VECTOR('',#12729,10.);
#3469=VECTOR('',#12730,10.);
#3470=VECTOR('',#12735,10.);
#3471=VECTOR('',#12736,10.);
#3472=VECTOR('',#12737,10.);
#3473=VECTOR('',#12740,10.);
#3474=VECTOR('',#12741,10.);
#3475=VECTOR('',#12742,10.);
#3476=VECTOR('',#12743,10.);
#3477=VECTOR('',#12744,10.);
#3478=VECTOR('',#12745,10.);
#3479=VECTOR('',#12746,10.);
#3480=VECTOR('',#12749,10.);
#3481=VECTOR('',#12750,10.);
#3482=VECTOR('',#12753,10.);
#3483=VECTOR('',#12754,10.);
#3484=VECTOR('',#12755,10.);
#3485=VECTOR('',#12756,10.);
#3486=VECTOR('',#12757,10.);
#3487=VECTOR('',#12760,10.);
#3488=VECTOR('',#12761,10.);
#3489=VECTOR('',#12764,10.);
#3490=VECTOR('',#12765,10.);
#3491=VECTOR('',#12768,10.);
#3492=VECTOR('',#12769,10.);
#3493=VECTOR('',#12772,10.);
#3494=VECTOR('',#12773,10.);
#3495=VECTOR('',#12776,10.);
#3496=VECTOR('',#12777,10.);
#3497=VECTOR('',#12780,10.);
#3498=VECTOR('',#12781,10.);
#3499=VECTOR('',#12784,10.);
#3500=VECTOR('',#12785,10.);
#3501=VECTOR('',#12788,10.);
#3502=VECTOR('',#12789,10.);
#3503=VECTOR('',#12792,10.);
#3504=VECTOR('',#12797,10.);
#3505=VECTOR('',#12798,10.);
#3506=VECTOR('',#12799,10.);
#3507=VECTOR('',#12800,10.);
#3508=VECTOR('',#12803,10.);
#3509=VECTOR('',#12804,10.);
#3510=VECTOR('',#12805,10.);
#3511=VECTOR('',#12808,10.);
#3512=VECTOR('',#12809,10.);
#3513=VECTOR('',#12810,10.);
#3514=VECTOR('',#12813,10.);
#3515=VECTOR('',#12814,10.);
#3516=VECTOR('',#12815,10.);
#3517=VECTOR('',#12818,10.);
#3518=VECTOR('',#12819,10.);
#3519=VECTOR('',#12822,10.);
#3520=VECTOR('',#12823,10.);
#3521=VECTOR('',#12824,10.);
#3522=VECTOR('',#12827,10.);
#3523=VECTOR('',#12828,10.);
#3524=VECTOR('',#12829,10.);
#3525=VECTOR('',#12832,10.);
#3526=VECTOR('',#12833,10.);
#3527=VECTOR('',#12834,10.);
#3528=VECTOR('',#12835,10.);
#3529=VECTOR('',#12838,10.);
#3530=VECTOR('',#12839,10.);
#3531=VECTOR('',#12840,10.);
#3532=VECTOR('',#12843,10.);
#3533=VECTOR('',#12844,10.);
#3534=VECTOR('',#12847,10.);
#3535=VECTOR('',#12848,10.);
#3536=VECTOR('',#12851,10.);
#3537=VECTOR('',#12852,10.);
#3538=VECTOR('',#12855,10.);
#3539=VECTOR('',#12856,10.);
#3540=VECTOR('',#12859,10.);
#3541=VECTOR('',#12864,10.);
#3542=VECTOR('',#12865,10.);
#3543=VECTOR('',#12866,10.);
#3544=VECTOR('',#12867,10.);
#3545=VECTOR('',#12870,10.);
#3546=VECTOR('',#12871,10.);
#3547=VECTOR('',#12872,10.);
#3548=VECTOR('',#12875,10.);
#3549=VECTOR('',#12876,10.);
#3550=VECTOR('',#12877,10.);
#3551=VECTOR('',#12880,10.);
#3552=VECTOR('',#12881,10.);
#3553=VECTOR('',#12882,10.);
#3554=VECTOR('',#12885,10.);
#3555=VECTOR('',#12886,10.);
#3556=VECTOR('',#12889,10.);
#3557=VECTOR('',#12890,10.);
#3558=VECTOR('',#12891,10.);
#3559=VECTOR('',#12894,10.);
#3560=VECTOR('',#12895,10.);
#3561=VECTOR('',#12896,10.);
#3562=VECTOR('',#12899,10.);
#3563=VECTOR('',#12900,10.);
#3564=VECTOR('',#12901,10.);
#3565=VECTOR('',#12902,10.);
#3566=VECTOR('',#12905,10.);
#3567=VECTOR('',#12906,10.);
#3568=VECTOR('',#12907,10.);
#3569=VECTOR('',#12910,10.);
#3570=VECTOR('',#12911,10.);
#3571=VECTOR('',#12914,10.);
#3572=VECTOR('',#12915,10.);
#3573=VECTOR('',#12918,10.);
#3574=VECTOR('',#12919,10.);
#3575=VECTOR('',#12922,10.);
#3576=VECTOR('',#12923,10.);
#3577=VECTOR('',#12926,10.);
#3578=VECTOR('',#12931,10.);
#3579=VECTOR('',#12932,10.);
#3580=VECTOR('',#12933,10.);
#3581=VECTOR('',#12936,10.);
#3582=VECTOR('',#12937,10.);
#3583=VECTOR('',#12940,10.);
#3584=VECTOR('',#12941,10.);
#3585=VECTOR('',#12944,10.);
#3586=VECTOR('',#12945,10.);
#3587=VECTOR('',#12948,10.);
#3588=VECTOR('',#12949,10.);
#3589=VECTOR('',#12952,10.);
#3590=VECTOR('',#12953,10.);
#3591=VECTOR('',#12956,10.);
#3592=VECTOR('',#12957,10.);
#3593=VECTOR('',#12960,10.);
#3594=VECTOR('',#12961,10.);
#3595=VECTOR('',#12964,10.);
#3596=VECTOR('',#12965,10.);
#3597=VECTOR('',#12966,10.);
#3598=VECTOR('',#12969,10.);
#3599=VECTOR('',#12970,10.);
#3600=VECTOR('',#12971,10.);
#3601=VECTOR('',#12974,10.);
#3602=VECTOR('',#12975,10.);
#3603=VECTOR('',#12976,10.);
#3604=VECTOR('',#12979,10.);
#3605=VECTOR('',#12980,10.);
#3606=VECTOR('',#12981,10.);
#3607=VECTOR('',#12984,10.);
#3608=VECTOR('',#12985,10.);
#3609=VECTOR('',#12986,10.);
#3610=VECTOR('',#12989,10.);
#3611=VECTOR('',#12990,10.);
#3612=VECTOR('',#12993,10.);
#3613=VECTOR('',#12994,10.);
#3614=VECTOR('',#12997,10.);
#3615=VECTOR('',#12998,10.);
#3616=VECTOR('',#13001,10.);
#3617=VECTOR('',#13002,10.);
#3618=VECTOR('',#13005,10.);
#3619=VECTOR('',#13006,10.);
#3620=VECTOR('',#13009,10.);
#3621=VECTOR('',#13010,10.);
#3622=VECTOR('',#13013,10.);
#3623=VECTOR('',#13018,10.);
#3624=VECTOR('',#13019,10.);
#3625=VECTOR('',#13020,10.);
#3626=VECTOR('',#13023,10.);
#3627=VECTOR('',#13024,10.);
#3628=VECTOR('',#13027,10.);
#3629=VECTOR('',#13028,10.);
#3630=VECTOR('',#13031,10.);
#3631=VECTOR('',#13032,10.);
#3632=VECTOR('',#13035,10.);
#3633=VECTOR('',#13036,10.);
#3634=VECTOR('',#13039,10.);
#3635=VECTOR('',#13040,10.);
#3636=VECTOR('',#13043,10.);
#3637=VECTOR('',#13044,10.);
#3638=VECTOR('',#13047,10.);
#3639=VECTOR('',#13048,10.);
#3640=VECTOR('',#13051,10.);
#3641=VECTOR('',#13052,10.);
#3642=VECTOR('',#13055,10.);
#3643=VECTOR('',#13056,10.);
#3644=VECTOR('',#13059,10.);
#3645=VECTOR('',#13060,10.);
#3646=VECTOR('',#13063,10.);
#3647=VECTOR('',#13068,10.);
#3648=VECTOR('',#13069,10.);
#3649=VECTOR('',#13070,10.);
#3650=VECTOR('',#13071,10.);
#3651=VECTOR('',#13074,10.);
#3652=VECTOR('',#13075,10.);
#3653=VECTOR('',#13076,10.);
#3654=VECTOR('',#13079,10.);
#3655=VECTOR('',#13080,10.);
#3656=VECTOR('',#13081,10.);
#3657=VECTOR('',#13084,10.);
#3658=VECTOR('',#13085,10.);
#3659=VECTOR('',#13086,10.);
#3660=VECTOR('',#13089,10.);
#3661=VECTOR('',#13090,10.);
#3662=VECTOR('',#13093,10.);
#3663=VECTOR('',#13094,10.);
#3664=VECTOR('',#13095,10.);
#3665=VECTOR('',#13098,10.);
#3666=VECTOR('',#13099,10.);
#3667=VECTOR('',#13100,10.);
#3668=VECTOR('',#13103,10.);
#3669=VECTOR('',#13104,10.);
#3670=VECTOR('',#13105,10.);
#3671=VECTOR('',#13106,10.);
#3672=VECTOR('',#13109,10.);
#3673=VECTOR('',#13110,10.);
#3674=VECTOR('',#13111,10.);
#3675=VECTOR('',#13114,10.);
#3676=VECTOR('',#13115,10.);
#3677=VECTOR('',#13118,10.);
#3678=VECTOR('',#13119,10.);
#3679=VECTOR('',#13122,10.);
#3680=VECTOR('',#13123,10.);
#3681=VECTOR('',#13126,10.);
#3682=VECTOR('',#13127,10.);
#3683=VECTOR('',#13130,10.);
#3684=VECTOR('',#13135,10.);
#3685=VECTOR('',#13136,10.);
#3686=VECTOR('',#13137,10.);
#3687=VECTOR('',#13138,10.);
#3688=VECTOR('',#13141,10.);
#3689=VECTOR('',#13142,10.);
#3690=VECTOR('',#13143,10.);
#3691=VECTOR('',#13146,10.);
#3692=VECTOR('',#13147,10.);
#3693=VECTOR('',#13148,10.);
#3694=VECTOR('',#13151,10.);
#3695=VECTOR('',#13152,10.);
#3696=VECTOR('',#13153,10.);
#3697=VECTOR('',#13156,10.);
#3698=VECTOR('',#13157,10.);
#3699=VECTOR('',#13160,10.);
#3700=VECTOR('',#13161,10.);
#3701=VECTOR('',#13162,10.);
#3702=VECTOR('',#13165,10.);
#3703=VECTOR('',#13166,10.);
#3704=VECTOR('',#13167,10.);
#3705=VECTOR('',#13170,10.);
#3706=VECTOR('',#13171,10.);
#3707=VECTOR('',#13172,10.);
#3708=VECTOR('',#13173,10.);
#3709=VECTOR('',#13176,10.);
#3710=VECTOR('',#13177,10.);
#3711=VECTOR('',#13178,10.);
#3712=VECTOR('',#13181,10.);
#3713=VECTOR('',#13182,10.);
#3714=VECTOR('',#13185,10.);
#3715=VECTOR('',#13186,10.);
#3716=VECTOR('',#13189,10.);
#3717=VECTOR('',#13190,10.);
#3718=VECTOR('',#13193,10.);
#3719=VECTOR('',#13194,10.);
#3720=VECTOR('',#13197,10.);
#3721=VECTOR('',#13202,10.);
#3722=VECTOR('',#13203,10.);
#3723=VECTOR('',#13204,10.);
#3724=VECTOR('',#13207,10.);
#3725=VECTOR('',#13208,10.);
#3726=VECTOR('',#13209,10.);
#3727=VECTOR('',#13210,10.);
#3728=VECTOR('',#13211,10.);
#3729=VECTOR('',#13212,10.);
#3730=VECTOR('',#13213,10.);
#3731=VECTOR('',#13216,10.);
#3732=VECTOR('',#13217,10.);
#3733=VECTOR('',#13220,10.);
#3734=VECTOR('',#13221,10.);
#3735=VECTOR('',#13222,10.);
#3736=VECTOR('',#13223,10.);
#3737=VECTOR('',#13224,10.);
#3738=VECTOR('',#13227,10.);
#3739=VECTOR('',#13228,10.);
#3740=VECTOR('',#13231,10.);
#3741=VECTOR('',#13232,10.);
#3742=VECTOR('',#13235,10.);
#3743=VECTOR('',#13236,10.);
#3744=VECTOR('',#13239,10.);
#3745=VECTOR('',#13240,10.);
#3746=VECTOR('',#13243,10.);
#3747=VECTOR('',#13244,10.);
#3748=VECTOR('',#13247,10.);
#3749=VECTOR('',#13248,10.);
#3750=VECTOR('',#13251,10.);
#3751=VECTOR('',#13252,10.);
#3752=VECTOR('',#13255,10.);
#3753=VECTOR('',#13256,10.);
#3754=VECTOR('',#13259,10.);
#3755=VECTOR('',#13264,10.);
#3756=VECTOR('',#13265,10.);
#3757=VECTOR('',#13266,10.);
#3758=VECTOR('',#13267,10.);
#3759=VECTOR('',#13270,10.);
#3760=VECTOR('',#13271,10.);
#3761=VECTOR('',#13272,10.);
#3762=VECTOR('',#13275,10.);
#3763=VECTOR('',#13276,10.);
#3764=VECTOR('',#13277,10.);
#3765=VECTOR('',#13280,10.);
#3766=VECTOR('',#13281,10.);
#3767=VECTOR('',#13282,10.);
#3768=VECTOR('',#13285,10.);
#3769=VECTOR('',#13286,10.);
#3770=VECTOR('',#13287,10.);
#3771=VECTOR('',#13290,10.);
#3772=VECTOR('',#13291,10.);
#3773=VECTOR('',#13294,10.);
#3774=VECTOR('',#13295,10.);
#3775=VECTOR('',#13296,10.);
#3776=VECTOR('',#13297,10.);
#3777=VECTOR('',#13300,10.);
#3778=VECTOR('',#13301,10.);
#3779=VECTOR('',#13302,10.);
#3780=VECTOR('',#13305,10.);
#3781=VECTOR('',#13306,10.);
#3782=VECTOR('',#13307,10.);
#3783=VECTOR('',#13310,10.);
#3784=VECTOR('',#13311,10.);
#3785=VECTOR('',#13314,10.);
#3786=VECTOR('',#13315,10.);
#3787=VECTOR('',#13318,10.);
#3788=VECTOR('',#13319,10.);
#3789=VECTOR('',#13322,10.);
#3790=VECTOR('',#13323,10.);
#3791=VECTOR('',#13326,10.);
#3792=VECTOR('',#13327,10.);
#3793=VECTOR('',#13332,10.);
#3794=VECTOR('',#13333,10.);
#3795=VECTOR('',#13334,10.);
#3796=VECTOR('',#13335,10.);
#3797=VECTOR('',#13338,10.);
#3798=VECTOR('',#13339,10.);
#3799=VECTOR('',#13340,10.);
#3800=VECTOR('',#13343,10.);
#3801=VECTOR('',#13344,10.);
#3802=VECTOR('',#13345,10.);
#3803=VECTOR('',#13348,10.);
#3804=VECTOR('',#13349,10.);
#3805=VECTOR('',#13350,10.);
#3806=VECTOR('',#13353,10.);
#3807=VECTOR('',#13354,10.);
#3808=VECTOR('',#13355,10.);
#3809=VECTOR('',#13358,10.);
#3810=VECTOR('',#13359,10.);
#3811=VECTOR('',#13362,10.);
#3812=VECTOR('',#13363,10.);
#3813=VECTOR('',#13364,10.);
#3814=VECTOR('',#13367,10.);
#3815=VECTOR('',#13368,10.);
#3816=VECTOR('',#13369,10.);
#3817=VECTOR('',#13372,10.);
#3818=VECTOR('',#13373,10.);
#3819=VECTOR('',#13374,10.);
#3820=VECTOR('',#13377,10.);
#3821=VECTOR('',#13378,10.);
#3822=VECTOR('',#13379,10.);
#3823=VECTOR('',#13382,10.);
#3824=VECTOR('',#13383,10.);
#3825=VECTOR('',#13384,10.);
#3826=VECTOR('',#13387,10.);
#3827=VECTOR('',#13388,10.);
#3828=VECTOR('',#13391,10.);
#3829=VECTOR('',#13392,10.);
#3830=VECTOR('',#13395,10.);
#3831=VECTOR('',#13396,10.);
#3832=VECTOR('',#13399,10.);
#3833=VECTOR('',#13400,10.);
#3834=VECTOR('',#13403,10.);
#3835=VECTOR('',#13408,10.);
#3836=VECTOR('',#13409,10.);
#3837=VECTOR('',#13410,10.);
#3838=VECTOR('',#13413,10.);
#3839=VECTOR('',#13414,10.);
#3840=VECTOR('',#13417,10.);
#3841=VECTOR('',#13418,10.);
#3842=VECTOR('',#13421,10.);
#3843=VECTOR('',#13422,10.);
#3844=VECTOR('',#13425,10.);
#3845=VECTOR('',#13426,10.);
#3846=VECTOR('',#13429,10.);
#3847=VECTOR('',#13430,10.);
#3848=VECTOR('',#13433,10.);
#3849=VECTOR('',#13434,10.);
#3850=VECTOR('',#13437,10.);
#3851=VECTOR('',#13438,10.);
#3852=VECTOR('',#13441,10.);
#3853=VECTOR('',#13442,10.);
#3854=VECTOR('',#13445,10.);
#3855=VECTOR('',#13446,10.);
#3856=VECTOR('',#13449,10.);
#3857=VECTOR('',#13450,10.);
#3858=VECTOR('',#13453,10.);
#3859=VECTOR('',#13458,10.);
#3860=VECTOR('',#13459,10.);
#3861=VECTOR('',#13460,10.);
#3862=VECTOR('',#13463,10.);
#3863=VECTOR('',#13464,10.);
#3864=VECTOR('',#13467,10.);
#3865=VECTOR('',#13468,10.);
#3866=VECTOR('',#13471,10.);
#3867=VECTOR('',#13472,10.);
#3868=VECTOR('',#13475,10.);
#3869=VECTOR('',#13476,10.);
#3870=VECTOR('',#13479,10.);
#3871=VECTOR('',#13480,10.);
#3872=VECTOR('',#13483,10.);
#3873=VECTOR('',#13484,10.);
#3874=VECTOR('',#13487,10.);
#3875=VECTOR('',#13488,10.);
#3876=VECTOR('',#13491,10.);
#3877=VECTOR('',#13492,10.);
#3878=VECTOR('',#13493,10.);
#3879=VECTOR('',#13496,10.);
#3880=VECTOR('',#13497,10.);
#3881=VECTOR('',#13498,10.);
#3882=VECTOR('',#13501,10.);
#3883=VECTOR('',#13502,10.);
#3884=VECTOR('',#13503,10.);
#3885=VECTOR('',#13506,10.);
#3886=VECTOR('',#13507,10.);
#3887=VECTOR('',#13508,10.);
#3888=VECTOR('',#13511,10.);
#3889=VECTOR('',#13512,10.);
#3890=VECTOR('',#13513,10.);
#3891=VECTOR('',#13516,10.);
#3892=VECTOR('',#13517,10.);
#3893=VECTOR('',#13520,10.);
#3894=VECTOR('',#13521,10.);
#3895=VECTOR('',#13524,10.);
#3896=VECTOR('',#13525,10.);
#3897=VECTOR('',#13528,10.);
#3898=VECTOR('',#13529,10.);
#3899=VECTOR('',#13532,10.);
#3900=VECTOR('',#13533,10.);
#3901=VECTOR('',#13536,10.);
#3902=VECTOR('',#13537,10.);
#3903=VECTOR('',#13540,10.);
#3904=VECTOR('',#13545,10.);
#3905=VECTOR('',#13546,10.);
#3906=VECTOR('',#13547,10.);
#3907=VECTOR('',#13548,10.);
#3908=VECTOR('',#13551,10.);
#3909=VECTOR('',#13552,10.);
#3910=VECTOR('',#13553,10.);
#3911=VECTOR('',#13556,10.);
#3912=VECTOR('',#13557,10.);
#3913=VECTOR('',#13558,10.);
#3914=VECTOR('',#13561,10.);
#3915=VECTOR('',#13562,10.);
#3916=VECTOR('',#13563,10.);
#3917=VECTOR('',#13566,10.);
#3918=VECTOR('',#13567,10.);
#3919=VECTOR('',#13568,10.);
#3920=VECTOR('',#13571,10.);
#3921=VECTOR('',#13572,10.);
#3922=VECTOR('',#13575,10.);
#3923=VECTOR('',#13576,10.);
#3924=VECTOR('',#13577,10.);
#3925=VECTOR('',#13580,10.);
#3926=VECTOR('',#13581,10.);
#3927=VECTOR('',#13582,10.);
#3928=VECTOR('',#13585,10.);
#3929=VECTOR('',#13586,10.);
#3930=VECTOR('',#13587,10.);
#3931=VECTOR('',#13590,10.);
#3932=VECTOR('',#13591,10.);
#3933=VECTOR('',#13592,10.);
#3934=VECTOR('',#13595,10.);
#3935=VECTOR('',#13596,10.);
#3936=VECTOR('',#13597,10.);
#3937=VECTOR('',#13600,10.);
#3938=VECTOR('',#13601,10.);
#3939=VECTOR('',#13604,10.);
#3940=VECTOR('',#13605,10.);
#3941=VECTOR('',#13608,10.);
#3942=VECTOR('',#13609,10.);
#3943=VECTOR('',#13612,10.);
#3944=VECTOR('',#13613,10.);
#3945=VECTOR('',#13616,10.);
#3946=VECTOR('',#13635,10.);
#3947=VECTOR('',#13636,10.);
#3948=VECTOR('',#13639,10.);
#3949=VECTOR('',#13642,10.);
#3950=VECTOR('',#13645,10.);
#3951=VECTOR('',#13648,10.);
#3952=VECTOR('',#13651,10.);
#3953=VECTOR('',#13654,10.);
#3954=VECTOR('',#13659,10.);
#3955=VECTOR('',#13660,10.);
#3956=VECTOR('',#13663,10.);
#3957=VECTOR('',#13666,10.);
#3958=VECTOR('',#13669,10.);
#3959=VECTOR('',#13672,10.);
#3960=VECTOR('',#13675,10.);
#3961=VECTOR('',#13678,10.);
#3962=VECTOR('',#13683,10.);
#3963=VECTOR('',#13684,10.);
#3964=VECTOR('',#13687,10.);
#3965=VECTOR('',#13690,10.);
#3966=VECTOR('',#13693,10.);
#3967=VECTOR('',#13696,10.);
#3968=VECTOR('',#13699,10.);
#3969=VECTOR('',#13702,10.);
#3970=VECTOR('',#13707,1.6);
#3971=VECTOR('',#13712,1.6);
#3972=VECTOR('',#13715,10.);
#3973=VECTOR('',#13716,10.);
#3974=VECTOR('',#13719,10.);
#3975=VECTOR('',#13722,10.);
#3976=VECTOR('',#13725,10.);
#3977=VECTOR('',#13728,10.);
#3978=VECTOR('',#13731,10.);
#3979=VECTOR('',#13734,10.);
#3980=VECTOR('',#13739,10.);
#3981=VECTOR('',#13740,10.);
#3982=VECTOR('',#13743,10.);
#3983=VECTOR('',#13746,10.);
#3984=VECTOR('',#13749,10.);
#3985=VECTOR('',#13752,10.);
#3986=VECTOR('',#13755,10.);
#3987=VECTOR('',#13758,10.);
#3988=VECTOR('',#13763,10.);
#3989=VECTOR('',#13764,10.);
#3990=VECTOR('',#13767,10.);
#3991=VECTOR('',#13770,10.);
#3992=VECTOR('',#13773,10.);
#3993=VECTOR('',#13776,10.);
#3994=VECTOR('',#13779,10.);
#3995=VECTOR('',#13782,10.);
#3996=VECTOR('',#13787,10.);
#3997=VECTOR('',#13788,10.);
#3998=VECTOR('',#13791,10.);
#3999=VECTOR('',#13794,10.);
#4000=VECTOR('',#13797,10.);
#4001=VECTOR('',#13800,10.);
#4002=VECTOR('',#13803,10.);
#4003=VECTOR('',#13806,10.);
#4004=VECTOR('',#13811,10.);
#4005=VECTOR('',#13812,10.);
#4006=VECTOR('',#13815,10.);
#4007=VECTOR('',#13818,10.);
#4008=VECTOR('',#13821,10.);
#4009=VECTOR('',#13824,10.);
#4010=VECTOR('',#13827,10.);
#4011=VECTOR('',#13830,10.);
#4012=VECTOR('',#13835,10.);
#4013=VECTOR('',#13836,10.);
#4014=VECTOR('',#13839,10.);
#4015=VECTOR('',#13842,10.);
#4016=VECTOR('',#13845,10.);
#4017=VECTOR('',#13848,10.);
#4018=VECTOR('',#13851,10.);
#4019=VECTOR('',#13854,10.);
#4020=VECTOR('',#13859,10.);
#4021=VECTOR('',#13860,10.);
#4022=VECTOR('',#13863,10.);
#4023=VECTOR('',#13866,10.);
#4024=VECTOR('',#13869,10.);
#4025=VECTOR('',#13872,10.);
#4026=VECTOR('',#13875,10.);
#4027=VECTOR('',#13878,10.);
#4028=VECTOR('',#13883,10.);
#4029=VECTOR('',#13884,10.);
#4030=VECTOR('',#13887,10.);
#4031=VECTOR('',#13890,10.);
#4032=VECTOR('',#13893,10.);
#4033=VECTOR('',#13896,10.);
#4034=VECTOR('',#13899,10.);
#4035=VECTOR('',#13902,10.);
#4036=VECTOR('',#13907,10.);
#4037=VECTOR('',#13908,10.);
#4038=VECTOR('',#13911,10.);
#4039=VECTOR('',#13914,10.);
#4040=VECTOR('',#13917,10.);
#4041=VECTOR('',#13920,10.);
#4042=VECTOR('',#13923,10.);
#4043=VECTOR('',#13926,10.);
#4044=VECTOR('',#13931,10.);
#4045=VECTOR('',#13932,10.);
#4046=VECTOR('',#13935,10.);
#4047=VECTOR('',#13938,10.);
#4048=VECTOR('',#13941,10.);
#4049=VECTOR('',#13944,10.);
#4050=VECTOR('',#13947,10.);
#4051=VECTOR('',#13950,10.);
#4052=VECTOR('',#13955,10.);
#4053=VECTOR('',#13956,10.);
#4054=VECTOR('',#13959,10.);
#4055=VECTOR('',#13962,10.);
#4056=VECTOR('',#13965,10.);
#4057=VECTOR('',#13968,10.);
#4058=VECTOR('',#13971,10.);
#4059=VECTOR('',#13974,10.);
#4060=VECTOR('',#13979,10.);
#4061=VECTOR('',#13980,10.);
#4062=VECTOR('',#13983,10.);
#4063=VECTOR('',#13986,10.);
#4064=VECTOR('',#13989,10.);
#4065=VECTOR('',#13992,10.);
#4066=VECTOR('',#13995,10.);
#4067=VECTOR('',#13998,10.);
#4068=VECTOR('',#14003,1.6);
#4069=VECTOR('',#14006,10.);
#4070=VECTOR('',#14007,10.);
#4071=VECTOR('',#14010,10.);
#4072=VECTOR('',#14013,10.);
#4073=VECTOR('',#14016,10.);
#4074=VECTOR('',#14019,10.);
#4075=VECTOR('',#14022,10.);
#4076=VECTOR('',#14025,10.);
#4077=VECTOR('',#14030,10.);
#4078=VECTOR('',#14031,10.);
#4079=VECTOR('',#14034,10.);
#4080=VECTOR('',#14037,10.);
#4081=VECTOR('',#14040,10.);
#4082=VECTOR('',#14043,10.);
#4083=VECTOR('',#14046,10.);
#4084=VECTOR('',#14049,10.);
#4085=VECTOR('',#14054,10.);
#4086=VECTOR('',#14055,10.);
#4087=VECTOR('',#14058,10.);
#4088=VECTOR('',#14061,10.);
#4089=VECTOR('',#14064,10.);
#4090=VECTOR('',#14067,10.);
#4091=VECTOR('',#14070,10.);
#4092=VECTOR('',#14073,10.);
#4093=VECTOR('',#14076,10.);
#4094=VECTOR('',#14081,10.);
#4095=VECTOR('',#14084,10.);
#4096=VECTOR('',#14087,10.);
#4097=VECTOR('',#14090,10.);
#4098=VECTOR('',#14093,10.);
#4099=VECTOR('',#14096,10.);
#4100=VECTOR('',#14099,10.);
#4101=VECTOR('',#14102,10.);
#4102=VECTOR('',#14105,10.);
#4103=VECTOR('',#14108,10.);
#4104=CIRCLE('',#10658,0.699999999999998);
#4105=CIRCLE('',#10659,0.700000000000003);
#4106=CIRCLE('',#10661,0.699999999999998);
#4107=CIRCLE('',#10662,2.95);
#4108=CIRCLE('',#10663,2.25);
#4109=CIRCLE('',#10665,0.700000000000001);
#4110=CIRCLE('',#10667,0.700000000000003);
#4111=CIRCLE('',#10668,2.95);
#4112=CIRCLE('',#10669,2.25);
#4113=CIRCLE('',#10671,0.699999999999994);
#4114=CIRCLE('',#10673,0.700000000000001);
#4115=CIRCLE('',#10674,2.95);
#4116=CIRCLE('',#10675,2.25);
#4117=CIRCLE('',#10677,0.700000000000001);
#4118=CIRCLE('',#10679,2.95);
#4119=CIRCLE('',#10680,2.25);
#4120=CIRCLE('',#10682,2.25);
#4121=CIRCLE('',#10685,2.25);
#4122=CIRCLE('',#10689,2.25);
#4123=CIRCLE('',#10690,1.25);
#4124=CIRCLE('',#10693,2.25);
#4125=CIRCLE('',#10694,1.25);
#4126=CIRCLE('',#10697,1.25);
#4127=CIRCLE('',#10700,1.25);
#4128=CIRCLE('',#10708,1.25);
#4129=CIRCLE('',#10711,1.25);
#4130=CIRCLE('',#10714,1.25);
#4131=CIRCLE('',#10717,1.25);
#4132=CIRCLE('',#10719,2.);
#4133=CIRCLE('',#10720,6.99999967883399);
#4134=CIRCLE('',#10721,2.);
#4135=CIRCLE('',#10722,8.99999967883399);
#4136=CIRCLE('',#10724,2.);
#4137=CIRCLE('',#10726,2.);
#4138=CIRCLE('',#10727,8.999999678834);
#4139=CIRCLE('',#10728,6.999999678834);
#4140=CIRCLE('',#10730,2.);
#4141=CIRCLE('',#10732,2.);
#4142=CIRCLE('',#10733,9.00008282394101);
#4143=CIRCLE('',#10734,7.00008282394101);
#4144=CIRCLE('',#10736,2.);
#4145=CIRCLE('',#10738,2.);
#4146=CIRCLE('',#10739,8.9999921256479);
#4147=CIRCLE('',#10740,6.99999212564789);
#4148=CIRCLE('',#10742,2.);
#4149=CIRCLE('',#10744,2.);
#4150=CIRCLE('',#10745,8.99999967883401);
#4151=CIRCLE('',#10746,6.99999967883401);
#4152=CIRCLE('',#10748,2.);
#4153=CIRCLE('',#10750,2.);
#4154=CIRCLE('',#10751,9.00000760479895);
#4155=CIRCLE('',#10752,7.00000760479895);
#4156=CIRCLE('',#10754,2.);
#4157=CIRCLE('',#10756,2.);
#4158=CIRCLE('',#10757,1.00000760480121);
#4159=CIRCLE('',#10758,3.00000760480121);
#4160=CIRCLE('',#10761,8.99999967883401);
#4161=CIRCLE('',#10764,9.00000760479895);
#4162=CIRCLE('',#10767,1.00000760480121);
#4163=CIRCLE('',#10769,8.99999967883399);
#4164=CIRCLE('',#10772,4.);
#4165=CIRCLE('',#10773,6.);
#4166=CIRCLE('',#10774,10.);
#4167=CIRCLE('',#10776,5.999999678834);
#4168=CIRCLE('',#10777,6.00008282394101);
#4169=CIRCLE('',#10778,5.9999921256479);
#4170=CIRCLE('',#10779,5.99999967883401);
#4171=CIRCLE('',#10780,6.00000760479895);
#4172=CIRCLE('',#10781,4.0000076047988);
#4173=CIRCLE('',#10782,5.99999967883399);
#4174=CIRCLE('',#10783,10.);
#4175=CIRCLE('',#10784,10.25);
#4176=CIRCLE('',#10786,4.);
#4177=CIRCLE('',#10788,4.);
#4178=CIRCLE('',#10789,6.);
#4179=CIRCLE('',#10791,4.);
#4180=CIRCLE('',#10793,4.25);
#4181=CIRCLE('',#10794,6.);
#4182=CIRCLE('',#10796,4.25);
#4183=CIRCLE('',#10798,2.);
#4184=CIRCLE('',#10799,2.);
#4185=CIRCLE('',#10802,2.);
#4186=CIRCLE('',#10803,2.);
#4187=CIRCLE('',#10807,2.25);
#4188=CIRCLE('',#10808,2.25);
#4189=CIRCLE('',#10813,5.9999921256479);
#4190=CIRCLE('',#10816,6.00008282394101);
#4191=CIRCLE('',#10819,5.999999678834);
#4192=CIRCLE('',#10822,5.99999967883401);
#4193=CIRCLE('',#10825,6.00000760479895);
#4194=CIRCLE('',#10828,4.0000076047988);
#4195=CIRCLE('',#10831,5.99999967883399);
#4196=CIRCLE('',#10833,8.999999678834);
#4197=CIRCLE('',#10834,9.00008282394101);
#4198=CIRCLE('',#10835,8.99999212564789);
#4199=CIRCLE('',#10850,5.99999967883398);
#4200=CIRCLE('',#10851,6.99999999999986);
#4201=CIRCLE('',#10852,3.99999999999988);
#4202=CIRCLE('',#10853,4.);
#4203=CIRCLE('',#10854,6.00008282394099);
#4204=CIRCLE('',#10855,5.99999212564783);
#4205=CIRCLE('',#10856,7.);
#4206=CIRCLE('',#10857,6.00000760479894);
#4207=CIRCLE('',#10858,4.0000076047988);
#4208=CIRCLE('',#10859,0.499999999999998);
#4209=CIRCLE('',#10860,0.499999999999998);
#4210=CIRCLE('',#10861,0.499999999999998);
#4211=CIRCLE('',#10862,0.499999999999998);
#4212=CIRCLE('',#10863,0.499999999999998);
#4213=CIRCLE('',#10864,0.500000000000003);
#4214=CIRCLE('',#10865,0.499999999999998);
#4215=CIRCLE('',#10866,0.499999999999998);
#4216=CIRCLE('',#10867,0.499999999999998);
#4217=CIRCLE('',#10868,0.500000000000003);
#4218=CIRCLE('',#10869,0.499999999999998);
#4219=CIRCLE('',#10870,0.499999999999998);
#4220=CIRCLE('',#10871,1.6);
#4221=CIRCLE('',#10872,1.6);
#4222=CIRCLE('',#10873,0.500000000000003);
#4223=CIRCLE('',#10874,0.499999999999998);
#4224=CIRCLE('',#10875,0.499999999999998);
#4225=CIRCLE('',#10876,0.499999999999998);
#4226=CIRCLE('',#10877,0.499999999999998);
#4227=CIRCLE('',#10878,0.499999999999998);
#4228=CIRCLE('',#10879,0.499999999999998);
#4229=CIRCLE('',#10880,0.500000000000003);
#4230=CIRCLE('',#10881,0.499999999999998);
#4231=CIRCLE('',#10882,0.499999999999998);
#4232=CIRCLE('',#10883,0.499999999999998);
#4233=CIRCLE('',#10884,0.500000000000003);
#4234=CIRCLE('',#10885,0.499999999999998);
#4235=CIRCLE('',#10886,0.499999999999998);
#4236=CIRCLE('',#10887,0.500000000000003);
#4237=CIRCLE('',#10888,0.499999999999998);
#4238=CIRCLE('',#10889,0.499999999999998);
#4239=CIRCLE('',#10890,0.499999999999998);
#4240=CIRCLE('',#10891,0.499999999999998);
#4241=CIRCLE('',#10892,0.499999999999998);
#4242=CIRCLE('',#10893,0.499999999999998);
#4243=CIRCLE('',#10894,0.499999999999998);
#4244=CIRCLE('',#10895,0.500000000000003);
#4245=CIRCLE('',#10896,0.500000000000003);
#4246=CIRCLE('',#10897,0.499999999999998);
#4247=CIRCLE('',#10898,0.499999999999998);
#4248=CIRCLE('',#10899,0.499999999999998);
#4249=CIRCLE('',#10900,0.499999999999998);
#4250=CIRCLE('',#10901,0.500000000000003);
#4251=CIRCLE('',#10902,0.499999999999998);
#4252=CIRCLE('',#10903,0.499999999999998);
#4253=CIRCLE('',#10904,0.499999999999998);
#4254=CIRCLE('',#10905,0.500000000000003);
#4255=CIRCLE('',#10906,0.500000000000003);
#4256=CIRCLE('',#10907,0.499999999999998);
#4257=CIRCLE('',#10908,0.499999999999998);
#4258=CIRCLE('',#10909,0.499999999999998);
#4259=CIRCLE('',#10910,0.500000000000003);
#4260=CIRCLE('',#10911,0.500000000000003);
#4261=CIRCLE('',#10912,0.499999999999998);
#4262=CIRCLE('',#10913,0.500000000000003);
#4263=CIRCLE('',#10914,0.499999999999998);
#4264=CIRCLE('',#10915,0.499999999999998);
#4265=CIRCLE('',#10916,0.500000000000003);
#4266=CIRCLE('',#10917,0.499999999999998);
#4267=CIRCLE('',#10918,0.499999999999998);
#4268=CIRCLE('',#10919,0.499999999999998);
#4269=CIRCLE('',#10920,0.499999999999998);
#4270=CIRCLE('',#10921,1.6);
#4271=CIRCLE('',#10922,0.499999999999998);
#4272=CIRCLE('',#10923,0.499999999999998);
#4273=CIRCLE('',#10924,0.500000000000003);
#4274=CIRCLE('',#10925,0.499999999999998);
#4275=CIRCLE('',#10926,1.00000000000001);
#4276=CIRCLE('',#10927,0.999999999999996);
#4277=CIRCLE('',#10928,1.);
#4278=CIRCLE('',#10929,1.00000000000001);
#4279=CIRCLE('',#10931,4.);
#4280=CIRCLE('',#10932,2.);
#4281=CIRCLE('',#10933,6.);
#4282=CIRCLE('',#10935,4.0000076047988);
#4283=CIRCLE('',#10936,6.00000760479894);
#4284=CIRCLE('',#10937,7.);
#4285=CIRCLE('',#10938,5.99999212564783);
#4286=CIRCLE('',#10939,6.00008282394099);
#4287=CIRCLE('',#10940,4.);
#4288=CIRCLE('',#10941,3.99999999999988);
#4289=CIRCLE('',#10942,6.25);
#4290=CIRCLE('',#10943,0.999999999999996);
#4291=CIRCLE('',#10944,1.00000000000001);
#4292=CIRCLE('',#10945,1.00000000000001);
#4293=CIRCLE('',#10946,1.);
#4294=CIRCLE('',#10947,6.25);
#4295=CIRCLE('',#10948,6.99999999999986);
#4296=CIRCLE('',#10949,5.99999967883398);
#4297=CIRCLE('',#10950,6.);
#4298=CIRCLE('',#10951,0.499999999999998);
#4299=CIRCLE('',#10952,0.499999999999998);
#4300=CIRCLE('',#10953,0.500000000000003);
#4301=CIRCLE('',#10954,0.499999999999998);
#4302=CIRCLE('',#10955,0.499999999999998);
#4303=CIRCLE('',#10956,0.499999999999998);
#4304=CIRCLE('',#10957,0.499999999999998);
#4305=CIRCLE('',#10958,0.499999999999998);
#4306=CIRCLE('',#10959,0.500000000000003);
#4307=CIRCLE('',#10960,0.500000000000003);
#4308=CIRCLE('',#10961,0.499999999999998);
#4309=CIRCLE('',#10962,0.499999999999998);
#4310=CIRCLE('',#10963,0.499999999999998);
#4311=CIRCLE('',#10964,0.499999999999998);
#4312=CIRCLE('',#10965,0.500000000000003);
#4313=CIRCLE('',#10966,0.500000000000003);
#4314=CIRCLE('',#10967,0.500000000000003);
#4315=CIRCLE('',#10968,0.499999999999998);
#4316=CIRCLE('',#10969,0.499999999999998);
#4317=CIRCLE('',#10970,0.500000000000003);
#4318=CIRCLE('',#10971,0.500000000000003);
#4319=CIRCLE('',#10972,0.499999999999998);
#4320=CIRCLE('',#10973,0.499999999999998);
#4321=CIRCLE('',#10974,0.499999999999998);
#4322=CIRCLE('',#10975,0.499999999999998);
#4323=CIRCLE('',#10976,0.499999999999998);
#4324=CIRCLE('',#10977,0.499999999999998);
#4325=CIRCLE('',#10978,0.499999999999998);
#4326=CIRCLE('',#10979,0.499999999999998);
#4327=CIRCLE('',#10980,0.500000000000003);
#4328=CIRCLE('',#10981,0.500000000000003);
#4329=CIRCLE('',#10982,0.499999999999998);
#4330=CIRCLE('',#10983,0.499999999999998);
#4331=CIRCLE('',#10984,0.499999999999998);
#4332=CIRCLE('',#10985,0.499999999999998);
#4333=CIRCLE('',#10986,0.499999999999998);
#4334=CIRCLE('',#10987,0.499999999999998);
#4335=CIRCLE('',#10988,0.499999999999998);
#4336=CIRCLE('',#10989,0.500000000000003);
#4337=CIRCLE('',#10990,0.499999999999998);
#4338=CIRCLE('',#10991,0.499999999999998);
#4339=CIRCLE('',#10992,0.500000000000003);
#4340=CIRCLE('',#10993,0.499999999999998);
#4341=CIRCLE('',#10994,0.499999999999998);
#4342=CIRCLE('',#10995,0.499999999999998);
#4343=CIRCLE('',#10996,0.500000000000003);
#4344=CIRCLE('',#10997,0.499999999999998);
#4345=CIRCLE('',#10998,0.499999999999998);
#4346=CIRCLE('',#10999,0.500000000000003);
#4347=CIRCLE('',#11000,0.499999999999998);
#4348=CIRCLE('',#11001,0.499999999999998);
#4349=CIRCLE('',#11002,0.499999999999998);
#4350=CIRCLE('',#11003,0.499999999999998);
#4351=CIRCLE('',#11004,0.499999999999998);
#4352=CIRCLE('',#11005,0.499999999999998);
#4353=CIRCLE('',#11006,0.500000000000003);
#4354=CIRCLE('',#11007,0.499999999999998);
#4355=CIRCLE('',#11008,0.499999999999998);
#4356=CIRCLE('',#11009,0.499999999999998);
#4357=CIRCLE('',#11010,0.500000000000003);
#4358=CIRCLE('',#11011,0.499999999999998);
#4359=CIRCLE('',#11012,0.499999999999998);
#4360=CIRCLE('',#11013,0.499999999999998);
#4361=CIRCLE('',#11014,0.499999999999998);
#4362=CIRCLE('',#11016,4.);
#4363=CIRCLE('',#11018,4.);
#4364=CIRCLE('',#11019,2.);
#4365=CIRCLE('',#11021,4.);
#4366=CIRCLE('',#11023,4.25);
#4367=CIRCLE('',#11025,4.25);
#4368=CIRCLE('',#11027,2.);
#4369=CIRCLE('',#11028,2.);
#4370=CIRCLE('',#11031,2.);
#4371=CIRCLE('',#11032,2.);
#4372=CIRCLE('',#11035,1.6);
#4373=CIRCLE('',#11037,2.25);
#4374=CIRCLE('',#11038,2.25);
#4375=CIRCLE('',#11041,1.6);
#4376=CIRCLE('',#11295,1.6);
#4377=VERTEX_POINT('',#14117);
#4378=VERTEX_POINT('',#14118);
#4379=VERTEX_POINT('',#14120);
#4380=VERTEX_POINT('',#14122);
#4381=VERTEX_POINT('',#14126);
#4382=VERTEX_POINT('',#14127);
#4383=VERTEX_POINT('',#14132);
#4384=VERTEX_POINT('',#14133);
#4385=VERTEX_POINT('',#14138);
#4386=VERTEX_POINT('',#14139);
#4387=VERTEX_POINT('',#14144);
#4388=VERTEX_POINT('',#14145);
#4389=VERTEX_POINT('',#14150);
#4390=VERTEX_POINT('',#14151);
#4391=VERTEX_POINT('',#14156);
#4392=VERTEX_POINT('',#14157);
#4393=VERTEX_POINT('',#14165);
#4394=VERTEX_POINT('',#14167);
#4395=VERTEX_POINT('',#14171);
#4396=VERTEX_POINT('',#14175);
#4397=VERTEX_POINT('',#14179);
#4398=VERTEX_POINT('',#14183);
#4399=VERTEX_POINT('',#14184);
#4400=VERTEX_POINT('',#14186);
#4401=VERTEX_POINT('',#14188);
#4402=VERTEX_POINT('',#14192);
#4403=VERTEX_POINT('',#14193);
#4404=VERTEX_POINT('',#14195);
#4405=VERTEX_POINT('',#14197);
#4406=VERTEX_POINT('',#14201);
#4407=VERTEX_POINT('',#14202);
#4408=VERTEX_POINT('',#14207);
#4409=VERTEX_POINT('',#14212);
#4410=VERTEX_POINT('',#14216);
#4411=VERTEX_POINT('',#14220);
#4412=VERTEX_POINT('',#14224);
#4413=VERTEX_POINT('',#14238);
#4414=VERTEX_POINT('',#14240);
#4415=VERTEX_POINT('',#14244);
#4416=VERTEX_POINT('',#14248);
#4417=VERTEX_POINT('',#14252);
#4418=VERTEX_POINT('',#14256);
#4419=VERTEX_POINT('',#14260);
#4420=VERTEX_POINT('',#14264);
#4421=VERTEX_POINT('',#14270);
#4422=VERTEX_POINT('',#14272);
#4423=VERTEX_POINT('',#14274);
#4424=VERTEX_POINT('',#14278);
#4425=VERTEX_POINT('',#14279);
#4426=VERTEX_POINT('',#14284);
#4427=VERTEX_POINT('',#14285);
#4428=VERTEX_POINT('',#14290);
#4429=VERTEX_POINT('',#14291);
#4430=VERTEX_POINT('',#14296);
#4431=VERTEX_POINT('',#14297);
#4432=VERTEX_POINT('',#14302);
#4433=VERTEX_POINT('',#14303);
#4434=VERTEX_POINT('',#14308);
#4435=VERTEX_POINT('',#14309);
#4436=VERTEX_POINT('',#14314);
#4437=VERTEX_POINT('',#14315);
#4438=VERTEX_POINT('',#14320);
#4439=VERTEX_POINT('',#14321);
#4440=VERTEX_POINT('',#14326);
#4441=VERTEX_POINT('',#14327);
#4442=VERTEX_POINT('',#14332);
#4443=VERTEX_POINT('',#14333);
#4444=VERTEX_POINT('',#14338);
#4445=VERTEX_POINT('',#14339);
#4446=VERTEX_POINT('',#14344);
#4447=VERTEX_POINT('',#14351);
#4448=VERTEX_POINT('',#14353);
#4449=VERTEX_POINT('',#14357);
#4450=VERTEX_POINT('',#14361);
#4451=VERTEX_POINT('',#14365);
#4452=VERTEX_POINT('',#14371);
#4453=VERTEX_POINT('',#14376);
#4454=VERTEX_POINT('',#14378);
#4455=VERTEX_POINT('',#14382);
#4456=VERTEX_POINT('',#14383);
#4457=VERTEX_POINT('',#14385);
#4458=VERTEX_POINT('',#14387);
#4459=VERTEX_POINT('',#14389);
#4460=VERTEX_POINT('',#14391);
#4461=VERTEX_POINT('',#14393);
#4462=VERTEX_POINT('',#14395);
#4463=VERTEX_POINT('',#14397);
#4464=VERTEX_POINT('',#14399);
#4465=VERTEX_POINT('',#14401);
#4466=VERTEX_POINT('',#14403);
#4467=VERTEX_POINT('',#14405);
#4468=VERTEX_POINT('',#14407);
#4469=VERTEX_POINT('',#14410);
#4470=VERTEX_POINT('',#14412);
#4471=VERTEX_POINT('',#14415);
#4472=VERTEX_POINT('',#14419);
#4473=VERTEX_POINT('',#14423);
#4474=VERTEX_POINT('',#14427);
#4475=VERTEX_POINT('',#14431);
#4476=VERTEX_POINT('',#14435);
#4477=VERTEX_POINT('',#14437);
#4478=VERTEX_POINT('',#14442);
#4479=VERTEX_POINT('',#14444);
#4480=VERTEX_POINT('',#14450);
#4481=VERTEX_POINT('',#14452);
#4482=VERTEX_POINT('',#14458);
#4483=VERTEX_POINT('',#14460);
#4484=VERTEX_POINT('',#14464);
#4485=VERTEX_POINT('',#14468);
#4486=VERTEX_POINT('',#14472);
#4487=VERTEX_POINT('',#14476);
#4488=VERTEX_POINT('',#14480);
#4489=VERTEX_POINT('',#14484);
#4490=VERTEX_POINT('',#14488);
#4491=VERTEX_POINT('',#14492);
#4492=VERTEX_POINT('',#14496);
#4493=VERTEX_POINT('',#14500);
#4494=VERTEX_POINT('',#14504);
#4495=VERTEX_POINT('',#14508);
#4496=VERTEX_POINT('',#14514);
#4497=VERTEX_POINT('',#14516);
#4498=VERTEX_POINT('',#14518);
#4499=VERTEX_POINT('',#14520);
#4500=VERTEX_POINT('',#14522);
#4501=VERTEX_POINT('',#14524);
#4502=VERTEX_POINT('',#14542);
#4503=VERTEX_POINT('',#14543);
#4504=VERTEX_POINT('',#14545);
#4505=VERTEX_POINT('',#14547);
#4506=VERTEX_POINT('',#14551);
#4507=VERTEX_POINT('',#14552);
#4508=VERTEX_POINT('',#14554);
#4509=VERTEX_POINT('',#14556);
#4510=VERTEX_POINT('',#14563);
#4511=VERTEX_POINT('',#14565);
#4512=VERTEX_POINT('',#14569);
#4513=VERTEX_POINT('',#14571);
#4514=VERTEX_POINT('',#14575);
#4515=VERTEX_POINT('',#14577);
#4516=VERTEX_POINT('',#14579);
#4517=VERTEX_POINT('',#14581);
#4518=VERTEX_POINT('',#14583);
#4519=VERTEX_POINT('',#14585);
#4520=VERTEX_POINT('',#14587);
#4521=VERTEX_POINT('',#14589);
#4522=VERTEX_POINT('',#14591);
#4523=VERTEX_POINT('',#14593);
#4524=VERTEX_POINT('',#14595);
#4525=VERTEX_POINT('',#14597);
#4526=VERTEX_POINT('',#14599);
#4527=VERTEX_POINT('',#14601);
#4528=VERTEX_POINT('',#14603);
#4529=VERTEX_POINT('',#14605);
#4530=VERTEX_POINT('',#14607);
#4531=VERTEX_POINT('',#14609);
#4532=VERTEX_POINT('',#14611);
#4533=VERTEX_POINT('',#14614);
#4534=VERTEX_POINT('',#14615);
#4535=VERTEX_POINT('',#14617);
#4536=VERTEX_POINT('',#14619);
#4537=VERTEX_POINT('',#14621);
#4538=VERTEX_POINT('',#14623);
#4539=VERTEX_POINT('',#14625);
#4540=VERTEX_POINT('',#14627);
#4541=VERTEX_POINT('',#14630);
#4542=VERTEX_POINT('',#14631);
#4543=VERTEX_POINT('',#14633);
#4544=VERTEX_POINT('',#14635);
#4545=VERTEX_POINT('',#14637);
#4546=VERTEX_POINT('',#14639);
#4547=VERTEX_POINT('',#14641);
#4548=VERTEX_POINT('',#14643);
#4549=VERTEX_POINT('',#14646);
#4550=VERTEX_POINT('',#14647);
#4551=VERTEX_POINT('',#14649);
#4552=VERTEX_POINT('',#14651);
#4553=VERTEX_POINT('',#14653);
#4554=VERTEX_POINT('',#14655);
#4555=VERTEX_POINT('',#14657);
#4556=VERTEX_POINT('',#14659);
#4557=VERTEX_POINT('',#14662);
#4558=VERTEX_POINT('',#14664);
#4559=VERTEX_POINT('',#14666);
#4560=VERTEX_POINT('',#14667);
#4561=VERTEX_POINT('',#14669);
#4562=VERTEX_POINT('',#14671);
#4563=VERTEX_POINT('',#14673);
#4564=VERTEX_POINT('',#14675);
#4565=VERTEX_POINT('',#14677);
#4566=VERTEX_POINT('',#14679);
#4567=VERTEX_POINT('',#14682);
#4568=VERTEX_POINT('',#14683);
#4569=VERTEX_POINT('',#14685);
#4570=VERTEX_POINT('',#14687);
#4571=VERTEX_POINT('',#14689);
#4572=VERTEX_POINT('',#14691);
#4573=VERTEX_POINT('',#14693);
#4574=VERTEX_POINT('',#14695);
#4575=VERTEX_POINT('',#14698);
#4576=VERTEX_POINT('',#14699);
#4577=VERTEX_POINT('',#14701);
#4578=VERTEX_POINT('',#14703);
#4579=VERTEX_POINT('',#14705);
#4580=VERTEX_POINT('',#14707);
#4581=VERTEX_POINT('',#14709);
#4582=VERTEX_POINT('',#14711);
#4583=VERTEX_POINT('',#14714);
#4584=VERTEX_POINT('',#14715);
#4585=VERTEX_POINT('',#14717);
#4586=VERTEX_POINT('',#14719);
#4587=VERTEX_POINT('',#14721);
#4588=VERTEX_POINT('',#14723);
#4589=VERTEX_POINT('',#14725);
#4590=VERTEX_POINT('',#14727);
#4591=VERTEX_POINT('',#14730);
#4592=VERTEX_POINT('',#14731);
#4593=VERTEX_POINT('',#14733);
#4594=VERTEX_POINT('',#14735);
#4595=VERTEX_POINT('',#14737);
#4596=VERTEX_POINT('',#14739);
#4597=VERTEX_POINT('',#14741);
#4598=VERTEX_POINT('',#14743);
#4599=VERTEX_POINT('',#14746);
#4600=VERTEX_POINT('',#14747);
#4601=VERTEX_POINT('',#14749);
#4602=VERTEX_POINT('',#14751);
#4603=VERTEX_POINT('',#14753);
#4604=VERTEX_POINT('',#14755);
#4605=VERTEX_POINT('',#14757);
#4606=VERTEX_POINT('',#14759);
#4607=VERTEX_POINT('',#14762);
#4608=VERTEX_POINT('',#14763);
#4609=VERTEX_POINT('',#14765);
#4610=VERTEX_POINT('',#14767);
#4611=VERTEX_POINT('',#14769);
#4612=VERTEX_POINT('',#14771);
#4613=VERTEX_POINT('',#14773);
#4614=VERTEX_POINT('',#14775);
#4615=VERTEX_POINT('',#14778);
#4616=VERTEX_POINT('',#14779);
#4617=VERTEX_POINT('',#14781);
#4618=VERTEX_POINT('',#14783);
#4619=VERTEX_POINT('',#14785);
#4620=VERTEX_POINT('',#14787);
#4621=VERTEX_POINT('',#14789);
#4622=VERTEX_POINT('',#14791);
#4623=VERTEX_POINT('',#14794);
#4624=VERTEX_POINT('',#14795);
#4625=VERTEX_POINT('',#14797);
#4626=VERTEX_POINT('',#14799);
#4627=VERTEX_POINT('',#14801);
#4628=VERTEX_POINT('',#14803);
#4629=VERTEX_POINT('',#14805);
#4630=VERTEX_POINT('',#14807);
#4631=VERTEX_POINT('',#14810);
#4632=VERTEX_POINT('',#14811);
#4633=VERTEX_POINT('',#14813);
#4634=VERTEX_POINT('',#14815);
#4635=VERTEX_POINT('',#14817);
#4636=VERTEX_POINT('',#14819);
#4637=VERTEX_POINT('',#14821);
#4638=VERTEX_POINT('',#14823);
#4639=VERTEX_POINT('',#14826);
#4640=VERTEX_POINT('',#14827);
#4641=VERTEX_POINT('',#14829);
#4642=VERTEX_POINT('',#14831);
#4643=VERTEX_POINT('',#14833);
#4644=VERTEX_POINT('',#14835);
#4645=VERTEX_POINT('',#14837);
#4646=VERTEX_POINT('',#14839);
#4647=VERTEX_POINT('',#14842);
#4648=VERTEX_POINT('',#14843);
#4649=VERTEX_POINT('',#14845);
#4650=VERTEX_POINT('',#14847);
#4651=VERTEX_POINT('',#14849);
#4652=VERTEX_POINT('',#14851);
#4653=VERTEX_POINT('',#14853);
#4654=VERTEX_POINT('',#14855);
#4655=VERTEX_POINT('',#14858);
#4656=VERTEX_POINT('',#14860);
#4657=VERTEX_POINT('',#14861);
#4658=VERTEX_POINT('',#14863);
#4659=VERTEX_POINT('',#14865);
#4660=VERTEX_POINT('',#14867);
#4661=VERTEX_POINT('',#14869);
#4662=VERTEX_POINT('',#14871);
#4663=VERTEX_POINT('',#14873);
#4664=VERTEX_POINT('',#14876);
#4665=VERTEX_POINT('',#14877);
#4666=VERTEX_POINT('',#14879);
#4667=VERTEX_POINT('',#14881);
#4668=VERTEX_POINT('',#14883);
#4669=VERTEX_POINT('',#14885);
#4670=VERTEX_POINT('',#14887);
#4671=VERTEX_POINT('',#14889);
#4672=VERTEX_POINT('',#14892);
#4673=VERTEX_POINT('',#14893);
#4674=VERTEX_POINT('',#14895);
#4675=VERTEX_POINT('',#14897);
#4676=VERTEX_POINT('',#14899);
#4677=VERTEX_POINT('',#14901);
#4678=VERTEX_POINT('',#14903);
#4679=VERTEX_POINT('',#14905);
#4680=VERTEX_POINT('',#14909);
#4681=VERTEX_POINT('',#14911);
#4682=VERTEX_POINT('',#14915);
#4683=VERTEX_POINT('',#14917);
#4684=VERTEX_POINT('',#14921);
#4685=VERTEX_POINT('',#14923);
#4686=VERTEX_POINT('',#14928);
#4687=VERTEX_POINT('',#14929);
#4688=VERTEX_POINT('',#14931);
#4689=VERTEX_POINT('',#14933);
#4690=VERTEX_POINT('',#14935);
#4691=VERTEX_POINT('',#14937);
#4692=VERTEX_POINT('',#14939);
#4693=VERTEX_POINT('',#14941);
#4694=VERTEX_POINT('',#14943);
#4695=VERTEX_POINT('',#14945);
#4696=VERTEX_POINT('',#14949);
#4697=VERTEX_POINT('',#14951);
#4698=VERTEX_POINT('',#14955);
#4699=VERTEX_POINT('',#14957);
#4700=VERTEX_POINT('',#14961);
#4701=VERTEX_POINT('',#14963);
#4702=VERTEX_POINT('',#14967);
#4703=VERTEX_POINT('',#14969);
#4704=VERTEX_POINT('',#14973);
#4705=VERTEX_POINT('',#14975);
#4706=VERTEX_POINT('',#14977);
#4707=VERTEX_POINT('',#14979);
#4708=VERTEX_POINT('',#14981);
#4709=VERTEX_POINT('',#14983);
#4710=VERTEX_POINT('',#14985);
#4711=VERTEX_POINT('',#14988);
#4712=VERTEX_POINT('',#14989);
#4713=VERTEX_POINT('',#14991);
#4714=VERTEX_POINT('',#14993);
#4715=VERTEX_POINT('',#14995);
#4716=VERTEX_POINT('',#14997);
#4717=VERTEX_POINT('',#14999);
#4718=VERTEX_POINT('',#15001);
#4719=VERTEX_POINT('',#15003);
#4720=VERTEX_POINT('',#15005);
#4721=VERTEX_POINT('',#15007);
#4722=VERTEX_POINT('',#15009);
#4723=VERTEX_POINT('',#15012);
#4724=VERTEX_POINT('',#15013);
#4725=VERTEX_POINT('',#15015);
#4726=VERTEX_POINT('',#15017);
#4727=VERTEX_POINT('',#15019);
#4728=VERTEX_POINT('',#15021);
#4729=VERTEX_POINT('',#15023);
#4730=VERTEX_POINT('',#15025);
#4731=VERTEX_POINT('',#15029);
#4732=VERTEX_POINT('',#15031);
#4733=VERTEX_POINT('',#15035);
#4734=VERTEX_POINT('',#15037);
#4735=VERTEX_POINT('',#15041);
#4736=VERTEX_POINT('',#15043);
#4737=VERTEX_POINT('',#15048);
#4738=VERTEX_POINT('',#15049);
#4739=VERTEX_POINT('',#15051);
#4740=VERTEX_POINT('',#15055);
#4741=VERTEX_POINT('',#15057);
#4742=VERTEX_POINT('',#15059);
#4743=VERTEX_POINT('',#15061);
#4744=VERTEX_POINT('',#15063);
#4745=VERTEX_POINT('',#15065);
#4746=VERTEX_POINT('',#15069);
#4747=VERTEX_POINT('',#15071);
#4748=VERTEX_POINT('',#15075);
#4749=VERTEX_POINT('',#15080);
#4750=VERTEX_POINT('',#15081);
#4751=VERTEX_POINT('',#15083);
#4752=VERTEX_POINT('',#15085);
#4753=VERTEX_POINT('',#15087);
#4754=VERTEX_POINT('',#15089);
#4755=VERTEX_POINT('',#15091);
#4756=VERTEX_POINT('',#15093);
#4757=VERTEX_POINT('',#15095);
#4758=VERTEX_POINT('',#15097);
#4759=VERTEX_POINT('',#15099);
#4760=VERTEX_POINT('',#15101);
#4761=VERTEX_POINT('',#15105);
#4762=VERTEX_POINT('',#15109);
#4763=VERTEX_POINT('',#15113);
#4764=VERTEX_POINT('',#15115);
#4765=VERTEX_POINT('',#15117);
#4766=VERTEX_POINT('',#15121);
#4767=VERTEX_POINT('',#15125);
#4768=VERTEX_POINT('',#15129);
#4769=VERTEX_POINT('',#15133);
#4770=VERTEX_POINT('',#15138);
#4771=VERTEX_POINT('',#15139);
#4772=VERTEX_POINT('',#15141);
#4773=VERTEX_POINT('',#15143);
#4774=VERTEX_POINT('',#15145);
#4775=VERTEX_POINT('',#15147);
#4776=VERTEX_POINT('',#15149);
#4777=VERTEX_POINT('',#15151);
#4778=VERTEX_POINT('',#15155);
#4779=VERTEX_POINT('',#15157);
#4780=VERTEX_POINT('',#15161);
#4781=VERTEX_POINT('',#15165);
#4782=VERTEX_POINT('',#15167);
#4783=VERTEX_POINT('',#15172);
#4784=VERTEX_POINT('',#15173);
#4785=VERTEX_POINT('',#15175);
#4786=VERTEX_POINT('',#15177);
#4787=VERTEX_POINT('',#15179);
#4788=VERTEX_POINT('',#15181);
#4789=VERTEX_POINT('',#15183);
#4790=VERTEX_POINT('',#15185);
#4791=VERTEX_POINT('',#15189);
#4792=VERTEX_POINT('',#15191);
#4793=VERTEX_POINT('',#15195);
#4794=VERTEX_POINT('',#15199);
#4795=VERTEX_POINT('',#15201);
#4796=VERTEX_POINT('',#15206);
#4797=VERTEX_POINT('',#15207);
#4798=VERTEX_POINT('',#15209);
#4799=VERTEX_POINT('',#15211);
#4800=VERTEX_POINT('',#15213);
#4801=VERTEX_POINT('',#15215);
#4802=VERTEX_POINT('',#15217);
#4803=VERTEX_POINT('',#15219);
#4804=VERTEX_POINT('',#15221);
#4805=VERTEX_POINT('',#15223);
#4806=VERTEX_POINT('',#15225);
#4807=VERTEX_POINT('',#15227);
#4808=VERTEX_POINT('',#15230);
#4809=VERTEX_POINT('',#15231);
#4810=VERTEX_POINT('',#15233);
#4811=VERTEX_POINT('',#15235);
#4812=VERTEX_POINT('',#15237);
#4813=VERTEX_POINT('',#15239);
#4814=VERTEX_POINT('',#15241);
#4815=VERTEX_POINT('',#15243);
#4816=VERTEX_POINT('',#15245);
#4817=VERTEX_POINT('',#15247);
#4818=VERTEX_POINT('',#15251);
#4819=VERTEX_POINT('',#15253);
#4820=VERTEX_POINT('',#15257);
#4821=VERTEX_POINT('',#15259);
#4822=VERTEX_POINT('',#15263);
#4823=VERTEX_POINT('',#15265);
#4824=VERTEX_POINT('',#15269);
#4825=VERTEX_POINT('',#15271);
#4826=VERTEX_POINT('',#15275);
#4827=VERTEX_POINT('',#15277);
#4828=VERTEX_POINT('',#15279);
#4829=VERTEX_POINT('',#15281);
#4830=VERTEX_POINT('',#15283);
#4831=VERTEX_POINT('',#15285);
#4832=VERTEX_POINT('',#15287);
#4833=VERTEX_POINT('',#15290);
#4834=VERTEX_POINT('',#15291);
#4835=VERTEX_POINT('',#15293);
#4836=VERTEX_POINT('',#15295);
#4837=VERTEX_POINT('',#15297);
#4838=VERTEX_POINT('',#15299);
#4839=VERTEX_POINT('',#15301);
#4840=VERTEX_POINT('',#15303);
#4841=VERTEX_POINT('',#15307);
#4842=VERTEX_POINT('',#15309);
#4843=VERTEX_POINT('',#15313);
#4844=VERTEX_POINT('',#15317);
#4845=VERTEX_POINT('',#15319);
#4846=VERTEX_POINT('',#15324);
#4847=VERTEX_POINT('',#15325);
#4848=VERTEX_POINT('',#15327);
#4849=VERTEX_POINT('',#15329);
#4850=VERTEX_POINT('',#15331);
#4851=VERTEX_POINT('',#15333);
#4852=VERTEX_POINT('',#15335);
#4853=VERTEX_POINT('',#15337);
#4854=VERTEX_POINT('',#15341);
#4855=VERTEX_POINT('',#15343);
#4856=VERTEX_POINT('',#15347);
#4857=VERTEX_POINT('',#15351);
#4858=VERTEX_POINT('',#15353);
#4859=VERTEX_POINT('',#15358);
#4860=VERTEX_POINT('',#15359);
#4861=VERTEX_POINT('',#15361);
#4862=VERTEX_POINT('',#15363);
#4863=VERTEX_POINT('',#15365);
#4864=VERTEX_POINT('',#15367);
#4865=VERTEX_POINT('',#15369);
#4866=VERTEX_POINT('',#15371);
#4867=VERTEX_POINT('',#15373);
#4868=VERTEX_POINT('',#15375);
#4869=VERTEX_POINT('',#15377);
#4870=VERTEX_POINT('',#15379);
#4871=VERTEX_POINT('',#15383);
#4872=VERTEX_POINT('',#15387);
#4873=VERTEX_POINT('',#15391);
#4874=VERTEX_POINT('',#15393);
#4875=VERTEX_POINT('',#15395);
#4876=VERTEX_POINT('',#15399);
#4877=VERTEX_POINT('',#15403);
#4878=VERTEX_POINT('',#15407);
#4879=VERTEX_POINT('',#15411);
#4880=VERTEX_POINT('',#15416);
#4881=VERTEX_POINT('',#15417);
#4882=VERTEX_POINT('',#15419);
#4883=VERTEX_POINT('',#15423);
#4884=VERTEX_POINT('',#15425);
#4885=VERTEX_POINT('',#15427);
#4886=VERTEX_POINT('',#15429);
#4887=VERTEX_POINT('',#15431);
#4888=VERTEX_POINT('',#15433);
#4889=VERTEX_POINT('',#15437);
#4890=VERTEX_POINT('',#15439);
#4891=VERTEX_POINT('',#15443);
#4892=VERTEX_POINT('',#15449);
#4893=VERTEX_POINT('',#15451);
#4894=VERTEX_POINT('',#15455);
#4895=VERTEX_POINT('',#15457);
#4896=VERTEX_POINT('',#15459);
#4897=VERTEX_POINT('',#15461);
#4898=VERTEX_POINT('',#15463);
#4899=VERTEX_POINT('',#15465);
#4900=VERTEX_POINT('',#15467);
#4901=VERTEX_POINT('',#15469);
#4902=VERTEX_POINT('',#15471);
#4903=VERTEX_POINT('',#15473);
#4904=VERTEX_POINT('',#15475);
#4905=VERTEX_POINT('',#15477);
#4906=VERTEX_POINT('',#15479);
#4907=VERTEX_POINT('',#15481);
#4908=VERTEX_POINT('',#15483);
#4909=VERTEX_POINT('',#15485);
#4910=VERTEX_POINT('',#15487);
#4911=VERTEX_POINT('',#15489);
#4912=VERTEX_POINT('',#15491);
#4913=VERTEX_POINT('',#15493);
#4914=VERTEX_POINT('',#15495);
#4915=VERTEX_POINT('',#15497);
#4916=VERTEX_POINT('',#15499);
#4917=VERTEX_POINT('',#15501);
#4918=VERTEX_POINT('',#15503);
#4919=VERTEX_POINT('',#15505);
#4920=VERTEX_POINT('',#15507);
#4921=VERTEX_POINT('',#15509);
#4922=VERTEX_POINT('',#15511);
#4923=VERTEX_POINT('',#15513);
#4924=VERTEX_POINT('',#15515);
#4925=VERTEX_POINT('',#15518);
#4926=VERTEX_POINT('',#15520);
#4927=VERTEX_POINT('',#15521);
#4928=VERTEX_POINT('',#15523);
#4929=VERTEX_POINT('',#15525);
#4930=VERTEX_POINT('',#15527);
#4931=VERTEX_POINT('',#15529);
#4932=VERTEX_POINT('',#15531);
#4933=VERTEX_POINT('',#15533);
#4934=VERTEX_POINT('',#15536);
#4935=VERTEX_POINT('',#15537);
#4936=VERTEX_POINT('',#15539);
#4937=VERTEX_POINT('',#15541);
#4938=VERTEX_POINT('',#15543);
#4939=VERTEX_POINT('',#15545);
#4940=VERTEX_POINT('',#15547);
#4941=VERTEX_POINT('',#15549);
#4942=VERTEX_POINT('',#15552);
#4943=VERTEX_POINT('',#15553);
#4944=VERTEX_POINT('',#15555);
#4945=VERTEX_POINT('',#15557);
#4946=VERTEX_POINT('',#15559);
#4947=VERTEX_POINT('',#15561);
#4948=VERTEX_POINT('',#15563);
#4949=VERTEX_POINT('',#15565);
#4950=VERTEX_POINT('',#15568);
#4951=VERTEX_POINT('',#15569);
#4952=VERTEX_POINT('',#15571);
#4953=VERTEX_POINT('',#15573);
#4954=VERTEX_POINT('',#15575);
#4955=VERTEX_POINT('',#15577);
#4956=VERTEX_POINT('',#15579);
#4957=VERTEX_POINT('',#15581);
#4958=VERTEX_POINT('',#15584);
#4959=VERTEX_POINT('',#15585);
#4960=VERTEX_POINT('',#15587);
#4961=VERTEX_POINT('',#15589);
#4962=VERTEX_POINT('',#15591);
#4963=VERTEX_POINT('',#15593);
#4964=VERTEX_POINT('',#15595);
#4965=VERTEX_POINT('',#15597);
#4966=VERTEX_POINT('',#15600);
#4967=VERTEX_POINT('',#15601);
#4968=VERTEX_POINT('',#15603);
#4969=VERTEX_POINT('',#15605);
#4970=VERTEX_POINT('',#15607);
#4971=VERTEX_POINT('',#15609);
#4972=VERTEX_POINT('',#15611);
#4973=VERTEX_POINT('',#15613);
#4974=VERTEX_POINT('',#15616);
#4975=VERTEX_POINT('',#15617);
#4976=VERTEX_POINT('',#15619);
#4977=VERTEX_POINT('',#15621);
#4978=VERTEX_POINT('',#15623);
#4979=VERTEX_POINT('',#15625);
#4980=VERTEX_POINT('',#15627);
#4981=VERTEX_POINT('',#15629);
#4982=VERTEX_POINT('',#15632);
#4983=VERTEX_POINT('',#15633);
#4984=VERTEX_POINT('',#15635);
#4985=VERTEX_POINT('',#15637);
#4986=VERTEX_POINT('',#15639);
#4987=VERTEX_POINT('',#15641);
#4988=VERTEX_POINT('',#15643);
#4989=VERTEX_POINT('',#15645);
#4990=VERTEX_POINT('',#15648);
#4991=VERTEX_POINT('',#15649);
#4992=VERTEX_POINT('',#15651);
#4993=VERTEX_POINT('',#15653);
#4994=VERTEX_POINT('',#15655);
#4995=VERTEX_POINT('',#15657);
#4996=VERTEX_POINT('',#15659);
#4997=VERTEX_POINT('',#15661);
#4998=VERTEX_POINT('',#15664);
#4999=VERTEX_POINT('',#15665);
#5000=VERTEX_POINT('',#15667);
#5001=VERTEX_POINT('',#15669);
#5002=VERTEX_POINT('',#15671);
#5003=VERTEX_POINT('',#15673);
#5004=VERTEX_POINT('',#15675);
#5005=VERTEX_POINT('',#15677);
#5006=VERTEX_POINT('',#15680);
#5007=VERTEX_POINT('',#15681);
#5008=VERTEX_POINT('',#15683);
#5009=VERTEX_POINT('',#15685);
#5010=VERTEX_POINT('',#15687);
#5011=VERTEX_POINT('',#15689);
#5012=VERTEX_POINT('',#15691);
#5013=VERTEX_POINT('',#15693);
#5014=VERTEX_POINT('',#15696);
#5015=VERTEX_POINT('',#15697);
#5016=VERTEX_POINT('',#15699);
#5017=VERTEX_POINT('',#15701);
#5018=VERTEX_POINT('',#15703);
#5019=VERTEX_POINT('',#15705);
#5020=VERTEX_POINT('',#15707);
#5021=VERTEX_POINT('',#15709);
#5022=VERTEX_POINT('',#15712);
#5023=VERTEX_POINT('',#15713);
#5024=VERTEX_POINT('',#15715);
#5025=VERTEX_POINT('',#15717);
#5026=VERTEX_POINT('',#15719);
#5027=VERTEX_POINT('',#15721);
#5028=VERTEX_POINT('',#15723);
#5029=VERTEX_POINT('',#15725);
#5030=VERTEX_POINT('',#15728);
#5031=VERTEX_POINT('',#15729);
#5032=VERTEX_POINT('',#15731);
#5033=VERTEX_POINT('',#15733);
#5034=VERTEX_POINT('',#15735);
#5035=VERTEX_POINT('',#15737);
#5036=VERTEX_POINT('',#15739);
#5037=VERTEX_POINT('',#15741);
#5038=VERTEX_POINT('',#15744);
#5039=VERTEX_POINT('',#15745);
#5040=VERTEX_POINT('',#15747);
#5041=VERTEX_POINT('',#15749);
#5042=VERTEX_POINT('',#15751);
#5043=VERTEX_POINT('',#15753);
#5044=VERTEX_POINT('',#15755);
#5045=VERTEX_POINT('',#15757);
#5046=VERTEX_POINT('',#15760);
#5047=VERTEX_POINT('',#15761);
#5048=VERTEX_POINT('',#15763);
#5049=VERTEX_POINT('',#15765);
#5050=VERTEX_POINT('',#15767);
#5051=VERTEX_POINT('',#15769);
#5052=VERTEX_POINT('',#15771);
#5053=VERTEX_POINT('',#15773);
#5054=VERTEX_POINT('',#15777);
#5055=VERTEX_POINT('',#15781);
#5056=VERTEX_POINT('',#15785);
#5057=VERTEX_POINT('',#15811);
#5058=VERTEX_POINT('',#15822);
#5059=VERTEX_POINT('',#15835);
#5060=VERTEX_POINT('',#15837);
#5061=VERTEX_POINT('',#15841);
#5062=VERTEX_POINT('',#15843);
#5063=VERTEX_POINT('',#15848);
#5064=VERTEX_POINT('',#15850);
#5065=VERTEX_POINT('',#15855);
#5066=VERTEX_POINT('',#15858);
#5067=VERTEX_POINT('',#15859);
#5068=VERTEX_POINT('',#15861);
#5069=VERTEX_POINT('',#15863);
#5070=VERTEX_POINT('',#15871);
#5071=VERTEX_POINT('',#15874);
#5072=VERTEX_POINT('',#15875);
#5073=VERTEX_POINT('',#15877);
#5074=VERTEX_POINT('',#15879);
#5075=VERTEX_POINT('',#15883);
#5076=VERTEX_POINT('',#15885);
#5077=VERTEX_POINT('',#15889);
#5078=VERTEX_POINT('',#15891);
#5079=VERTEX_POINT('',#15895);
#5080=VERTEX_POINT('',#15897);
#5081=VERTEX_POINT('',#15901);
#5082=VERTEX_POINT('',#15903);
#5083=VERTEX_POINT('',#15910);
#5084=VERTEX_POINT('',#15912);
#5085=VERTEX_POINT('',#15921);
#5086=VERTEX_POINT('',#15927);
#5087=VERTEX_POINT('',#15936);
#5088=VERTEX_POINT('',#15942);
#5089=VERTEX_POINT('',#15951);
#5090=VERTEX_POINT('',#15957);
#5091=VERTEX_POINT('',#15961);
#5092=VERTEX_POINT('',#15965);
#5093=VERTEX_POINT('',#15969);
#5094=VERTEX_POINT('',#15973);
#5095=VERTEX_POINT('',#15987);
#5096=VERTEX_POINT('',#15989);
#5097=VERTEX_POINT('',#15993);
#5098=VERTEX_POINT('',#16002);
#5099=VERTEX_POINT('',#16013);
#5100=VERTEX_POINT('',#16024);
#5101=VERTEX_POINT('',#16035);
#5102=VERTEX_POINT('',#16046);
#5103=VERTEX_POINT('',#16052);
#5104=VERTEX_POINT('',#16056);
#5105=VERTEX_POINT('',#16065);
#5106=VERTEX_POINT('',#16076);
#5107=VERTEX_POINT('',#16087);
#5108=VERTEX_POINT('',#16093);
#5109=VERTEX_POINT('',#16097);
#5110=VERTEX_POINT('',#16101);
#5111=VERTEX_POINT('',#16105);
#5112=VERTEX_POINT('',#16109);
#5113=VERTEX_POINT('',#16113);
#5114=VERTEX_POINT('',#16117);
#5115=VERTEX_POINT('',#16121);
#5116=VERTEX_POINT('',#16128);
#5117=VERTEX_POINT('',#16129);
#5118=VERTEX_POINT('',#16131);
#5119=VERTEX_POINT('',#16133);
#5120=VERTEX_POINT('',#16137);
#5121=VERTEX_POINT('',#16139);
#5122=VERTEX_POINT('',#16143);
#5123=VERTEX_POINT('',#16145);
#5124=VERTEX_POINT('',#16149);
#5125=VERTEX_POINT('',#16151);
#5126=VERTEX_POINT('',#16158);
#5127=VERTEX_POINT('',#16160);
#5128=VERTEX_POINT('',#16164);
#5129=VERTEX_POINT('',#16173);
#5130=VERTEX_POINT('',#16179);
#5131=VERTEX_POINT('',#16188);
#5132=VERTEX_POINT('',#16199);
#5133=VERTEX_POINT('',#16205);
#5134=VERTEX_POINT('',#16214);
#5135=VERTEX_POINT('',#16220);
#5136=VERTEX_POINT('',#16224);
#5137=VERTEX_POINT('',#16228);
#5138=VERTEX_POINT('',#16232);
#5139=VERTEX_POINT('',#16239);
#5140=VERTEX_POINT('',#16240);
#5141=VERTEX_POINT('',#16242);
#5142=VERTEX_POINT('',#16244);
#5143=VERTEX_POINT('',#16248);
#5144=VERTEX_POINT('',#16250);
#5145=VERTEX_POINT('',#16254);
#5146=VERTEX_POINT('',#16256);
#5147=VERTEX_POINT('',#16260);
#5148=VERTEX_POINT('',#16262);
#5149=VERTEX_POINT('',#16269);
#5150=VERTEX_POINT('',#16271);
#5151=VERTEX_POINT('',#16275);
#5152=VERTEX_POINT('',#16284);
#5153=VERTEX_POINT('',#16290);
#5154=VERTEX_POINT('',#16299);
#5155=VERTEX_POINT('',#16310);
#5156=VERTEX_POINT('',#16316);
#5157=VERTEX_POINT('',#16325);
#5158=VERTEX_POINT('',#16331);
#5159=VERTEX_POINT('',#16335);
#5160=VERTEX_POINT('',#16339);
#5161=VERTEX_POINT('',#16343);
#5162=VERTEX_POINT('',#16350);
#5163=VERTEX_POINT('',#16352);
#5164=VERTEX_POINT('',#16356);
#5165=VERTEX_POINT('',#16360);
#5166=VERTEX_POINT('',#16364);
#5167=VERTEX_POINT('',#16368);
#5168=VERTEX_POINT('',#16372);
#5169=VERTEX_POINT('',#16376);
#5170=VERTEX_POINT('',#16380);
#5171=VERTEX_POINT('',#16384);
#5172=VERTEX_POINT('',#16393);
#5173=VERTEX_POINT('',#16399);
#5174=VERTEX_POINT('',#16408);
#5175=VERTEX_POINT('',#16414);
#5176=VERTEX_POINT('',#16423);
#5177=VERTEX_POINT('',#16429);
#5178=VERTEX_POINT('',#16438);
#5179=VERTEX_POINT('',#16444);
#5180=VERTEX_POINT('',#16453);
#5181=VERTEX_POINT('',#16459);
#5182=VERTEX_POINT('',#16463);
#5183=VERTEX_POINT('',#16467);
#5184=VERTEX_POINT('',#16471);
#5185=VERTEX_POINT('',#16475);
#5186=VERTEX_POINT('',#16479);
#5187=VERTEX_POINT('',#16486);
#5188=VERTEX_POINT('',#16488);
#5189=VERTEX_POINT('',#16492);
#5190=VERTEX_POINT('',#16496);
#5191=VERTEX_POINT('',#16500);
#5192=VERTEX_POINT('',#16504);
#5193=VERTEX_POINT('',#16508);
#5194=VERTEX_POINT('',#16512);
#5195=VERTEX_POINT('',#16516);
#5196=VERTEX_POINT('',#16520);
#5197=VERTEX_POINT('',#16524);
#5198=VERTEX_POINT('',#16528);
#5199=VERTEX_POINT('',#16535);
#5200=VERTEX_POINT('',#16536);
#5201=VERTEX_POINT('',#16538);
#5202=VERTEX_POINT('',#16540);
#5203=VERTEX_POINT('',#16544);
#5204=VERTEX_POINT('',#16546);
#5205=VERTEX_POINT('',#16550);
#5206=VERTEX_POINT('',#16552);
#5207=VERTEX_POINT('',#16556);
#5208=VERTEX_POINT('',#16558);
#5209=VERTEX_POINT('',#16565);
#5210=VERTEX_POINT('',#16567);
#5211=VERTEX_POINT('',#16571);
#5212=VERTEX_POINT('',#16580);
#5213=VERTEX_POINT('',#16586);
#5214=VERTEX_POINT('',#16595);
#5215=VERTEX_POINT('',#16606);
#5216=VERTEX_POINT('',#16612);
#5217=VERTEX_POINT('',#16621);
#5218=VERTEX_POINT('',#16627);
#5219=VERTEX_POINT('',#16631);
#5220=VERTEX_POINT('',#16635);
#5221=VERTEX_POINT('',#16639);
#5222=VERTEX_POINT('',#16646);
#5223=VERTEX_POINT('',#16647);
#5224=VERTEX_POINT('',#16649);
#5225=VERTEX_POINT('',#16651);
#5226=VERTEX_POINT('',#16655);
#5227=VERTEX_POINT('',#16657);
#5228=VERTEX_POINT('',#16661);
#5229=VERTEX_POINT('',#16663);
#5230=VERTEX_POINT('',#16667);
#5231=VERTEX_POINT('',#16669);
#5232=VERTEX_POINT('',#16676);
#5233=VERTEX_POINT('',#16678);
#5234=VERTEX_POINT('',#16682);
#5235=VERTEX_POINT('',#16691);
#5236=VERTEX_POINT('',#16697);
#5237=VERTEX_POINT('',#16706);
#5238=VERTEX_POINT('',#16717);
#5239=VERTEX_POINT('',#16723);
#5240=VERTEX_POINT('',#16732);
#5241=VERTEX_POINT('',#16738);
#5242=VERTEX_POINT('',#16742);
#5243=VERTEX_POINT('',#16746);
#5244=VERTEX_POINT('',#16750);
#5245=VERTEX_POINT('',#16757);
#5246=VERTEX_POINT('',#16759);
#5247=VERTEX_POINT('',#16763);
#5248=VERTEX_POINT('',#16772);
#5249=VERTEX_POINT('',#16783);
#5250=VERTEX_POINT('',#16794);
#5251=VERTEX_POINT('',#16805);
#5252=VERTEX_POINT('',#16816);
#5253=VERTEX_POINT('',#16822);
#5254=VERTEX_POINT('',#16826);
#5255=VERTEX_POINT('',#16835);
#5256=VERTEX_POINT('',#16846);
#5257=VERTEX_POINT('',#16857);
#5258=VERTEX_POINT('',#16863);
#5259=VERTEX_POINT('',#16867);
#5260=VERTEX_POINT('',#16871);
#5261=VERTEX_POINT('',#16875);
#5262=VERTEX_POINT('',#16879);
#5263=VERTEX_POINT('',#16883);
#5264=VERTEX_POINT('',#16887);
#5265=VERTEX_POINT('',#16891);
#5266=VERTEX_POINT('',#16898);
#5267=VERTEX_POINT('',#16899);
#5268=VERTEX_POINT('',#16901);
#5269=VERTEX_POINT('',#16903);
#5270=VERTEX_POINT('',#16907);
#5271=VERTEX_POINT('',#16909);
#5272=VERTEX_POINT('',#16913);
#5273=VERTEX_POINT('',#16915);
#5274=VERTEX_POINT('',#16919);
#5275=VERTEX_POINT('',#16921);
#5276=VERTEX_POINT('',#16925);
#5277=VERTEX_POINT('',#16927);
#5278=VERTEX_POINT('',#16934);
#5279=VERTEX_POINT('',#16936);
#5280=VERTEX_POINT('',#16945);
#5281=VERTEX_POINT('',#16951);
#5282=VERTEX_POINT('',#16960);
#5283=VERTEX_POINT('',#16966);
#5284=VERTEX_POINT('',#16975);
#5285=VERTEX_POINT('',#16981);
#5286=VERTEX_POINT('',#16985);
#5287=VERTEX_POINT('',#16989);
#5288=VERTEX_POINT('',#16993);
#5289=VERTEX_POINT('',#16997);
#5290=VERTEX_POINT('',#17011);
#5291=VERTEX_POINT('',#17012);
#5292=VERTEX_POINT('',#17014);
#5293=VERTEX_POINT('',#17016);
#5294=VERTEX_POINT('',#17020);
#5295=VERTEX_POINT('',#17022);
#5296=VERTEX_POINT('',#17026);
#5297=VERTEX_POINT('',#17028);
#5298=VERTEX_POINT('',#17032);
#5299=VERTEX_POINT('',#17034);
#5300=VERTEX_POINT('',#17038);
#5301=VERTEX_POINT('',#17040);
#5302=VERTEX_POINT('',#17047);
#5303=VERTEX_POINT('',#17049);
#5304=VERTEX_POINT('',#17053);
#5305=VERTEX_POINT('',#17062);
#5306=VERTEX_POINT('',#17068);
#5307=VERTEX_POINT('',#17077);
#5308=VERTEX_POINT('',#17083);
#5309=VERTEX_POINT('',#17092);
#5310=VERTEX_POINT('',#17098);
#5311=VERTEX_POINT('',#17107);
#5312=VERTEX_POINT('',#17113);
#5313=VERTEX_POINT('',#17117);
#5314=VERTEX_POINT('',#17121);
#5315=VERTEX_POINT('',#17125);
#5316=VERTEX_POINT('',#17132);
#5317=VERTEX_POINT('',#17134);
#5318=VERTEX_POINT('',#17138);
#5319=VERTEX_POINT('',#17142);
#5320=VERTEX_POINT('',#17146);
#5321=VERTEX_POINT('',#17150);
#5322=VERTEX_POINT('',#17154);
#5323=VERTEX_POINT('',#17158);
#5324=VERTEX_POINT('',#17162);
#5325=VERTEX_POINT('',#17166);
#5326=VERTEX_POINT('',#17170);
#5327=VERTEX_POINT('',#17174);
#5328=VERTEX_POINT('',#17181);
#5329=VERTEX_POINT('',#17183);
#5330=VERTEX_POINT('',#17187);
#5331=VERTEX_POINT('',#17191);
#5332=VERTEX_POINT('',#17195);
#5333=VERTEX_POINT('',#17199);
#5334=VERTEX_POINT('',#17203);
#5335=VERTEX_POINT('',#17207);
#5336=VERTEX_POINT('',#17211);
#5337=VERTEX_POINT('',#17215);
#5338=VERTEX_POINT('',#17224);
#5339=VERTEX_POINT('',#17230);
#5340=VERTEX_POINT('',#17239);
#5341=VERTEX_POINT('',#17245);
#5342=VERTEX_POINT('',#17254);
#5343=VERTEX_POINT('',#17260);
#5344=VERTEX_POINT('',#17269);
#5345=VERTEX_POINT('',#17275);
#5346=VERTEX_POINT('',#17284);
#5347=VERTEX_POINT('',#17290);
#5348=VERTEX_POINT('',#17294);
#5349=VERTEX_POINT('',#17298);
#5350=VERTEX_POINT('',#17302);
#5351=VERTEX_POINT('',#17306);
#5352=VERTEX_POINT('',#17310);
#5353=VERTEX_POINT('',#17317);
#5354=VERTEX_POINT('',#17318);
#5355=VERTEX_POINT('',#17320);
#5356=VERTEX_POINT('',#17322);
#5357=VERTEX_POINT('',#17326);
#5358=VERTEX_POINT('',#17328);
#5359=VERTEX_POINT('',#17332);
#5360=VERTEX_POINT('',#17334);
#5361=VERTEX_POINT('',#17338);
#5362=VERTEX_POINT('',#17340);
#5363=VERTEX_POINT('',#17344);
#5364=VERTEX_POINT('',#17346);
#5365=VERTEX_POINT('',#17353);
#5366=VERTEX_POINT('',#17355);
#5367=VERTEX_POINT('',#17359);
#5368=VERTEX_POINT('',#17368);
#5369=VERTEX_POINT('',#17374);
#5370=VERTEX_POINT('',#17383);
#5371=VERTEX_POINT('',#17389);
#5372=VERTEX_POINT('',#17398);
#5373=VERTEX_POINT('',#17404);
#5374=VERTEX_POINT('',#17413);
#5375=VERTEX_POINT('',#17419);
#5376=VERTEX_POINT('',#17423);
#5377=VERTEX_POINT('',#17427);
#5378=VERTEX_POINT('',#17431);
#5379=VERTEX_POINT('',#17495);
#5380=EDGE_CURVE('',#4377,#4378,#4104,.T.);
#5381=EDGE_CURVE('',#4378,#4379,#1836,.T.);
#5382=EDGE_CURVE('',#4379,#4380,#4105,.T.);
#5383=EDGE_CURVE('',#4380,#4377,#1837,.T.);
#5384=EDGE_CURVE('',#4381,#4382,#4106,.T.);
#5385=EDGE_CURVE('',#4382,#4380,#4107,.T.);
#5386=EDGE_CURVE('',#4379,#4381,#4108,.T.);
#5387=EDGE_CURVE('',#4383,#4384,#4109,.T.);
#5388=EDGE_CURVE('',#4384,#4382,#1838,.T.);
#5389=EDGE_CURVE('',#4381,#4383,#1839,.T.);
#5390=EDGE_CURVE('',#4385,#4386,#4110,.T.);
#5391=EDGE_CURVE('',#4386,#4384,#4111,.T.);
#5392=EDGE_CURVE('',#4383,#4385,#4112,.T.);
#5393=EDGE_CURVE('',#4387,#4388,#4113,.T.);
#5394=EDGE_CURVE('',#4388,#4386,#1840,.T.);
#5395=EDGE_CURVE('',#4385,#4387,#1841,.T.);
#5396=EDGE_CURVE('',#4389,#4390,#4114,.T.);
#5397=EDGE_CURVE('',#4390,#4388,#4115,.T.);
#5398=EDGE_CURVE('',#4387,#4389,#4116,.T.);
#5399=EDGE_CURVE('',#4391,#4392,#4117,.T.);
#5400=EDGE_CURVE('',#4392,#4390,#1842,.T.);
#5401=EDGE_CURVE('',#4389,#4391,#1843,.T.);
#5402=EDGE_CURVE('',#4377,#4392,#4118,.T.);
#5403=EDGE_CURVE('',#4391,#4378,#4119,.T.);
#5404=EDGE_CURVE('',#4383,#4393,#1844,.T.);
#5405=EDGE_CURVE('',#4394,#4393,#4120,.T.);
#5406=EDGE_CURVE('',#4385,#4394,#1845,.T.);
#5407=EDGE_CURVE('',#4381,#4395,#1846,.T.);
#5408=EDGE_CURVE('',#4393,#4395,#1847,.T.);
#5409=EDGE_CURVE('',#4379,#4396,#1848,.T.);
#5410=EDGE_CURVE('',#4395,#4396,#4121,.T.);
#5411=EDGE_CURVE('',#4378,#4397,#1849,.T.);
#5412=EDGE_CURVE('',#4396,#4397,#1850,.T.);
#5413=EDGE_CURVE('',#4398,#4399,#1851,.T.);
#5414=EDGE_CURVE('',#4398,#4400,#1852,.T.);
#5415=EDGE_CURVE('',#4401,#4400,#1853,.T.);
#5416=EDGE_CURVE('',#4399,#4401,#1854,.T.);
#5417=EDGE_CURVE('',#4402,#4403,#1855,.T.);
#5418=EDGE_CURVE('',#4403,#4404,#4122,.T.);
#5419=EDGE_CURVE('',#4404,#4405,#1856,.T.);
#5420=EDGE_CURVE('',#4402,#4405,#4123,.T.);
#5421=EDGE_CURVE('',#4406,#4407,#1857,.T.);
#5422=EDGE_CURVE('',#4407,#4403,#1858,.T.);
#5423=EDGE_CURVE('',#4406,#4402,#1859,.T.);
#5424=EDGE_CURVE('',#4408,#4397,#1860,.T.);
#5425=EDGE_CURVE('',#4397,#4407,#4124,.T.);
#5426=EDGE_CURVE('',#4408,#4406,#4125,.T.);
#5427=EDGE_CURVE('',#4409,#4396,#1861,.T.);
#5428=EDGE_CURVE('',#4409,#4408,#1862,.T.);
#5429=EDGE_CURVE('',#4410,#4395,#1863,.T.);
#5430=EDGE_CURVE('',#4410,#4409,#4126,.T.);
#5431=EDGE_CURVE('',#4411,#4393,#1864,.T.);
#5432=EDGE_CURVE('',#4411,#4410,#1865,.T.);
#5433=EDGE_CURVE('',#4412,#4394,#1866,.T.);
#5434=EDGE_CURVE('',#4412,#4411,#4127,.T.);
#5435=EDGE_CURVE('',#4404,#4394,#1867,.T.);
#5436=EDGE_CURVE('',#4405,#4412,#1868,.T.);
#5437=EDGE_CURVE('',#4387,#4404,#1869,.T.);
#5438=EDGE_CURVE('',#4389,#4403,#1870,.T.);
#5439=EDGE_CURVE('',#4391,#4407,#1871,.T.);
#5440=EDGE_CURVE('',#4408,#4413,#1872,.T.);
#5441=EDGE_CURVE('',#4414,#4413,#1873,.T.);
#5442=EDGE_CURVE('',#4409,#4414,#1874,.T.);
#5443=EDGE_CURVE('',#4406,#4415,#1875,.T.);
#5444=EDGE_CURVE('',#4413,#4415,#4128,.T.);
#5445=EDGE_CURVE('',#4402,#4416,#1876,.T.);
#5446=EDGE_CURVE('',#4415,#4416,#1877,.T.);
#5447=EDGE_CURVE('',#4405,#4417,#1878,.T.);
#5448=EDGE_CURVE('',#4416,#4417,#4129,.T.);
#5449=EDGE_CURVE('',#4412,#4418,#1879,.T.);
#5450=EDGE_CURVE('',#4417,#4418,#1880,.T.);
#5451=EDGE_CURVE('',#4411,#4419,#1881,.T.);
#5452=EDGE_CURVE('',#4418,#4419,#4130,.T.);
#5453=EDGE_CURVE('',#4410,#4420,#1882,.T.);
#5454=EDGE_CURVE('',#4419,#4420,#1883,.T.);
#5455=EDGE_CURVE('',#4420,#4414,#4131,.T.);
#5456=EDGE_CURVE('',#4398,#4421,#4132,.T.);
#5457=EDGE_CURVE('',#4421,#4422,#4133,.T.);
#5458=EDGE_CURVE('',#4422,#4423,#4134,.T.);
#5459=EDGE_CURVE('',#4423,#4398,#4135,.T.);
#5460=EDGE_CURVE('',#4424,#4425,#4136,.T.);
#5461=EDGE_CURVE('',#4425,#4423,#1884,.T.);
#5462=EDGE_CURVE('',#4422,#4424,#1885,.T.);
#5463=EDGE_CURVE('',#4426,#4427,#4137,.T.);
#5464=EDGE_CURVE('',#4427,#4425,#4138,.T.);
#5465=EDGE_CURVE('',#4424,#4426,#4139,.T.);
#5466=EDGE_CURVE('',#4428,#4429,#4140,.T.);
#5467=EDGE_CURVE('',#4429,#4427,#1886,.T.);
#5468=EDGE_CURVE('',#4426,#4428,#1887,.T.);
#5469=EDGE_CURVE('',#4430,#4431,#4141,.T.);
#5470=EDGE_CURVE('',#4431,#4429,#4142,.T.);
#5471=EDGE_CURVE('',#4428,#4430,#4143,.T.);
#5472=EDGE_CURVE('',#4432,#4433,#4144,.T.);
#5473=EDGE_CURVE('',#4433,#4431,#1888,.T.);
#5474=EDGE_CURVE('',#4430,#4432,#1889,.T.);
#5475=EDGE_CURVE('',#4434,#4435,#4145,.T.);
#5476=EDGE_CURVE('',#4435,#4433,#4146,.T.);
#5477=EDGE_CURVE('',#4432,#4434,#4147,.T.);
#5478=EDGE_CURVE('',#4436,#4437,#4148,.T.);
#5479=EDGE_CURVE('',#4437,#4435,#1890,.T.);
#5480=EDGE_CURVE('',#4434,#4436,#1891,.T.);
#5481=EDGE_CURVE('',#4438,#4439,#4149,.T.);
#5482=EDGE_CURVE('',#4439,#4437,#4150,.T.);
#5483=EDGE_CURVE('',#4436,#4438,#4151,.T.);
#5484=EDGE_CURVE('',#4440,#4441,#4152,.T.);
#5485=EDGE_CURVE('',#4441,#4439,#1892,.T.);
#5486=EDGE_CURVE('',#4438,#4440,#1893,.T.);
#5487=EDGE_CURVE('',#4442,#4443,#4153,.T.);
#5488=EDGE_CURVE('',#4443,#4441,#4154,.T.);
#5489=EDGE_CURVE('',#4440,#4442,#4155,.T.);
#5490=EDGE_CURVE('',#4444,#4445,#4156,.T.);
#5491=EDGE_CURVE('',#4445,#4443,#1894,.T.);
#5492=EDGE_CURVE('',#4442,#4444,#1895,.T.);
#5493=EDGE_CURVE('',#4446,#4399,#4157,.T.);
#5494=EDGE_CURVE('',#4399,#4445,#4158,.T.);
#5495=EDGE_CURVE('',#4444,#4446,#4159,.T.);
#5496=EDGE_CURVE('',#4446,#4421,#1896,.T.);
#5497=EDGE_CURVE('',#4439,#4447,#1897,.T.);
#5498=EDGE_CURVE('',#4448,#4447,#4160,.T.);
#5499=EDGE_CURVE('',#4437,#4448,#1898,.T.);
#5500=EDGE_CURVE('',#4441,#4449,#1899,.T.);
#5501=EDGE_CURVE('',#4447,#4449,#1900,.T.);
#5502=EDGE_CURVE('',#4443,#4450,#1901,.T.);
#5503=EDGE_CURVE('',#4449,#4450,#4161,.T.);
#5504=EDGE_CURVE('',#4445,#4451,#1902,.T.);
#5505=EDGE_CURVE('',#4450,#4451,#1903,.T.);
#5506=EDGE_CURVE('',#4451,#4401,#4162,.T.);
#5507=EDGE_CURVE('',#4423,#4452,#1904,.T.);
#5508=EDGE_CURVE('',#4400,#4452,#4163,.T.);
#5509=EDGE_CURVE('',#4453,#4453,#4164,.T.);
#5510=EDGE_CURVE('',#4453,#4454,#4165,.T.);
#5511=EDGE_CURVE('',#4454,#4454,#4166,.T.);
#5512=EDGE_CURVE('',#4455,#4456,#1905,.T.);
#5513=EDGE_CURVE('',#4456,#4457,#4167,.T.);
#5514=EDGE_CURVE('',#4457,#4458,#1906,.T.);
#5515=EDGE_CURVE('',#4458,#4459,#4168,.T.);
#5516=EDGE_CURVE('',#4459,#4460,#1907,.T.);
#5517=EDGE_CURVE('',#4460,#4461,#4169,.T.);
#5518=EDGE_CURVE('',#4461,#4462,#1908,.T.);
#5519=EDGE_CURVE('',#4462,#4463,#4170,.T.);
#5520=EDGE_CURVE('',#4463,#4464,#1909,.T.);
#5521=EDGE_CURVE('',#4464,#4465,#4171,.T.);
#5522=EDGE_CURVE('',#4465,#4466,#1910,.T.);
#5523=EDGE_CURVE('',#4466,#4467,#4172,.T.);
#5524=EDGE_CURVE('',#4467,#4468,#1911,.T.);
#5525=EDGE_CURVE('',#4468,#4455,#4173,.T.);
#5526=EDGE_CURVE('',#4469,#4469,#4174,.T.);
#5527=EDGE_CURVE('',#4470,#4470,#4175,.T.);
#5528=EDGE_CURVE('',#4471,#4471,#4176,.T.);
#5529=EDGE_CURVE('',#4471,#4453,#1912,.T.);
#5530=EDGE_CURVE('',#4472,#4472,#4177,.T.);
#5531=EDGE_CURVE('',#4472,#4469,#4178,.T.);
#5532=EDGE_CURVE('',#4473,#4473,#4179,.T.);
#5533=EDGE_CURVE('',#4473,#4472,#1913,.T.);
#5534=EDGE_CURVE('',#4474,#4474,#4180,.T.);
#5535=EDGE_CURVE('',#4474,#4470,#4181,.T.);
#5536=EDGE_CURVE('',#4475,#4475,#4182,.T.);
#5537=EDGE_CURVE('',#4475,#4474,#1914,.T.);
#5538=EDGE_CURVE('',#4476,#4476,#4183,.T.);
#5539=EDGE_CURVE('',#4476,#4477,#1915,.T.);
#5540=EDGE_CURVE('',#4477,#4477,#4184,.T.);
#5541=EDGE_CURVE('',#4478,#4478,#4185,.T.);
#5542=EDGE_CURVE('',#4478,#4479,#1916,.T.);
#5543=EDGE_CURVE('',#4479,#4479,#4186,.T.);
#5544=EDGE_CURVE('',#4480,#4480,#4187,.T.);
#5545=EDGE_CURVE('',#4480,#4481,#1917,.T.);
#5546=EDGE_CURVE('',#4481,#4481,#4188,.T.);
#5547=EDGE_CURVE('',#4461,#4482,#1918,.T.);
#5548=EDGE_CURVE('',#4483,#4482,#1919,.T.);
#5549=EDGE_CURVE('',#4462,#4483,#1920,.T.);
#5550=EDGE_CURVE('',#4460,#4484,#1921,.T.);
#5551=EDGE_CURVE('',#4482,#4484,#4189,.T.);
#5552=EDGE_CURVE('',#4459,#4485,#1922,.T.);
#5553=EDGE_CURVE('',#4484,#4485,#1923,.T.);
#5554=EDGE_CURVE('',#4458,#4486,#1924,.T.);
#5555=EDGE_CURVE('',#4485,#4486,#4190,.T.);
#5556=EDGE_CURVE('',#4457,#4487,#1925,.T.);
#5557=EDGE_CURVE('',#4486,#4487,#1926,.T.);
#5558=EDGE_CURVE('',#4456,#4488,#1927,.T.);
#5559=EDGE_CURVE('',#4487,#4488,#4191,.T.);
#5560=EDGE_CURVE('',#4455,#4489,#1928,.T.);
#5561=EDGE_CURVE('',#4488,#4489,#1929,.T.);
#5562=EDGE_CURVE('',#4490,#4483,#4192,.T.);
#5563=EDGE_CURVE('',#4463,#4490,#1930,.T.);
#5564=EDGE_CURVE('',#4491,#4490,#1931,.T.);
#5565=EDGE_CURVE('',#4464,#4491,#1932,.T.);
#5566=EDGE_CURVE('',#4492,#4491,#4193,.T.);
#5567=EDGE_CURVE('',#4465,#4492,#1933,.T.);
#5568=EDGE_CURVE('',#4493,#4492,#1934,.T.);
#5569=EDGE_CURVE('',#4466,#4493,#1935,.T.);
#5570=EDGE_CURVE('',#4494,#4493,#4194,.T.);
#5571=EDGE_CURVE('',#4467,#4494,#1936,.T.);
#5572=EDGE_CURVE('',#4495,#4494,#1937,.T.);
#5573=EDGE_CURVE('',#4468,#4495,#1938,.T.);
#5574=EDGE_CURVE('',#4489,#4495,#4195,.T.);
#5575=EDGE_CURVE('',#4452,#4496,#1939,.T.);
#5576=EDGE_CURVE('',#4496,#4497,#4196,.T.);
#5577=EDGE_CURVE('',#4497,#4498,#1940,.T.);
#5578=EDGE_CURVE('',#4498,#4499,#4197,.T.);
#5579=EDGE_CURVE('',#4499,#4500,#1941,.T.);
#5580=EDGE_CURVE('',#4500,#4501,#4198,.T.);
#5581=EDGE_CURVE('',#4501,#4448,#1942,.T.);
#5582=EDGE_CURVE('',#4435,#4501,#1943,.T.);
#5583=EDGE_CURVE('',#4433,#4500,#1944,.T.);
#5584=EDGE_CURVE('',#4431,#4499,#1945,.T.);
#5585=EDGE_CURVE('',#4429,#4498,#1946,.T.);
#5586=EDGE_CURVE('',#4427,#4497,#1947,.T.);
#5587=EDGE_CURVE('',#4425,#4496,#1948,.T.);
#5588=EDGE_CURVE('',#4502,#4503,#1949,.T.);
#5589=EDGE_CURVE('',#4504,#4502,#1950,.T.);
#5590=EDGE_CURVE('',#4505,#4504,#1951,.T.);
#5591=EDGE_CURVE('',#4503,#4505,#1952,.T.);
#5592=EDGE_CURVE('',#4506,#4507,#1953,.T.);
#5593=EDGE_CURVE('',#4508,#4506,#1954,.T.);
#5594=EDGE_CURVE('',#4509,#4508,#1955,.T.);
#5595=EDGE_CURVE('',#4509,#4507,#1956,.T.);
#5596=EDGE_CURVE('',#4507,#4502,#1957,.T.);
#5597=EDGE_CURVE('',#4504,#4509,#1958,.T.);
#5598=EDGE_CURVE('',#4510,#4506,#1959,.T.);
#5599=EDGE_CURVE('',#4511,#4510,#1960,.T.);
#5600=EDGE_CURVE('',#4511,#4508,#1961,.T.);
#5601=EDGE_CURVE('',#4505,#4512,#1962,.T.);
#5602=EDGE_CURVE('',#4512,#4513,#1963,.T.);
#5603=EDGE_CURVE('',#4503,#4513,#1964,.T.);
#5604=EDGE_CURVE('',#4511,#4514,#4199,.T.);
#5605=EDGE_CURVE('',#4515,#4514,#1965,.T.);
#5606=EDGE_CURVE('',#4516,#4515,#1966,.T.);
#5607=EDGE_CURVE('',#4517,#4516,#4200,.T.);
#5608=EDGE_CURVE('',#4518,#4517,#1967,.T.);
#5609=EDGE_CURVE('',#4518,#4519,#4201,.T.);
#5610=EDGE_CURVE('',#4519,#4520,#1968,.T.);
#5611=EDGE_CURVE('',#4521,#4520,#4202,.T.);
#5612=EDGE_CURVE('',#4522,#4521,#1969,.T.);
#5613=EDGE_CURVE('',#4523,#4522,#1970,.T.);
#5614=EDGE_CURVE('',#4523,#4524,#4203,.T.);
#5615=EDGE_CURVE('',#4525,#4524,#1971,.T.);
#5616=EDGE_CURVE('',#4525,#4526,#4204,.T.);
#5617=EDGE_CURVE('',#4526,#4527,#1972,.T.);
#5618=EDGE_CURVE('',#4528,#4527,#4205,.T.);
#5619=EDGE_CURVE('',#4528,#4529,#1973,.T.);
#5620=EDGE_CURVE('',#4529,#4530,#1974,.T.);
#5621=EDGE_CURVE('',#4530,#4531,#4206,.T.);
#5622=EDGE_CURVE('',#4532,#4531,#1975,.T.);
#5623=EDGE_CURVE('',#4512,#4532,#4207,.T.);
#5624=EDGE_CURVE('',#4533,#4534,#4208,.T.);
#5625=EDGE_CURVE('',#4534,#4535,#1976,.T.);
#5626=EDGE_CURVE('',#4535,#4536,#4209,.T.);
#5627=EDGE_CURVE('',#4536,#4537,#1977,.T.);
#5628=EDGE_CURVE('',#4537,#4538,#4210,.T.);
#5629=EDGE_CURVE('',#4538,#4539,#1978,.T.);
#5630=EDGE_CURVE('',#4539,#4540,#4211,.T.);
#5631=EDGE_CURVE('',#4540,#4533,#1979,.T.);
#5632=EDGE_CURVE('',#4541,#4542,#4212,.T.);
#5633=EDGE_CURVE('',#4542,#4543,#1980,.T.);
#5634=EDGE_CURVE('',#4543,#4544,#4213,.T.);
#5635=EDGE_CURVE('',#4544,#4545,#1981,.T.);
#5636=EDGE_CURVE('',#4545,#4546,#4214,.T.);
#5637=EDGE_CURVE('',#4546,#4547,#1982,.T.);
#5638=EDGE_CURVE('',#4547,#4548,#4215,.T.);
#5639=EDGE_CURVE('',#4548,#4541,#1983,.T.);
#5640=EDGE_CURVE('',#4549,#4550,#4216,.T.);
#5641=EDGE_CURVE('',#4550,#4551,#1984,.T.);
#5642=EDGE_CURVE('',#4551,#4552,#4217,.T.);
#5643=EDGE_CURVE('',#4552,#4553,#1985,.T.);
#5644=EDGE_CURVE('',#4553,#4554,#4218,.T.);
#5645=EDGE_CURVE('',#4554,#4555,#1986,.T.);
#5646=EDGE_CURVE('',#4555,#4556,#4219,.T.);
#5647=EDGE_CURVE('',#4556,#4549,#1987,.T.);
#5648=EDGE_CURVE('',#4557,#4557,#4220,.T.);
#5649=EDGE_CURVE('',#4558,#4558,#4221,.T.);
#5650=EDGE_CURVE('',#4559,#4560,#4222,.T.);
#5651=EDGE_CURVE('',#4560,#4561,#1988,.T.);
#5652=EDGE_CURVE('',#4561,#4562,#4223,.T.);
#5653=EDGE_CURVE('',#4562,#4563,#1989,.T.);
#5654=EDGE_CURVE('',#4563,#4564,#4224,.T.);
#5655=EDGE_CURVE('',#4564,#4565,#1990,.T.);
#5656=EDGE_CURVE('',#4565,#4566,#4225,.T.);
#5657=EDGE_CURVE('',#4566,#4559,#1991,.T.);
#5658=EDGE_CURVE('',#4567,#4568,#4226,.T.);
#5659=EDGE_CURVE('',#4568,#4569,#1992,.T.);
#5660=EDGE_CURVE('',#4569,#4570,#4227,.T.);
#5661=EDGE_CURVE('',#4570,#4571,#1993,.T.);
#5662=EDGE_CURVE('',#4571,#4572,#4228,.T.);
#5663=EDGE_CURVE('',#4572,#4573,#1994,.T.);
#5664=EDGE_CURVE('',#4573,#4574,#4229,.T.);
#5665=EDGE_CURVE('',#4574,#4567,#1995,.T.);
#5666=EDGE_CURVE('',#4575,#4576,#4230,.T.);
#5667=EDGE_CURVE('',#4576,#4577,#1996,.T.);
#5668=EDGE_CURVE('',#4577,#4578,#4231,.T.);
#5669=EDGE_CURVE('',#4578,#4579,#1997,.T.);
#5670=EDGE_CURVE('',#4579,#4580,#4232,.T.);
#5671=EDGE_CURVE('',#4580,#4581,#1998,.T.);
#5672=EDGE_CURVE('',#4581,#4582,#4233,.T.);
#5673=EDGE_CURVE('',#4582,#4575,#1999,.T.);
#5674=EDGE_CURVE('',#4583,#4584,#4234,.T.);
#5675=EDGE_CURVE('',#4584,#4585,#2000,.T.);
#5676=EDGE_CURVE('',#4585,#4586,#4235,.T.);
#5677=EDGE_CURVE('',#4586,#4587,#2001,.T.);
#5678=EDGE_CURVE('',#4587,#4588,#4236,.T.);
#5679=EDGE_CURVE('',#4588,#4589,#2002,.T.);
#5680=EDGE_CURVE('',#4589,#4590,#4237,.T.);
#5681=EDGE_CURVE('',#4590,#4583,#2003,.T.);
#5682=EDGE_CURVE('',#4591,#4592,#4238,.T.);
#5683=EDGE_CURVE('',#4592,#4593,#2004,.T.);
#5684=EDGE_CURVE('',#4593,#4594,#4239,.T.);
#5685=EDGE_CURVE('',#4594,#4595,#2005,.T.);
#5686=EDGE_CURVE('',#4595,#4596,#4240,.T.);
#5687=EDGE_CURVE('',#4596,#4597,#2006,.T.);
#5688=EDGE_CURVE('',#4597,#4598,#4241,.T.);
#5689=EDGE_CURVE('',#4598,#4591,#2007,.T.);
#5690=EDGE_CURVE('',#4599,#4600,#4242,.T.);
#5691=EDGE_CURVE('',#4600,#4601,#2008,.T.);
#5692=EDGE_CURVE('',#4601,#4602,#4243,.T.);
#5693=EDGE_CURVE('',#4602,#4603,#2009,.T.);
#5694=EDGE_CURVE('',#4603,#4604,#4244,.T.);
#5695=EDGE_CURVE('',#4604,#4605,#2010,.T.);
#5696=EDGE_CURVE('',#4605,#4606,#4245,.T.);
#5697=EDGE_CURVE('',#4606,#4599,#2011,.T.);
#5698=EDGE_CURVE('',#4607,#4608,#4246,.T.);
#5699=EDGE_CURVE('',#4608,#4609,#2012,.T.);
#5700=EDGE_CURVE('',#4609,#4610,#4247,.T.);
#5701=EDGE_CURVE('',#4610,#4611,#2013,.T.);
#5702=EDGE_CURVE('',#4611,#4612,#4248,.T.);
#5703=EDGE_CURVE('',#4612,#4613,#2014,.T.);
#5704=EDGE_CURVE('',#4613,#4614,#4249,.T.);
#5705=EDGE_CURVE('',#4614,#4607,#2015,.T.);
#5706=EDGE_CURVE('',#4615,#4616,#4250,.T.);
#5707=EDGE_CURVE('',#4616,#4617,#2016,.T.);
#5708=EDGE_CURVE('',#4617,#4618,#4251,.T.);
#5709=EDGE_CURVE('',#4618,#4619,#2017,.T.);
#5710=EDGE_CURVE('',#4619,#4620,#4252,.T.);
#5711=EDGE_CURVE('',#4620,#4621,#2018,.T.);
#5712=EDGE_CURVE('',#4621,#4622,#4253,.T.);
#5713=EDGE_CURVE('',#4622,#4615,#2019,.T.);
#5714=EDGE_CURVE('',#4623,#4624,#4254,.T.);
#5715=EDGE_CURVE('',#4624,#4625,#2020,.T.);
#5716=EDGE_CURVE('',#4625,#4626,#4255,.T.);
#5717=EDGE_CURVE('',#4626,#4627,#2021,.T.);
#5718=EDGE_CURVE('',#4627,#4628,#4256,.T.);
#5719=EDGE_CURVE('',#4628,#4629,#2022,.T.);
#5720=EDGE_CURVE('',#4629,#4630,#4257,.T.);
#5721=EDGE_CURVE('',#4630,#4623,#2023,.T.);
#5722=EDGE_CURVE('',#4631,#4632,#4258,.T.);
#5723=EDGE_CURVE('',#4632,#4633,#2024,.T.);
#5724=EDGE_CURVE('',#4633,#4634,#4259,.T.);
#5725=EDGE_CURVE('',#4634,#4635,#2025,.T.);
#5726=EDGE_CURVE('',#4635,#4636,#4260,.T.);
#5727=EDGE_CURVE('',#4636,#4637,#2026,.T.);
#5728=EDGE_CURVE('',#4637,#4638,#4261,.T.);
#5729=EDGE_CURVE('',#4638,#4631,#2027,.T.);
#5730=EDGE_CURVE('',#4639,#4640,#4262,.T.);
#5731=EDGE_CURVE('',#4640,#4641,#2028,.T.);
#5732=EDGE_CURVE('',#4641,#4642,#4263,.T.);
#5733=EDGE_CURVE('',#4642,#4643,#2029,.T.);
#5734=EDGE_CURVE('',#4643,#4644,#4264,.T.);
#5735=EDGE_CURVE('',#4644,#4645,#2030,.T.);
#5736=EDGE_CURVE('',#4645,#4646,#4265,.T.);
#5737=EDGE_CURVE('',#4646,#4639,#2031,.T.);
#5738=EDGE_CURVE('',#4647,#4648,#4266,.T.);
#5739=EDGE_CURVE('',#4648,#4649,#2032,.T.);
#5740=EDGE_CURVE('',#4649,#4650,#4267,.T.);
#5741=EDGE_CURVE('',#4650,#4651,#2033,.T.);
#5742=EDGE_CURVE('',#4651,#4652,#4268,.T.);
#5743=EDGE_CURVE('',#4652,#4653,#2034,.T.);
#5744=EDGE_CURVE('',#4653,#4654,#4269,.T.);
#5745=EDGE_CURVE('',#4654,#4647,#2035,.T.);
#5746=EDGE_CURVE('',#4655,#4655,#4270,.T.);
#5747=EDGE_CURVE('',#4656,#4657,#4271,.T.);
#5748=EDGE_CURVE('',#4657,#4658,#2036,.T.);
#5749=EDGE_CURVE('',#4658,#4659,#4272,.T.);
#5750=EDGE_CURVE('',#4659,#4660,#2037,.T.);
#5751=EDGE_CURVE('',#4660,#4661,#4273,.T.);
#5752=EDGE_CURVE('',#4661,#4662,#2038,.T.);
#5753=EDGE_CURVE('',#4662,#4663,#4274,.T.);
#5754=EDGE_CURVE('',#4663,#4656,#2039,.T.);
#5755=EDGE_CURVE('',#4664,#4665,#4275,.T.);
#5756=EDGE_CURVE('',#4665,#4666,#2040,.T.);
#5757=EDGE_CURVE('',#4666,#4667,#4276,.T.);
#5758=EDGE_CURVE('',#4667,#4668,#2041,.T.);
#5759=EDGE_CURVE('',#4668,#4669,#4277,.T.);
#5760=EDGE_CURVE('',#4669,#4670,#2042,.T.);
#5761=EDGE_CURVE('',#4670,#4671,#4278,.T.);
#5762=EDGE_CURVE('',#4671,#4664,#2043,.T.);
#5763=EDGE_CURVE('',#4672,#4673,#2044,.T.);
#5764=EDGE_CURVE('',#4673,#4674,#2045,.T.);
#5765=EDGE_CURVE('',#4674,#4675,#2046,.T.);
#5766=EDGE_CURVE('',#4675,#4676,#2047,.T.);
#5767=EDGE_CURVE('',#4676,#4677,#2048,.T.);
#5768=EDGE_CURVE('',#4677,#4678,#2049,.T.);
#5769=EDGE_CURVE('',#4678,#4679,#71,.T.);
#5770=EDGE_CURVE('',#4679,#4680,#2050,.T.);
#5771=EDGE_CURVE('',#4680,#4681,#72,.T.);
#5772=EDGE_CURVE('',#4681,#4682,#2051,.T.);
#5773=EDGE_CURVE('',#4682,#4683,#73,.T.);
#5774=EDGE_CURVE('',#4683,#4684,#2052,.T.);
#5775=EDGE_CURVE('',#4684,#4685,#74,.T.);
#5776=EDGE_CURVE('',#4685,#4672,#2053,.T.);
#5777=EDGE_CURVE('',#4686,#4687,#2054,.T.);
#5778=EDGE_CURVE('',#4687,#4688,#2055,.T.);
#5779=EDGE_CURVE('',#4688,#4689,#2056,.T.);
#5780=EDGE_CURVE('',#4689,#4690,#2057,.T.);
#5781=EDGE_CURVE('',#4690,#4691,#2058,.T.);
#5782=EDGE_CURVE('',#4691,#4692,#2059,.T.);
#5783=EDGE_CURVE('',#4692,#4693,#2060,.T.);
#5784=EDGE_CURVE('',#4693,#4694,#2061,.T.);
#5785=EDGE_CURVE('',#4694,#4695,#75,.T.);
#5786=EDGE_CURVE('',#4695,#4696,#2062,.T.);
#5787=EDGE_CURVE('',#4696,#4697,#76,.T.);
#5788=EDGE_CURVE('',#4697,#4698,#2063,.T.);
#5789=EDGE_CURVE('',#4698,#4699,#77,.T.);
#5790=EDGE_CURVE('',#4699,#4700,#2064,.T.);
#5791=EDGE_CURVE('',#4700,#4701,#78,.T.);
#5792=EDGE_CURVE('',#4701,#4702,#2065,.T.);
#5793=EDGE_CURVE('',#4702,#4703,#79,.T.);
#5794=EDGE_CURVE('',#4703,#4704,#2066,.T.);
#5795=EDGE_CURVE('',#4704,#4705,#2067,.T.);
#5796=EDGE_CURVE('',#4705,#4706,#2068,.T.);
#5797=EDGE_CURVE('',#4706,#4707,#2069,.T.);
#5798=EDGE_CURVE('',#4707,#4708,#2070,.T.);
#5799=EDGE_CURVE('',#4708,#4709,#2071,.T.);
#5800=EDGE_CURVE('',#4709,#4710,#2072,.T.);
#5801=EDGE_CURVE('',#4710,#4686,#2073,.T.);
#5802=EDGE_CURVE('',#4711,#4712,#2074,.T.);
#5803=EDGE_CURVE('',#4712,#4713,#2075,.T.);
#5804=EDGE_CURVE('',#4713,#4714,#2076,.T.);
#5805=EDGE_CURVE('',#4714,#4715,#2077,.T.);
#5806=EDGE_CURVE('',#4715,#4716,#2078,.T.);
#5807=EDGE_CURVE('',#4716,#4717,#2079,.T.);
#5808=EDGE_CURVE('',#4717,#4718,#2080,.T.);
#5809=EDGE_CURVE('',#4718,#4719,#2081,.T.);
#5810=EDGE_CURVE('',#4719,#4720,#2082,.T.);
#5811=EDGE_CURVE('',#4720,#4721,#2083,.T.);
#5812=EDGE_CURVE('',#4721,#4722,#2084,.T.);
#5813=EDGE_CURVE('',#4722,#4711,#2085,.T.);
#5814=EDGE_CURVE('',#4723,#4724,#2086,.T.);
#5815=EDGE_CURVE('',#4724,#4725,#2087,.T.);
#5816=EDGE_CURVE('',#4725,#4726,#2088,.T.);
#5817=EDGE_CURVE('',#4726,#4727,#2089,.T.);
#5818=EDGE_CURVE('',#4727,#4728,#2090,.T.);
#5819=EDGE_CURVE('',#4728,#4729,#2091,.T.);
#5820=EDGE_CURVE('',#4729,#4730,#80,.T.);
#5821=EDGE_CURVE('',#4730,#4731,#2092,.T.);
#5822=EDGE_CURVE('',#4731,#4732,#81,.T.);
#5823=EDGE_CURVE('',#4732,#4733,#2093,.T.);
#5824=EDGE_CURVE('',#4733,#4734,#82,.T.);
#5825=EDGE_CURVE('',#4734,#4735,#2094,.T.);
#5826=EDGE_CURVE('',#4735,#4736,#83,.T.);
#5827=EDGE_CURVE('',#4736,#4723,#2095,.T.);
#5828=EDGE_CURVE('',#4737,#4738,#2096,.T.);
#5829=EDGE_CURVE('',#4738,#4739,#84,.T.);
#5830=EDGE_CURVE('',#4739,#4740,#2097,.T.);
#5831=EDGE_CURVE('',#4740,#4741,#2098,.T.);
#5832=EDGE_CURVE('',#4741,#4742,#2099,.T.);
#5833=EDGE_CURVE('',#4742,#4743,#2100,.T.);
#5834=EDGE_CURVE('',#4743,#4744,#2101,.T.);
#5835=EDGE_CURVE('',#4744,#4745,#85,.T.);
#5836=EDGE_CURVE('',#4745,#4746,#2102,.T.);
#5837=EDGE_CURVE('',#4746,#4747,#86,.T.);
#5838=EDGE_CURVE('',#4747,#4748,#2103,.T.);
#5839=EDGE_CURVE('',#4748,#4737,#87,.T.);
#5840=EDGE_CURVE('',#4749,#4750,#2104,.T.);
#5841=EDGE_CURVE('',#4750,#4751,#2105,.T.);
#5842=EDGE_CURVE('',#4751,#4752,#2106,.T.);
#5843=EDGE_CURVE('',#4752,#4753,#2107,.T.);
#5844=EDGE_CURVE('',#4753,#4754,#2108,.T.);
#5845=EDGE_CURVE('',#4754,#4755,#2109,.T.);
#5846=EDGE_CURVE('',#4755,#4756,#2110,.T.);
#5847=EDGE_CURVE('',#4756,#4757,#2111,.T.);
#5848=EDGE_CURVE('',#4757,#4758,#2112,.T.);
#5849=EDGE_CURVE('',#4758,#4759,#2113,.T.);
#5850=EDGE_CURVE('',#4759,#4760,#88,.T.);
#5851=EDGE_CURVE('',#4760,#4761,#89,.T.);
#5852=EDGE_CURVE('',#4761,#4762,#90,.T.);
#5853=EDGE_CURVE('',#4762,#4763,#2114,.T.);
#5854=EDGE_CURVE('',#4763,#4764,#2115,.T.);
#5855=EDGE_CURVE('',#4764,#4765,#91,.T.);
#5856=EDGE_CURVE('',#4765,#4766,#92,.T.);
#5857=EDGE_CURVE('',#4766,#4767,#93,.T.);
#5858=EDGE_CURVE('',#4767,#4768,#94,.T.);
#5859=EDGE_CURVE('',#4768,#4769,#95,.T.);
#5860=EDGE_CURVE('',#4769,#4749,#2116,.T.);
#5861=EDGE_CURVE('',#4770,#4771,#2117,.T.);
#5862=EDGE_CURVE('',#4771,#4772,#2118,.T.);
#5863=EDGE_CURVE('',#4772,#4773,#2119,.T.);
#5864=EDGE_CURVE('',#4773,#4774,#2120,.T.);
#5865=EDGE_CURVE('',#4774,#4775,#2121,.T.);
#5866=EDGE_CURVE('',#4775,#4776,#2122,.T.);
#5867=EDGE_CURVE('',#4776,#4777,#96,.T.);
#5868=EDGE_CURVE('',#4777,#4778,#2123,.T.);
#5869=EDGE_CURVE('',#4778,#4779,#97,.T.);
#5870=EDGE_CURVE('',#4779,#4780,#98,.T.);
#5871=EDGE_CURVE('',#4780,#4781,#2124,.T.);
#5872=EDGE_CURVE('',#4781,#4782,#99,.T.);
#5873=EDGE_CURVE('',#4782,#4770,#2125,.T.);
#5874=EDGE_CURVE('',#4783,#4784,#2126,.T.);
#5875=EDGE_CURVE('',#4784,#4785,#2127,.T.);
#5876=EDGE_CURVE('',#4785,#4786,#2128,.T.);
#5877=EDGE_CURVE('',#4786,#4787,#2129,.T.);
#5878=EDGE_CURVE('',#4787,#4788,#2130,.T.);
#5879=EDGE_CURVE('',#4788,#4789,#2131,.T.);
#5880=EDGE_CURVE('',#4789,#4790,#100,.T.);
#5881=EDGE_CURVE('',#4790,#4791,#2132,.T.);
#5882=EDGE_CURVE('',#4791,#4792,#101,.T.);
#5883=EDGE_CURVE('',#4792,#4793,#102,.T.);
#5884=EDGE_CURVE('',#4793,#4794,#2133,.T.);
#5885=EDGE_CURVE('',#4794,#4795,#103,.T.);
#5886=EDGE_CURVE('',#4795,#4783,#2134,.T.);
#5887=EDGE_CURVE('',#4796,#4797,#2135,.T.);
#5888=EDGE_CURVE('',#4797,#4798,#2136,.T.);
#5889=EDGE_CURVE('',#4798,#4799,#2137,.T.);
#5890=EDGE_CURVE('',#4799,#4800,#2138,.T.);
#5891=EDGE_CURVE('',#4800,#4801,#2139,.T.);
#5892=EDGE_CURVE('',#4801,#4802,#2140,.T.);
#5893=EDGE_CURVE('',#4802,#4803,#2141,.T.);
#5894=EDGE_CURVE('',#4803,#4804,#2142,.T.);
#5895=EDGE_CURVE('',#4804,#4805,#2143,.T.);
#5896=EDGE_CURVE('',#4805,#4806,#2144,.T.);
#5897=EDGE_CURVE('',#4806,#4807,#2145,.T.);
#5898=EDGE_CURVE('',#4807,#4796,#2146,.T.);
#5899=EDGE_CURVE('',#4808,#4809,#2147,.T.);
#5900=EDGE_CURVE('',#4809,#4810,#2148,.T.);
#5901=EDGE_CURVE('',#4810,#4811,#2149,.T.);
#5902=EDGE_CURVE('',#4811,#4812,#2150,.T.);
#5903=EDGE_CURVE('',#4812,#4813,#2151,.T.);
#5904=EDGE_CURVE('',#4813,#4814,#2152,.T.);
#5905=EDGE_CURVE('',#4814,#4815,#2153,.T.);
#5906=EDGE_CURVE('',#4815,#4816,#2154,.T.);
#5907=EDGE_CURVE('',#4816,#4817,#104,.T.);
#5908=EDGE_CURVE('',#4817,#4818,#2155,.T.);
#5909=EDGE_CURVE('',#4818,#4819,#105,.T.);
#5910=EDGE_CURVE('',#4819,#4820,#2156,.T.);
#5911=EDGE_CURVE('',#4820,#4821,#106,.T.);
#5912=EDGE_CURVE('',#4821,#4822,#2157,.T.);
#5913=EDGE_CURVE('',#4822,#4823,#107,.T.);
#5914=EDGE_CURVE('',#4823,#4824,#2158,.T.);
#5915=EDGE_CURVE('',#4824,#4825,#108,.T.);
#5916=EDGE_CURVE('',#4825,#4826,#2159,.T.);
#5917=EDGE_CURVE('',#4826,#4827,#2160,.T.);
#5918=EDGE_CURVE('',#4827,#4828,#2161,.T.);
#5919=EDGE_CURVE('',#4828,#4829,#2162,.T.);
#5920=EDGE_CURVE('',#4829,#4830,#2163,.T.);
#5921=EDGE_CURVE('',#4830,#4831,#2164,.T.);
#5922=EDGE_CURVE('',#4831,#4832,#2165,.T.);
#5923=EDGE_CURVE('',#4832,#4808,#2166,.T.);
#5924=EDGE_CURVE('',#4833,#4834,#2167,.T.);
#5925=EDGE_CURVE('',#4834,#4835,#2168,.T.);
#5926=EDGE_CURVE('',#4835,#4836,#2169,.T.);
#5927=EDGE_CURVE('',#4836,#4837,#2170,.T.);
#5928=EDGE_CURVE('',#4837,#4838,#2171,.T.);
#5929=EDGE_CURVE('',#4838,#4839,#2172,.T.);
#5930=EDGE_CURVE('',#4839,#4840,#109,.T.);
#5931=EDGE_CURVE('',#4840,#4841,#2173,.T.);
#5932=EDGE_CURVE('',#4841,#4842,#110,.T.);
#5933=EDGE_CURVE('',#4842,#4843,#111,.T.);
#5934=EDGE_CURVE('',#4843,#4844,#2174,.T.);
#5935=EDGE_CURVE('',#4844,#4845,#112,.T.);
#5936=EDGE_CURVE('',#4845,#4833,#2175,.T.);
#5937=EDGE_CURVE('',#4846,#4847,#2176,.T.);
#5938=EDGE_CURVE('',#4847,#4848,#2177,.T.);
#5939=EDGE_CURVE('',#4848,#4849,#2178,.T.);
#5940=EDGE_CURVE('',#4849,#4850,#2179,.T.);
#5941=EDGE_CURVE('',#4850,#4851,#2180,.T.);
#5942=EDGE_CURVE('',#4851,#4852,#2181,.T.);
#5943=EDGE_CURVE('',#4852,#4853,#113,.T.);
#5944=EDGE_CURVE('',#4853,#4854,#2182,.T.);
#5945=EDGE_CURVE('',#4854,#4855,#114,.T.);
#5946=EDGE_CURVE('',#4855,#4856,#115,.T.);
#5947=EDGE_CURVE('',#4856,#4857,#2183,.T.);
#5948=EDGE_CURVE('',#4857,#4858,#116,.T.);
#5949=EDGE_CURVE('',#4858,#4846,#2184,.T.);
#5950=EDGE_CURVE('',#4859,#4860,#2185,.T.);
#5951=EDGE_CURVE('',#4860,#4861,#2186,.T.);
#5952=EDGE_CURVE('',#4861,#4862,#2187,.T.);
#5953=EDGE_CURVE('',#4862,#4863,#2188,.T.);
#5954=EDGE_CURVE('',#4863,#4864,#2189,.T.);
#5955=EDGE_CURVE('',#4864,#4865,#2190,.T.);
#5956=EDGE_CURVE('',#4865,#4866,#2191,.T.);
#5957=EDGE_CURVE('',#4866,#4867,#2192,.T.);
#5958=EDGE_CURVE('',#4867,#4868,#2193,.T.);
#5959=EDGE_CURVE('',#4868,#4869,#2194,.T.);
#5960=EDGE_CURVE('',#4869,#4870,#117,.T.);
#5961=EDGE_CURVE('',#4870,#4871,#118,.T.);
#5962=EDGE_CURVE('',#4871,#4872,#119,.T.);
#5963=EDGE_CURVE('',#4872,#4873,#2195,.T.);
#5964=EDGE_CURVE('',#4873,#4874,#2196,.T.);
#5965=EDGE_CURVE('',#4874,#4875,#120,.T.);
#5966=EDGE_CURVE('',#4875,#4876,#121,.T.);
#5967=EDGE_CURVE('',#4876,#4877,#122,.T.);
#5968=EDGE_CURVE('',#4877,#4878,#123,.T.);
#5969=EDGE_CURVE('',#4878,#4879,#124,.T.);
#5970=EDGE_CURVE('',#4879,#4859,#2197,.T.);
#5971=EDGE_CURVE('',#4880,#4881,#2198,.T.);
#5972=EDGE_CURVE('',#4881,#4882,#125,.T.);
#5973=EDGE_CURVE('',#4882,#4883,#2199,.T.);
#5974=EDGE_CURVE('',#4883,#4884,#2200,.T.);
#5975=EDGE_CURVE('',#4884,#4885,#2201,.T.);
#5976=EDGE_CURVE('',#4885,#4886,#2202,.T.);
#5977=EDGE_CURVE('',#4886,#4887,#2203,.T.);
#5978=EDGE_CURVE('',#4887,#4888,#126,.T.);
#5979=EDGE_CURVE('',#4888,#4889,#2204,.T.);
#5980=EDGE_CURVE('',#4889,#4890,#127,.T.);
#5981=EDGE_CURVE('',#4890,#4891,#2205,.T.);
#5982=EDGE_CURVE('',#4891,#4880,#128,.T.);
#5983=EDGE_CURVE('',#4892,#4892,#4279,.T.);
#5984=EDGE_CURVE('',#4892,#4893,#4280,.T.);
#5985=EDGE_CURVE('',#4893,#4893,#4281,.T.);
#5986=EDGE_CURVE('',#4513,#4894,#4282,.T.);
#5987=EDGE_CURVE('',#4894,#4895,#2206,.T.);
#5988=EDGE_CURVE('',#4895,#4896,#4283,.T.);
#5989=EDGE_CURVE('',#4896,#4897,#2207,.T.);
#5990=EDGE_CURVE('',#4897,#4898,#2208,.T.);
#5991=EDGE_CURVE('',#4898,#4899,#4284,.T.);
#5992=EDGE_CURVE('',#4899,#4900,#2209,.T.);
#5993=EDGE_CURVE('',#4900,#4901,#4285,.T.);
#5994=EDGE_CURVE('',#4901,#4902,#2210,.T.);
#5995=EDGE_CURVE('',#4902,#4903,#4286,.T.);
#5996=EDGE_CURVE('',#4903,#4904,#2211,.T.);
#5997=EDGE_CURVE('',#4904,#4905,#2212,.T.);
#5998=EDGE_CURVE('',#4905,#4906,#4287,.T.);
#5999=EDGE_CURVE('',#4906,#4907,#2213,.T.);
#6000=EDGE_CURVE('',#4907,#4908,#4288,.T.);
#6001=EDGE_CURVE('',#4908,#4909,#2214,.T.);
#6002=EDGE_CURVE('',#4910,#4909,#4289,.T.);
#6003=EDGE_CURVE('',#4910,#4911,#2215,.T.);
#6004=EDGE_CURVE('',#4911,#4912,#4290,.T.);
#6005=EDGE_CURVE('',#4912,#4913,#2216,.T.);
#6006=EDGE_CURVE('',#4913,#4914,#4291,.T.);
#6007=EDGE_CURVE('',#4914,#4915,#2217,.T.);
#6008=EDGE_CURVE('',#4915,#4916,#4292,.T.);
#6009=EDGE_CURVE('',#4916,#4917,#2218,.T.);
#6010=EDGE_CURVE('',#4917,#4918,#4293,.T.);
#6011=EDGE_CURVE('',#4918,#4919,#2219,.T.);
#6012=EDGE_CURVE('',#4920,#4919,#4294,.T.);
#6013=EDGE_CURVE('',#4920,#4921,#2220,.T.);
#6014=EDGE_CURVE('',#4921,#4922,#4295,.T.);
#6015=EDGE_CURVE('',#4922,#4923,#2221,.T.);
#6016=EDGE_CURVE('',#4923,#4924,#2222,.T.);
#6017=EDGE_CURVE('',#4924,#4510,#4296,.T.);
#6018=EDGE_CURVE('',#4925,#4925,#4297,.T.);
#6019=EDGE_CURVE('',#4926,#4927,#4298,.T.);
#6020=EDGE_CURVE('',#4927,#4928,#2223,.T.);
#6021=EDGE_CURVE('',#4928,#4929,#4299,.T.);
#6022=EDGE_CURVE('',#4929,#4930,#2224,.T.);
#6023=EDGE_CURVE('',#4930,#4931,#4300,.T.);
#6024=EDGE_CURVE('',#4931,#4932,#2225,.T.);
#6025=EDGE_CURVE('',#4932,#4933,#4301,.T.);
#6026=EDGE_CURVE('',#4933,#4926,#2226,.T.);
#6027=EDGE_CURVE('',#4934,#4935,#4302,.T.);
#6028=EDGE_CURVE('',#4935,#4936,#2227,.T.);
#6029=EDGE_CURVE('',#4936,#4937,#4303,.T.);
#6030=EDGE_CURVE('',#4937,#4938,#2228,.T.);
#6031=EDGE_CURVE('',#4938,#4939,#4304,.T.);
#6032=EDGE_CURVE('',#4939,#4940,#2229,.T.);
#6033=EDGE_CURVE('',#4940,#4941,#4305,.T.);
#6034=EDGE_CURVE('',#4941,#4934,#2230,.T.);
#6035=EDGE_CURVE('',#4942,#4943,#4306,.T.);
#6036=EDGE_CURVE('',#4943,#4944,#2231,.T.);
#6037=EDGE_CURVE('',#4944,#4945,#4307,.T.);
#6038=EDGE_CURVE('',#4945,#4946,#2232,.T.);
#6039=EDGE_CURVE('',#4946,#4947,#4308,.T.);
#6040=EDGE_CURVE('',#4947,#4948,#2233,.T.);
#6041=EDGE_CURVE('',#4948,#4949,#4309,.T.);
#6042=EDGE_CURVE('',#4949,#4942,#2234,.T.);
#6043=EDGE_CURVE('',#4950,#4951,#4310,.T.);
#6044=EDGE_CURVE('',#4951,#4952,#2235,.T.);
#6045=EDGE_CURVE('',#4952,#4953,#4311,.T.);
#6046=EDGE_CURVE('',#4953,#4954,#2236,.T.);
#6047=EDGE_CURVE('',#4954,#4955,#4312,.T.);
#6048=EDGE_CURVE('',#4955,#4956,#2237,.T.);
#6049=EDGE_CURVE('',#4956,#4957,#4313,.T.);
#6050=EDGE_CURVE('',#4957,#4950,#2238,.T.);
#6051=EDGE_CURVE('',#4958,#4959,#4314,.T.);
#6052=EDGE_CURVE('',#4959,#4960,#2239,.T.);
#6053=EDGE_CURVE('',#4960,#4961,#4315,.T.);
#6054=EDGE_CURVE('',#4961,#4962,#2240,.T.);
#6055=EDGE_CURVE('',#4962,#4963,#4316,.T.);
#6056=EDGE_CURVE('',#4963,#4964,#2241,.T.);
#6057=EDGE_CURVE('',#4964,#4965,#4317,.T.);
#6058=EDGE_CURVE('',#4965,#4958,#2242,.T.);
#6059=EDGE_CURVE('',#4966,#4967,#4318,.T.);
#6060=EDGE_CURVE('',#4967,#4968,#2243,.T.);
#6061=EDGE_CURVE('',#4968,#4969,#4319,.T.);
#6062=EDGE_CURVE('',#4969,#4970,#2244,.T.);
#6063=EDGE_CURVE('',#4970,#4971,#4320,.T.);
#6064=EDGE_CURVE('',#4971,#4972,#2245,.T.);
#6065=EDGE_CURVE('',#4972,#4973,#4321,.T.);
#6066=EDGE_CURVE('',#4973,#4966,#2246,.T.);
#6067=EDGE_CURVE('',#4974,#4975,#4322,.T.);
#6068=EDGE_CURVE('',#4975,#4976,#2247,.T.);
#6069=EDGE_CURVE('',#4976,#4977,#4323,.T.);
#6070=EDGE_CURVE('',#4977,#4978,#2248,.T.);
#6071=EDGE_CURVE('',#4978,#4979,#4324,.T.);
#6072=EDGE_CURVE('',#4979,#4980,#2249,.T.);
#6073=EDGE_CURVE('',#4980,#4981,#4325,.T.);
#6074=EDGE_CURVE('',#4981,#4974,#2250,.T.);
#6075=EDGE_CURVE('',#4982,#4983,#4326,.T.);
#6076=EDGE_CURVE('',#4983,#4984,#2251,.T.);
#6077=EDGE_CURVE('',#4984,#4985,#4327,.T.);
#6078=EDGE_CURVE('',#4985,#4986,#2252,.T.);
#6079=EDGE_CURVE('',#4986,#4987,#4328,.T.);
#6080=EDGE_CURVE('',#4987,#4988,#2253,.T.);
#6081=EDGE_CURVE('',#4988,#4989,#4329,.T.);
#6082=EDGE_CURVE('',#4989,#4982,#2254,.T.);
#6083=EDGE_CURVE('',#4990,#4991,#4330,.T.);
#6084=EDGE_CURVE('',#4991,#4992,#2255,.T.);
#6085=EDGE_CURVE('',#4992,#4993,#4331,.T.);
#6086=EDGE_CURVE('',#4993,#4994,#2256,.T.);
#6087=EDGE_CURVE('',#4994,#4995,#4332,.T.);
#6088=EDGE_CURVE('',#4995,#4996,#2257,.T.);
#6089=EDGE_CURVE('',#4996,#4997,#4333,.T.);
#6090=EDGE_CURVE('',#4997,#4990,#2258,.T.);
#6091=EDGE_CURVE('',#4998,#4999,#4334,.T.);
#6092=EDGE_CURVE('',#4999,#5000,#2259,.T.);
#6093=EDGE_CURVE('',#5000,#5001,#4335,.T.);
#6094=EDGE_CURVE('',#5001,#5002,#2260,.T.);
#6095=EDGE_CURVE('',#5002,#5003,#4336,.T.);
#6096=EDGE_CURVE('',#5003,#5004,#2261,.T.);
#6097=EDGE_CURVE('',#5004,#5005,#4337,.T.);
#6098=EDGE_CURVE('',#5005,#4998,#2262,.T.);
#6099=EDGE_CURVE('',#5006,#5007,#4338,.T.);
#6100=EDGE_CURVE('',#5007,#5008,#2263,.T.);
#6101=EDGE_CURVE('',#5008,#5009,#4339,.T.);
#6102=EDGE_CURVE('',#5009,#5010,#2264,.T.);
#6103=EDGE_CURVE('',#5010,#5011,#4340,.T.);
#6104=EDGE_CURVE('',#5011,#5012,#2265,.T.);
#6105=EDGE_CURVE('',#5012,#5013,#4341,.T.);
#6106=EDGE_CURVE('',#5013,#5006,#2266,.T.);
#6107=EDGE_CURVE('',#5014,#5015,#4342,.T.);
#6108=EDGE_CURVE('',#5015,#5016,#2267,.T.);
#6109=EDGE_CURVE('',#5016,#5017,#4343,.T.);
#6110=EDGE_CURVE('',#5017,#5018,#2268,.T.);
#6111=EDGE_CURVE('',#5018,#5019,#4344,.T.);
#6112=EDGE_CURVE('',#5019,#5020,#2269,.T.);
#6113=EDGE_CURVE('',#5020,#5021,#4345,.T.);
#6114=EDGE_CURVE('',#5021,#5014,#2270,.T.);
#6115=EDGE_CURVE('',#5022,#5023,#4346,.T.);
#6116=EDGE_CURVE('',#5023,#5024,#2271,.T.);
#6117=EDGE_CURVE('',#5024,#5025,#4347,.T.);
#6118=EDGE_CURVE('',#5025,#5026,#2272,.T.);
#6119=EDGE_CURVE('',#5026,#5027,#4348,.T.);
#6120=EDGE_CURVE('',#5027,#5028,#2273,.T.);
#6121=EDGE_CURVE('',#5028,#5029,#4349,.T.);
#6122=EDGE_CURVE('',#5029,#5022,#2274,.T.);
#6123=EDGE_CURVE('',#5030,#5031,#4350,.T.);
#6124=EDGE_CURVE('',#5031,#5032,#2275,.T.);
#6125=EDGE_CURVE('',#5032,#5033,#4351,.T.);
#6126=EDGE_CURVE('',#5033,#5034,#2276,.T.);
#6127=EDGE_CURVE('',#5034,#5035,#4352,.T.);
#6128=EDGE_CURVE('',#5035,#5036,#2277,.T.);
#6129=EDGE_CURVE('',#5036,#5037,#4353,.T.);
#6130=EDGE_CURVE('',#5037,#5030,#2278,.T.);
#6131=EDGE_CURVE('',#5038,#5039,#4354,.T.);
#6132=EDGE_CURVE('',#5039,#5040,#2279,.T.);
#6133=EDGE_CURVE('',#5040,#5041,#4355,.T.);
#6134=EDGE_CURVE('',#5041,#5042,#2280,.T.);
#6135=EDGE_CURVE('',#5042,#5043,#4356,.T.);
#6136=EDGE_CURVE('',#5043,#5044,#2281,.T.);
#6137=EDGE_CURVE('',#5044,#5045,#4357,.T.);
#6138=EDGE_CURVE('',#5045,#5038,#2282,.T.);
#6139=EDGE_CURVE('',#5046,#5047,#4358,.T.);
#6140=EDGE_CURVE('',#5047,#5048,#2283,.T.);
#6141=EDGE_CURVE('',#5048,#5049,#4359,.T.);
#6142=EDGE_CURVE('',#5049,#5050,#2284,.T.);
#6143=EDGE_CURVE('',#5050,#5051,#4360,.T.);
#6144=EDGE_CURVE('',#5051,#5052,#2285,.T.);
#6145=EDGE_CURVE('',#5052,#5053,#4361,.T.);
#6146=EDGE_CURVE('',#5053,#5046,#2286,.T.);
#6147=EDGE_CURVE('',#5054,#5054,#4362,.T.);
#6148=EDGE_CURVE('',#5054,#4892,#2287,.T.);
#6149=EDGE_CURVE('',#5055,#5055,#4363,.T.);
#6150=EDGE_CURVE('',#5055,#4925,#4364,.T.);
#6151=EDGE_CURVE('',#5056,#5056,#4365,.T.);
#6152=EDGE_CURVE('',#5056,#5055,#2288,.T.);
#6153=EDGE_CURVE('',#4910,#4919,#129,.F.);
#6154=EDGE_CURVE('',#4909,#5057,#130,.T.);
#6155=EDGE_CURVE('',#5057,#5058,#4366,.T.);
#6156=EDGE_CURVE('',#5058,#4920,#131,.T.);
#6157=EDGE_CURVE('',#5057,#5059,#2289,.T.);
#6158=EDGE_CURVE('',#5060,#5059,#4367,.T.);
#6159=EDGE_CURVE('',#5058,#5060,#2290,.T.);
#6160=EDGE_CURVE('',#5061,#5061,#4368,.T.);
#6161=EDGE_CURVE('',#5061,#5062,#2291,.T.);
#6162=EDGE_CURVE('',#5062,#5062,#4369,.T.);
#6163=EDGE_CURVE('',#5063,#5063,#4370,.T.);
#6164=EDGE_CURVE('',#5063,#5064,#2292,.T.);
#6165=EDGE_CURVE('',#5064,#5064,#4371,.T.);
#6166=EDGE_CURVE('',#5065,#5065,#4372,.T.);
#6167=EDGE_CURVE('',#5066,#5067,#4373,.T.);
#6168=EDGE_CURVE('',#5066,#5068,#2293,.T.);
#6169=EDGE_CURVE('',#5069,#5068,#4374,.T.);
#6170=EDGE_CURVE('',#5067,#5069,#2294,.T.);
#6171=EDGE_CURVE('',#5068,#5060,#2295,.T.);
#6172=EDGE_CURVE('',#5059,#5069,#2296,.T.);
#6173=EDGE_CURVE('',#5067,#5066,#2297,.T.);
#6174=EDGE_CURVE('',#5070,#5070,#4375,.T.);
#6175=EDGE_CURVE('',#5071,#5072,#2298,.T.);
#6176=EDGE_CURVE('',#5071,#5073,#2299,.T.);
#6177=EDGE_CURVE('',#5073,#5074,#2300,.T.);
#6178=EDGE_CURVE('',#5072,#5074,#2301,.T.);
#6179=EDGE_CURVE('',#5075,#5071,#2302,.T.);
#6180=EDGE_CURVE('',#5075,#5076,#2303,.T.);
#6181=EDGE_CURVE('',#5076,#5073,#2304,.T.);
#6182=EDGE_CURVE('',#5077,#5075,#2305,.T.);
#6183=EDGE_CURVE('',#5077,#5078,#2306,.T.);
#6184=EDGE_CURVE('',#5078,#5076,#2307,.T.);
#6185=EDGE_CURVE('',#5079,#5077,#2308,.T.);
#6186=EDGE_CURVE('',#5079,#5080,#2309,.T.);
#6187=EDGE_CURVE('',#5080,#5078,#2310,.T.);
#6188=EDGE_CURVE('',#5081,#5079,#2311,.T.);
#6189=EDGE_CURVE('',#5081,#5082,#2312,.T.);
#6190=EDGE_CURVE('',#5082,#5080,#2313,.T.);
#6191=EDGE_CURVE('',#5072,#5081,#2314,.T.);
#6192=EDGE_CURVE('',#5074,#5082,#2315,.T.);
#6193=EDGE_CURVE('',#4880,#5083,#2316,.T.);
#6194=EDGE_CURVE('',#5083,#5084,#2317,.T.);
#6195=EDGE_CURVE('',#4881,#5084,#2318,.T.);
#6196=EDGE_CURVE('',#4891,#5085,#2319,.T.);
#6197=EDGE_CURVE('',#5085,#5083,#132,.T.);
#6198=EDGE_CURVE('',#4890,#5086,#2320,.T.);
#6199=EDGE_CURVE('',#5086,#5085,#2321,.T.);
#6200=EDGE_CURVE('',#4889,#5087,#2322,.T.);
#6201=EDGE_CURVE('',#5087,#5086,#133,.T.);
#6202=EDGE_CURVE('',#4888,#5088,#2323,.T.);
#6203=EDGE_CURVE('',#5088,#5087,#2324,.T.);
#6204=EDGE_CURVE('',#4887,#5089,#2325,.T.);
#6205=EDGE_CURVE('',#5089,#5088,#134,.T.);
#6206=EDGE_CURVE('',#4886,#5090,#2326,.T.);
#6207=EDGE_CURVE('',#5090,#5089,#2327,.T.);
#6208=EDGE_CURVE('',#4885,#5091,#2328,.T.);
#6209=EDGE_CURVE('',#5091,#5090,#2329,.T.);
#6210=EDGE_CURVE('',#4884,#5092,#2330,.T.);
#6211=EDGE_CURVE('',#5092,#5091,#2331,.T.);
#6212=EDGE_CURVE('',#4883,#5093,#2332,.T.);
#6213=EDGE_CURVE('',#5093,#5092,#2333,.T.);
#6214=EDGE_CURVE('',#4882,#5094,#2334,.T.);
#6215=EDGE_CURVE('',#5094,#5093,#2335,.T.);
#6216=EDGE_CURVE('',#5084,#5094,#135,.T.);
#6217=EDGE_CURVE('',#4859,#5095,#2336,.T.);
#6218=EDGE_CURVE('',#5095,#5096,#2337,.T.);
#6219=EDGE_CURVE('',#4860,#5096,#2338,.T.);
#6220=EDGE_CURVE('',#4879,#5097,#2339,.T.);
#6221=EDGE_CURVE('',#5097,#5095,#2340,.T.);
#6222=EDGE_CURVE('',#4878,#5098,#2341,.T.);
#6223=EDGE_CURVE('',#5098,#5097,#136,.T.);
#6224=EDGE_CURVE('',#4877,#5099,#2342,.T.);
#6225=EDGE_CURVE('',#5099,#5098,#137,.T.);
#6226=EDGE_CURVE('',#4876,#5100,#2343,.T.);
#6227=EDGE_CURVE('',#5100,#5099,#138,.T.);
#6228=EDGE_CURVE('',#4875,#5101,#2344,.T.);
#6229=EDGE_CURVE('',#5101,#5100,#139,.T.);
#6230=EDGE_CURVE('',#4874,#5102,#2345,.T.);
#6231=EDGE_CURVE('',#5102,#5101,#140,.T.);
#6232=EDGE_CURVE('',#4873,#5103,#2346,.T.);
#6233=EDGE_CURVE('',#5103,#5102,#2347,.T.);
#6234=EDGE_CURVE('',#4872,#5104,#2348,.T.);
#6235=EDGE_CURVE('',#5104,#5103,#2349,.T.);
#6236=EDGE_CURVE('',#4871,#5105,#2350,.T.);
#6237=EDGE_CURVE('',#5105,#5104,#141,.T.);
#6238=EDGE_CURVE('',#4870,#5106,#2351,.T.);
#6239=EDGE_CURVE('',#5106,#5105,#142,.T.);
#6240=EDGE_CURVE('',#4869,#5107,#2352,.T.);
#6241=EDGE_CURVE('',#5107,#5106,#143,.T.);
#6242=EDGE_CURVE('',#4868,#5108,#2353,.T.);
#6243=EDGE_CURVE('',#5108,#5107,#2354,.T.);
#6244=EDGE_CURVE('',#4867,#5109,#2355,.T.);
#6245=EDGE_CURVE('',#5109,#5108,#2356,.T.);
#6246=EDGE_CURVE('',#4866,#5110,#2357,.T.);
#6247=EDGE_CURVE('',#5110,#5109,#2358,.T.);
#6248=EDGE_CURVE('',#4865,#5111,#2359,.T.);
#6249=EDGE_CURVE('',#5111,#5110,#2360,.T.);
#6250=EDGE_CURVE('',#4864,#5112,#2361,.T.);
#6251=EDGE_CURVE('',#5112,#5111,#2362,.T.);
#6252=EDGE_CURVE('',#4863,#5113,#2363,.T.);
#6253=EDGE_CURVE('',#5113,#5112,#2364,.T.);
#6254=EDGE_CURVE('',#4862,#5114,#2365,.T.);
#6255=EDGE_CURVE('',#5114,#5113,#2366,.T.);
#6256=EDGE_CURVE('',#4861,#5115,#2367,.T.);
#6257=EDGE_CURVE('',#5115,#5114,#2368,.T.);
#6258=EDGE_CURVE('',#5096,#5115,#2369,.T.);
#6259=EDGE_CURVE('',#5116,#5117,#2370,.T.);
#6260=EDGE_CURVE('',#5116,#5118,#2371,.T.);
#6261=EDGE_CURVE('',#5118,#5119,#2372,.T.);
#6262=EDGE_CURVE('',#5117,#5119,#2373,.T.);
#6263=EDGE_CURVE('',#5120,#5116,#2374,.T.);
#6264=EDGE_CURVE('',#5120,#5121,#2375,.T.);
#6265=EDGE_CURVE('',#5121,#5118,#2376,.T.);
#6266=EDGE_CURVE('',#5122,#5120,#2377,.T.);
#6267=EDGE_CURVE('',#5122,#5123,#2378,.T.);
#6268=EDGE_CURVE('',#5123,#5121,#2379,.T.);
#6269=EDGE_CURVE('',#5124,#5122,#2380,.T.);
#6270=EDGE_CURVE('',#5124,#5125,#2381,.T.);
#6271=EDGE_CURVE('',#5125,#5123,#2382,.T.);
#6272=EDGE_CURVE('',#5117,#5124,#2383,.T.);
#6273=EDGE_CURVE('',#5119,#5125,#2384,.T.);
#6274=EDGE_CURVE('',#4846,#5126,#2385,.T.);
#6275=EDGE_CURVE('',#5126,#5127,#2386,.T.);
#6276=EDGE_CURVE('',#4847,#5127,#2387,.T.);
#6277=EDGE_CURVE('',#4858,#5128,#2388,.T.);
#6278=EDGE_CURVE('',#5128,#5126,#2389,.T.);
#6279=EDGE_CURVE('',#4857,#5129,#2390,.T.);
#6280=EDGE_CURVE('',#5129,#5128,#144,.T.);
#6281=EDGE_CURVE('',#4856,#5130,#2391,.T.);
#6282=EDGE_CURVE('',#5130,#5129,#2392,.T.);
#6283=EDGE_CURVE('',#4855,#5131,#2393,.T.);
#6284=EDGE_CURVE('',#5131,#5130,#145,.T.);
#6285=EDGE_CURVE('',#4854,#5132,#2394,.T.);
#6286=EDGE_CURVE('',#5132,#5131,#146,.T.);
#6287=EDGE_CURVE('',#4853,#5133,#2395,.T.);
#6288=EDGE_CURVE('',#5133,#5132,#2396,.T.);
#6289=EDGE_CURVE('',#4852,#5134,#2397,.T.);
#6290=EDGE_CURVE('',#5134,#5133,#147,.T.);
#6291=EDGE_CURVE('',#4851,#5135,#2398,.T.);
#6292=EDGE_CURVE('',#5135,#5134,#2399,.T.);
#6293=EDGE_CURVE('',#4850,#5136,#2400,.T.);
#6294=EDGE_CURVE('',#5136,#5135,#2401,.T.);
#6295=EDGE_CURVE('',#4849,#5137,#2402,.T.);
#6296=EDGE_CURVE('',#5137,#5136,#2403,.T.);
#6297=EDGE_CURVE('',#4848,#5138,#2404,.T.);
#6298=EDGE_CURVE('',#5138,#5137,#2405,.T.);
#6299=EDGE_CURVE('',#5127,#5138,#2406,.T.);
#6300=EDGE_CURVE('',#5139,#5140,#2407,.T.);
#6301=EDGE_CURVE('',#5139,#5141,#2408,.T.);
#6302=EDGE_CURVE('',#5141,#5142,#2409,.T.);
#6303=EDGE_CURVE('',#5140,#5142,#2410,.T.);
#6304=EDGE_CURVE('',#5143,#5139,#2411,.T.);
#6305=EDGE_CURVE('',#5143,#5144,#2412,.T.);
#6306=EDGE_CURVE('',#5144,#5141,#2413,.T.);
#6307=EDGE_CURVE('',#5145,#5143,#2414,.T.);
#6308=EDGE_CURVE('',#5145,#5146,#2415,.T.);
#6309=EDGE_CURVE('',#5146,#5144,#2416,.T.);
#6310=EDGE_CURVE('',#5147,#5145,#2417,.T.);
#6311=EDGE_CURVE('',#5147,#5148,#2418,.T.);
#6312=EDGE_CURVE('',#5148,#5146,#2419,.T.);
#6313=EDGE_CURVE('',#5140,#5147,#2420,.T.);
#6314=EDGE_CURVE('',#5142,#5148,#2421,.T.);
#6315=EDGE_CURVE('',#4833,#5149,#2422,.T.);
#6316=EDGE_CURVE('',#5149,#5150,#2423,.T.);
#6317=EDGE_CURVE('',#4834,#5150,#2424,.T.);
#6318=EDGE_CURVE('',#4845,#5151,#2425,.T.);
#6319=EDGE_CURVE('',#5151,#5149,#2426,.T.);
#6320=EDGE_CURVE('',#4844,#5152,#2427,.T.);
#6321=EDGE_CURVE('',#5152,#5151,#148,.T.);
#6322=EDGE_CURVE('',#4843,#5153,#2428,.T.);
#6323=EDGE_CURVE('',#5153,#5152,#2429,.T.);
#6324=EDGE_CURVE('',#4842,#5154,#2430,.T.);
#6325=EDGE_CURVE('',#5154,#5153,#149,.T.);
#6326=EDGE_CURVE('',#4841,#5155,#2431,.T.);
#6327=EDGE_CURVE('',#5155,#5154,#150,.T.);
#6328=EDGE_CURVE('',#4840,#5156,#2432,.T.);
#6329=EDGE_CURVE('',#5156,#5155,#2433,.T.);
#6330=EDGE_CURVE('',#4839,#5157,#2434,.T.);
#6331=EDGE_CURVE('',#5157,#5156,#151,.T.);
#6332=EDGE_CURVE('',#4838,#5158,#2435,.T.);
#6333=EDGE_CURVE('',#5158,#5157,#2436,.T.);
#6334=EDGE_CURVE('',#4837,#5159,#2437,.T.);
#6335=EDGE_CURVE('',#5159,#5158,#2438,.T.);
#6336=EDGE_CURVE('',#4836,#5160,#2439,.T.);
#6337=EDGE_CURVE('',#5160,#5159,#2440,.T.);
#6338=EDGE_CURVE('',#4835,#5161,#2441,.T.);
#6339=EDGE_CURVE('',#5161,#5160,#2442,.T.);
#6340=EDGE_CURVE('',#5150,#5161,#2443,.T.);
#6341=EDGE_CURVE('',#4808,#5162,#2444,.T.);
#6342=EDGE_CURVE('',#5162,#5163,#2445,.T.);
#6343=EDGE_CURVE('',#4809,#5163,#2446,.T.);
#6344=EDGE_CURVE('',#4832,#5164,#2447,.T.);
#6345=EDGE_CURVE('',#5164,#5162,#2448,.T.);
#6346=EDGE_CURVE('',#4831,#5165,#2449,.T.);
#6347=EDGE_CURVE('',#5165,#5164,#2450,.T.);
#6348=EDGE_CURVE('',#4830,#5166,#2451,.T.);
#6349=EDGE_CURVE('',#5166,#5165,#2452,.T.);
#6350=EDGE_CURVE('',#4829,#5167,#2453,.T.);
#6351=EDGE_CURVE('',#5167,#5166,#2454,.T.);
#6352=EDGE_CURVE('',#4828,#5168,#2455,.T.);
#6353=EDGE_CURVE('',#5168,#5167,#2456,.T.);
#6354=EDGE_CURVE('',#4827,#5169,#2457,.T.);
#6355=EDGE_CURVE('',#5169,#5168,#2458,.T.);
#6356=EDGE_CURVE('',#4826,#5170,#2459,.T.);
#6357=EDGE_CURVE('',#5170,#5169,#2460,.T.);
#6358=EDGE_CURVE('',#4825,#5171,#2461,.T.);
#6359=EDGE_CURVE('',#5171,#5170,#2462,.T.);
#6360=EDGE_CURVE('',#4824,#5172,#2463,.T.);
#6361=EDGE_CURVE('',#5172,#5171,#152,.T.);
#6362=EDGE_CURVE('',#4823,#5173,#2464,.T.);
#6363=EDGE_CURVE('',#5173,#5172,#2465,.T.);
#6364=EDGE_CURVE('',#4822,#5174,#2466,.T.);
#6365=EDGE_CURVE('',#5174,#5173,#153,.T.);
#6366=EDGE_CURVE('',#4821,#5175,#2467,.T.);
#6367=EDGE_CURVE('',#5175,#5174,#2468,.T.);
#6368=EDGE_CURVE('',#4820,#5176,#2469,.T.);
#6369=EDGE_CURVE('',#5176,#5175,#154,.T.);
#6370=EDGE_CURVE('',#4819,#5177,#2470,.T.);
#6371=EDGE_CURVE('',#5177,#5176,#2471,.T.);
#6372=EDGE_CURVE('',#4818,#5178,#2472,.T.);
#6373=EDGE_CURVE('',#5178,#5177,#155,.T.);
#6374=EDGE_CURVE('',#4817,#5179,#2473,.T.);
#6375=EDGE_CURVE('',#5179,#5178,#2474,.T.);
#6376=EDGE_CURVE('',#4816,#5180,#2475,.T.);
#6377=EDGE_CURVE('',#5180,#5179,#156,.T.);
#6378=EDGE_CURVE('',#4815,#5181,#2476,.T.);
#6379=EDGE_CURVE('',#5181,#5180,#2477,.T.);
#6380=EDGE_CURVE('',#4814,#5182,#2478,.T.);
#6381=EDGE_CURVE('',#5182,#5181,#2479,.T.);
#6382=EDGE_CURVE('',#4813,#5183,#2480,.T.);
#6383=EDGE_CURVE('',#5183,#5182,#2481,.T.);
#6384=EDGE_CURVE('',#4812,#5184,#2482,.T.);
#6385=EDGE_CURVE('',#5184,#5183,#2483,.T.);
#6386=EDGE_CURVE('',#4811,#5185,#2484,.T.);
#6387=EDGE_CURVE('',#5185,#5184,#2485,.T.);
#6388=EDGE_CURVE('',#4810,#5186,#2486,.T.);
#6389=EDGE_CURVE('',#5186,#5185,#2487,.T.);
#6390=EDGE_CURVE('',#5163,#5186,#2488,.T.);
#6391=EDGE_CURVE('',#4796,#5187,#2489,.T.);
#6392=EDGE_CURVE('',#5187,#5188,#2490,.T.);
#6393=EDGE_CURVE('',#4797,#5188,#2491,.T.);
#6394=EDGE_CURVE('',#4807,#5189,#2492,.T.);
#6395=EDGE_CURVE('',#5189,#5187,#2493,.T.);
#6396=EDGE_CURVE('',#4806,#5190,#2494,.T.);
#6397=EDGE_CURVE('',#5190,#5189,#2495,.T.);
#6398=EDGE_CURVE('',#4805,#5191,#2496,.T.);
#6399=EDGE_CURVE('',#5191,#5190,#2497,.T.);
#6400=EDGE_CURVE('',#4804,#5192,#2498,.T.);
#6401=EDGE_CURVE('',#5192,#5191,#2499,.T.);
#6402=EDGE_CURVE('',#4803,#5193,#2500,.T.);
#6403=EDGE_CURVE('',#5193,#5192,#2501,.T.);
#6404=EDGE_CURVE('',#4802,#5194,#2502,.T.);
#6405=EDGE_CURVE('',#5194,#5193,#2503,.T.);
#6406=EDGE_CURVE('',#4801,#5195,#2504,.T.);
#6407=EDGE_CURVE('',#5195,#5194,#2505,.T.);
#6408=EDGE_CURVE('',#4800,#5196,#2506,.T.);
#6409=EDGE_CURVE('',#5196,#5195,#2507,.T.);
#6410=EDGE_CURVE('',#4799,#5197,#2508,.T.);
#6411=EDGE_CURVE('',#5197,#5196,#2509,.T.);
#6412=EDGE_CURVE('',#4798,#5198,#2510,.T.);
#6413=EDGE_CURVE('',#5198,#5197,#2511,.T.);
#6414=EDGE_CURVE('',#5188,#5198,#2512,.T.);
#6415=EDGE_CURVE('',#5199,#5200,#2513,.T.);
#6416=EDGE_CURVE('',#5199,#5201,#2514,.T.);
#6417=EDGE_CURVE('',#5201,#5202,#2515,.T.);
#6418=EDGE_CURVE('',#5200,#5202,#2516,.T.);
#6419=EDGE_CURVE('',#5203,#5199,#2517,.T.);
#6420=EDGE_CURVE('',#5203,#5204,#2518,.T.);
#6421=EDGE_CURVE('',#5204,#5201,#2519,.T.);
#6422=EDGE_CURVE('',#5205,#5203,#2520,.T.);
#6423=EDGE_CURVE('',#5205,#5206,#2521,.T.);
#6424=EDGE_CURVE('',#5206,#5204,#2522,.T.);
#6425=EDGE_CURVE('',#5207,#5205,#2523,.T.);
#6426=EDGE_CURVE('',#5207,#5208,#2524,.T.);
#6427=EDGE_CURVE('',#5208,#5206,#2525,.T.);
#6428=EDGE_CURVE('',#5200,#5207,#2526,.T.);
#6429=EDGE_CURVE('',#5202,#5208,#2527,.T.);
#6430=EDGE_CURVE('',#4783,#5209,#2528,.T.);
#6431=EDGE_CURVE('',#5209,#5210,#2529,.T.);
#6432=EDGE_CURVE('',#4784,#5210,#2530,.T.);
#6433=EDGE_CURVE('',#4795,#5211,#2531,.T.);
#6434=EDGE_CURVE('',#5211,#5209,#2532,.T.);
#6435=EDGE_CURVE('',#4794,#5212,#2533,.T.);
#6436=EDGE_CURVE('',#5212,#5211,#157,.T.);
#6437=EDGE_CURVE('',#4793,#5213,#2534,.T.);
#6438=EDGE_CURVE('',#5213,#5212,#2535,.T.);
#6439=EDGE_CURVE('',#4792,#5214,#2536,.T.);
#6440=EDGE_CURVE('',#5214,#5213,#158,.T.);
#6441=EDGE_CURVE('',#4791,#5215,#2537,.T.);
#6442=EDGE_CURVE('',#5215,#5214,#159,.T.);
#6443=EDGE_CURVE('',#4790,#5216,#2538,.T.);
#6444=EDGE_CURVE('',#5216,#5215,#2539,.T.);
#6445=EDGE_CURVE('',#4789,#5217,#2540,.T.);
#6446=EDGE_CURVE('',#5217,#5216,#160,.T.);
#6447=EDGE_CURVE('',#4788,#5218,#2541,.T.);
#6448=EDGE_CURVE('',#5218,#5217,#2542,.T.);
#6449=EDGE_CURVE('',#4787,#5219,#2543,.T.);
#6450=EDGE_CURVE('',#5219,#5218,#2544,.T.);
#6451=EDGE_CURVE('',#4786,#5220,#2545,.T.);
#6452=EDGE_CURVE('',#5220,#5219,#2546,.T.);
#6453=EDGE_CURVE('',#4785,#5221,#2547,.T.);
#6454=EDGE_CURVE('',#5221,#5220,#2548,.T.);
#6455=EDGE_CURVE('',#5210,#5221,#2549,.T.);
#6456=EDGE_CURVE('',#5222,#5223,#2550,.T.);
#6457=EDGE_CURVE('',#5222,#5224,#2551,.T.);
#6458=EDGE_CURVE('',#5224,#5225,#2552,.T.);
#6459=EDGE_CURVE('',#5223,#5225,#2553,.T.);
#6460=EDGE_CURVE('',#5226,#5222,#2554,.T.);
#6461=EDGE_CURVE('',#5226,#5227,#2555,.T.);
#6462=EDGE_CURVE('',#5227,#5224,#2556,.T.);
#6463=EDGE_CURVE('',#5228,#5226,#2557,.T.);
#6464=EDGE_CURVE('',#5228,#5229,#2558,.T.);
#6465=EDGE_CURVE('',#5229,#5227,#2559,.T.);
#6466=EDGE_CURVE('',#5230,#5228,#2560,.T.);
#6467=EDGE_CURVE('',#5230,#5231,#2561,.T.);
#6468=EDGE_CURVE('',#5231,#5229,#2562,.T.);
#6469=EDGE_CURVE('',#5223,#5230,#2563,.T.);
#6470=EDGE_CURVE('',#5225,#5231,#2564,.T.);
#6471=EDGE_CURVE('',#4770,#5232,#2565,.T.);
#6472=EDGE_CURVE('',#5232,#5233,#2566,.T.);
#6473=EDGE_CURVE('',#4771,#5233,#2567,.T.);
#6474=EDGE_CURVE('',#4782,#5234,#2568,.T.);
#6475=EDGE_CURVE('',#5234,#5232,#2569,.T.);
#6476=EDGE_CURVE('',#4781,#5235,#2570,.T.);
#6477=EDGE_CURVE('',#5235,#5234,#161,.T.);
#6478=EDGE_CURVE('',#4780,#5236,#2571,.T.);
#6479=EDGE_CURVE('',#5236,#5235,#2572,.T.);
#6480=EDGE_CURVE('',#4779,#5237,#2573,.T.);
#6481=EDGE_CURVE('',#5237,#5236,#162,.T.);
#6482=EDGE_CURVE('',#4778,#5238,#2574,.T.);
#6483=EDGE_CURVE('',#5238,#5237,#163,.T.);
#6484=EDGE_CURVE('',#4777,#5239,#2575,.T.);
#6485=EDGE_CURVE('',#5239,#5238,#2576,.T.);
#6486=EDGE_CURVE('',#4776,#5240,#2577,.T.);
#6487=EDGE_CURVE('',#5240,#5239,#164,.T.);
#6488=EDGE_CURVE('',#4775,#5241,#2578,.T.);
#6489=EDGE_CURVE('',#5241,#5240,#2579,.T.);
#6490=EDGE_CURVE('',#4774,#5242,#2580,.T.);
#6491=EDGE_CURVE('',#5242,#5241,#2581,.T.);
#6492=EDGE_CURVE('',#4773,#5243,#2582,.T.);
#6493=EDGE_CURVE('',#5243,#5242,#2583,.T.);
#6494=EDGE_CURVE('',#4772,#5244,#2584,.T.);
#6495=EDGE_CURVE('',#5244,#5243,#2585,.T.);
#6496=EDGE_CURVE('',#5233,#5244,#2586,.T.);
#6497=EDGE_CURVE('',#4749,#5245,#2587,.T.);
#6498=EDGE_CURVE('',#5245,#5246,#2588,.T.);
#6499=EDGE_CURVE('',#4750,#5246,#2589,.T.);
#6500=EDGE_CURVE('',#4769,#5247,#2590,.T.);
#6501=EDGE_CURVE('',#5247,#5245,#2591,.T.);
#6502=EDGE_CURVE('',#4768,#5248,#2592,.T.);
#6503=EDGE_CURVE('',#5248,#5247,#165,.T.);
#6504=EDGE_CURVE('',#4767,#5249,#2593,.T.);
#6505=EDGE_CURVE('',#5249,#5248,#166,.T.);
#6506=EDGE_CURVE('',#4766,#5250,#2594,.T.);
#6507=EDGE_CURVE('',#5250,#5249,#167,.T.);
#6508=EDGE_CURVE('',#4765,#5251,#2595,.T.);
#6509=EDGE_CURVE('',#5251,#5250,#168,.T.);
#6510=EDGE_CURVE('',#4764,#5252,#2596,.T.);
#6511=EDGE_CURVE('',#5252,#5251,#169,.T.);
#6512=EDGE_CURVE('',#4763,#5253,#2597,.T.);
#6513=EDGE_CURVE('',#5253,#5252,#2598,.T.);
#6514=EDGE_CURVE('',#4762,#5254,#2599,.T.);
#6515=EDGE_CURVE('',#5254,#5253,#2600,.T.);
#6516=EDGE_CURVE('',#4761,#5255,#2601,.T.);
#6517=EDGE_CURVE('',#5255,#5254,#170,.T.);
#6518=EDGE_CURVE('',#4760,#5256,#2602,.T.);
#6519=EDGE_CURVE('',#5256,#5255,#171,.T.);
#6520=EDGE_CURVE('',#4759,#5257,#2603,.T.);
#6521=EDGE_CURVE('',#5257,#5256,#172,.T.);
#6522=EDGE_CURVE('',#4758,#5258,#2604,.T.);
#6523=EDGE_CURVE('',#5258,#5257,#2605,.T.);
#6524=EDGE_CURVE('',#4757,#5259,#2606,.T.);
#6525=EDGE_CURVE('',#5259,#5258,#2607,.T.);
#6526=EDGE_CURVE('',#4756,#5260,#2608,.T.);
#6527=EDGE_CURVE('',#5260,#5259,#2609,.T.);
#6528=EDGE_CURVE('',#4755,#5261,#2610,.T.);
#6529=EDGE_CURVE('',#5261,#5260,#2611,.T.);
#6530=EDGE_CURVE('',#4754,#5262,#2612,.T.);
#6531=EDGE_CURVE('',#5262,#5261,#2613,.T.);
#6532=EDGE_CURVE('',#4753,#5263,#2614,.T.);
#6533=EDGE_CURVE('',#5263,#5262,#2615,.T.);
#6534=EDGE_CURVE('',#4752,#5264,#2616,.T.);
#6535=EDGE_CURVE('',#5264,#5263,#2617,.T.);
#6536=EDGE_CURVE('',#4751,#5265,#2618,.T.);
#6537=EDGE_CURVE('',#5265,#5264,#2619,.T.);
#6538=EDGE_CURVE('',#5246,#5265,#2620,.T.);
#6539=EDGE_CURVE('',#5266,#5267,#2621,.T.);
#6540=EDGE_CURVE('',#5266,#5268,#2622,.T.);
#6541=EDGE_CURVE('',#5268,#5269,#2623,.T.);
#6542=EDGE_CURVE('',#5267,#5269,#2624,.T.);
#6543=EDGE_CURVE('',#5270,#5266,#2625,.T.);
#6544=EDGE_CURVE('',#5270,#5271,#2626,.T.);
#6545=EDGE_CURVE('',#5271,#5268,#2627,.T.);
#6546=EDGE_CURVE('',#5272,#5270,#2628,.T.);
#6547=EDGE_CURVE('',#5272,#5273,#2629,.T.);
#6548=EDGE_CURVE('',#5273,#5271,#2630,.T.);
#6549=EDGE_CURVE('',#5274,#5272,#2631,.T.);
#6550=EDGE_CURVE('',#5274,#5275,#2632,.T.);
#6551=EDGE_CURVE('',#5275,#5273,#2633,.T.);
#6552=EDGE_CURVE('',#5276,#5274,#2634,.T.);
#6553=EDGE_CURVE('',#5276,#5277,#2635,.T.);
#6554=EDGE_CURVE('',#5277,#5275,#2636,.T.);
#6555=EDGE_CURVE('',#5267,#5276,#2637,.T.);
#6556=EDGE_CURVE('',#5269,#5277,#2638,.T.);
#6557=EDGE_CURVE('',#4737,#5278,#2639,.T.);
#6558=EDGE_CURVE('',#5278,#5279,#2640,.T.);
#6559=EDGE_CURVE('',#4738,#5279,#2641,.T.);
#6560=EDGE_CURVE('',#4748,#5280,#2642,.T.);
#6561=EDGE_CURVE('',#5280,#5278,#173,.T.);
#6562=EDGE_CURVE('',#4747,#5281,#2643,.T.);
#6563=EDGE_CURVE('',#5281,#5280,#2644,.T.);
#6564=EDGE_CURVE('',#4746,#5282,#2645,.T.);
#6565=EDGE_CURVE('',#5282,#5281,#174,.T.);
#6566=EDGE_CURVE('',#4745,#5283,#2646,.T.);
#6567=EDGE_CURVE('',#5283,#5282,#2647,.T.);
#6568=EDGE_CURVE('',#4744,#5284,#2648,.T.);
#6569=EDGE_CURVE('',#5284,#5283,#175,.T.);
#6570=EDGE_CURVE('',#4743,#5285,#2649,.T.);
#6571=EDGE_CURVE('',#5285,#5284,#2650,.T.);
#6572=EDGE_CURVE('',#4742,#5286,#2651,.T.);
#6573=EDGE_CURVE('',#5286,#5285,#2652,.T.);
#6574=EDGE_CURVE('',#4741,#5287,#2653,.T.);
#6575=EDGE_CURVE('',#5287,#5286,#2654,.T.);
#6576=EDGE_CURVE('',#4740,#5288,#2655,.T.);
#6577=EDGE_CURVE('',#5288,#5287,#2656,.T.);
#6578=EDGE_CURVE('',#4739,#5289,#2657,.T.);
#6579=EDGE_CURVE('',#5289,#5288,#2658,.T.);
#6580=EDGE_CURVE('',#5279,#5289,#176,.T.);
#6581=EDGE_CURVE('',#5290,#5291,#2659,.T.);
#6582=EDGE_CURVE('',#5290,#5292,#2660,.T.);
#6583=EDGE_CURVE('',#5292,#5293,#2661,.T.);
#6584=EDGE_CURVE('',#5291,#5293,#2662,.T.);
#6585=EDGE_CURVE('',#5294,#5290,#2663,.T.);
#6586=EDGE_CURVE('',#5294,#5295,#2664,.T.);
#6587=EDGE_CURVE('',#5295,#5292,#2665,.T.);
#6588=EDGE_CURVE('',#5296,#5294,#2666,.T.);
#6589=EDGE_CURVE('',#5296,#5297,#2667,.T.);
#6590=EDGE_CURVE('',#5297,#5295,#2668,.T.);
#6591=EDGE_CURVE('',#5298,#5296,#2669,.T.);
#6592=EDGE_CURVE('',#5298,#5299,#2670,.T.);
#6593=EDGE_CURVE('',#5299,#5297,#2671,.T.);
#6594=EDGE_CURVE('',#5300,#5298,#2672,.T.);
#6595=EDGE_CURVE('',#5300,#5301,#2673,.T.);
#6596=EDGE_CURVE('',#5301,#5299,#2674,.T.);
#6597=EDGE_CURVE('',#5291,#5300,#2675,.T.);
#6598=EDGE_CURVE('',#5293,#5301,#2676,.T.);
#6599=EDGE_CURVE('',#4723,#5302,#2677,.T.);
#6600=EDGE_CURVE('',#5302,#5303,#2678,.T.);
#6601=EDGE_CURVE('',#4724,#5303,#2679,.T.);
#6602=EDGE_CURVE('',#4736,#5304,#2680,.T.);
#6603=EDGE_CURVE('',#5304,#5302,#2681,.T.);
#6604=EDGE_CURVE('',#4735,#5305,#2682,.T.);
#6605=EDGE_CURVE('',#5305,#5304,#177,.T.);
#6606=EDGE_CURVE('',#4734,#5306,#2683,.T.);
#6607=EDGE_CURVE('',#5306,#5305,#2684,.T.);
#6608=EDGE_CURVE('',#4733,#5307,#2685,.T.);
#6609=EDGE_CURVE('',#5307,#5306,#178,.T.);
#6610=EDGE_CURVE('',#4732,#5308,#2686,.T.);
#6611=EDGE_CURVE('',#5308,#5307,#2687,.T.);
#6612=EDGE_CURVE('',#4731,#5309,#2688,.T.);
#6613=EDGE_CURVE('',#5309,#5308,#179,.T.);
#6614=EDGE_CURVE('',#4730,#5310,#2689,.T.);
#6615=EDGE_CURVE('',#5310,#5309,#2690,.T.);
#6616=EDGE_CURVE('',#4729,#5311,#2691,.T.);
#6617=EDGE_CURVE('',#5311,#5310,#180,.T.);
#6618=EDGE_CURVE('',#4728,#5312,#2692,.T.);
#6619=EDGE_CURVE('',#5312,#5311,#2693,.T.);
#6620=EDGE_CURVE('',#4727,#5313,#2694,.T.);
#6621=EDGE_CURVE('',#5313,#5312,#2695,.T.);
#6622=EDGE_CURVE('',#4726,#5314,#2696,.T.);
#6623=EDGE_CURVE('',#5314,#5313,#2697,.T.);
#6624=EDGE_CURVE('',#4725,#5315,#2698,.T.);
#6625=EDGE_CURVE('',#5315,#5314,#2699,.T.);
#6626=EDGE_CURVE('',#5303,#5315,#2700,.T.);
#6627=EDGE_CURVE('',#4711,#5316,#2701,.T.);
#6628=EDGE_CURVE('',#5316,#5317,#2702,.T.);
#6629=EDGE_CURVE('',#4712,#5317,#2703,.T.);
#6630=EDGE_CURVE('',#4722,#5318,#2704,.T.);
#6631=EDGE_CURVE('',#5318,#5316,#2705,.T.);
#6632=EDGE_CURVE('',#4721,#5319,#2706,.T.);
#6633=EDGE_CURVE('',#5319,#5318,#2707,.T.);
#6634=EDGE_CURVE('',#4720,#5320,#2708,.T.);
#6635=EDGE_CURVE('',#5320,#5319,#2709,.T.);
#6636=EDGE_CURVE('',#4719,#5321,#2710,.T.);
#6637=EDGE_CURVE('',#5321,#5320,#2711,.T.);
#6638=EDGE_CURVE('',#4718,#5322,#2712,.T.);
#6639=EDGE_CURVE('',#5322,#5321,#2713,.T.);
#6640=EDGE_CURVE('',#4717,#5323,#2714,.T.);
#6641=EDGE_CURVE('',#5323,#5322,#2715,.T.);
#6642=EDGE_CURVE('',#4716,#5324,#2716,.T.);
#6643=EDGE_CURVE('',#5324,#5323,#2717,.T.);
#6644=EDGE_CURVE('',#4715,#5325,#2718,.T.);
#6645=EDGE_CURVE('',#5325,#5324,#2719,.T.);
#6646=EDGE_CURVE('',#4714,#5326,#2720,.T.);
#6647=EDGE_CURVE('',#5326,#5325,#2721,.T.);
#6648=EDGE_CURVE('',#4713,#5327,#2722,.T.);
#6649=EDGE_CURVE('',#5327,#5326,#2723,.T.);
#6650=EDGE_CURVE('',#5317,#5327,#2724,.T.);
#6651=EDGE_CURVE('',#4686,#5328,#2725,.T.);
#6652=EDGE_CURVE('',#5328,#5329,#2726,.T.);
#6653=EDGE_CURVE('',#4687,#5329,#2727,.T.);
#6654=EDGE_CURVE('',#4710,#5330,#2728,.T.);
#6655=EDGE_CURVE('',#5330,#5328,#2729,.T.);
#6656=EDGE_CURVE('',#4709,#5331,#2730,.T.);
#6657=EDGE_CURVE('',#5331,#5330,#2731,.T.);
#6658=EDGE_CURVE('',#4708,#5332,#2732,.T.);
#6659=EDGE_CURVE('',#5332,#5331,#2733,.T.);
#6660=EDGE_CURVE('',#4707,#5333,#2734,.T.);
#6661=EDGE_CURVE('',#5333,#5332,#2735,.T.);
#6662=EDGE_CURVE('',#4706,#5334,#2736,.T.);
#6663=EDGE_CURVE('',#5334,#5333,#2737,.T.);
#6664=EDGE_CURVE('',#4705,#5335,#2738,.T.);
#6665=EDGE_CURVE('',#5335,#5334,#2739,.T.);
#6666=EDGE_CURVE('',#4704,#5336,#2740,.T.);
#6667=EDGE_CURVE('',#5336,#5335,#2741,.T.);
#6668=EDGE_CURVE('',#4703,#5337,#2742,.T.);
#6669=EDGE_CURVE('',#5337,#5336,#2743,.T.);
#6670=EDGE_CURVE('',#4702,#5338,#2744,.T.);
#6671=EDGE_CURVE('',#5338,#5337,#181,.T.);
#6672=EDGE_CURVE('',#4701,#5339,#2745,.T.);
#6673=EDGE_CURVE('',#5339,#5338,#2746,.T.);
#6674=EDGE_CURVE('',#4700,#5340,#2747,.T.);
#6675=EDGE_CURVE('',#5340,#5339,#182,.T.);
#6676=EDGE_CURVE('',#4699,#5341,#2748,.T.);
#6677=EDGE_CURVE('',#5341,#5340,#2749,.T.);
#6678=EDGE_CURVE('',#4698,#5342,#2750,.T.);
#6679=EDGE_CURVE('',#5342,#5341,#183,.T.);
#6680=EDGE_CURVE('',#4697,#5343,#2751,.T.);
#6681=EDGE_CURVE('',#5343,#5342,#2752,.T.);
#6682=EDGE_CURVE('',#4696,#5344,#2753,.T.);
#6683=EDGE_CURVE('',#5344,#5343,#184,.T.);
#6684=EDGE_CURVE('',#4695,#5345,#2754,.T.);
#6685=EDGE_CURVE('',#5345,#5344,#2755,.T.);
#6686=EDGE_CURVE('',#4694,#5346,#2756,.T.);
#6687=EDGE_CURVE('',#5346,#5345,#185,.T.);
#6688=EDGE_CURVE('',#4693,#5347,#2757,.T.);
#6689=EDGE_CURVE('',#5347,#5346,#2758,.T.);
#6690=EDGE_CURVE('',#4692,#5348,#2759,.T.);
#6691=EDGE_CURVE('',#5348,#5347,#2760,.T.);
#6692=EDGE_CURVE('',#4691,#5349,#2761,.T.);
#6693=EDGE_CURVE('',#5349,#5348,#2762,.T.);
#6694=EDGE_CURVE('',#4690,#5350,#2763,.T.);
#6695=EDGE_CURVE('',#5350,#5349,#2764,.T.);
#6696=EDGE_CURVE('',#4689,#5351,#2765,.T.);
#6697=EDGE_CURVE('',#5351,#5350,#2766,.T.);
#6698=EDGE_CURVE('',#4688,#5352,#2767,.T.);
#6699=EDGE_CURVE('',#5352,#5351,#2768,.T.);
#6700=EDGE_CURVE('',#5329,#5352,#2769,.T.);
#6701=EDGE_CURVE('',#5353,#5354,#2770,.T.);
#6702=EDGE_CURVE('',#5353,#5355,#2771,.T.);
#6703=EDGE_CURVE('',#5355,#5356,#2772,.T.);
#6704=EDGE_CURVE('',#5354,#5356,#2773,.T.);
#6705=EDGE_CURVE('',#5357,#5353,#2774,.T.);
#6706=EDGE_CURVE('',#5357,#5358,#2775,.T.);
#6707=EDGE_CURVE('',#5358,#5355,#2776,.T.);
#6708=EDGE_CURVE('',#5359,#5357,#2777,.T.);
#6709=EDGE_CURVE('',#5359,#5360,#2778,.T.);
#6710=EDGE_CURVE('',#5360,#5358,#2779,.T.);
#6711=EDGE_CURVE('',#5361,#5359,#2780,.T.);
#6712=EDGE_CURVE('',#5361,#5362,#2781,.T.);
#6713=EDGE_CURVE('',#5362,#5360,#2782,.T.);
#6714=EDGE_CURVE('',#5363,#5361,#2783,.T.);
#6715=EDGE_CURVE('',#5363,#5364,#2784,.T.);
#6716=EDGE_CURVE('',#5364,#5362,#2785,.T.);
#6717=EDGE_CURVE('',#5354,#5363,#2786,.T.);
#6718=EDGE_CURVE('',#5356,#5364,#2787,.T.);
#6719=EDGE_CURVE('',#4672,#5365,#2788,.T.);
#6720=EDGE_CURVE('',#5365,#5366,#2789,.T.);
#6721=EDGE_CURVE('',#4673,#5366,#2790,.T.);
#6722=EDGE_CURVE('',#4685,#5367,#2791,.T.);
#6723=EDGE_CURVE('',#5367,#5365,#2792,.T.);
#6724=EDGE_CURVE('',#4684,#5368,#2793,.T.);
#6725=EDGE_CURVE('',#5368,#5367,#186,.T.);
#6726=EDGE_CURVE('',#4683,#5369,#2794,.T.);
#6727=EDGE_CURVE('',#5369,#5368,#2795,.T.);
#6728=EDGE_CURVE('',#4682,#5370,#2796,.T.);
#6729=EDGE_CURVE('',#5370,#5369,#187,.T.);
#6730=EDGE_CURVE('',#4681,#5371,#2797,.T.);
#6731=EDGE_CURVE('',#5371,#5370,#2798,.T.);
#6732=EDGE_CURVE('',#4680,#5372,#2799,.T.);
#6733=EDGE_CURVE('',#5372,#5371,#188,.T.);
#6734=EDGE_CURVE('',#4679,#5373,#2800,.T.);
#6735=EDGE_CURVE('',#5373,#5372,#2801,.T.);
#6736=EDGE_CURVE('',#4678,#5374,#2802,.T.);
#6737=EDGE_CURVE('',#5374,#5373,#189,.T.);
#6738=EDGE_CURVE('',#4677,#5375,#2803,.T.);
#6739=EDGE_CURVE('',#5375,#5374,#2804,.T.);
#6740=EDGE_CURVE('',#4676,#5376,#2805,.T.);
#6741=EDGE_CURVE('',#5376,#5375,#2806,.T.);
#6742=EDGE_CURVE('',#4675,#5377,#2807,.T.);
#6743=EDGE_CURVE('',#5377,#5376,#2808,.T.);
#6744=EDGE_CURVE('',#4674,#5378,#2809,.T.);
#6745=EDGE_CURVE('',#5378,#5377,#2810,.T.);
#6746=EDGE_CURVE('',#5366,#5378,#2811,.T.);
#6747=EDGE_CURVE('',#4534,#5046,#2812,.T.);
#6748=EDGE_CURVE('',#4535,#5053,#2813,.T.);
#6749=EDGE_CURVE('',#4536,#5052,#2814,.T.);
#6750=EDGE_CURVE('',#4537,#5051,#2815,.T.);
#6751=EDGE_CURVE('',#4538,#5050,#2816,.T.);
#6752=EDGE_CURVE('',#4539,#5049,#2817,.T.);
#6753=EDGE_CURVE('',#4540,#5048,#2818,.T.);
#6754=EDGE_CURVE('',#4533,#5047,#2819,.T.);
#6755=EDGE_CURVE('',#4542,#5038,#2820,.T.);
#6756=EDGE_CURVE('',#4543,#5045,#2821,.T.);
#6757=EDGE_CURVE('',#4544,#5044,#2822,.T.);
#6758=EDGE_CURVE('',#4545,#5043,#2823,.T.);
#6759=EDGE_CURVE('',#4546,#5042,#2824,.T.);
#6760=EDGE_CURVE('',#4547,#5041,#2825,.T.);
#6761=EDGE_CURVE('',#4548,#5040,#2826,.T.);
#6762=EDGE_CURVE('',#4541,#5039,#2827,.T.);
#6763=EDGE_CURVE('',#4550,#5030,#2828,.T.);
#6764=EDGE_CURVE('',#4551,#5037,#2829,.T.);
#6765=EDGE_CURVE('',#4552,#5036,#2830,.T.);
#6766=EDGE_CURVE('',#4553,#5035,#2831,.T.);
#6767=EDGE_CURVE('',#4554,#5034,#2832,.T.);
#6768=EDGE_CURVE('',#4555,#5033,#2833,.T.);
#6769=EDGE_CURVE('',#4556,#5032,#2834,.T.);
#6770=EDGE_CURVE('',#4549,#5031,#2835,.T.);
#6771=EDGE_CURVE('',#5065,#4557,#2836,.T.);
#6772=EDGE_CURVE('',#5379,#5379,#4376,.T.);
#6773=EDGE_CURVE('',#5379,#4558,#2837,.T.);
#6774=EDGE_CURVE('',#4560,#5022,#2838,.T.);
#6775=EDGE_CURVE('',#4561,#5029,#2839,.T.);
#6776=EDGE_CURVE('',#4562,#5028,#2840,.T.);
#6777=EDGE_CURVE('',#4563,#5027,#2841,.T.);
#6778=EDGE_CURVE('',#4564,#5026,#2842,.T.);
#6779=EDGE_CURVE('',#4565,#5025,#2843,.T.);
#6780=EDGE_CURVE('',#4566,#5024,#2844,.T.);
#6781=EDGE_CURVE('',#4559,#5023,#2845,.T.);
#6782=EDGE_CURVE('',#4568,#5014,#2846,.T.);
#6783=EDGE_CURVE('',#4569,#5021,#2847,.T.);
#6784=EDGE_CURVE('',#4570,#5020,#2848,.T.);
#6785=EDGE_CURVE('',#4571,#5019,#2849,.T.);
#6786=EDGE_CURVE('',#4572,#5018,#2850,.T.);
#6787=EDGE_CURVE('',#4573,#5017,#2851,.T.);
#6788=EDGE_CURVE('',#4574,#5016,#2852,.T.);
#6789=EDGE_CURVE('',#4567,#5015,#2853,.T.);
#6790=EDGE_CURVE('',#4576,#5006,#2854,.T.);
#6791=EDGE_CURVE('',#4577,#5013,#2855,.T.);
#6792=EDGE_CURVE('',#4578,#5012,#2856,.T.);
#6793=EDGE_CURVE('',#4579,#5011,#2857,.T.);
#6794=EDGE_CURVE('',#4580,#5010,#2858,.T.);
#6795=EDGE_CURVE('',#4581,#5009,#2859,.T.);
#6796=EDGE_CURVE('',#4582,#5008,#2860,.T.);
#6797=EDGE_CURVE('',#4575,#5007,#2861,.T.);
#6798=EDGE_CURVE('',#4584,#4998,#2862,.T.);
#6799=EDGE_CURVE('',#4585,#5005,#2863,.T.);
#6800=EDGE_CURVE('',#4586,#5004,#2864,.T.);
#6801=EDGE_CURVE('',#4587,#5003,#2865,.T.);
#6802=EDGE_CURVE('',#4588,#5002,#2866,.T.);
#6803=EDGE_CURVE('',#4589,#5001,#2867,.T.);
#6804=EDGE_CURVE('',#4590,#5000,#2868,.T.);
#6805=EDGE_CURVE('',#4583,#4999,#2869,.T.);
#6806=EDGE_CURVE('',#4592,#4990,#2870,.T.);
#6807=EDGE_CURVE('',#4593,#4997,#2871,.T.);
#6808=EDGE_CURVE('',#4594,#4996,#2872,.T.);
#6809=EDGE_CURVE('',#4595,#4995,#2873,.T.);
#6810=EDGE_CURVE('',#4596,#4994,#2874,.T.);
#6811=EDGE_CURVE('',#4597,#4993,#2875,.T.);
#6812=EDGE_CURVE('',#4598,#4992,#2876,.T.);
#6813=EDGE_CURVE('',#4591,#4991,#2877,.T.);
#6814=EDGE_CURVE('',#4600,#4982,#2878,.T.);
#6815=EDGE_CURVE('',#4601,#4989,#2879,.T.);
#6816=EDGE_CURVE('',#4602,#4988,#2880,.T.);
#6817=EDGE_CURVE('',#4603,#4987,#2881,.T.);
#6818=EDGE_CURVE('',#4604,#4986,#2882,.T.);
#6819=EDGE_CURVE('',#4605,#4985,#2883,.T.);
#6820=EDGE_CURVE('',#4606,#4984,#2884,.T.);
#6821=EDGE_CURVE('',#4599,#4983,#2885,.T.);
#6822=EDGE_CURVE('',#4608,#4974,#2886,.T.);
#6823=EDGE_CURVE('',#4609,#4981,#2887,.T.);
#6824=EDGE_CURVE('',#4610,#4980,#2888,.T.);
#6825=EDGE_CURVE('',#4611,#4979,#2889,.T.);
#6826=EDGE_CURVE('',#4612,#4978,#2890,.T.);
#6827=EDGE_CURVE('',#4613,#4977,#2891,.T.);
#6828=EDGE_CURVE('',#4614,#4976,#2892,.T.);
#6829=EDGE_CURVE('',#4607,#4975,#2893,.T.);
#6830=EDGE_CURVE('',#4616,#4966,#2894,.T.);
#6831=EDGE_CURVE('',#4617,#4973,#2895,.T.);
#6832=EDGE_CURVE('',#4618,#4972,#2896,.T.);
#6833=EDGE_CURVE('',#4619,#4971,#2897,.T.);
#6834=EDGE_CURVE('',#4620,#4970,#2898,.T.);
#6835=EDGE_CURVE('',#4621,#4969,#2899,.T.);
#6836=EDGE_CURVE('',#4622,#4968,#2900,.T.);
#6837=EDGE_CURVE('',#4615,#4967,#2901,.T.);
#6838=EDGE_CURVE('',#4624,#4958,#2902,.T.);
#6839=EDGE_CURVE('',#4625,#4965,#2903,.T.);
#6840=EDGE_CURVE('',#4626,#4964,#2904,.T.);
#6841=EDGE_CURVE('',#4627,#4963,#2905,.T.);
#6842=EDGE_CURVE('',#4628,#4962,#2906,.T.);
#6843=EDGE_CURVE('',#4629,#4961,#2907,.T.);
#6844=EDGE_CURVE('',#4630,#4960,#2908,.T.);
#6845=EDGE_CURVE('',#4623,#4959,#2909,.T.);
#6846=EDGE_CURVE('',#4632,#4950,#2910,.T.);
#6847=EDGE_CURVE('',#4633,#4957,#2911,.T.);
#6848=EDGE_CURVE('',#4634,#4956,#2912,.T.);
#6849=EDGE_CURVE('',#4635,#4955,#2913,.T.);
#6850=EDGE_CURVE('',#4636,#4954,#2914,.T.);
#6851=EDGE_CURVE('',#4637,#4953,#2915,.T.);
#6852=EDGE_CURVE('',#4638,#4952,#2916,.T.);
#6853=EDGE_CURVE('',#4631,#4951,#2917,.T.);
#6854=EDGE_CURVE('',#4640,#4942,#2918,.T.);
#6855=EDGE_CURVE('',#4641,#4949,#2919,.T.);
#6856=EDGE_CURVE('',#4642,#4948,#2920,.T.);
#6857=EDGE_CURVE('',#4643,#4947,#2921,.T.);
#6858=EDGE_CURVE('',#4644,#4946,#2922,.T.);
#6859=EDGE_CURVE('',#4645,#4945,#2923,.T.);
#6860=EDGE_CURVE('',#4646,#4944,#2924,.T.);
#6861=EDGE_CURVE('',#4639,#4943,#2925,.T.);
#6862=EDGE_CURVE('',#4648,#4934,#2926,.T.);
#6863=EDGE_CURVE('',#4649,#4941,#2927,.T.);
#6864=EDGE_CURVE('',#4650,#4940,#2928,.T.);
#6865=EDGE_CURVE('',#4651,#4939,#2929,.T.);
#6866=EDGE_CURVE('',#4652,#4938,#2930,.T.);
#6867=EDGE_CURVE('',#4653,#4937,#2931,.T.);
#6868=EDGE_CURVE('',#4654,#4936,#2932,.T.);
#6869=EDGE_CURVE('',#4647,#4935,#2933,.T.);
#6870=EDGE_CURVE('',#5070,#4655,#2934,.T.);
#6871=EDGE_CURVE('',#4657,#4926,#2935,.T.);
#6872=EDGE_CURVE('',#4658,#4933,#2936,.T.);
#6873=EDGE_CURVE('',#4659,#4932,#2937,.T.);
#6874=EDGE_CURVE('',#4660,#4931,#2938,.T.);
#6875=EDGE_CURVE('',#4661,#4930,#2939,.T.);
#6876=EDGE_CURVE('',#4662,#4929,#2940,.T.);
#6877=EDGE_CURVE('',#4663,#4928,#2941,.T.);
#6878=EDGE_CURVE('',#4656,#4927,#2942,.T.);
#6879=EDGE_CURVE('',#4665,#4913,#2943,.T.);
#6880=EDGE_CURVE('',#4666,#4912,#2944,.T.);
#6881=EDGE_CURVE('',#4667,#4911,#2945,.T.);
#6882=EDGE_CURVE('',#4668,#4918,#2946,.T.);
#6883=EDGE_CURVE('',#4669,#4917,#2947,.T.);
#6884=EDGE_CURVE('',#4670,#4916,#2948,.T.);
#6885=EDGE_CURVE('',#4671,#4915,#2949,.T.);
#6886=EDGE_CURVE('',#4664,#4914,#2950,.T.);
#6887=EDGE_CURVE('',#4524,#4902,#2951,.T.);
#6888=EDGE_CURVE('',#4525,#4901,#2952,.T.);
#6889=EDGE_CURVE('',#4526,#4900,#2953,.T.);
#6890=EDGE_CURVE('',#4527,#4899,#2954,.T.);
#6891=EDGE_CURVE('',#4528,#4898,#2955,.T.);
#6892=EDGE_CURVE('',#4529,#4897,#2956,.T.);
#6893=EDGE_CURVE('',#4530,#4896,#2957,.T.);
#6894=EDGE_CURVE('',#4531,#4895,#2958,.T.);
#6895=EDGE_CURVE('',#4532,#4894,#2959,.T.);
#6896=EDGE_CURVE('',#4514,#4924,#2960,.T.);
#6897=EDGE_CURVE('',#4515,#4923,#2961,.T.);
#6898=EDGE_CURVE('',#4516,#4922,#2962,.T.);
#6899=EDGE_CURVE('',#4517,#4921,#2963,.T.);
#6900=EDGE_CURVE('',#4518,#4908,#2964,.T.);
#6901=EDGE_CURVE('',#4519,#4907,#2965,.T.);
#6902=EDGE_CURVE('',#4520,#4906,#2966,.T.);
#6903=EDGE_CURVE('',#4521,#4905,#2967,.T.);
#6904=EDGE_CURVE('',#4522,#4904,#2968,.T.);
#6905=EDGE_CURVE('',#4523,#4903,#2969,.T.);
#6906=ORIENTED_EDGE('',*,*,#5380,.T.);
#6907=ORIENTED_EDGE('',*,*,#5381,.T.);
#6908=ORIENTED_EDGE('',*,*,#5382,.T.);
#6909=ORIENTED_EDGE('',*,*,#5383,.T.);
#6910=ORIENTED_EDGE('',*,*,#5384,.T.);
#6911=ORIENTED_EDGE('',*,*,#5385,.T.);
#6912=ORIENTED_EDGE('',*,*,#5382,.F.);
#6913=ORIENTED_EDGE('',*,*,#5386,.T.);
#6914=ORIENTED_EDGE('',*,*,#5387,.T.);
#6915=ORIENTED_EDGE('',*,*,#5388,.T.);
#6916=ORIENTED_EDGE('',*,*,#5384,.F.);
#6917=ORIENTED_EDGE('',*,*,#5389,.T.);
#6918=ORIENTED_EDGE('',*,*,#5390,.T.);
#6919=ORIENTED_EDGE('',*,*,#5391,.T.);
#6920=ORIENTED_EDGE('',*,*,#5387,.F.);
#6921=ORIENTED_EDGE('',*,*,#5392,.T.);
#6922=ORIENTED_EDGE('',*,*,#5393,.T.);
#6923=ORIENTED_EDGE('',*,*,#5394,.T.);
#6924=ORIENTED_EDGE('',*,*,#5390,.F.);
#6925=ORIENTED_EDGE('',*,*,#5395,.T.);
#6926=ORIENTED_EDGE('',*,*,#5396,.T.);
#6927=ORIENTED_EDGE('',*,*,#5397,.T.);
#6928=ORIENTED_EDGE('',*,*,#5393,.F.);
#6929=ORIENTED_EDGE('',*,*,#5398,.T.);
#6930=ORIENTED_EDGE('',*,*,#5399,.T.);
#6931=ORIENTED_EDGE('',*,*,#5400,.T.);
#6932=ORIENTED_EDGE('',*,*,#5396,.F.);
#6933=ORIENTED_EDGE('',*,*,#5401,.T.);
#6934=ORIENTED_EDGE('',*,*,#5380,.F.);
#6935=ORIENTED_EDGE('',*,*,#5402,.T.);
#6936=ORIENTED_EDGE('',*,*,#5399,.F.);
#6937=ORIENTED_EDGE('',*,*,#5403,.T.);
#6938=ORIENTED_EDGE('',*,*,#5392,.F.);
#6939=ORIENTED_EDGE('',*,*,#5404,.T.);
#6940=ORIENTED_EDGE('',*,*,#5405,.F.);
#6941=ORIENTED_EDGE('',*,*,#5406,.F.);
#6942=ORIENTED_EDGE('',*,*,#5389,.F.);
#6943=ORIENTED_EDGE('',*,*,#5407,.T.);
#6944=ORIENTED_EDGE('',*,*,#5408,.F.);
#6945=ORIENTED_EDGE('',*,*,#5404,.F.);
#6946=ORIENTED_EDGE('',*,*,#5386,.F.);
#6947=ORIENTED_EDGE('',*,*,#5409,.T.);
#6948=ORIENTED_EDGE('',*,*,#5410,.F.);
#6949=ORIENTED_EDGE('',*,*,#5407,.F.);
#6950=ORIENTED_EDGE('',*,*,#5381,.F.);
#6951=ORIENTED_EDGE('',*,*,#5411,.T.);
#6952=ORIENTED_EDGE('',*,*,#5412,.F.);
#6953=ORIENTED_EDGE('',*,*,#5409,.F.);
#6954=ORIENTED_EDGE('',*,*,#5413,.F.);
#6955=ORIENTED_EDGE('',*,*,#5414,.T.);
#6956=ORIENTED_EDGE('',*,*,#5415,.F.);
#6957=ORIENTED_EDGE('',*,*,#5416,.F.);
#6958=ORIENTED_EDGE('',*,*,#5383,.F.);
#6959=ORIENTED_EDGE('',*,*,#5385,.F.);
#6960=ORIENTED_EDGE('',*,*,#5388,.F.);
#6961=ORIENTED_EDGE('',*,*,#5391,.F.);
#6962=ORIENTED_EDGE('',*,*,#5394,.F.);
#6963=ORIENTED_EDGE('',*,*,#5397,.F.);
#6964=ORIENTED_EDGE('',*,*,#5400,.F.);
#6965=ORIENTED_EDGE('',*,*,#5402,.F.);
#6966=ORIENTED_EDGE('',*,*,#5417,.T.);
#6967=ORIENTED_EDGE('',*,*,#5418,.T.);
#6968=ORIENTED_EDGE('',*,*,#5419,.T.);
#6969=ORIENTED_EDGE('',*,*,#5420,.F.);
#6970=ORIENTED_EDGE('',*,*,#5421,.T.);
#6971=ORIENTED_EDGE('',*,*,#5422,.T.);
#6972=ORIENTED_EDGE('',*,*,#5417,.F.);
#6973=ORIENTED_EDGE('',*,*,#5423,.F.);
#6974=ORIENTED_EDGE('',*,*,#5424,.T.);
#6975=ORIENTED_EDGE('',*,*,#5425,.T.);
#6976=ORIENTED_EDGE('',*,*,#5421,.F.);
#6977=ORIENTED_EDGE('',*,*,#5426,.F.);
#6978=ORIENTED_EDGE('',*,*,#5427,.T.);
#6979=ORIENTED_EDGE('',*,*,#5412,.T.);
#6980=ORIENTED_EDGE('',*,*,#5424,.F.);
#6981=ORIENTED_EDGE('',*,*,#5428,.F.);
#6982=ORIENTED_EDGE('',*,*,#5429,.T.);
#6983=ORIENTED_EDGE('',*,*,#5410,.T.);
#6984=ORIENTED_EDGE('',*,*,#5427,.F.);
#6985=ORIENTED_EDGE('',*,*,#5430,.F.);
#6986=ORIENTED_EDGE('',*,*,#5431,.T.);
#6987=ORIENTED_EDGE('',*,*,#5408,.T.);
#6988=ORIENTED_EDGE('',*,*,#5429,.F.);
#6989=ORIENTED_EDGE('',*,*,#5432,.F.);
#6990=ORIENTED_EDGE('',*,*,#5433,.T.);
#6991=ORIENTED_EDGE('',*,*,#5405,.T.);
#6992=ORIENTED_EDGE('',*,*,#5431,.F.);
#6993=ORIENTED_EDGE('',*,*,#5434,.F.);
#6994=ORIENTED_EDGE('',*,*,#5419,.F.);
#6995=ORIENTED_EDGE('',*,*,#5435,.T.);
#6996=ORIENTED_EDGE('',*,*,#5433,.F.);
#6997=ORIENTED_EDGE('',*,*,#5436,.F.);
#6998=ORIENTED_EDGE('',*,*,#5395,.F.);
#6999=ORIENTED_EDGE('',*,*,#5406,.T.);
#7000=ORIENTED_EDGE('',*,*,#5435,.F.);
#7001=ORIENTED_EDGE('',*,*,#5437,.F.);
#7002=ORIENTED_EDGE('',*,*,#5398,.F.);
#7003=ORIENTED_EDGE('',*,*,#5437,.T.);
#7004=ORIENTED_EDGE('',*,*,#5418,.F.);
#7005=ORIENTED_EDGE('',*,*,#5438,.F.);
#7006=ORIENTED_EDGE('',*,*,#5403,.F.);
#7007=ORIENTED_EDGE('',*,*,#5439,.T.);
#7008=ORIENTED_EDGE('',*,*,#5425,.F.);
#7009=ORIENTED_EDGE('',*,*,#5411,.F.);
#7010=ORIENTED_EDGE('',*,*,#5401,.F.);
#7011=ORIENTED_EDGE('',*,*,#5438,.T.);
#7012=ORIENTED_EDGE('',*,*,#5422,.F.);
#7013=ORIENTED_EDGE('',*,*,#5439,.F.);
#7014=ORIENTED_EDGE('',*,*,#5428,.T.);
#7015=ORIENTED_EDGE('',*,*,#5440,.T.);
#7016=ORIENTED_EDGE('',*,*,#5441,.F.);
#7017=ORIENTED_EDGE('',*,*,#5442,.F.);
#7018=ORIENTED_EDGE('',*,*,#5426,.T.);
#7019=ORIENTED_EDGE('',*,*,#5443,.T.);
#7020=ORIENTED_EDGE('',*,*,#5444,.F.);
#7021=ORIENTED_EDGE('',*,*,#5440,.F.);
#7022=ORIENTED_EDGE('',*,*,#5423,.T.);
#7023=ORIENTED_EDGE('',*,*,#5445,.T.);
#7024=ORIENTED_EDGE('',*,*,#5446,.F.);
#7025=ORIENTED_EDGE('',*,*,#5443,.F.);
#7026=ORIENTED_EDGE('',*,*,#5420,.T.);
#7027=ORIENTED_EDGE('',*,*,#5447,.T.);
#7028=ORIENTED_EDGE('',*,*,#5448,.F.);
#7029=ORIENTED_EDGE('',*,*,#5445,.F.);
#7030=ORIENTED_EDGE('',*,*,#5436,.T.);
#7031=ORIENTED_EDGE('',*,*,#5449,.T.);
#7032=ORIENTED_EDGE('',*,*,#5450,.F.);
#7033=ORIENTED_EDGE('',*,*,#5447,.F.);
#7034=ORIENTED_EDGE('',*,*,#5434,.T.);
#7035=ORIENTED_EDGE('',*,*,#5451,.T.);
#7036=ORIENTED_EDGE('',*,*,#5452,.F.);
#7037=ORIENTED_EDGE('',*,*,#5449,.F.);
#7038=ORIENTED_EDGE('',*,*,#5432,.T.);
#7039=ORIENTED_EDGE('',*,*,#5453,.T.);
#7040=ORIENTED_EDGE('',*,*,#5454,.F.);
#7041=ORIENTED_EDGE('',*,*,#5451,.F.);
#7042=ORIENTED_EDGE('',*,*,#5430,.T.);
#7043=ORIENTED_EDGE('',*,*,#5442,.T.);
#7044=ORIENTED_EDGE('',*,*,#5455,.F.);
#7045=ORIENTED_EDGE('',*,*,#5453,.F.);
#7046=ORIENTED_EDGE('',*,*,#5456,.T.);
#7047=ORIENTED_EDGE('',*,*,#5457,.T.);
#7048=ORIENTED_EDGE('',*,*,#5458,.T.);
#7049=ORIENTED_EDGE('',*,*,#5459,.T.);
#7050=ORIENTED_EDGE('',*,*,#5460,.T.);
#7051=ORIENTED_EDGE('',*,*,#5461,.T.);
#7052=ORIENTED_EDGE('',*,*,#5458,.F.);
#7053=ORIENTED_EDGE('',*,*,#5462,.T.);
#7054=ORIENTED_EDGE('',*,*,#5463,.T.);
#7055=ORIENTED_EDGE('',*,*,#5464,.T.);
#7056=ORIENTED_EDGE('',*,*,#5460,.F.);
#7057=ORIENTED_EDGE('',*,*,#5465,.T.);
#7058=ORIENTED_EDGE('',*,*,#5466,.T.);
#7059=ORIENTED_EDGE('',*,*,#5467,.T.);
#7060=ORIENTED_EDGE('',*,*,#5463,.F.);
#7061=ORIENTED_EDGE('',*,*,#5468,.T.);
#7062=ORIENTED_EDGE('',*,*,#5469,.T.);
#7063=ORIENTED_EDGE('',*,*,#5470,.T.);
#7064=ORIENTED_EDGE('',*,*,#5466,.F.);
#7065=ORIENTED_EDGE('',*,*,#5471,.T.);
#7066=ORIENTED_EDGE('',*,*,#5472,.T.);
#7067=ORIENTED_EDGE('',*,*,#5473,.T.);
#7068=ORIENTED_EDGE('',*,*,#5469,.F.);
#7069=ORIENTED_EDGE('',*,*,#5474,.T.);
#7070=ORIENTED_EDGE('',*,*,#5475,.T.);
#7071=ORIENTED_EDGE('',*,*,#5476,.T.);
#7072=ORIENTED_EDGE('',*,*,#5472,.F.);
#7073=ORIENTED_EDGE('',*,*,#5477,.T.);
#7074=ORIENTED_EDGE('',*,*,#5478,.T.);
#7075=ORIENTED_EDGE('',*,*,#5479,.T.);
#7076=ORIENTED_EDGE('',*,*,#5475,.F.);
#7077=ORIENTED_EDGE('',*,*,#5480,.T.);
#7078=ORIENTED_EDGE('',*,*,#5481,.T.);
#7079=ORIENTED_EDGE('',*,*,#5482,.T.);
#7080=ORIENTED_EDGE('',*,*,#5478,.F.);
#7081=ORIENTED_EDGE('',*,*,#5483,.T.);
#7082=ORIENTED_EDGE('',*,*,#5484,.T.);
#7083=ORIENTED_EDGE('',*,*,#5485,.T.);
#7084=ORIENTED_EDGE('',*,*,#5481,.F.);
#7085=ORIENTED_EDGE('',*,*,#5486,.T.);
#7086=ORIENTED_EDGE('',*,*,#5487,.T.);
#7087=ORIENTED_EDGE('',*,*,#5488,.T.);
#7088=ORIENTED_EDGE('',*,*,#5484,.F.);
#7089=ORIENTED_EDGE('',*,*,#5489,.T.);
#7090=ORIENTED_EDGE('',*,*,#5490,.T.);
#7091=ORIENTED_EDGE('',*,*,#5491,.T.);
#7092=ORIENTED_EDGE('',*,*,#5487,.F.);
#7093=ORIENTED_EDGE('',*,*,#5492,.T.);
#7094=ORIENTED_EDGE('',*,*,#5493,.T.);
#7095=ORIENTED_EDGE('',*,*,#5494,.T.);
#7096=ORIENTED_EDGE('',*,*,#5490,.F.);
#7097=ORIENTED_EDGE('',*,*,#5495,.T.);
#7098=ORIENTED_EDGE('',*,*,#5493,.F.);
#7099=ORIENTED_EDGE('',*,*,#5496,.T.);
#7100=ORIENTED_EDGE('',*,*,#5456,.F.);
#7101=ORIENTED_EDGE('',*,*,#5413,.T.);
#7102=ORIENTED_EDGE('',*,*,#5482,.F.);
#7103=ORIENTED_EDGE('',*,*,#5497,.T.);
#7104=ORIENTED_EDGE('',*,*,#5498,.F.);
#7105=ORIENTED_EDGE('',*,*,#5499,.F.);
#7106=ORIENTED_EDGE('',*,*,#5485,.F.);
#7107=ORIENTED_EDGE('',*,*,#5500,.T.);
#7108=ORIENTED_EDGE('',*,*,#5501,.F.);
#7109=ORIENTED_EDGE('',*,*,#5497,.F.);
#7110=ORIENTED_EDGE('',*,*,#5488,.F.);
#7111=ORIENTED_EDGE('',*,*,#5502,.T.);
#7112=ORIENTED_EDGE('',*,*,#5503,.F.);
#7113=ORIENTED_EDGE('',*,*,#5500,.F.);
#7114=ORIENTED_EDGE('',*,*,#5491,.F.);
#7115=ORIENTED_EDGE('',*,*,#5504,.T.);
#7116=ORIENTED_EDGE('',*,*,#5505,.F.);
#7117=ORIENTED_EDGE('',*,*,#5502,.F.);
#7118=ORIENTED_EDGE('',*,*,#5494,.F.);
#7119=ORIENTED_EDGE('',*,*,#5416,.T.);
#7120=ORIENTED_EDGE('',*,*,#5506,.F.);
#7121=ORIENTED_EDGE('',*,*,#5504,.F.);
#7122=ORIENTED_EDGE('',*,*,#5459,.F.);
#7123=ORIENTED_EDGE('',*,*,#5507,.T.);
#7124=ORIENTED_EDGE('',*,*,#5508,.F.);
#7125=ORIENTED_EDGE('',*,*,#5414,.F.);
#7126=ORIENTED_EDGE('',*,*,#5457,.F.);
#7127=ORIENTED_EDGE('',*,*,#5496,.F.);
#7128=ORIENTED_EDGE('',*,*,#5495,.F.);
#7129=ORIENTED_EDGE('',*,*,#5492,.F.);
#7130=ORIENTED_EDGE('',*,*,#5489,.F.);
#7131=ORIENTED_EDGE('',*,*,#5486,.F.);
#7132=ORIENTED_EDGE('',*,*,#5483,.F.);
#7133=ORIENTED_EDGE('',*,*,#5480,.F.);
#7134=ORIENTED_EDGE('',*,*,#5477,.F.);
#7135=ORIENTED_EDGE('',*,*,#5474,.F.);
#7136=ORIENTED_EDGE('',*,*,#5471,.F.);
#7137=ORIENTED_EDGE('',*,*,#5468,.F.);
#7138=ORIENTED_EDGE('',*,*,#5465,.F.);
#7139=ORIENTED_EDGE('',*,*,#5462,.F.);
#7140=ORIENTED_EDGE('',*,*,#5509,.T.);
#7141=ORIENTED_EDGE('',*,*,#5510,.T.);
#7142=ORIENTED_EDGE('',*,*,#5511,.T.);
#7143=ORIENTED_EDGE('',*,*,#5510,.F.);
#7144=ORIENTED_EDGE('',*,*,#5512,.T.);
#7145=ORIENTED_EDGE('',*,*,#5513,.T.);
#7146=ORIENTED_EDGE('',*,*,#5514,.T.);
#7147=ORIENTED_EDGE('',*,*,#5515,.T.);
#7148=ORIENTED_EDGE('',*,*,#5516,.T.);
#7149=ORIENTED_EDGE('',*,*,#5517,.T.);
#7150=ORIENTED_EDGE('',*,*,#5518,.T.);
#7151=ORIENTED_EDGE('',*,*,#5519,.T.);
#7152=ORIENTED_EDGE('',*,*,#5520,.T.);
#7153=ORIENTED_EDGE('',*,*,#5521,.T.);
#7154=ORIENTED_EDGE('',*,*,#5522,.T.);
#7155=ORIENTED_EDGE('',*,*,#5523,.T.);
#7156=ORIENTED_EDGE('',*,*,#5524,.T.);
#7157=ORIENTED_EDGE('',*,*,#5525,.T.);
#7158=ORIENTED_EDGE('',*,*,#5526,.F.);
#7159=ORIENTED_EDGE('',*,*,#5527,.F.);
#7160=ORIENTED_EDGE('',*,*,#5511,.F.);
#7161=ORIENTED_EDGE('',*,*,#5528,.F.);
#7162=ORIENTED_EDGE('',*,*,#5529,.T.);
#7163=ORIENTED_EDGE('',*,*,#5509,.F.);
#7164=ORIENTED_EDGE('',*,*,#5529,.F.);
#7165=ORIENTED_EDGE('',*,*,#5530,.T.);
#7166=ORIENTED_EDGE('',*,*,#5531,.T.);
#7167=ORIENTED_EDGE('',*,*,#5526,.T.);
#7168=ORIENTED_EDGE('',*,*,#5531,.F.);
#7169=ORIENTED_EDGE('',*,*,#5532,.F.);
#7170=ORIENTED_EDGE('',*,*,#5533,.T.);
#7171=ORIENTED_EDGE('',*,*,#5530,.F.);
#7172=ORIENTED_EDGE('',*,*,#5533,.F.);
#7173=ORIENTED_EDGE('',*,*,#5534,.T.);
#7174=ORIENTED_EDGE('',*,*,#5535,.T.);
#7175=ORIENTED_EDGE('',*,*,#5527,.T.);
#7176=ORIENTED_EDGE('',*,*,#5535,.F.);
#7177=ORIENTED_EDGE('',*,*,#5536,.F.);
#7178=ORIENTED_EDGE('',*,*,#5537,.T.);
#7179=ORIENTED_EDGE('',*,*,#5534,.F.);
#7180=ORIENTED_EDGE('',*,*,#5537,.F.);
#7181=ORIENTED_EDGE('',*,*,#5538,.F.);
#7182=ORIENTED_EDGE('',*,*,#5539,.T.);
#7183=ORIENTED_EDGE('',*,*,#5540,.F.);
#7184=ORIENTED_EDGE('',*,*,#5539,.F.);
#7185=ORIENTED_EDGE('',*,*,#5528,.T.);
#7186=ORIENTED_EDGE('',*,*,#5538,.T.);
#7187=ORIENTED_EDGE('',*,*,#5541,.F.);
#7188=ORIENTED_EDGE('',*,*,#5542,.T.);
#7189=ORIENTED_EDGE('',*,*,#5543,.F.);
#7190=ORIENTED_EDGE('',*,*,#5542,.F.);
#7191=ORIENTED_EDGE('',*,*,#5532,.T.);
#7192=ORIENTED_EDGE('',*,*,#5541,.T.);
#7193=ORIENTED_EDGE('',*,*,#5540,.T.);
#7194=ORIENTED_EDGE('',*,*,#5544,.F.);
#7195=ORIENTED_EDGE('',*,*,#5545,.T.);
#7196=ORIENTED_EDGE('',*,*,#5546,.F.);
#7197=ORIENTED_EDGE('',*,*,#5545,.F.);
#7198=ORIENTED_EDGE('',*,*,#5536,.T.);
#7199=ORIENTED_EDGE('',*,*,#5544,.T.);
#7200=ORIENTED_EDGE('',*,*,#5543,.T.);
#7201=ORIENTED_EDGE('',*,*,#5518,.F.);
#7202=ORIENTED_EDGE('',*,*,#5547,.T.);
#7203=ORIENTED_EDGE('',*,*,#5548,.F.);
#7204=ORIENTED_EDGE('',*,*,#5549,.F.);
#7205=ORIENTED_EDGE('',*,*,#5517,.F.);
#7206=ORIENTED_EDGE('',*,*,#5550,.T.);
#7207=ORIENTED_EDGE('',*,*,#5551,.F.);
#7208=ORIENTED_EDGE('',*,*,#5547,.F.);
#7209=ORIENTED_EDGE('',*,*,#5516,.F.);
#7210=ORIENTED_EDGE('',*,*,#5552,.T.);
#7211=ORIENTED_EDGE('',*,*,#5553,.F.);
#7212=ORIENTED_EDGE('',*,*,#5550,.F.);
#7213=ORIENTED_EDGE('',*,*,#5515,.F.);
#7214=ORIENTED_EDGE('',*,*,#5554,.T.);
#7215=ORIENTED_EDGE('',*,*,#5555,.F.);
#7216=ORIENTED_EDGE('',*,*,#5552,.F.);
#7217=ORIENTED_EDGE('',*,*,#5514,.F.);
#7218=ORIENTED_EDGE('',*,*,#5556,.T.);
#7219=ORIENTED_EDGE('',*,*,#5557,.F.);
#7220=ORIENTED_EDGE('',*,*,#5554,.F.);
#7221=ORIENTED_EDGE('',*,*,#5513,.F.);
#7222=ORIENTED_EDGE('',*,*,#5558,.T.);
#7223=ORIENTED_EDGE('',*,*,#5559,.F.);
#7224=ORIENTED_EDGE('',*,*,#5556,.F.);
#7225=ORIENTED_EDGE('',*,*,#5512,.F.);
#7226=ORIENTED_EDGE('',*,*,#5560,.T.);
#7227=ORIENTED_EDGE('',*,*,#5561,.F.);
#7228=ORIENTED_EDGE('',*,*,#5558,.F.);
#7229=ORIENTED_EDGE('',*,*,#5519,.F.);
#7230=ORIENTED_EDGE('',*,*,#5549,.T.);
#7231=ORIENTED_EDGE('',*,*,#5562,.F.);
#7232=ORIENTED_EDGE('',*,*,#5563,.F.);
#7233=ORIENTED_EDGE('',*,*,#5520,.F.);
#7234=ORIENTED_EDGE('',*,*,#5563,.T.);
#7235=ORIENTED_EDGE('',*,*,#5564,.F.);
#7236=ORIENTED_EDGE('',*,*,#5565,.F.);
#7237=ORIENTED_EDGE('',*,*,#5521,.F.);
#7238=ORIENTED_EDGE('',*,*,#5565,.T.);
#7239=ORIENTED_EDGE('',*,*,#5566,.F.);
#7240=ORIENTED_EDGE('',*,*,#5567,.F.);
#7241=ORIENTED_EDGE('',*,*,#5522,.F.);
#7242=ORIENTED_EDGE('',*,*,#5567,.T.);
#7243=ORIENTED_EDGE('',*,*,#5568,.F.);
#7244=ORIENTED_EDGE('',*,*,#5569,.F.);
#7245=ORIENTED_EDGE('',*,*,#5523,.F.);
#7246=ORIENTED_EDGE('',*,*,#5569,.T.);
#7247=ORIENTED_EDGE('',*,*,#5570,.F.);
#7248=ORIENTED_EDGE('',*,*,#5571,.F.);
#7249=ORIENTED_EDGE('',*,*,#5524,.F.);
#7250=ORIENTED_EDGE('',*,*,#5571,.T.);
#7251=ORIENTED_EDGE('',*,*,#5572,.F.);
#7252=ORIENTED_EDGE('',*,*,#5573,.F.);
#7253=ORIENTED_EDGE('',*,*,#5450,.T.);
#7254=ORIENTED_EDGE('',*,*,#5452,.T.);
#7255=ORIENTED_EDGE('',*,*,#5454,.T.);
#7256=ORIENTED_EDGE('',*,*,#5455,.T.);
#7257=ORIENTED_EDGE('',*,*,#5441,.T.);
#7258=ORIENTED_EDGE('',*,*,#5444,.T.);
#7259=ORIENTED_EDGE('',*,*,#5446,.T.);
#7260=ORIENTED_EDGE('',*,*,#5448,.T.);
#7261=ORIENTED_EDGE('',*,*,#5525,.F.);
#7262=ORIENTED_EDGE('',*,*,#5573,.T.);
#7263=ORIENTED_EDGE('',*,*,#5574,.F.);
#7264=ORIENTED_EDGE('',*,*,#5560,.F.);
#7265=ORIENTED_EDGE('',*,*,#5508,.T.);
#7266=ORIENTED_EDGE('',*,*,#5575,.T.);
#7267=ORIENTED_EDGE('',*,*,#5576,.T.);
#7268=ORIENTED_EDGE('',*,*,#5577,.T.);
#7269=ORIENTED_EDGE('',*,*,#5578,.T.);
#7270=ORIENTED_EDGE('',*,*,#5579,.T.);
#7271=ORIENTED_EDGE('',*,*,#5580,.T.);
#7272=ORIENTED_EDGE('',*,*,#5581,.T.);
#7273=ORIENTED_EDGE('',*,*,#5498,.T.);
#7274=ORIENTED_EDGE('',*,*,#5501,.T.);
#7275=ORIENTED_EDGE('',*,*,#5503,.T.);
#7276=ORIENTED_EDGE('',*,*,#5505,.T.);
#7277=ORIENTED_EDGE('',*,*,#5506,.T.);
#7278=ORIENTED_EDGE('',*,*,#5415,.T.);
#7279=ORIENTED_EDGE('',*,*,#5574,.T.);
#7280=ORIENTED_EDGE('',*,*,#5572,.T.);
#7281=ORIENTED_EDGE('',*,*,#5570,.T.);
#7282=ORIENTED_EDGE('',*,*,#5568,.T.);
#7283=ORIENTED_EDGE('',*,*,#5566,.T.);
#7284=ORIENTED_EDGE('',*,*,#5564,.T.);
#7285=ORIENTED_EDGE('',*,*,#5562,.T.);
#7286=ORIENTED_EDGE('',*,*,#5548,.T.);
#7287=ORIENTED_EDGE('',*,*,#5551,.T.);
#7288=ORIENTED_EDGE('',*,*,#5553,.T.);
#7289=ORIENTED_EDGE('',*,*,#5555,.T.);
#7290=ORIENTED_EDGE('',*,*,#5557,.T.);
#7291=ORIENTED_EDGE('',*,*,#5559,.T.);
#7292=ORIENTED_EDGE('',*,*,#5561,.T.);
#7293=ORIENTED_EDGE('',*,*,#5479,.F.);
#7294=ORIENTED_EDGE('',*,*,#5499,.T.);
#7295=ORIENTED_EDGE('',*,*,#5581,.F.);
#7296=ORIENTED_EDGE('',*,*,#5582,.F.);
#7297=ORIENTED_EDGE('',*,*,#5476,.F.);
#7298=ORIENTED_EDGE('',*,*,#5582,.T.);
#7299=ORIENTED_EDGE('',*,*,#5580,.F.);
#7300=ORIENTED_EDGE('',*,*,#5583,.F.);
#7301=ORIENTED_EDGE('',*,*,#5473,.F.);
#7302=ORIENTED_EDGE('',*,*,#5583,.T.);
#7303=ORIENTED_EDGE('',*,*,#5579,.F.);
#7304=ORIENTED_EDGE('',*,*,#5584,.F.);
#7305=ORIENTED_EDGE('',*,*,#5470,.F.);
#7306=ORIENTED_EDGE('',*,*,#5584,.T.);
#7307=ORIENTED_EDGE('',*,*,#5578,.F.);
#7308=ORIENTED_EDGE('',*,*,#5585,.F.);
#7309=ORIENTED_EDGE('',*,*,#5467,.F.);
#7310=ORIENTED_EDGE('',*,*,#5585,.T.);
#7311=ORIENTED_EDGE('',*,*,#5577,.F.);
#7312=ORIENTED_EDGE('',*,*,#5586,.F.);
#7313=ORIENTED_EDGE('',*,*,#5464,.F.);
#7314=ORIENTED_EDGE('',*,*,#5586,.T.);
#7315=ORIENTED_EDGE('',*,*,#5576,.F.);
#7316=ORIENTED_EDGE('',*,*,#5587,.F.);
#7317=ORIENTED_EDGE('',*,*,#5461,.F.);
#7318=ORIENTED_EDGE('',*,*,#5587,.T.);
#7319=ORIENTED_EDGE('',*,*,#5575,.F.);
#7320=ORIENTED_EDGE('',*,*,#5507,.F.);
#7321=ORIENTED_EDGE('',*,*,#5546,.T.);
#7322=ORIENTED_EDGE('',*,*,#5588,.F.);
#7323=ORIENTED_EDGE('',*,*,#5589,.F.);
#7324=ORIENTED_EDGE('',*,*,#5590,.F.);
#7325=ORIENTED_EDGE('',*,*,#5591,.F.);
#7326=ORIENTED_EDGE('',*,*,#5592,.F.);
#7327=ORIENTED_EDGE('',*,*,#5593,.F.);
#7328=ORIENTED_EDGE('',*,*,#5594,.F.);
#7329=ORIENTED_EDGE('',*,*,#5595,.T.);
#7330=ORIENTED_EDGE('',*,*,#5596,.F.);
#7331=ORIENTED_EDGE('',*,*,#5595,.F.);
#7332=ORIENTED_EDGE('',*,*,#5597,.F.);
#7333=ORIENTED_EDGE('',*,*,#5589,.T.);
#7334=ORIENTED_EDGE('',*,*,#5593,.T.);
#7335=ORIENTED_EDGE('',*,*,#5598,.F.);
#7336=ORIENTED_EDGE('',*,*,#5599,.F.);
#7337=ORIENTED_EDGE('',*,*,#5600,.T.);
#7338=ORIENTED_EDGE('',*,*,#5591,.T.);
#7339=ORIENTED_EDGE('',*,*,#5601,.T.);
#7340=ORIENTED_EDGE('',*,*,#5602,.T.);
#7341=ORIENTED_EDGE('',*,*,#5603,.F.);
#7342=ORIENTED_EDGE('',*,*,#5590,.T.);
#7343=ORIENTED_EDGE('',*,*,#5597,.T.);
#7344=ORIENTED_EDGE('',*,*,#5594,.T.);
#7345=ORIENTED_EDGE('',*,*,#5600,.F.);
#7346=ORIENTED_EDGE('',*,*,#5604,.T.);
#7347=ORIENTED_EDGE('',*,*,#5605,.F.);
#7348=ORIENTED_EDGE('',*,*,#5606,.F.);
#7349=ORIENTED_EDGE('',*,*,#5607,.F.);
#7350=ORIENTED_EDGE('',*,*,#5608,.F.);
#7351=ORIENTED_EDGE('',*,*,#5609,.T.);
#7352=ORIENTED_EDGE('',*,*,#5610,.T.);
#7353=ORIENTED_EDGE('',*,*,#5611,.F.);
#7354=ORIENTED_EDGE('',*,*,#5612,.F.);
#7355=ORIENTED_EDGE('',*,*,#5613,.F.);
#7356=ORIENTED_EDGE('',*,*,#5614,.T.);
#7357=ORIENTED_EDGE('',*,*,#5615,.F.);
#7358=ORIENTED_EDGE('',*,*,#5616,.T.);
#7359=ORIENTED_EDGE('',*,*,#5617,.T.);
#7360=ORIENTED_EDGE('',*,*,#5618,.F.);
#7361=ORIENTED_EDGE('',*,*,#5619,.T.);
#7362=ORIENTED_EDGE('',*,*,#5620,.T.);
#7363=ORIENTED_EDGE('',*,*,#5621,.T.);
#7364=ORIENTED_EDGE('',*,*,#5622,.F.);
#7365=ORIENTED_EDGE('',*,*,#5623,.F.);
#7366=ORIENTED_EDGE('',*,*,#5601,.F.);
#7367=ORIENTED_EDGE('',*,*,#5624,.T.);
#7368=ORIENTED_EDGE('',*,*,#5625,.T.);
#7369=ORIENTED_EDGE('',*,*,#5626,.T.);
#7370=ORIENTED_EDGE('',*,*,#5627,.T.);
#7371=ORIENTED_EDGE('',*,*,#5628,.T.);
#7372=ORIENTED_EDGE('',*,*,#5629,.T.);
#7373=ORIENTED_EDGE('',*,*,#5630,.T.);
#7374=ORIENTED_EDGE('',*,*,#5631,.T.);
#7375=ORIENTED_EDGE('',*,*,#5632,.T.);
#7376=ORIENTED_EDGE('',*,*,#5633,.T.);
#7377=ORIENTED_EDGE('',*,*,#5634,.T.);
#7378=ORIENTED_EDGE('',*,*,#5635,.T.);
#7379=ORIENTED_EDGE('',*,*,#5636,.T.);
#7380=ORIENTED_EDGE('',*,*,#5637,.T.);
#7381=ORIENTED_EDGE('',*,*,#5638,.T.);
#7382=ORIENTED_EDGE('',*,*,#5639,.T.);
#7383=ORIENTED_EDGE('',*,*,#5640,.T.);
#7384=ORIENTED_EDGE('',*,*,#5641,.T.);
#7385=ORIENTED_EDGE('',*,*,#5642,.T.);
#7386=ORIENTED_EDGE('',*,*,#5643,.T.);
#7387=ORIENTED_EDGE('',*,*,#5644,.T.);
#7388=ORIENTED_EDGE('',*,*,#5645,.T.);
#7389=ORIENTED_EDGE('',*,*,#5646,.T.);
#7390=ORIENTED_EDGE('',*,*,#5647,.T.);
#7391=ORIENTED_EDGE('',*,*,#5648,.T.);
#7392=ORIENTED_EDGE('',*,*,#5649,.T.);
#7393=ORIENTED_EDGE('',*,*,#5650,.T.);
#7394=ORIENTED_EDGE('',*,*,#5651,.T.);
#7395=ORIENTED_EDGE('',*,*,#5652,.T.);
#7396=ORIENTED_EDGE('',*,*,#5653,.T.);
#7397=ORIENTED_EDGE('',*,*,#5654,.T.);
#7398=ORIENTED_EDGE('',*,*,#5655,.T.);
#7399=ORIENTED_EDGE('',*,*,#5656,.T.);
#7400=ORIENTED_EDGE('',*,*,#5657,.T.);
#7401=ORIENTED_EDGE('',*,*,#5658,.T.);
#7402=ORIENTED_EDGE('',*,*,#5659,.T.);
#7403=ORIENTED_EDGE('',*,*,#5660,.T.);
#7404=ORIENTED_EDGE('',*,*,#5661,.T.);
#7405=ORIENTED_EDGE('',*,*,#5662,.T.);
#7406=ORIENTED_EDGE('',*,*,#5663,.T.);
#7407=ORIENTED_EDGE('',*,*,#5664,.T.);
#7408=ORIENTED_EDGE('',*,*,#5665,.T.);
#7409=ORIENTED_EDGE('',*,*,#5666,.T.);
#7410=ORIENTED_EDGE('',*,*,#5667,.T.);
#7411=ORIENTED_EDGE('',*,*,#5668,.T.);
#7412=ORIENTED_EDGE('',*,*,#5669,.T.);
#7413=ORIENTED_EDGE('',*,*,#5670,.T.);
#7414=ORIENTED_EDGE('',*,*,#5671,.T.);
#7415=ORIENTED_EDGE('',*,*,#5672,.T.);
#7416=ORIENTED_EDGE('',*,*,#5673,.T.);
#7417=ORIENTED_EDGE('',*,*,#5674,.T.);
#7418=ORIENTED_EDGE('',*,*,#5675,.T.);
#7419=ORIENTED_EDGE('',*,*,#5676,.T.);
#7420=ORIENTED_EDGE('',*,*,#5677,.T.);
#7421=ORIENTED_EDGE('',*,*,#5678,.T.);
#7422=ORIENTED_EDGE('',*,*,#5679,.T.);
#7423=ORIENTED_EDGE('',*,*,#5680,.T.);
#7424=ORIENTED_EDGE('',*,*,#5681,.T.);
#7425=ORIENTED_EDGE('',*,*,#5682,.T.);
#7426=ORIENTED_EDGE('',*,*,#5683,.T.);
#7427=ORIENTED_EDGE('',*,*,#5684,.T.);
#7428=ORIENTED_EDGE('',*,*,#5685,.T.);
#7429=ORIENTED_EDGE('',*,*,#5686,.T.);
#7430=ORIENTED_EDGE('',*,*,#5687,.T.);
#7431=ORIENTED_EDGE('',*,*,#5688,.T.);
#7432=ORIENTED_EDGE('',*,*,#5689,.T.);
#7433=ORIENTED_EDGE('',*,*,#5690,.T.);
#7434=ORIENTED_EDGE('',*,*,#5691,.T.);
#7435=ORIENTED_EDGE('',*,*,#5692,.T.);
#7436=ORIENTED_EDGE('',*,*,#5693,.T.);
#7437=ORIENTED_EDGE('',*,*,#5694,.T.);
#7438=ORIENTED_EDGE('',*,*,#5695,.T.);
#7439=ORIENTED_EDGE('',*,*,#5696,.T.);
#7440=ORIENTED_EDGE('',*,*,#5697,.T.);
#7441=ORIENTED_EDGE('',*,*,#5698,.T.);
#7442=ORIENTED_EDGE('',*,*,#5699,.T.);
#7443=ORIENTED_EDGE('',*,*,#5700,.T.);
#7444=ORIENTED_EDGE('',*,*,#5701,.T.);
#7445=ORIENTED_EDGE('',*,*,#5702,.T.);
#7446=ORIENTED_EDGE('',*,*,#5703,.T.);
#7447=ORIENTED_EDGE('',*,*,#5704,.T.);
#7448=ORIENTED_EDGE('',*,*,#5705,.T.);
#7449=ORIENTED_EDGE('',*,*,#5706,.T.);
#7450=ORIENTED_EDGE('',*,*,#5707,.T.);
#7451=ORIENTED_EDGE('',*,*,#5708,.T.);
#7452=ORIENTED_EDGE('',*,*,#5709,.T.);
#7453=ORIENTED_EDGE('',*,*,#5710,.T.);
#7454=ORIENTED_EDGE('',*,*,#5711,.T.);
#7455=ORIENTED_EDGE('',*,*,#5712,.T.);
#7456=ORIENTED_EDGE('',*,*,#5713,.T.);
#7457=ORIENTED_EDGE('',*,*,#5714,.T.);
#7458=ORIENTED_EDGE('',*,*,#5715,.T.);
#7459=ORIENTED_EDGE('',*,*,#5716,.T.);
#7460=ORIENTED_EDGE('',*,*,#5717,.T.);
#7461=ORIENTED_EDGE('',*,*,#5718,.T.);
#7462=ORIENTED_EDGE('',*,*,#5719,.T.);
#7463=ORIENTED_EDGE('',*,*,#5720,.T.);
#7464=ORIENTED_EDGE('',*,*,#5721,.T.);
#7465=ORIENTED_EDGE('',*,*,#5722,.T.);
#7466=ORIENTED_EDGE('',*,*,#5723,.T.);
#7467=ORIENTED_EDGE('',*,*,#5724,.T.);
#7468=ORIENTED_EDGE('',*,*,#5725,.T.);
#7469=ORIENTED_EDGE('',*,*,#5726,.T.);
#7470=ORIENTED_EDGE('',*,*,#5727,.T.);
#7471=ORIENTED_EDGE('',*,*,#5728,.T.);
#7472=ORIENTED_EDGE('',*,*,#5729,.T.);
#7473=ORIENTED_EDGE('',*,*,#5730,.T.);
#7474=ORIENTED_EDGE('',*,*,#5731,.T.);
#7475=ORIENTED_EDGE('',*,*,#5732,.T.);
#7476=ORIENTED_EDGE('',*,*,#5733,.T.);
#7477=ORIENTED_EDGE('',*,*,#5734,.T.);
#7478=ORIENTED_EDGE('',*,*,#5735,.T.);
#7479=ORIENTED_EDGE('',*,*,#5736,.T.);
#7480=ORIENTED_EDGE('',*,*,#5737,.T.);
#7481=ORIENTED_EDGE('',*,*,#5738,.T.);
#7482=ORIENTED_EDGE('',*,*,#5739,.T.);
#7483=ORIENTED_EDGE('',*,*,#5740,.T.);
#7484=ORIENTED_EDGE('',*,*,#5741,.T.);
#7485=ORIENTED_EDGE('',*,*,#5742,.T.);
#7486=ORIENTED_EDGE('',*,*,#5743,.T.);
#7487=ORIENTED_EDGE('',*,*,#5744,.T.);
#7488=ORIENTED_EDGE('',*,*,#5745,.T.);
#7489=ORIENTED_EDGE('',*,*,#5746,.T.);
#7490=ORIENTED_EDGE('',*,*,#5747,.T.);
#7491=ORIENTED_EDGE('',*,*,#5748,.T.);
#7492=ORIENTED_EDGE('',*,*,#5749,.T.);
#7493=ORIENTED_EDGE('',*,*,#5750,.T.);
#7494=ORIENTED_EDGE('',*,*,#5751,.T.);
#7495=ORIENTED_EDGE('',*,*,#5752,.T.);
#7496=ORIENTED_EDGE('',*,*,#5753,.T.);
#7497=ORIENTED_EDGE('',*,*,#5754,.T.);
#7498=ORIENTED_EDGE('',*,*,#5755,.T.);
#7499=ORIENTED_EDGE('',*,*,#5756,.T.);
#7500=ORIENTED_EDGE('',*,*,#5757,.T.);
#7501=ORIENTED_EDGE('',*,*,#5758,.T.);
#7502=ORIENTED_EDGE('',*,*,#5759,.T.);
#7503=ORIENTED_EDGE('',*,*,#5760,.T.);
#7504=ORIENTED_EDGE('',*,*,#5761,.T.);
#7505=ORIENTED_EDGE('',*,*,#5762,.T.);
#7506=ORIENTED_EDGE('',*,*,#5763,.T.);
#7507=ORIENTED_EDGE('',*,*,#5764,.T.);
#7508=ORIENTED_EDGE('',*,*,#5765,.T.);
#7509=ORIENTED_EDGE('',*,*,#5766,.T.);
#7510=ORIENTED_EDGE('',*,*,#5767,.T.);
#7511=ORIENTED_EDGE('',*,*,#5768,.T.);
#7512=ORIENTED_EDGE('',*,*,#5769,.T.);
#7513=ORIENTED_EDGE('',*,*,#5770,.T.);
#7514=ORIENTED_EDGE('',*,*,#5771,.T.);
#7515=ORIENTED_EDGE('',*,*,#5772,.T.);
#7516=ORIENTED_EDGE('',*,*,#5773,.T.);
#7517=ORIENTED_EDGE('',*,*,#5774,.T.);
#7518=ORIENTED_EDGE('',*,*,#5775,.T.);
#7519=ORIENTED_EDGE('',*,*,#5776,.T.);
#7520=ORIENTED_EDGE('',*,*,#5777,.T.);
#7521=ORIENTED_EDGE('',*,*,#5778,.T.);
#7522=ORIENTED_EDGE('',*,*,#5779,.T.);
#7523=ORIENTED_EDGE('',*,*,#5780,.T.);
#7524=ORIENTED_EDGE('',*,*,#5781,.T.);
#7525=ORIENTED_EDGE('',*,*,#5782,.T.);
#7526=ORIENTED_EDGE('',*,*,#5783,.T.);
#7527=ORIENTED_EDGE('',*,*,#5784,.T.);
#7528=ORIENTED_EDGE('',*,*,#5785,.T.);
#7529=ORIENTED_EDGE('',*,*,#5786,.T.);
#7530=ORIENTED_EDGE('',*,*,#5787,.T.);
#7531=ORIENTED_EDGE('',*,*,#5788,.T.);
#7532=ORIENTED_EDGE('',*,*,#5789,.T.);
#7533=ORIENTED_EDGE('',*,*,#5790,.T.);
#7534=ORIENTED_EDGE('',*,*,#5791,.T.);
#7535=ORIENTED_EDGE('',*,*,#5792,.T.);
#7536=ORIENTED_EDGE('',*,*,#5793,.T.);
#7537=ORIENTED_EDGE('',*,*,#5794,.T.);
#7538=ORIENTED_EDGE('',*,*,#5795,.T.);
#7539=ORIENTED_EDGE('',*,*,#5796,.T.);
#7540=ORIENTED_EDGE('',*,*,#5797,.T.);
#7541=ORIENTED_EDGE('',*,*,#5798,.T.);
#7542=ORIENTED_EDGE('',*,*,#5799,.T.);
#7543=ORIENTED_EDGE('',*,*,#5800,.T.);
#7544=ORIENTED_EDGE('',*,*,#5801,.T.);
#7545=ORIENTED_EDGE('',*,*,#5802,.T.);
#7546=ORIENTED_EDGE('',*,*,#5803,.T.);
#7547=ORIENTED_EDGE('',*,*,#5804,.T.);
#7548=ORIENTED_EDGE('',*,*,#5805,.T.);
#7549=ORIENTED_EDGE('',*,*,#5806,.T.);
#7550=ORIENTED_EDGE('',*,*,#5807,.T.);
#7551=ORIENTED_EDGE('',*,*,#5808,.T.);
#7552=ORIENTED_EDGE('',*,*,#5809,.T.);
#7553=ORIENTED_EDGE('',*,*,#5810,.T.);
#7554=ORIENTED_EDGE('',*,*,#5811,.T.);
#7555=ORIENTED_EDGE('',*,*,#5812,.T.);
#7556=ORIENTED_EDGE('',*,*,#5813,.T.);
#7557=ORIENTED_EDGE('',*,*,#5814,.T.);
#7558=ORIENTED_EDGE('',*,*,#5815,.T.);
#7559=ORIENTED_EDGE('',*,*,#5816,.T.);
#7560=ORIENTED_EDGE('',*,*,#5817,.T.);
#7561=ORIENTED_EDGE('',*,*,#5818,.T.);
#7562=ORIENTED_EDGE('',*,*,#5819,.T.);
#7563=ORIENTED_EDGE('',*,*,#5820,.T.);
#7564=ORIENTED_EDGE('',*,*,#5821,.T.);
#7565=ORIENTED_EDGE('',*,*,#5822,.T.);
#7566=ORIENTED_EDGE('',*,*,#5823,.T.);
#7567=ORIENTED_EDGE('',*,*,#5824,.T.);
#7568=ORIENTED_EDGE('',*,*,#5825,.T.);
#7569=ORIENTED_EDGE('',*,*,#5826,.T.);
#7570=ORIENTED_EDGE('',*,*,#5827,.T.);
#7571=ORIENTED_EDGE('',*,*,#5828,.T.);
#7572=ORIENTED_EDGE('',*,*,#5829,.T.);
#7573=ORIENTED_EDGE('',*,*,#5830,.T.);
#7574=ORIENTED_EDGE('',*,*,#5831,.T.);
#7575=ORIENTED_EDGE('',*,*,#5832,.T.);
#7576=ORIENTED_EDGE('',*,*,#5833,.T.);
#7577=ORIENTED_EDGE('',*,*,#5834,.T.);
#7578=ORIENTED_EDGE('',*,*,#5835,.T.);
#7579=ORIENTED_EDGE('',*,*,#5836,.T.);
#7580=ORIENTED_EDGE('',*,*,#5837,.T.);
#7581=ORIENTED_EDGE('',*,*,#5838,.T.);
#7582=ORIENTED_EDGE('',*,*,#5839,.T.);
#7583=ORIENTED_EDGE('',*,*,#5840,.T.);
#7584=ORIENTED_EDGE('',*,*,#5841,.T.);
#7585=ORIENTED_EDGE('',*,*,#5842,.T.);
#7586=ORIENTED_EDGE('',*,*,#5843,.T.);
#7587=ORIENTED_EDGE('',*,*,#5844,.T.);
#7588=ORIENTED_EDGE('',*,*,#5845,.T.);
#7589=ORIENTED_EDGE('',*,*,#5846,.T.);
#7590=ORIENTED_EDGE('',*,*,#5847,.T.);
#7591=ORIENTED_EDGE('',*,*,#5848,.T.);
#7592=ORIENTED_EDGE('',*,*,#5849,.T.);
#7593=ORIENTED_EDGE('',*,*,#5850,.T.);
#7594=ORIENTED_EDGE('',*,*,#5851,.T.);
#7595=ORIENTED_EDGE('',*,*,#5852,.T.);
#7596=ORIENTED_EDGE('',*,*,#5853,.T.);
#7597=ORIENTED_EDGE('',*,*,#5854,.T.);
#7598=ORIENTED_EDGE('',*,*,#5855,.T.);
#7599=ORIENTED_EDGE('',*,*,#5856,.T.);
#7600=ORIENTED_EDGE('',*,*,#5857,.T.);
#7601=ORIENTED_EDGE('',*,*,#5858,.T.);
#7602=ORIENTED_EDGE('',*,*,#5859,.T.);
#7603=ORIENTED_EDGE('',*,*,#5860,.T.);
#7604=ORIENTED_EDGE('',*,*,#5861,.T.);
#7605=ORIENTED_EDGE('',*,*,#5862,.T.);
#7606=ORIENTED_EDGE('',*,*,#5863,.T.);
#7607=ORIENTED_EDGE('',*,*,#5864,.T.);
#7608=ORIENTED_EDGE('',*,*,#5865,.T.);
#7609=ORIENTED_EDGE('',*,*,#5866,.T.);
#7610=ORIENTED_EDGE('',*,*,#5867,.T.);
#7611=ORIENTED_EDGE('',*,*,#5868,.T.);
#7612=ORIENTED_EDGE('',*,*,#5869,.T.);
#7613=ORIENTED_EDGE('',*,*,#5870,.T.);
#7614=ORIENTED_EDGE('',*,*,#5871,.T.);
#7615=ORIENTED_EDGE('',*,*,#5872,.T.);
#7616=ORIENTED_EDGE('',*,*,#5873,.T.);
#7617=ORIENTED_EDGE('',*,*,#5874,.T.);
#7618=ORIENTED_EDGE('',*,*,#5875,.T.);
#7619=ORIENTED_EDGE('',*,*,#5876,.T.);
#7620=ORIENTED_EDGE('',*,*,#5877,.T.);
#7621=ORIENTED_EDGE('',*,*,#5878,.T.);
#7622=ORIENTED_EDGE('',*,*,#5879,.T.);
#7623=ORIENTED_EDGE('',*,*,#5880,.T.);
#7624=ORIENTED_EDGE('',*,*,#5881,.T.);
#7625=ORIENTED_EDGE('',*,*,#5882,.T.);
#7626=ORIENTED_EDGE('',*,*,#5883,.T.);
#7627=ORIENTED_EDGE('',*,*,#5884,.T.);
#7628=ORIENTED_EDGE('',*,*,#5885,.T.);
#7629=ORIENTED_EDGE('',*,*,#5886,.T.);
#7630=ORIENTED_EDGE('',*,*,#5887,.T.);
#7631=ORIENTED_EDGE('',*,*,#5888,.T.);
#7632=ORIENTED_EDGE('',*,*,#5889,.T.);
#7633=ORIENTED_EDGE('',*,*,#5890,.T.);
#7634=ORIENTED_EDGE('',*,*,#5891,.T.);
#7635=ORIENTED_EDGE('',*,*,#5892,.T.);
#7636=ORIENTED_EDGE('',*,*,#5893,.T.);
#7637=ORIENTED_EDGE('',*,*,#5894,.T.);
#7638=ORIENTED_EDGE('',*,*,#5895,.T.);
#7639=ORIENTED_EDGE('',*,*,#5896,.T.);
#7640=ORIENTED_EDGE('',*,*,#5897,.T.);
#7641=ORIENTED_EDGE('',*,*,#5898,.T.);
#7642=ORIENTED_EDGE('',*,*,#5899,.T.);
#7643=ORIENTED_EDGE('',*,*,#5900,.T.);
#7644=ORIENTED_EDGE('',*,*,#5901,.T.);
#7645=ORIENTED_EDGE('',*,*,#5902,.T.);
#7646=ORIENTED_EDGE('',*,*,#5903,.T.);
#7647=ORIENTED_EDGE('',*,*,#5904,.T.);
#7648=ORIENTED_EDGE('',*,*,#5905,.T.);
#7649=ORIENTED_EDGE('',*,*,#5906,.T.);
#7650=ORIENTED_EDGE('',*,*,#5907,.T.);
#7651=ORIENTED_EDGE('',*,*,#5908,.T.);
#7652=ORIENTED_EDGE('',*,*,#5909,.T.);
#7653=ORIENTED_EDGE('',*,*,#5910,.T.);
#7654=ORIENTED_EDGE('',*,*,#5911,.T.);
#7655=ORIENTED_EDGE('',*,*,#5912,.T.);
#7656=ORIENTED_EDGE('',*,*,#5913,.T.);
#7657=ORIENTED_EDGE('',*,*,#5914,.T.);
#7658=ORIENTED_EDGE('',*,*,#5915,.T.);
#7659=ORIENTED_EDGE('',*,*,#5916,.T.);
#7660=ORIENTED_EDGE('',*,*,#5917,.T.);
#7661=ORIENTED_EDGE('',*,*,#5918,.T.);
#7662=ORIENTED_EDGE('',*,*,#5919,.T.);
#7663=ORIENTED_EDGE('',*,*,#5920,.T.);
#7664=ORIENTED_EDGE('',*,*,#5921,.T.);
#7665=ORIENTED_EDGE('',*,*,#5922,.T.);
#7666=ORIENTED_EDGE('',*,*,#5923,.T.);
#7667=ORIENTED_EDGE('',*,*,#5924,.T.);
#7668=ORIENTED_EDGE('',*,*,#5925,.T.);
#7669=ORIENTED_EDGE('',*,*,#5926,.T.);
#7670=ORIENTED_EDGE('',*,*,#5927,.T.);
#7671=ORIENTED_EDGE('',*,*,#5928,.T.);
#7672=ORIENTED_EDGE('',*,*,#5929,.T.);
#7673=ORIENTED_EDGE('',*,*,#5930,.T.);
#7674=ORIENTED_EDGE('',*,*,#5931,.T.);
#7675=ORIENTED_EDGE('',*,*,#5932,.T.);
#7676=ORIENTED_EDGE('',*,*,#5933,.T.);
#7677=ORIENTED_EDGE('',*,*,#5934,.T.);
#7678=ORIENTED_EDGE('',*,*,#5935,.T.);
#7679=ORIENTED_EDGE('',*,*,#5936,.T.);
#7680=ORIENTED_EDGE('',*,*,#5937,.T.);
#7681=ORIENTED_EDGE('',*,*,#5938,.T.);
#7682=ORIENTED_EDGE('',*,*,#5939,.T.);
#7683=ORIENTED_EDGE('',*,*,#5940,.T.);
#7684=ORIENTED_EDGE('',*,*,#5941,.T.);
#7685=ORIENTED_EDGE('',*,*,#5942,.T.);
#7686=ORIENTED_EDGE('',*,*,#5943,.T.);
#7687=ORIENTED_EDGE('',*,*,#5944,.T.);
#7688=ORIENTED_EDGE('',*,*,#5945,.T.);
#7689=ORIENTED_EDGE('',*,*,#5946,.T.);
#7690=ORIENTED_EDGE('',*,*,#5947,.T.);
#7691=ORIENTED_EDGE('',*,*,#5948,.T.);
#7692=ORIENTED_EDGE('',*,*,#5949,.T.);
#7693=ORIENTED_EDGE('',*,*,#5950,.T.);
#7694=ORIENTED_EDGE('',*,*,#5951,.T.);
#7695=ORIENTED_EDGE('',*,*,#5952,.T.);
#7696=ORIENTED_EDGE('',*,*,#5953,.T.);
#7697=ORIENTED_EDGE('',*,*,#5954,.T.);
#7698=ORIENTED_EDGE('',*,*,#5955,.T.);
#7699=ORIENTED_EDGE('',*,*,#5956,.T.);
#7700=ORIENTED_EDGE('',*,*,#5957,.T.);
#7701=ORIENTED_EDGE('',*,*,#5958,.T.);
#7702=ORIENTED_EDGE('',*,*,#5959,.T.);
#7703=ORIENTED_EDGE('',*,*,#5960,.T.);
#7704=ORIENTED_EDGE('',*,*,#5961,.T.);
#7705=ORIENTED_EDGE('',*,*,#5962,.T.);
#7706=ORIENTED_EDGE('',*,*,#5963,.T.);
#7707=ORIENTED_EDGE('',*,*,#5964,.T.);
#7708=ORIENTED_EDGE('',*,*,#5965,.T.);
#7709=ORIENTED_EDGE('',*,*,#5966,.T.);
#7710=ORIENTED_EDGE('',*,*,#5967,.T.);
#7711=ORIENTED_EDGE('',*,*,#5968,.T.);
#7712=ORIENTED_EDGE('',*,*,#5969,.T.);
#7713=ORIENTED_EDGE('',*,*,#5970,.T.);
#7714=ORIENTED_EDGE('',*,*,#5971,.T.);
#7715=ORIENTED_EDGE('',*,*,#5972,.T.);
#7716=ORIENTED_EDGE('',*,*,#5973,.T.);
#7717=ORIENTED_EDGE('',*,*,#5974,.T.);
#7718=ORIENTED_EDGE('',*,*,#5975,.T.);
#7719=ORIENTED_EDGE('',*,*,#5976,.T.);
#7720=ORIENTED_EDGE('',*,*,#5977,.T.);
#7721=ORIENTED_EDGE('',*,*,#5978,.T.);
#7722=ORIENTED_EDGE('',*,*,#5979,.T.);
#7723=ORIENTED_EDGE('',*,*,#5980,.T.);
#7724=ORIENTED_EDGE('',*,*,#5981,.T.);
#7725=ORIENTED_EDGE('',*,*,#5982,.T.);
#7726=ORIENTED_EDGE('',*,*,#5983,.T.);
#7727=ORIENTED_EDGE('',*,*,#5984,.T.);
#7728=ORIENTED_EDGE('',*,*,#5985,.T.);
#7729=ORIENTED_EDGE('',*,*,#5984,.F.);
#7730=ORIENTED_EDGE('',*,*,#5588,.T.);
#7731=ORIENTED_EDGE('',*,*,#5603,.T.);
#7732=ORIENTED_EDGE('',*,*,#5986,.T.);
#7733=ORIENTED_EDGE('',*,*,#5987,.T.);
#7734=ORIENTED_EDGE('',*,*,#5988,.T.);
#7735=ORIENTED_EDGE('',*,*,#5989,.T.);
#7736=ORIENTED_EDGE('',*,*,#5990,.T.);
#7737=ORIENTED_EDGE('',*,*,#5991,.T.);
#7738=ORIENTED_EDGE('',*,*,#5992,.T.);
#7739=ORIENTED_EDGE('',*,*,#5993,.T.);
#7740=ORIENTED_EDGE('',*,*,#5994,.T.);
#7741=ORIENTED_EDGE('',*,*,#5995,.T.);
#7742=ORIENTED_EDGE('',*,*,#5996,.T.);
#7743=ORIENTED_EDGE('',*,*,#5997,.T.);
#7744=ORIENTED_EDGE('',*,*,#5998,.T.);
#7745=ORIENTED_EDGE('',*,*,#5999,.T.);
#7746=ORIENTED_EDGE('',*,*,#6000,.T.);
#7747=ORIENTED_EDGE('',*,*,#6001,.T.);
#7748=ORIENTED_EDGE('',*,*,#6002,.F.);
#7749=ORIENTED_EDGE('',*,*,#6003,.T.);
#7750=ORIENTED_EDGE('',*,*,#6004,.T.);
#7751=ORIENTED_EDGE('',*,*,#6005,.T.);
#7752=ORIENTED_EDGE('',*,*,#6006,.T.);
#7753=ORIENTED_EDGE('',*,*,#6007,.T.);
#7754=ORIENTED_EDGE('',*,*,#6008,.T.);
#7755=ORIENTED_EDGE('',*,*,#6009,.T.);
#7756=ORIENTED_EDGE('',*,*,#6010,.T.);
#7757=ORIENTED_EDGE('',*,*,#6011,.T.);
#7758=ORIENTED_EDGE('',*,*,#6012,.F.);
#7759=ORIENTED_EDGE('',*,*,#6013,.T.);
#7760=ORIENTED_EDGE('',*,*,#6014,.T.);
#7761=ORIENTED_EDGE('',*,*,#6015,.T.);
#7762=ORIENTED_EDGE('',*,*,#6016,.T.);
#7763=ORIENTED_EDGE('',*,*,#6017,.T.);
#7764=ORIENTED_EDGE('',*,*,#5598,.T.);
#7765=ORIENTED_EDGE('',*,*,#5592,.T.);
#7766=ORIENTED_EDGE('',*,*,#5596,.T.);
#7767=ORIENTED_EDGE('',*,*,#6018,.F.);
#7768=ORIENTED_EDGE('',*,*,#6019,.T.);
#7769=ORIENTED_EDGE('',*,*,#6020,.T.);
#7770=ORIENTED_EDGE('',*,*,#6021,.T.);
#7771=ORIENTED_EDGE('',*,*,#6022,.T.);
#7772=ORIENTED_EDGE('',*,*,#6023,.T.);
#7773=ORIENTED_EDGE('',*,*,#6024,.T.);
#7774=ORIENTED_EDGE('',*,*,#6025,.T.);
#7775=ORIENTED_EDGE('',*,*,#6026,.T.);
#7776=ORIENTED_EDGE('',*,*,#6027,.T.);
#7777=ORIENTED_EDGE('',*,*,#6028,.T.);
#7778=ORIENTED_EDGE('',*,*,#6029,.T.);
#7779=ORIENTED_EDGE('',*,*,#6030,.T.);
#7780=ORIENTED_EDGE('',*,*,#6031,.T.);
#7781=ORIENTED_EDGE('',*,*,#6032,.T.);
#7782=ORIENTED_EDGE('',*,*,#6033,.T.);
#7783=ORIENTED_EDGE('',*,*,#6034,.T.);
#7784=ORIENTED_EDGE('',*,*,#6035,.T.);
#7785=ORIENTED_EDGE('',*,*,#6036,.T.);
#7786=ORIENTED_EDGE('',*,*,#6037,.T.);
#7787=ORIENTED_EDGE('',*,*,#6038,.T.);
#7788=ORIENTED_EDGE('',*,*,#6039,.T.);
#7789=ORIENTED_EDGE('',*,*,#6040,.T.);
#7790=ORIENTED_EDGE('',*,*,#6041,.T.);
#7791=ORIENTED_EDGE('',*,*,#6042,.T.);
#7792=ORIENTED_EDGE('',*,*,#6043,.T.);
#7793=ORIENTED_EDGE('',*,*,#6044,.T.);
#7794=ORIENTED_EDGE('',*,*,#6045,.T.);
#7795=ORIENTED_EDGE('',*,*,#6046,.T.);
#7796=ORIENTED_EDGE('',*,*,#6047,.T.);
#7797=ORIENTED_EDGE('',*,*,#6048,.T.);
#7798=ORIENTED_EDGE('',*,*,#6049,.T.);
#7799=ORIENTED_EDGE('',*,*,#6050,.T.);
#7800=ORIENTED_EDGE('',*,*,#6051,.T.);
#7801=ORIENTED_EDGE('',*,*,#6052,.T.);
#7802=ORIENTED_EDGE('',*,*,#6053,.T.);
#7803=ORIENTED_EDGE('',*,*,#6054,.T.);
#7804=ORIENTED_EDGE('',*,*,#6055,.T.);
#7805=ORIENTED_EDGE('',*,*,#6056,.T.);
#7806=ORIENTED_EDGE('',*,*,#6057,.T.);
#7807=ORIENTED_EDGE('',*,*,#6058,.T.);
#7808=ORIENTED_EDGE('',*,*,#6059,.T.);
#7809=ORIENTED_EDGE('',*,*,#6060,.T.);
#7810=ORIENTED_EDGE('',*,*,#6061,.T.);
#7811=ORIENTED_EDGE('',*,*,#6062,.T.);
#7812=ORIENTED_EDGE('',*,*,#6063,.T.);
#7813=ORIENTED_EDGE('',*,*,#6064,.T.);
#7814=ORIENTED_EDGE('',*,*,#6065,.T.);
#7815=ORIENTED_EDGE('',*,*,#6066,.T.);
#7816=ORIENTED_EDGE('',*,*,#6067,.T.);
#7817=ORIENTED_EDGE('',*,*,#6068,.T.);
#7818=ORIENTED_EDGE('',*,*,#6069,.T.);
#7819=ORIENTED_EDGE('',*,*,#6070,.T.);
#7820=ORIENTED_EDGE('',*,*,#6071,.T.);
#7821=ORIENTED_EDGE('',*,*,#6072,.T.);
#7822=ORIENTED_EDGE('',*,*,#6073,.T.);
#7823=ORIENTED_EDGE('',*,*,#6074,.T.);
#7824=ORIENTED_EDGE('',*,*,#6075,.T.);
#7825=ORIENTED_EDGE('',*,*,#6076,.T.);
#7826=ORIENTED_EDGE('',*,*,#6077,.T.);
#7827=ORIENTED_EDGE('',*,*,#6078,.T.);
#7828=ORIENTED_EDGE('',*,*,#6079,.T.);
#7829=ORIENTED_EDGE('',*,*,#6080,.T.);
#7830=ORIENTED_EDGE('',*,*,#6081,.T.);
#7831=ORIENTED_EDGE('',*,*,#6082,.T.);
#7832=ORIENTED_EDGE('',*,*,#6083,.T.);
#7833=ORIENTED_EDGE('',*,*,#6084,.T.);
#7834=ORIENTED_EDGE('',*,*,#6085,.T.);
#7835=ORIENTED_EDGE('',*,*,#6086,.T.);
#7836=ORIENTED_EDGE('',*,*,#6087,.T.);
#7837=ORIENTED_EDGE('',*,*,#6088,.T.);
#7838=ORIENTED_EDGE('',*,*,#6089,.T.);
#7839=ORIENTED_EDGE('',*,*,#6090,.T.);
#7840=ORIENTED_EDGE('',*,*,#6091,.T.);
#7841=ORIENTED_EDGE('',*,*,#6092,.T.);
#7842=ORIENTED_EDGE('',*,*,#6093,.T.);
#7843=ORIENTED_EDGE('',*,*,#6094,.T.);
#7844=ORIENTED_EDGE('',*,*,#6095,.T.);
#7845=ORIENTED_EDGE('',*,*,#6096,.T.);
#7846=ORIENTED_EDGE('',*,*,#6097,.T.);
#7847=ORIENTED_EDGE('',*,*,#6098,.T.);
#7848=ORIENTED_EDGE('',*,*,#6099,.T.);
#7849=ORIENTED_EDGE('',*,*,#6100,.T.);
#7850=ORIENTED_EDGE('',*,*,#6101,.T.);
#7851=ORIENTED_EDGE('',*,*,#6102,.T.);
#7852=ORIENTED_EDGE('',*,*,#6103,.T.);
#7853=ORIENTED_EDGE('',*,*,#6104,.T.);
#7854=ORIENTED_EDGE('',*,*,#6105,.T.);
#7855=ORIENTED_EDGE('',*,*,#6106,.T.);
#7856=ORIENTED_EDGE('',*,*,#6107,.T.);
#7857=ORIENTED_EDGE('',*,*,#6108,.T.);
#7858=ORIENTED_EDGE('',*,*,#6109,.T.);
#7859=ORIENTED_EDGE('',*,*,#6110,.T.);
#7860=ORIENTED_EDGE('',*,*,#6111,.T.);
#7861=ORIENTED_EDGE('',*,*,#6112,.T.);
#7862=ORIENTED_EDGE('',*,*,#6113,.T.);
#7863=ORIENTED_EDGE('',*,*,#6114,.T.);
#7864=ORIENTED_EDGE('',*,*,#6115,.T.);
#7865=ORIENTED_EDGE('',*,*,#6116,.T.);
#7866=ORIENTED_EDGE('',*,*,#6117,.T.);
#7867=ORIENTED_EDGE('',*,*,#6118,.T.);
#7868=ORIENTED_EDGE('',*,*,#6119,.T.);
#7869=ORIENTED_EDGE('',*,*,#6120,.T.);
#7870=ORIENTED_EDGE('',*,*,#6121,.T.);
#7871=ORIENTED_EDGE('',*,*,#6122,.T.);
#7872=ORIENTED_EDGE('',*,*,#6123,.T.);
#7873=ORIENTED_EDGE('',*,*,#6124,.T.);
#7874=ORIENTED_EDGE('',*,*,#6125,.T.);
#7875=ORIENTED_EDGE('',*,*,#6126,.T.);
#7876=ORIENTED_EDGE('',*,*,#6127,.T.);
#7877=ORIENTED_EDGE('',*,*,#6128,.T.);
#7878=ORIENTED_EDGE('',*,*,#6129,.T.);
#7879=ORIENTED_EDGE('',*,*,#6130,.T.);
#7880=ORIENTED_EDGE('',*,*,#6131,.T.);
#7881=ORIENTED_EDGE('',*,*,#6132,.T.);
#7882=ORIENTED_EDGE('',*,*,#6133,.T.);
#7883=ORIENTED_EDGE('',*,*,#6134,.T.);
#7884=ORIENTED_EDGE('',*,*,#6135,.T.);
#7885=ORIENTED_EDGE('',*,*,#6136,.T.);
#7886=ORIENTED_EDGE('',*,*,#6137,.T.);
#7887=ORIENTED_EDGE('',*,*,#6138,.T.);
#7888=ORIENTED_EDGE('',*,*,#6139,.T.);
#7889=ORIENTED_EDGE('',*,*,#6140,.T.);
#7890=ORIENTED_EDGE('',*,*,#6141,.T.);
#7891=ORIENTED_EDGE('',*,*,#6142,.T.);
#7892=ORIENTED_EDGE('',*,*,#6143,.T.);
#7893=ORIENTED_EDGE('',*,*,#6144,.T.);
#7894=ORIENTED_EDGE('',*,*,#6145,.T.);
#7895=ORIENTED_EDGE('',*,*,#6146,.T.);
#7896=ORIENTED_EDGE('',*,*,#5985,.F.);
#7897=ORIENTED_EDGE('',*,*,#6147,.F.);
#7898=ORIENTED_EDGE('',*,*,#6148,.T.);
#7899=ORIENTED_EDGE('',*,*,#5983,.F.);
#7900=ORIENTED_EDGE('',*,*,#6148,.F.);
#7901=ORIENTED_EDGE('',*,*,#6149,.T.);
#7902=ORIENTED_EDGE('',*,*,#6150,.T.);
#7903=ORIENTED_EDGE('',*,*,#6018,.T.);
#7904=ORIENTED_EDGE('',*,*,#6150,.F.);
#7905=ORIENTED_EDGE('',*,*,#6151,.F.);
#7906=ORIENTED_EDGE('',*,*,#6152,.T.);
#7907=ORIENTED_EDGE('',*,*,#6149,.F.);
#7908=ORIENTED_EDGE('',*,*,#6152,.F.);
#7909=ORIENTED_EDGE('',*,*,#6153,.F.);
#7910=ORIENTED_EDGE('',*,*,#6002,.T.);
#7911=ORIENTED_EDGE('',*,*,#6154,.T.);
#7912=ORIENTED_EDGE('',*,*,#6155,.T.);
#7913=ORIENTED_EDGE('',*,*,#6156,.T.);
#7914=ORIENTED_EDGE('',*,*,#6012,.T.);
#7915=ORIENTED_EDGE('',*,*,#6155,.F.);
#7916=ORIENTED_EDGE('',*,*,#6157,.T.);
#7917=ORIENTED_EDGE('',*,*,#6158,.F.);
#7918=ORIENTED_EDGE('',*,*,#6159,.F.);
#7919=ORIENTED_EDGE('',*,*,#6160,.F.);
#7920=ORIENTED_EDGE('',*,*,#6161,.T.);
#7921=ORIENTED_EDGE('',*,*,#6162,.F.);
#7922=ORIENTED_EDGE('',*,*,#6161,.F.);
#7923=ORIENTED_EDGE('',*,*,#6147,.T.);
#7924=ORIENTED_EDGE('',*,*,#6160,.T.);
#7925=ORIENTED_EDGE('',*,*,#6163,.F.);
#7926=ORIENTED_EDGE('',*,*,#6164,.T.);
#7927=ORIENTED_EDGE('',*,*,#6165,.F.);
#7928=ORIENTED_EDGE('',*,*,#6164,.F.);
#7929=ORIENTED_EDGE('',*,*,#6151,.T.);
#7930=ORIENTED_EDGE('',*,*,#6163,.T.);
#7931=ORIENTED_EDGE('',*,*,#6162,.T.);
#7932=ORIENTED_EDGE('',*,*,#6166,.T.);
#7933=ORIENTED_EDGE('',*,*,#6167,.F.);
#7934=ORIENTED_EDGE('',*,*,#6168,.T.);
#7935=ORIENTED_EDGE('',*,*,#6169,.F.);
#7936=ORIENTED_EDGE('',*,*,#6170,.F.);
#7937=ORIENTED_EDGE('',*,*,#6169,.T.);
#7938=ORIENTED_EDGE('',*,*,#6171,.T.);
#7939=ORIENTED_EDGE('',*,*,#6158,.T.);
#7940=ORIENTED_EDGE('',*,*,#6172,.T.);
#7941=ORIENTED_EDGE('',*,*,#6167,.T.);
#7942=ORIENTED_EDGE('',*,*,#6173,.T.);
#7943=ORIENTED_EDGE('',*,*,#6174,.T.);
#7944=ORIENTED_EDGE('',*,*,#6175,.F.);
#7945=ORIENTED_EDGE('',*,*,#6176,.T.);
#7946=ORIENTED_EDGE('',*,*,#6177,.T.);
#7947=ORIENTED_EDGE('',*,*,#6178,.F.);
#7948=ORIENTED_EDGE('',*,*,#6179,.F.);
#7949=ORIENTED_EDGE('',*,*,#6180,.T.);
#7950=ORIENTED_EDGE('',*,*,#6181,.T.);
#7951=ORIENTED_EDGE('',*,*,#6176,.F.);
#7952=ORIENTED_EDGE('',*,*,#6182,.F.);
#7953=ORIENTED_EDGE('',*,*,#6183,.T.);
#7954=ORIENTED_EDGE('',*,*,#6184,.T.);
#7955=ORIENTED_EDGE('',*,*,#6180,.F.);
#7956=ORIENTED_EDGE('',*,*,#6185,.F.);
#7957=ORIENTED_EDGE('',*,*,#6186,.T.);
#7958=ORIENTED_EDGE('',*,*,#6187,.T.);
#7959=ORIENTED_EDGE('',*,*,#6183,.F.);
#7960=ORIENTED_EDGE('',*,*,#6188,.F.);
#7961=ORIENTED_EDGE('',*,*,#6189,.T.);
#7962=ORIENTED_EDGE('',*,*,#6190,.T.);
#7963=ORIENTED_EDGE('',*,*,#6186,.F.);
#7964=ORIENTED_EDGE('',*,*,#6191,.F.);
#7965=ORIENTED_EDGE('',*,*,#6178,.T.);
#7966=ORIENTED_EDGE('',*,*,#6192,.T.);
#7967=ORIENTED_EDGE('',*,*,#6189,.F.);
#7968=ORIENTED_EDGE('',*,*,#5971,.F.);
#7969=ORIENTED_EDGE('',*,*,#6193,.T.);
#7970=ORIENTED_EDGE('',*,*,#6194,.T.);
#7971=ORIENTED_EDGE('',*,*,#6195,.F.);
#7972=ORIENTED_EDGE('',*,*,#5982,.F.);
#7973=ORIENTED_EDGE('',*,*,#6196,.T.);
#7974=ORIENTED_EDGE('',*,*,#6197,.T.);
#7975=ORIENTED_EDGE('',*,*,#6193,.F.);
#7976=ORIENTED_EDGE('',*,*,#5981,.F.);
#7977=ORIENTED_EDGE('',*,*,#6198,.T.);
#7978=ORIENTED_EDGE('',*,*,#6199,.T.);
#7979=ORIENTED_EDGE('',*,*,#6196,.F.);
#7980=ORIENTED_EDGE('',*,*,#5980,.F.);
#7981=ORIENTED_EDGE('',*,*,#6200,.T.);
#7982=ORIENTED_EDGE('',*,*,#6201,.T.);
#7983=ORIENTED_EDGE('',*,*,#6198,.F.);
#7984=ORIENTED_EDGE('',*,*,#5979,.F.);
#7985=ORIENTED_EDGE('',*,*,#6202,.T.);
#7986=ORIENTED_EDGE('',*,*,#6203,.T.);
#7987=ORIENTED_EDGE('',*,*,#6200,.F.);
#7988=ORIENTED_EDGE('',*,*,#5978,.F.);
#7989=ORIENTED_EDGE('',*,*,#6204,.T.);
#7990=ORIENTED_EDGE('',*,*,#6205,.T.);
#7991=ORIENTED_EDGE('',*,*,#6202,.F.);
#7992=ORIENTED_EDGE('',*,*,#5977,.F.);
#7993=ORIENTED_EDGE('',*,*,#6206,.T.);
#7994=ORIENTED_EDGE('',*,*,#6207,.T.);
#7995=ORIENTED_EDGE('',*,*,#6204,.F.);
#7996=ORIENTED_EDGE('',*,*,#5976,.F.);
#7997=ORIENTED_EDGE('',*,*,#6208,.T.);
#7998=ORIENTED_EDGE('',*,*,#6209,.T.);
#7999=ORIENTED_EDGE('',*,*,#6206,.F.);
#8000=ORIENTED_EDGE('',*,*,#5975,.F.);
#8001=ORIENTED_EDGE('',*,*,#6210,.T.);
#8002=ORIENTED_EDGE('',*,*,#6211,.T.);
#8003=ORIENTED_EDGE('',*,*,#6208,.F.);
#8004=ORIENTED_EDGE('',*,*,#5974,.F.);
#8005=ORIENTED_EDGE('',*,*,#6212,.T.);
#8006=ORIENTED_EDGE('',*,*,#6213,.T.);
#8007=ORIENTED_EDGE('',*,*,#6210,.F.);
#8008=ORIENTED_EDGE('',*,*,#5973,.F.);
#8009=ORIENTED_EDGE('',*,*,#6214,.T.);
#8010=ORIENTED_EDGE('',*,*,#6215,.T.);
#8011=ORIENTED_EDGE('',*,*,#6212,.F.);
#8012=ORIENTED_EDGE('',*,*,#5972,.F.);
#8013=ORIENTED_EDGE('',*,*,#6195,.T.);
#8014=ORIENTED_EDGE('',*,*,#6216,.T.);
#8015=ORIENTED_EDGE('',*,*,#6214,.F.);
#8016=ORIENTED_EDGE('',*,*,#6216,.F.);
#8017=ORIENTED_EDGE('',*,*,#6194,.F.);
#8018=ORIENTED_EDGE('',*,*,#6197,.F.);
#8019=ORIENTED_EDGE('',*,*,#6199,.F.);
#8020=ORIENTED_EDGE('',*,*,#6201,.F.);
#8021=ORIENTED_EDGE('',*,*,#6203,.F.);
#8022=ORIENTED_EDGE('',*,*,#6205,.F.);
#8023=ORIENTED_EDGE('',*,*,#6207,.F.);
#8024=ORIENTED_EDGE('',*,*,#6209,.F.);
#8025=ORIENTED_EDGE('',*,*,#6211,.F.);
#8026=ORIENTED_EDGE('',*,*,#6213,.F.);
#8027=ORIENTED_EDGE('',*,*,#6215,.F.);
#8028=ORIENTED_EDGE('',*,*,#6192,.F.);
#8029=ORIENTED_EDGE('',*,*,#6177,.F.);
#8030=ORIENTED_EDGE('',*,*,#6181,.F.);
#8031=ORIENTED_EDGE('',*,*,#6184,.F.);
#8032=ORIENTED_EDGE('',*,*,#6187,.F.);
#8033=ORIENTED_EDGE('',*,*,#6190,.F.);
#8034=ORIENTED_EDGE('',*,*,#5950,.F.);
#8035=ORIENTED_EDGE('',*,*,#6217,.T.);
#8036=ORIENTED_EDGE('',*,*,#6218,.T.);
#8037=ORIENTED_EDGE('',*,*,#6219,.F.);
#8038=ORIENTED_EDGE('',*,*,#5970,.F.);
#8039=ORIENTED_EDGE('',*,*,#6220,.T.);
#8040=ORIENTED_EDGE('',*,*,#6221,.T.);
#8041=ORIENTED_EDGE('',*,*,#6217,.F.);
#8042=ORIENTED_EDGE('',*,*,#5969,.F.);
#8043=ORIENTED_EDGE('',*,*,#6222,.T.);
#8044=ORIENTED_EDGE('',*,*,#6223,.T.);
#8045=ORIENTED_EDGE('',*,*,#6220,.F.);
#8046=ORIENTED_EDGE('',*,*,#5968,.F.);
#8047=ORIENTED_EDGE('',*,*,#6224,.T.);
#8048=ORIENTED_EDGE('',*,*,#6225,.T.);
#8049=ORIENTED_EDGE('',*,*,#6222,.F.);
#8050=ORIENTED_EDGE('',*,*,#5967,.F.);
#8051=ORIENTED_EDGE('',*,*,#6226,.T.);
#8052=ORIENTED_EDGE('',*,*,#6227,.T.);
#8053=ORIENTED_EDGE('',*,*,#6224,.F.);
#8054=ORIENTED_EDGE('',*,*,#5966,.F.);
#8055=ORIENTED_EDGE('',*,*,#6228,.T.);
#8056=ORIENTED_EDGE('',*,*,#6229,.T.);
#8057=ORIENTED_EDGE('',*,*,#6226,.F.);
#8058=ORIENTED_EDGE('',*,*,#5965,.F.);
#8059=ORIENTED_EDGE('',*,*,#6230,.T.);
#8060=ORIENTED_EDGE('',*,*,#6231,.T.);
#8061=ORIENTED_EDGE('',*,*,#6228,.F.);
#8062=ORIENTED_EDGE('',*,*,#5964,.F.);
#8063=ORIENTED_EDGE('',*,*,#6232,.T.);
#8064=ORIENTED_EDGE('',*,*,#6233,.T.);
#8065=ORIENTED_EDGE('',*,*,#6230,.F.);
#8066=ORIENTED_EDGE('',*,*,#5963,.F.);
#8067=ORIENTED_EDGE('',*,*,#6234,.T.);
#8068=ORIENTED_EDGE('',*,*,#6235,.T.);
#8069=ORIENTED_EDGE('',*,*,#6232,.F.);
#8070=ORIENTED_EDGE('',*,*,#5962,.F.);
#8071=ORIENTED_EDGE('',*,*,#6236,.T.);
#8072=ORIENTED_EDGE('',*,*,#6237,.T.);
#8073=ORIENTED_EDGE('',*,*,#6234,.F.);
#8074=ORIENTED_EDGE('',*,*,#5961,.F.);
#8075=ORIENTED_EDGE('',*,*,#6238,.T.);
#8076=ORIENTED_EDGE('',*,*,#6239,.T.);
#8077=ORIENTED_EDGE('',*,*,#6236,.F.);
#8078=ORIENTED_EDGE('',*,*,#5960,.F.);
#8079=ORIENTED_EDGE('',*,*,#6240,.T.);
#8080=ORIENTED_EDGE('',*,*,#6241,.T.);
#8081=ORIENTED_EDGE('',*,*,#6238,.F.);
#8082=ORIENTED_EDGE('',*,*,#5959,.F.);
#8083=ORIENTED_EDGE('',*,*,#6242,.T.);
#8084=ORIENTED_EDGE('',*,*,#6243,.T.);
#8085=ORIENTED_EDGE('',*,*,#6240,.F.);
#8086=ORIENTED_EDGE('',*,*,#5958,.F.);
#8087=ORIENTED_EDGE('',*,*,#6244,.T.);
#8088=ORIENTED_EDGE('',*,*,#6245,.T.);
#8089=ORIENTED_EDGE('',*,*,#6242,.F.);
#8090=ORIENTED_EDGE('',*,*,#5957,.F.);
#8091=ORIENTED_EDGE('',*,*,#6246,.T.);
#8092=ORIENTED_EDGE('',*,*,#6247,.T.);
#8093=ORIENTED_EDGE('',*,*,#6244,.F.);
#8094=ORIENTED_EDGE('',*,*,#5956,.F.);
#8095=ORIENTED_EDGE('',*,*,#6248,.T.);
#8096=ORIENTED_EDGE('',*,*,#6249,.T.);
#8097=ORIENTED_EDGE('',*,*,#6246,.F.);
#8098=ORIENTED_EDGE('',*,*,#5955,.F.);
#8099=ORIENTED_EDGE('',*,*,#6250,.T.);
#8100=ORIENTED_EDGE('',*,*,#6251,.T.);
#8101=ORIENTED_EDGE('',*,*,#6248,.F.);
#8102=ORIENTED_EDGE('',*,*,#5954,.F.);
#8103=ORIENTED_EDGE('',*,*,#6252,.T.);
#8104=ORIENTED_EDGE('',*,*,#6253,.T.);
#8105=ORIENTED_EDGE('',*,*,#6250,.F.);
#8106=ORIENTED_EDGE('',*,*,#5953,.F.);
#8107=ORIENTED_EDGE('',*,*,#6254,.T.);
#8108=ORIENTED_EDGE('',*,*,#6255,.T.);
#8109=ORIENTED_EDGE('',*,*,#6252,.F.);
#8110=ORIENTED_EDGE('',*,*,#5952,.F.);
#8111=ORIENTED_EDGE('',*,*,#6256,.T.);
#8112=ORIENTED_EDGE('',*,*,#6257,.T.);
#8113=ORIENTED_EDGE('',*,*,#6254,.F.);
#8114=ORIENTED_EDGE('',*,*,#5951,.F.);
#8115=ORIENTED_EDGE('',*,*,#6219,.T.);
#8116=ORIENTED_EDGE('',*,*,#6258,.T.);
#8117=ORIENTED_EDGE('',*,*,#6256,.F.);
#8118=ORIENTED_EDGE('',*,*,#6258,.F.);
#8119=ORIENTED_EDGE('',*,*,#6218,.F.);
#8120=ORIENTED_EDGE('',*,*,#6221,.F.);
#8121=ORIENTED_EDGE('',*,*,#6223,.F.);
#8122=ORIENTED_EDGE('',*,*,#6225,.F.);
#8123=ORIENTED_EDGE('',*,*,#6227,.F.);
#8124=ORIENTED_EDGE('',*,*,#6229,.F.);
#8125=ORIENTED_EDGE('',*,*,#6231,.F.);
#8126=ORIENTED_EDGE('',*,*,#6233,.F.);
#8127=ORIENTED_EDGE('',*,*,#6235,.F.);
#8128=ORIENTED_EDGE('',*,*,#6237,.F.);
#8129=ORIENTED_EDGE('',*,*,#6239,.F.);
#8130=ORIENTED_EDGE('',*,*,#6241,.F.);
#8131=ORIENTED_EDGE('',*,*,#6243,.F.);
#8132=ORIENTED_EDGE('',*,*,#6245,.F.);
#8133=ORIENTED_EDGE('',*,*,#6247,.F.);
#8134=ORIENTED_EDGE('',*,*,#6249,.F.);
#8135=ORIENTED_EDGE('',*,*,#6251,.F.);
#8136=ORIENTED_EDGE('',*,*,#6253,.F.);
#8137=ORIENTED_EDGE('',*,*,#6255,.F.);
#8138=ORIENTED_EDGE('',*,*,#6257,.F.);
#8139=ORIENTED_EDGE('',*,*,#6259,.F.);
#8140=ORIENTED_EDGE('',*,*,#6260,.T.);
#8141=ORIENTED_EDGE('',*,*,#6261,.T.);
#8142=ORIENTED_EDGE('',*,*,#6262,.F.);
#8143=ORIENTED_EDGE('',*,*,#6263,.F.);
#8144=ORIENTED_EDGE('',*,*,#6264,.T.);
#8145=ORIENTED_EDGE('',*,*,#6265,.T.);
#8146=ORIENTED_EDGE('',*,*,#6260,.F.);
#8147=ORIENTED_EDGE('',*,*,#6266,.F.);
#8148=ORIENTED_EDGE('',*,*,#6267,.T.);
#8149=ORIENTED_EDGE('',*,*,#6268,.T.);
#8150=ORIENTED_EDGE('',*,*,#6264,.F.);
#8151=ORIENTED_EDGE('',*,*,#6269,.F.);
#8152=ORIENTED_EDGE('',*,*,#6270,.T.);
#8153=ORIENTED_EDGE('',*,*,#6271,.T.);
#8154=ORIENTED_EDGE('',*,*,#6267,.F.);
#8155=ORIENTED_EDGE('',*,*,#6272,.F.);
#8156=ORIENTED_EDGE('',*,*,#6262,.T.);
#8157=ORIENTED_EDGE('',*,*,#6273,.T.);
#8158=ORIENTED_EDGE('',*,*,#6270,.F.);
#8159=ORIENTED_EDGE('',*,*,#5937,.F.);
#8160=ORIENTED_EDGE('',*,*,#6274,.T.);
#8161=ORIENTED_EDGE('',*,*,#6275,.T.);
#8162=ORIENTED_EDGE('',*,*,#6276,.F.);
#8163=ORIENTED_EDGE('',*,*,#5949,.F.);
#8164=ORIENTED_EDGE('',*,*,#6277,.T.);
#8165=ORIENTED_EDGE('',*,*,#6278,.T.);
#8166=ORIENTED_EDGE('',*,*,#6274,.F.);
#8167=ORIENTED_EDGE('',*,*,#5948,.F.);
#8168=ORIENTED_EDGE('',*,*,#6279,.T.);
#8169=ORIENTED_EDGE('',*,*,#6280,.T.);
#8170=ORIENTED_EDGE('',*,*,#6277,.F.);
#8171=ORIENTED_EDGE('',*,*,#5947,.F.);
#8172=ORIENTED_EDGE('',*,*,#6281,.T.);
#8173=ORIENTED_EDGE('',*,*,#6282,.T.);
#8174=ORIENTED_EDGE('',*,*,#6279,.F.);
#8175=ORIENTED_EDGE('',*,*,#5946,.F.);
#8176=ORIENTED_EDGE('',*,*,#6283,.T.);
#8177=ORIENTED_EDGE('',*,*,#6284,.T.);
#8178=ORIENTED_EDGE('',*,*,#6281,.F.);
#8179=ORIENTED_EDGE('',*,*,#5945,.F.);
#8180=ORIENTED_EDGE('',*,*,#6285,.T.);
#8181=ORIENTED_EDGE('',*,*,#6286,.T.);
#8182=ORIENTED_EDGE('',*,*,#6283,.F.);
#8183=ORIENTED_EDGE('',*,*,#5944,.F.);
#8184=ORIENTED_EDGE('',*,*,#6287,.T.);
#8185=ORIENTED_EDGE('',*,*,#6288,.T.);
#8186=ORIENTED_EDGE('',*,*,#6285,.F.);
#8187=ORIENTED_EDGE('',*,*,#5943,.F.);
#8188=ORIENTED_EDGE('',*,*,#6289,.T.);
#8189=ORIENTED_EDGE('',*,*,#6290,.T.);
#8190=ORIENTED_EDGE('',*,*,#6287,.F.);
#8191=ORIENTED_EDGE('',*,*,#5942,.F.);
#8192=ORIENTED_EDGE('',*,*,#6291,.T.);
#8193=ORIENTED_EDGE('',*,*,#6292,.T.);
#8194=ORIENTED_EDGE('',*,*,#6289,.F.);
#8195=ORIENTED_EDGE('',*,*,#5941,.F.);
#8196=ORIENTED_EDGE('',*,*,#6293,.T.);
#8197=ORIENTED_EDGE('',*,*,#6294,.T.);
#8198=ORIENTED_EDGE('',*,*,#6291,.F.);
#8199=ORIENTED_EDGE('',*,*,#5940,.F.);
#8200=ORIENTED_EDGE('',*,*,#6295,.T.);
#8201=ORIENTED_EDGE('',*,*,#6296,.T.);
#8202=ORIENTED_EDGE('',*,*,#6293,.F.);
#8203=ORIENTED_EDGE('',*,*,#5939,.F.);
#8204=ORIENTED_EDGE('',*,*,#6297,.T.);
#8205=ORIENTED_EDGE('',*,*,#6298,.T.);
#8206=ORIENTED_EDGE('',*,*,#6295,.F.);
#8207=ORIENTED_EDGE('',*,*,#5938,.F.);
#8208=ORIENTED_EDGE('',*,*,#6276,.T.);
#8209=ORIENTED_EDGE('',*,*,#6299,.T.);
#8210=ORIENTED_EDGE('',*,*,#6297,.F.);
#8211=ORIENTED_EDGE('',*,*,#6299,.F.);
#8212=ORIENTED_EDGE('',*,*,#6275,.F.);
#8213=ORIENTED_EDGE('',*,*,#6278,.F.);
#8214=ORIENTED_EDGE('',*,*,#6280,.F.);
#8215=ORIENTED_EDGE('',*,*,#6282,.F.);
#8216=ORIENTED_EDGE('',*,*,#6284,.F.);
#8217=ORIENTED_EDGE('',*,*,#6286,.F.);
#8218=ORIENTED_EDGE('',*,*,#6288,.F.);
#8219=ORIENTED_EDGE('',*,*,#6290,.F.);
#8220=ORIENTED_EDGE('',*,*,#6292,.F.);
#8221=ORIENTED_EDGE('',*,*,#6294,.F.);
#8222=ORIENTED_EDGE('',*,*,#6296,.F.);
#8223=ORIENTED_EDGE('',*,*,#6298,.F.);
#8224=ORIENTED_EDGE('',*,*,#6273,.F.);
#8225=ORIENTED_EDGE('',*,*,#6261,.F.);
#8226=ORIENTED_EDGE('',*,*,#6265,.F.);
#8227=ORIENTED_EDGE('',*,*,#6268,.F.);
#8228=ORIENTED_EDGE('',*,*,#6271,.F.);
#8229=ORIENTED_EDGE('',*,*,#6300,.F.);
#8230=ORIENTED_EDGE('',*,*,#6301,.T.);
#8231=ORIENTED_EDGE('',*,*,#6302,.T.);
#8232=ORIENTED_EDGE('',*,*,#6303,.F.);
#8233=ORIENTED_EDGE('',*,*,#6304,.F.);
#8234=ORIENTED_EDGE('',*,*,#6305,.T.);
#8235=ORIENTED_EDGE('',*,*,#6306,.T.);
#8236=ORIENTED_EDGE('',*,*,#6301,.F.);
#8237=ORIENTED_EDGE('',*,*,#6307,.F.);
#8238=ORIENTED_EDGE('',*,*,#6308,.T.);
#8239=ORIENTED_EDGE('',*,*,#6309,.T.);
#8240=ORIENTED_EDGE('',*,*,#6305,.F.);
#8241=ORIENTED_EDGE('',*,*,#6310,.F.);
#8242=ORIENTED_EDGE('',*,*,#6311,.T.);
#8243=ORIENTED_EDGE('',*,*,#6312,.T.);
#8244=ORIENTED_EDGE('',*,*,#6308,.F.);
#8245=ORIENTED_EDGE('',*,*,#6313,.F.);
#8246=ORIENTED_EDGE('',*,*,#6303,.T.);
#8247=ORIENTED_EDGE('',*,*,#6314,.T.);
#8248=ORIENTED_EDGE('',*,*,#6311,.F.);
#8249=ORIENTED_EDGE('',*,*,#5924,.F.);
#8250=ORIENTED_EDGE('',*,*,#6315,.T.);
#8251=ORIENTED_EDGE('',*,*,#6316,.T.);
#8252=ORIENTED_EDGE('',*,*,#6317,.F.);
#8253=ORIENTED_EDGE('',*,*,#5936,.F.);
#8254=ORIENTED_EDGE('',*,*,#6318,.T.);
#8255=ORIENTED_EDGE('',*,*,#6319,.T.);
#8256=ORIENTED_EDGE('',*,*,#6315,.F.);
#8257=ORIENTED_EDGE('',*,*,#5935,.F.);
#8258=ORIENTED_EDGE('',*,*,#6320,.T.);
#8259=ORIENTED_EDGE('',*,*,#6321,.T.);
#8260=ORIENTED_EDGE('',*,*,#6318,.F.);
#8261=ORIENTED_EDGE('',*,*,#5934,.F.);
#8262=ORIENTED_EDGE('',*,*,#6322,.T.);
#8263=ORIENTED_EDGE('',*,*,#6323,.T.);
#8264=ORIENTED_EDGE('',*,*,#6320,.F.);
#8265=ORIENTED_EDGE('',*,*,#5933,.F.);
#8266=ORIENTED_EDGE('',*,*,#6324,.T.);
#8267=ORIENTED_EDGE('',*,*,#6325,.T.);
#8268=ORIENTED_EDGE('',*,*,#6322,.F.);
#8269=ORIENTED_EDGE('',*,*,#5932,.F.);
#8270=ORIENTED_EDGE('',*,*,#6326,.T.);
#8271=ORIENTED_EDGE('',*,*,#6327,.T.);
#8272=ORIENTED_EDGE('',*,*,#6324,.F.);
#8273=ORIENTED_EDGE('',*,*,#5931,.F.);
#8274=ORIENTED_EDGE('',*,*,#6328,.T.);
#8275=ORIENTED_EDGE('',*,*,#6329,.T.);
#8276=ORIENTED_EDGE('',*,*,#6326,.F.);
#8277=ORIENTED_EDGE('',*,*,#5930,.F.);
#8278=ORIENTED_EDGE('',*,*,#6330,.T.);
#8279=ORIENTED_EDGE('',*,*,#6331,.T.);
#8280=ORIENTED_EDGE('',*,*,#6328,.F.);
#8281=ORIENTED_EDGE('',*,*,#5929,.F.);
#8282=ORIENTED_EDGE('',*,*,#6332,.T.);
#8283=ORIENTED_EDGE('',*,*,#6333,.T.);
#8284=ORIENTED_EDGE('',*,*,#6330,.F.);
#8285=ORIENTED_EDGE('',*,*,#5928,.F.);
#8286=ORIENTED_EDGE('',*,*,#6334,.T.);
#8287=ORIENTED_EDGE('',*,*,#6335,.T.);
#8288=ORIENTED_EDGE('',*,*,#6332,.F.);
#8289=ORIENTED_EDGE('',*,*,#5927,.F.);
#8290=ORIENTED_EDGE('',*,*,#6336,.T.);
#8291=ORIENTED_EDGE('',*,*,#6337,.T.);
#8292=ORIENTED_EDGE('',*,*,#6334,.F.);
#8293=ORIENTED_EDGE('',*,*,#5926,.F.);
#8294=ORIENTED_EDGE('',*,*,#6338,.T.);
#8295=ORIENTED_EDGE('',*,*,#6339,.T.);
#8296=ORIENTED_EDGE('',*,*,#6336,.F.);
#8297=ORIENTED_EDGE('',*,*,#5925,.F.);
#8298=ORIENTED_EDGE('',*,*,#6317,.T.);
#8299=ORIENTED_EDGE('',*,*,#6340,.T.);
#8300=ORIENTED_EDGE('',*,*,#6338,.F.);
#8301=ORIENTED_EDGE('',*,*,#6340,.F.);
#8302=ORIENTED_EDGE('',*,*,#6316,.F.);
#8303=ORIENTED_EDGE('',*,*,#6319,.F.);
#8304=ORIENTED_EDGE('',*,*,#6321,.F.);
#8305=ORIENTED_EDGE('',*,*,#6323,.F.);
#8306=ORIENTED_EDGE('',*,*,#6325,.F.);
#8307=ORIENTED_EDGE('',*,*,#6327,.F.);
#8308=ORIENTED_EDGE('',*,*,#6329,.F.);
#8309=ORIENTED_EDGE('',*,*,#6331,.F.);
#8310=ORIENTED_EDGE('',*,*,#6333,.F.);
#8311=ORIENTED_EDGE('',*,*,#6335,.F.);
#8312=ORIENTED_EDGE('',*,*,#6337,.F.);
#8313=ORIENTED_EDGE('',*,*,#6339,.F.);
#8314=ORIENTED_EDGE('',*,*,#6314,.F.);
#8315=ORIENTED_EDGE('',*,*,#6302,.F.);
#8316=ORIENTED_EDGE('',*,*,#6306,.F.);
#8317=ORIENTED_EDGE('',*,*,#6309,.F.);
#8318=ORIENTED_EDGE('',*,*,#6312,.F.);
#8319=ORIENTED_EDGE('',*,*,#5899,.F.);
#8320=ORIENTED_EDGE('',*,*,#6341,.T.);
#8321=ORIENTED_EDGE('',*,*,#6342,.T.);
#8322=ORIENTED_EDGE('',*,*,#6343,.F.);
#8323=ORIENTED_EDGE('',*,*,#5923,.F.);
#8324=ORIENTED_EDGE('',*,*,#6344,.T.);
#8325=ORIENTED_EDGE('',*,*,#6345,.T.);
#8326=ORIENTED_EDGE('',*,*,#6341,.F.);
#8327=ORIENTED_EDGE('',*,*,#5922,.F.);
#8328=ORIENTED_EDGE('',*,*,#6346,.T.);
#8329=ORIENTED_EDGE('',*,*,#6347,.T.);
#8330=ORIENTED_EDGE('',*,*,#6344,.F.);
#8331=ORIENTED_EDGE('',*,*,#5921,.F.);
#8332=ORIENTED_EDGE('',*,*,#6348,.T.);
#8333=ORIENTED_EDGE('',*,*,#6349,.T.);
#8334=ORIENTED_EDGE('',*,*,#6346,.F.);
#8335=ORIENTED_EDGE('',*,*,#5920,.F.);
#8336=ORIENTED_EDGE('',*,*,#6350,.T.);
#8337=ORIENTED_EDGE('',*,*,#6351,.T.);
#8338=ORIENTED_EDGE('',*,*,#6348,.F.);
#8339=ORIENTED_EDGE('',*,*,#5919,.F.);
#8340=ORIENTED_EDGE('',*,*,#6352,.T.);
#8341=ORIENTED_EDGE('',*,*,#6353,.T.);
#8342=ORIENTED_EDGE('',*,*,#6350,.F.);
#8343=ORIENTED_EDGE('',*,*,#5918,.F.);
#8344=ORIENTED_EDGE('',*,*,#6354,.T.);
#8345=ORIENTED_EDGE('',*,*,#6355,.T.);
#8346=ORIENTED_EDGE('',*,*,#6352,.F.);
#8347=ORIENTED_EDGE('',*,*,#5917,.F.);
#8348=ORIENTED_EDGE('',*,*,#6356,.T.);
#8349=ORIENTED_EDGE('',*,*,#6357,.T.);
#8350=ORIENTED_EDGE('',*,*,#6354,.F.);
#8351=ORIENTED_EDGE('',*,*,#5916,.F.);
#8352=ORIENTED_EDGE('',*,*,#6358,.T.);
#8353=ORIENTED_EDGE('',*,*,#6359,.T.);
#8354=ORIENTED_EDGE('',*,*,#6356,.F.);
#8355=ORIENTED_EDGE('',*,*,#5915,.F.);
#8356=ORIENTED_EDGE('',*,*,#6360,.T.);
#8357=ORIENTED_EDGE('',*,*,#6361,.T.);
#8358=ORIENTED_EDGE('',*,*,#6358,.F.);
#8359=ORIENTED_EDGE('',*,*,#5914,.F.);
#8360=ORIENTED_EDGE('',*,*,#6362,.T.);
#8361=ORIENTED_EDGE('',*,*,#6363,.T.);
#8362=ORIENTED_EDGE('',*,*,#6360,.F.);
#8363=ORIENTED_EDGE('',*,*,#5913,.F.);
#8364=ORIENTED_EDGE('',*,*,#6364,.T.);
#8365=ORIENTED_EDGE('',*,*,#6365,.T.);
#8366=ORIENTED_EDGE('',*,*,#6362,.F.);
#8367=ORIENTED_EDGE('',*,*,#5912,.F.);
#8368=ORIENTED_EDGE('',*,*,#6366,.T.);
#8369=ORIENTED_EDGE('',*,*,#6367,.T.);
#8370=ORIENTED_EDGE('',*,*,#6364,.F.);
#8371=ORIENTED_EDGE('',*,*,#5911,.F.);
#8372=ORIENTED_EDGE('',*,*,#6368,.T.);
#8373=ORIENTED_EDGE('',*,*,#6369,.T.);
#8374=ORIENTED_EDGE('',*,*,#6366,.F.);
#8375=ORIENTED_EDGE('',*,*,#5910,.F.);
#8376=ORIENTED_EDGE('',*,*,#6370,.T.);
#8377=ORIENTED_EDGE('',*,*,#6371,.T.);
#8378=ORIENTED_EDGE('',*,*,#6368,.F.);
#8379=ORIENTED_EDGE('',*,*,#5909,.F.);
#8380=ORIENTED_EDGE('',*,*,#6372,.T.);
#8381=ORIENTED_EDGE('',*,*,#6373,.T.);
#8382=ORIENTED_EDGE('',*,*,#6370,.F.);
#8383=ORIENTED_EDGE('',*,*,#5908,.F.);
#8384=ORIENTED_EDGE('',*,*,#6374,.T.);
#8385=ORIENTED_EDGE('',*,*,#6375,.T.);
#8386=ORIENTED_EDGE('',*,*,#6372,.F.);
#8387=ORIENTED_EDGE('',*,*,#5907,.F.);
#8388=ORIENTED_EDGE('',*,*,#6376,.T.);
#8389=ORIENTED_EDGE('',*,*,#6377,.T.);
#8390=ORIENTED_EDGE('',*,*,#6374,.F.);
#8391=ORIENTED_EDGE('',*,*,#5906,.F.);
#8392=ORIENTED_EDGE('',*,*,#6378,.T.);
#8393=ORIENTED_EDGE('',*,*,#6379,.T.);
#8394=ORIENTED_EDGE('',*,*,#6376,.F.);
#8395=ORIENTED_EDGE('',*,*,#5905,.F.);
#8396=ORIENTED_EDGE('',*,*,#6380,.T.);
#8397=ORIENTED_EDGE('',*,*,#6381,.T.);
#8398=ORIENTED_EDGE('',*,*,#6378,.F.);
#8399=ORIENTED_EDGE('',*,*,#5904,.F.);
#8400=ORIENTED_EDGE('',*,*,#6382,.T.);
#8401=ORIENTED_EDGE('',*,*,#6383,.T.);
#8402=ORIENTED_EDGE('',*,*,#6380,.F.);
#8403=ORIENTED_EDGE('',*,*,#5903,.F.);
#8404=ORIENTED_EDGE('',*,*,#6384,.T.);
#8405=ORIENTED_EDGE('',*,*,#6385,.T.);
#8406=ORIENTED_EDGE('',*,*,#6382,.F.);
#8407=ORIENTED_EDGE('',*,*,#5902,.F.);
#8408=ORIENTED_EDGE('',*,*,#6386,.T.);
#8409=ORIENTED_EDGE('',*,*,#6387,.T.);
#8410=ORIENTED_EDGE('',*,*,#6384,.F.);
#8411=ORIENTED_EDGE('',*,*,#5901,.F.);
#8412=ORIENTED_EDGE('',*,*,#6388,.T.);
#8413=ORIENTED_EDGE('',*,*,#6389,.T.);
#8414=ORIENTED_EDGE('',*,*,#6386,.F.);
#8415=ORIENTED_EDGE('',*,*,#5900,.F.);
#8416=ORIENTED_EDGE('',*,*,#6343,.T.);
#8417=ORIENTED_EDGE('',*,*,#6390,.T.);
#8418=ORIENTED_EDGE('',*,*,#6388,.F.);
#8419=ORIENTED_EDGE('',*,*,#6390,.F.);
#8420=ORIENTED_EDGE('',*,*,#6342,.F.);
#8421=ORIENTED_EDGE('',*,*,#6345,.F.);
#8422=ORIENTED_EDGE('',*,*,#6347,.F.);
#8423=ORIENTED_EDGE('',*,*,#6349,.F.);
#8424=ORIENTED_EDGE('',*,*,#6351,.F.);
#8425=ORIENTED_EDGE('',*,*,#6353,.F.);
#8426=ORIENTED_EDGE('',*,*,#6355,.F.);
#8427=ORIENTED_EDGE('',*,*,#6357,.F.);
#8428=ORIENTED_EDGE('',*,*,#6359,.F.);
#8429=ORIENTED_EDGE('',*,*,#6361,.F.);
#8430=ORIENTED_EDGE('',*,*,#6363,.F.);
#8431=ORIENTED_EDGE('',*,*,#6365,.F.);
#8432=ORIENTED_EDGE('',*,*,#6367,.F.);
#8433=ORIENTED_EDGE('',*,*,#6369,.F.);
#8434=ORIENTED_EDGE('',*,*,#6371,.F.);
#8435=ORIENTED_EDGE('',*,*,#6373,.F.);
#8436=ORIENTED_EDGE('',*,*,#6375,.F.);
#8437=ORIENTED_EDGE('',*,*,#6377,.F.);
#8438=ORIENTED_EDGE('',*,*,#6379,.F.);
#8439=ORIENTED_EDGE('',*,*,#6381,.F.);
#8440=ORIENTED_EDGE('',*,*,#6383,.F.);
#8441=ORIENTED_EDGE('',*,*,#6385,.F.);
#8442=ORIENTED_EDGE('',*,*,#6387,.F.);
#8443=ORIENTED_EDGE('',*,*,#6389,.F.);
#8444=ORIENTED_EDGE('',*,*,#5887,.F.);
#8445=ORIENTED_EDGE('',*,*,#6391,.T.);
#8446=ORIENTED_EDGE('',*,*,#6392,.T.);
#8447=ORIENTED_EDGE('',*,*,#6393,.F.);
#8448=ORIENTED_EDGE('',*,*,#5898,.F.);
#8449=ORIENTED_EDGE('',*,*,#6394,.T.);
#8450=ORIENTED_EDGE('',*,*,#6395,.T.);
#8451=ORIENTED_EDGE('',*,*,#6391,.F.);
#8452=ORIENTED_EDGE('',*,*,#5897,.F.);
#8453=ORIENTED_EDGE('',*,*,#6396,.T.);
#8454=ORIENTED_EDGE('',*,*,#6397,.T.);
#8455=ORIENTED_EDGE('',*,*,#6394,.F.);
#8456=ORIENTED_EDGE('',*,*,#5896,.F.);
#8457=ORIENTED_EDGE('',*,*,#6398,.T.);
#8458=ORIENTED_EDGE('',*,*,#6399,.T.);
#8459=ORIENTED_EDGE('',*,*,#6396,.F.);
#8460=ORIENTED_EDGE('',*,*,#5895,.F.);
#8461=ORIENTED_EDGE('',*,*,#6400,.T.);
#8462=ORIENTED_EDGE('',*,*,#6401,.T.);
#8463=ORIENTED_EDGE('',*,*,#6398,.F.);
#8464=ORIENTED_EDGE('',*,*,#5894,.F.);
#8465=ORIENTED_EDGE('',*,*,#6402,.T.);
#8466=ORIENTED_EDGE('',*,*,#6403,.T.);
#8467=ORIENTED_EDGE('',*,*,#6400,.F.);
#8468=ORIENTED_EDGE('',*,*,#5893,.F.);
#8469=ORIENTED_EDGE('',*,*,#6404,.T.);
#8470=ORIENTED_EDGE('',*,*,#6405,.T.);
#8471=ORIENTED_EDGE('',*,*,#6402,.F.);
#8472=ORIENTED_EDGE('',*,*,#5892,.F.);
#8473=ORIENTED_EDGE('',*,*,#6406,.T.);
#8474=ORIENTED_EDGE('',*,*,#6407,.T.);
#8475=ORIENTED_EDGE('',*,*,#6404,.F.);
#8476=ORIENTED_EDGE('',*,*,#5891,.F.);
#8477=ORIENTED_EDGE('',*,*,#6408,.T.);
#8478=ORIENTED_EDGE('',*,*,#6409,.T.);
#8479=ORIENTED_EDGE('',*,*,#6406,.F.);
#8480=ORIENTED_EDGE('',*,*,#5890,.F.);
#8481=ORIENTED_EDGE('',*,*,#6410,.T.);
#8482=ORIENTED_EDGE('',*,*,#6411,.T.);
#8483=ORIENTED_EDGE('',*,*,#6408,.F.);
#8484=ORIENTED_EDGE('',*,*,#5889,.F.);
#8485=ORIENTED_EDGE('',*,*,#6412,.T.);
#8486=ORIENTED_EDGE('',*,*,#6413,.T.);
#8487=ORIENTED_EDGE('',*,*,#6410,.F.);
#8488=ORIENTED_EDGE('',*,*,#5888,.F.);
#8489=ORIENTED_EDGE('',*,*,#6393,.T.);
#8490=ORIENTED_EDGE('',*,*,#6414,.T.);
#8491=ORIENTED_EDGE('',*,*,#6412,.F.);
#8492=ORIENTED_EDGE('',*,*,#6414,.F.);
#8493=ORIENTED_EDGE('',*,*,#6392,.F.);
#8494=ORIENTED_EDGE('',*,*,#6395,.F.);
#8495=ORIENTED_EDGE('',*,*,#6397,.F.);
#8496=ORIENTED_EDGE('',*,*,#6399,.F.);
#8497=ORIENTED_EDGE('',*,*,#6401,.F.);
#8498=ORIENTED_EDGE('',*,*,#6403,.F.);
#8499=ORIENTED_EDGE('',*,*,#6405,.F.);
#8500=ORIENTED_EDGE('',*,*,#6407,.F.);
#8501=ORIENTED_EDGE('',*,*,#6409,.F.);
#8502=ORIENTED_EDGE('',*,*,#6411,.F.);
#8503=ORIENTED_EDGE('',*,*,#6413,.F.);
#8504=ORIENTED_EDGE('',*,*,#6415,.F.);
#8505=ORIENTED_EDGE('',*,*,#6416,.T.);
#8506=ORIENTED_EDGE('',*,*,#6417,.T.);
#8507=ORIENTED_EDGE('',*,*,#6418,.F.);
#8508=ORIENTED_EDGE('',*,*,#6419,.F.);
#8509=ORIENTED_EDGE('',*,*,#6420,.T.);
#8510=ORIENTED_EDGE('',*,*,#6421,.T.);
#8511=ORIENTED_EDGE('',*,*,#6416,.F.);
#8512=ORIENTED_EDGE('',*,*,#6422,.F.);
#8513=ORIENTED_EDGE('',*,*,#6423,.T.);
#8514=ORIENTED_EDGE('',*,*,#6424,.T.);
#8515=ORIENTED_EDGE('',*,*,#6420,.F.);
#8516=ORIENTED_EDGE('',*,*,#6425,.F.);
#8517=ORIENTED_EDGE('',*,*,#6426,.T.);
#8518=ORIENTED_EDGE('',*,*,#6427,.T.);
#8519=ORIENTED_EDGE('',*,*,#6423,.F.);
#8520=ORIENTED_EDGE('',*,*,#6428,.F.);
#8521=ORIENTED_EDGE('',*,*,#6418,.T.);
#8522=ORIENTED_EDGE('',*,*,#6429,.T.);
#8523=ORIENTED_EDGE('',*,*,#6426,.F.);
#8524=ORIENTED_EDGE('',*,*,#5874,.F.);
#8525=ORIENTED_EDGE('',*,*,#6430,.T.);
#8526=ORIENTED_EDGE('',*,*,#6431,.T.);
#8527=ORIENTED_EDGE('',*,*,#6432,.F.);
#8528=ORIENTED_EDGE('',*,*,#5886,.F.);
#8529=ORIENTED_EDGE('',*,*,#6433,.T.);
#8530=ORIENTED_EDGE('',*,*,#6434,.T.);
#8531=ORIENTED_EDGE('',*,*,#6430,.F.);
#8532=ORIENTED_EDGE('',*,*,#5885,.F.);
#8533=ORIENTED_EDGE('',*,*,#6435,.T.);
#8534=ORIENTED_EDGE('',*,*,#6436,.T.);
#8535=ORIENTED_EDGE('',*,*,#6433,.F.);
#8536=ORIENTED_EDGE('',*,*,#5884,.F.);
#8537=ORIENTED_EDGE('',*,*,#6437,.T.);
#8538=ORIENTED_EDGE('',*,*,#6438,.T.);
#8539=ORIENTED_EDGE('',*,*,#6435,.F.);
#8540=ORIENTED_EDGE('',*,*,#5883,.F.);
#8541=ORIENTED_EDGE('',*,*,#6439,.T.);
#8542=ORIENTED_EDGE('',*,*,#6440,.T.);
#8543=ORIENTED_EDGE('',*,*,#6437,.F.);
#8544=ORIENTED_EDGE('',*,*,#5882,.F.);
#8545=ORIENTED_EDGE('',*,*,#6441,.T.);
#8546=ORIENTED_EDGE('',*,*,#6442,.T.);
#8547=ORIENTED_EDGE('',*,*,#6439,.F.);
#8548=ORIENTED_EDGE('',*,*,#5881,.F.);
#8549=ORIENTED_EDGE('',*,*,#6443,.T.);
#8550=ORIENTED_EDGE('',*,*,#6444,.T.);
#8551=ORIENTED_EDGE('',*,*,#6441,.F.);
#8552=ORIENTED_EDGE('',*,*,#5880,.F.);
#8553=ORIENTED_EDGE('',*,*,#6445,.T.);
#8554=ORIENTED_EDGE('',*,*,#6446,.T.);
#8555=ORIENTED_EDGE('',*,*,#6443,.F.);
#8556=ORIENTED_EDGE('',*,*,#5879,.F.);
#8557=ORIENTED_EDGE('',*,*,#6447,.T.);
#8558=ORIENTED_EDGE('',*,*,#6448,.T.);
#8559=ORIENTED_EDGE('',*,*,#6445,.F.);
#8560=ORIENTED_EDGE('',*,*,#5878,.F.);
#8561=ORIENTED_EDGE('',*,*,#6449,.T.);
#8562=ORIENTED_EDGE('',*,*,#6450,.T.);
#8563=ORIENTED_EDGE('',*,*,#6447,.F.);
#8564=ORIENTED_EDGE('',*,*,#5877,.F.);
#8565=ORIENTED_EDGE('',*,*,#6451,.T.);
#8566=ORIENTED_EDGE('',*,*,#6452,.T.);
#8567=ORIENTED_EDGE('',*,*,#6449,.F.);
#8568=ORIENTED_EDGE('',*,*,#5876,.F.);
#8569=ORIENTED_EDGE('',*,*,#6453,.T.);
#8570=ORIENTED_EDGE('',*,*,#6454,.T.);
#8571=ORIENTED_EDGE('',*,*,#6451,.F.);
#8572=ORIENTED_EDGE('',*,*,#5875,.F.);
#8573=ORIENTED_EDGE('',*,*,#6432,.T.);
#8574=ORIENTED_EDGE('',*,*,#6455,.T.);
#8575=ORIENTED_EDGE('',*,*,#6453,.F.);
#8576=ORIENTED_EDGE('',*,*,#6455,.F.);
#8577=ORIENTED_EDGE('',*,*,#6431,.F.);
#8578=ORIENTED_EDGE('',*,*,#6434,.F.);
#8579=ORIENTED_EDGE('',*,*,#6436,.F.);
#8580=ORIENTED_EDGE('',*,*,#6438,.F.);
#8581=ORIENTED_EDGE('',*,*,#6440,.F.);
#8582=ORIENTED_EDGE('',*,*,#6442,.F.);
#8583=ORIENTED_EDGE('',*,*,#6444,.F.);
#8584=ORIENTED_EDGE('',*,*,#6446,.F.);
#8585=ORIENTED_EDGE('',*,*,#6448,.F.);
#8586=ORIENTED_EDGE('',*,*,#6450,.F.);
#8587=ORIENTED_EDGE('',*,*,#6452,.F.);
#8588=ORIENTED_EDGE('',*,*,#6454,.F.);
#8589=ORIENTED_EDGE('',*,*,#6429,.F.);
#8590=ORIENTED_EDGE('',*,*,#6417,.F.);
#8591=ORIENTED_EDGE('',*,*,#6421,.F.);
#8592=ORIENTED_EDGE('',*,*,#6424,.F.);
#8593=ORIENTED_EDGE('',*,*,#6427,.F.);
#8594=ORIENTED_EDGE('',*,*,#6456,.F.);
#8595=ORIENTED_EDGE('',*,*,#6457,.T.);
#8596=ORIENTED_EDGE('',*,*,#6458,.T.);
#8597=ORIENTED_EDGE('',*,*,#6459,.F.);
#8598=ORIENTED_EDGE('',*,*,#6460,.F.);
#8599=ORIENTED_EDGE('',*,*,#6461,.T.);
#8600=ORIENTED_EDGE('',*,*,#6462,.T.);
#8601=ORIENTED_EDGE('',*,*,#6457,.F.);
#8602=ORIENTED_EDGE('',*,*,#6463,.F.);
#8603=ORIENTED_EDGE('',*,*,#6464,.T.);
#8604=ORIENTED_EDGE('',*,*,#6465,.T.);
#8605=ORIENTED_EDGE('',*,*,#6461,.F.);
#8606=ORIENTED_EDGE('',*,*,#6466,.F.);
#8607=ORIENTED_EDGE('',*,*,#6467,.T.);
#8608=ORIENTED_EDGE('',*,*,#6468,.T.);
#8609=ORIENTED_EDGE('',*,*,#6464,.F.);
#8610=ORIENTED_EDGE('',*,*,#6469,.F.);
#8611=ORIENTED_EDGE('',*,*,#6459,.T.);
#8612=ORIENTED_EDGE('',*,*,#6470,.T.);
#8613=ORIENTED_EDGE('',*,*,#6467,.F.);
#8614=ORIENTED_EDGE('',*,*,#5861,.F.);
#8615=ORIENTED_EDGE('',*,*,#6471,.T.);
#8616=ORIENTED_EDGE('',*,*,#6472,.T.);
#8617=ORIENTED_EDGE('',*,*,#6473,.F.);
#8618=ORIENTED_EDGE('',*,*,#5873,.F.);
#8619=ORIENTED_EDGE('',*,*,#6474,.T.);
#8620=ORIENTED_EDGE('',*,*,#6475,.T.);
#8621=ORIENTED_EDGE('',*,*,#6471,.F.);
#8622=ORIENTED_EDGE('',*,*,#5872,.F.);
#8623=ORIENTED_EDGE('',*,*,#6476,.T.);
#8624=ORIENTED_EDGE('',*,*,#6477,.T.);
#8625=ORIENTED_EDGE('',*,*,#6474,.F.);
#8626=ORIENTED_EDGE('',*,*,#5871,.F.);
#8627=ORIENTED_EDGE('',*,*,#6478,.T.);
#8628=ORIENTED_EDGE('',*,*,#6479,.T.);
#8629=ORIENTED_EDGE('',*,*,#6476,.F.);
#8630=ORIENTED_EDGE('',*,*,#5870,.F.);
#8631=ORIENTED_EDGE('',*,*,#6480,.T.);
#8632=ORIENTED_EDGE('',*,*,#6481,.T.);
#8633=ORIENTED_EDGE('',*,*,#6478,.F.);
#8634=ORIENTED_EDGE('',*,*,#5869,.F.);
#8635=ORIENTED_EDGE('',*,*,#6482,.T.);
#8636=ORIENTED_EDGE('',*,*,#6483,.T.);
#8637=ORIENTED_EDGE('',*,*,#6480,.F.);
#8638=ORIENTED_EDGE('',*,*,#5868,.F.);
#8639=ORIENTED_EDGE('',*,*,#6484,.T.);
#8640=ORIENTED_EDGE('',*,*,#6485,.T.);
#8641=ORIENTED_EDGE('',*,*,#6482,.F.);
#8642=ORIENTED_EDGE('',*,*,#5867,.F.);
#8643=ORIENTED_EDGE('',*,*,#6486,.T.);
#8644=ORIENTED_EDGE('',*,*,#6487,.T.);
#8645=ORIENTED_EDGE('',*,*,#6484,.F.);
#8646=ORIENTED_EDGE('',*,*,#5866,.F.);
#8647=ORIENTED_EDGE('',*,*,#6488,.T.);
#8648=ORIENTED_EDGE('',*,*,#6489,.T.);
#8649=ORIENTED_EDGE('',*,*,#6486,.F.);
#8650=ORIENTED_EDGE('',*,*,#5865,.F.);
#8651=ORIENTED_EDGE('',*,*,#6490,.T.);
#8652=ORIENTED_EDGE('',*,*,#6491,.T.);
#8653=ORIENTED_EDGE('',*,*,#6488,.F.);
#8654=ORIENTED_EDGE('',*,*,#5864,.F.);
#8655=ORIENTED_EDGE('',*,*,#6492,.T.);
#8656=ORIENTED_EDGE('',*,*,#6493,.T.);
#8657=ORIENTED_EDGE('',*,*,#6490,.F.);
#8658=ORIENTED_EDGE('',*,*,#5863,.F.);
#8659=ORIENTED_EDGE('',*,*,#6494,.T.);
#8660=ORIENTED_EDGE('',*,*,#6495,.T.);
#8661=ORIENTED_EDGE('',*,*,#6492,.F.);
#8662=ORIENTED_EDGE('',*,*,#5862,.F.);
#8663=ORIENTED_EDGE('',*,*,#6473,.T.);
#8664=ORIENTED_EDGE('',*,*,#6496,.T.);
#8665=ORIENTED_EDGE('',*,*,#6494,.F.);
#8666=ORIENTED_EDGE('',*,*,#6496,.F.);
#8667=ORIENTED_EDGE('',*,*,#6472,.F.);
#8668=ORIENTED_EDGE('',*,*,#6475,.F.);
#8669=ORIENTED_EDGE('',*,*,#6477,.F.);
#8670=ORIENTED_EDGE('',*,*,#6479,.F.);
#8671=ORIENTED_EDGE('',*,*,#6481,.F.);
#8672=ORIENTED_EDGE('',*,*,#6483,.F.);
#8673=ORIENTED_EDGE('',*,*,#6485,.F.);
#8674=ORIENTED_EDGE('',*,*,#6487,.F.);
#8675=ORIENTED_EDGE('',*,*,#6489,.F.);
#8676=ORIENTED_EDGE('',*,*,#6491,.F.);
#8677=ORIENTED_EDGE('',*,*,#6493,.F.);
#8678=ORIENTED_EDGE('',*,*,#6495,.F.);
#8679=ORIENTED_EDGE('',*,*,#6470,.F.);
#8680=ORIENTED_EDGE('',*,*,#6458,.F.);
#8681=ORIENTED_EDGE('',*,*,#6462,.F.);
#8682=ORIENTED_EDGE('',*,*,#6465,.F.);
#8683=ORIENTED_EDGE('',*,*,#6468,.F.);
#8684=ORIENTED_EDGE('',*,*,#5840,.F.);
#8685=ORIENTED_EDGE('',*,*,#6497,.T.);
#8686=ORIENTED_EDGE('',*,*,#6498,.T.);
#8687=ORIENTED_EDGE('',*,*,#6499,.F.);
#8688=ORIENTED_EDGE('',*,*,#5860,.F.);
#8689=ORIENTED_EDGE('',*,*,#6500,.T.);
#8690=ORIENTED_EDGE('',*,*,#6501,.T.);
#8691=ORIENTED_EDGE('',*,*,#6497,.F.);
#8692=ORIENTED_EDGE('',*,*,#5859,.F.);
#8693=ORIENTED_EDGE('',*,*,#6502,.T.);
#8694=ORIENTED_EDGE('',*,*,#6503,.T.);
#8695=ORIENTED_EDGE('',*,*,#6500,.F.);
#8696=ORIENTED_EDGE('',*,*,#5858,.F.);
#8697=ORIENTED_EDGE('',*,*,#6504,.T.);
#8698=ORIENTED_EDGE('',*,*,#6505,.T.);
#8699=ORIENTED_EDGE('',*,*,#6502,.F.);
#8700=ORIENTED_EDGE('',*,*,#5857,.F.);
#8701=ORIENTED_EDGE('',*,*,#6506,.T.);
#8702=ORIENTED_EDGE('',*,*,#6507,.T.);
#8703=ORIENTED_EDGE('',*,*,#6504,.F.);
#8704=ORIENTED_EDGE('',*,*,#5856,.F.);
#8705=ORIENTED_EDGE('',*,*,#6508,.T.);
#8706=ORIENTED_EDGE('',*,*,#6509,.T.);
#8707=ORIENTED_EDGE('',*,*,#6506,.F.);
#8708=ORIENTED_EDGE('',*,*,#5855,.F.);
#8709=ORIENTED_EDGE('',*,*,#6510,.T.);
#8710=ORIENTED_EDGE('',*,*,#6511,.T.);
#8711=ORIENTED_EDGE('',*,*,#6508,.F.);
#8712=ORIENTED_EDGE('',*,*,#5854,.F.);
#8713=ORIENTED_EDGE('',*,*,#6512,.T.);
#8714=ORIENTED_EDGE('',*,*,#6513,.T.);
#8715=ORIENTED_EDGE('',*,*,#6510,.F.);
#8716=ORIENTED_EDGE('',*,*,#5853,.F.);
#8717=ORIENTED_EDGE('',*,*,#6514,.T.);
#8718=ORIENTED_EDGE('',*,*,#6515,.T.);
#8719=ORIENTED_EDGE('',*,*,#6512,.F.);
#8720=ORIENTED_EDGE('',*,*,#5852,.F.);
#8721=ORIENTED_EDGE('',*,*,#6516,.T.);
#8722=ORIENTED_EDGE('',*,*,#6517,.T.);
#8723=ORIENTED_EDGE('',*,*,#6514,.F.);
#8724=ORIENTED_EDGE('',*,*,#5851,.F.);
#8725=ORIENTED_EDGE('',*,*,#6518,.T.);
#8726=ORIENTED_EDGE('',*,*,#6519,.T.);
#8727=ORIENTED_EDGE('',*,*,#6516,.F.);
#8728=ORIENTED_EDGE('',*,*,#5850,.F.);
#8729=ORIENTED_EDGE('',*,*,#6520,.T.);
#8730=ORIENTED_EDGE('',*,*,#6521,.T.);
#8731=ORIENTED_EDGE('',*,*,#6518,.F.);
#8732=ORIENTED_EDGE('',*,*,#5849,.F.);
#8733=ORIENTED_EDGE('',*,*,#6522,.T.);
#8734=ORIENTED_EDGE('',*,*,#6523,.T.);
#8735=ORIENTED_EDGE('',*,*,#6520,.F.);
#8736=ORIENTED_EDGE('',*,*,#5848,.F.);
#8737=ORIENTED_EDGE('',*,*,#6524,.T.);
#8738=ORIENTED_EDGE('',*,*,#6525,.T.);
#8739=ORIENTED_EDGE('',*,*,#6522,.F.);
#8740=ORIENTED_EDGE('',*,*,#5847,.F.);
#8741=ORIENTED_EDGE('',*,*,#6526,.T.);
#8742=ORIENTED_EDGE('',*,*,#6527,.T.);
#8743=ORIENTED_EDGE('',*,*,#6524,.F.);
#8744=ORIENTED_EDGE('',*,*,#5846,.F.);
#8745=ORIENTED_EDGE('',*,*,#6528,.T.);
#8746=ORIENTED_EDGE('',*,*,#6529,.T.);
#8747=ORIENTED_EDGE('',*,*,#6526,.F.);
#8748=ORIENTED_EDGE('',*,*,#5845,.F.);
#8749=ORIENTED_EDGE('',*,*,#6530,.T.);
#8750=ORIENTED_EDGE('',*,*,#6531,.T.);
#8751=ORIENTED_EDGE('',*,*,#6528,.F.);
#8752=ORIENTED_EDGE('',*,*,#5844,.F.);
#8753=ORIENTED_EDGE('',*,*,#6532,.T.);
#8754=ORIENTED_EDGE('',*,*,#6533,.T.);
#8755=ORIENTED_EDGE('',*,*,#6530,.F.);
#8756=ORIENTED_EDGE('',*,*,#5843,.F.);
#8757=ORIENTED_EDGE('',*,*,#6534,.T.);
#8758=ORIENTED_EDGE('',*,*,#6535,.T.);
#8759=ORIENTED_EDGE('',*,*,#6532,.F.);
#8760=ORIENTED_EDGE('',*,*,#5842,.F.);
#8761=ORIENTED_EDGE('',*,*,#6536,.T.);
#8762=ORIENTED_EDGE('',*,*,#6537,.T.);
#8763=ORIENTED_EDGE('',*,*,#6534,.F.);
#8764=ORIENTED_EDGE('',*,*,#5841,.F.);
#8765=ORIENTED_EDGE('',*,*,#6499,.T.);
#8766=ORIENTED_EDGE('',*,*,#6538,.T.);
#8767=ORIENTED_EDGE('',*,*,#6536,.F.);
#8768=ORIENTED_EDGE('',*,*,#6538,.F.);
#8769=ORIENTED_EDGE('',*,*,#6498,.F.);
#8770=ORIENTED_EDGE('',*,*,#6501,.F.);
#8771=ORIENTED_EDGE('',*,*,#6503,.F.);
#8772=ORIENTED_EDGE('',*,*,#6505,.F.);
#8773=ORIENTED_EDGE('',*,*,#6507,.F.);
#8774=ORIENTED_EDGE('',*,*,#6509,.F.);
#8775=ORIENTED_EDGE('',*,*,#6511,.F.);
#8776=ORIENTED_EDGE('',*,*,#6513,.F.);
#8777=ORIENTED_EDGE('',*,*,#6515,.F.);
#8778=ORIENTED_EDGE('',*,*,#6517,.F.);
#8779=ORIENTED_EDGE('',*,*,#6519,.F.);
#8780=ORIENTED_EDGE('',*,*,#6521,.F.);
#8781=ORIENTED_EDGE('',*,*,#6523,.F.);
#8782=ORIENTED_EDGE('',*,*,#6525,.F.);
#8783=ORIENTED_EDGE('',*,*,#6527,.F.);
#8784=ORIENTED_EDGE('',*,*,#6529,.F.);
#8785=ORIENTED_EDGE('',*,*,#6531,.F.);
#8786=ORIENTED_EDGE('',*,*,#6533,.F.);
#8787=ORIENTED_EDGE('',*,*,#6535,.F.);
#8788=ORIENTED_EDGE('',*,*,#6537,.F.);
#8789=ORIENTED_EDGE('',*,*,#6539,.F.);
#8790=ORIENTED_EDGE('',*,*,#6540,.T.);
#8791=ORIENTED_EDGE('',*,*,#6541,.T.);
#8792=ORIENTED_EDGE('',*,*,#6542,.F.);
#8793=ORIENTED_EDGE('',*,*,#6543,.F.);
#8794=ORIENTED_EDGE('',*,*,#6544,.T.);
#8795=ORIENTED_EDGE('',*,*,#6545,.T.);
#8796=ORIENTED_EDGE('',*,*,#6540,.F.);
#8797=ORIENTED_EDGE('',*,*,#6546,.F.);
#8798=ORIENTED_EDGE('',*,*,#6547,.T.);
#8799=ORIENTED_EDGE('',*,*,#6548,.T.);
#8800=ORIENTED_EDGE('',*,*,#6544,.F.);
#8801=ORIENTED_EDGE('',*,*,#6549,.F.);
#8802=ORIENTED_EDGE('',*,*,#6550,.T.);
#8803=ORIENTED_EDGE('',*,*,#6551,.T.);
#8804=ORIENTED_EDGE('',*,*,#6547,.F.);
#8805=ORIENTED_EDGE('',*,*,#6552,.F.);
#8806=ORIENTED_EDGE('',*,*,#6553,.T.);
#8807=ORIENTED_EDGE('',*,*,#6554,.T.);
#8808=ORIENTED_EDGE('',*,*,#6550,.F.);
#8809=ORIENTED_EDGE('',*,*,#6555,.F.);
#8810=ORIENTED_EDGE('',*,*,#6542,.T.);
#8811=ORIENTED_EDGE('',*,*,#6556,.T.);
#8812=ORIENTED_EDGE('',*,*,#6553,.F.);
#8813=ORIENTED_EDGE('',*,*,#5828,.F.);
#8814=ORIENTED_EDGE('',*,*,#6557,.T.);
#8815=ORIENTED_EDGE('',*,*,#6558,.T.);
#8816=ORIENTED_EDGE('',*,*,#6559,.F.);
#8817=ORIENTED_EDGE('',*,*,#5839,.F.);
#8818=ORIENTED_EDGE('',*,*,#6560,.T.);
#8819=ORIENTED_EDGE('',*,*,#6561,.T.);
#8820=ORIENTED_EDGE('',*,*,#6557,.F.);
#8821=ORIENTED_EDGE('',*,*,#5838,.F.);
#8822=ORIENTED_EDGE('',*,*,#6562,.T.);
#8823=ORIENTED_EDGE('',*,*,#6563,.T.);
#8824=ORIENTED_EDGE('',*,*,#6560,.F.);
#8825=ORIENTED_EDGE('',*,*,#5837,.F.);
#8826=ORIENTED_EDGE('',*,*,#6564,.T.);
#8827=ORIENTED_EDGE('',*,*,#6565,.T.);
#8828=ORIENTED_EDGE('',*,*,#6562,.F.);
#8829=ORIENTED_EDGE('',*,*,#5836,.F.);
#8830=ORIENTED_EDGE('',*,*,#6566,.T.);
#8831=ORIENTED_EDGE('',*,*,#6567,.T.);
#8832=ORIENTED_EDGE('',*,*,#6564,.F.);
#8833=ORIENTED_EDGE('',*,*,#5835,.F.);
#8834=ORIENTED_EDGE('',*,*,#6568,.T.);
#8835=ORIENTED_EDGE('',*,*,#6569,.T.);
#8836=ORIENTED_EDGE('',*,*,#6566,.F.);
#8837=ORIENTED_EDGE('',*,*,#5834,.F.);
#8838=ORIENTED_EDGE('',*,*,#6570,.T.);
#8839=ORIENTED_EDGE('',*,*,#6571,.T.);
#8840=ORIENTED_EDGE('',*,*,#6568,.F.);
#8841=ORIENTED_EDGE('',*,*,#5833,.F.);
#8842=ORIENTED_EDGE('',*,*,#6572,.T.);
#8843=ORIENTED_EDGE('',*,*,#6573,.T.);
#8844=ORIENTED_EDGE('',*,*,#6570,.F.);
#8845=ORIENTED_EDGE('',*,*,#5832,.F.);
#8846=ORIENTED_EDGE('',*,*,#6574,.T.);
#8847=ORIENTED_EDGE('',*,*,#6575,.T.);
#8848=ORIENTED_EDGE('',*,*,#6572,.F.);
#8849=ORIENTED_EDGE('',*,*,#5831,.F.);
#8850=ORIENTED_EDGE('',*,*,#6576,.T.);
#8851=ORIENTED_EDGE('',*,*,#6577,.T.);
#8852=ORIENTED_EDGE('',*,*,#6574,.F.);
#8853=ORIENTED_EDGE('',*,*,#5830,.F.);
#8854=ORIENTED_EDGE('',*,*,#6578,.T.);
#8855=ORIENTED_EDGE('',*,*,#6579,.T.);
#8856=ORIENTED_EDGE('',*,*,#6576,.F.);
#8857=ORIENTED_EDGE('',*,*,#5829,.F.);
#8858=ORIENTED_EDGE('',*,*,#6559,.T.);
#8859=ORIENTED_EDGE('',*,*,#6580,.T.);
#8860=ORIENTED_EDGE('',*,*,#6578,.F.);
#8861=ORIENTED_EDGE('',*,*,#6580,.F.);
#8862=ORIENTED_EDGE('',*,*,#6558,.F.);
#8863=ORIENTED_EDGE('',*,*,#6561,.F.);
#8864=ORIENTED_EDGE('',*,*,#6563,.F.);
#8865=ORIENTED_EDGE('',*,*,#6565,.F.);
#8866=ORIENTED_EDGE('',*,*,#6567,.F.);
#8867=ORIENTED_EDGE('',*,*,#6569,.F.);
#8868=ORIENTED_EDGE('',*,*,#6571,.F.);
#8869=ORIENTED_EDGE('',*,*,#6573,.F.);
#8870=ORIENTED_EDGE('',*,*,#6575,.F.);
#8871=ORIENTED_EDGE('',*,*,#6577,.F.);
#8872=ORIENTED_EDGE('',*,*,#6579,.F.);
#8873=ORIENTED_EDGE('',*,*,#6556,.F.);
#8874=ORIENTED_EDGE('',*,*,#6541,.F.);
#8875=ORIENTED_EDGE('',*,*,#6545,.F.);
#8876=ORIENTED_EDGE('',*,*,#6548,.F.);
#8877=ORIENTED_EDGE('',*,*,#6551,.F.);
#8878=ORIENTED_EDGE('',*,*,#6554,.F.);
#8879=ORIENTED_EDGE('',*,*,#6581,.F.);
#8880=ORIENTED_EDGE('',*,*,#6582,.T.);
#8881=ORIENTED_EDGE('',*,*,#6583,.T.);
#8882=ORIENTED_EDGE('',*,*,#6584,.F.);
#8883=ORIENTED_EDGE('',*,*,#6585,.F.);
#8884=ORIENTED_EDGE('',*,*,#6586,.T.);
#8885=ORIENTED_EDGE('',*,*,#6587,.T.);
#8886=ORIENTED_EDGE('',*,*,#6582,.F.);
#8887=ORIENTED_EDGE('',*,*,#6588,.F.);
#8888=ORIENTED_EDGE('',*,*,#6589,.T.);
#8889=ORIENTED_EDGE('',*,*,#6590,.T.);
#8890=ORIENTED_EDGE('',*,*,#6586,.F.);
#8891=ORIENTED_EDGE('',*,*,#6591,.F.);
#8892=ORIENTED_EDGE('',*,*,#6592,.T.);
#8893=ORIENTED_EDGE('',*,*,#6593,.T.);
#8894=ORIENTED_EDGE('',*,*,#6589,.F.);
#8895=ORIENTED_EDGE('',*,*,#6594,.F.);
#8896=ORIENTED_EDGE('',*,*,#6595,.T.);
#8897=ORIENTED_EDGE('',*,*,#6596,.T.);
#8898=ORIENTED_EDGE('',*,*,#6592,.F.);
#8899=ORIENTED_EDGE('',*,*,#6597,.F.);
#8900=ORIENTED_EDGE('',*,*,#6584,.T.);
#8901=ORIENTED_EDGE('',*,*,#6598,.T.);
#8902=ORIENTED_EDGE('',*,*,#6595,.F.);
#8903=ORIENTED_EDGE('',*,*,#5814,.F.);
#8904=ORIENTED_EDGE('',*,*,#6599,.T.);
#8905=ORIENTED_EDGE('',*,*,#6600,.T.);
#8906=ORIENTED_EDGE('',*,*,#6601,.F.);
#8907=ORIENTED_EDGE('',*,*,#5827,.F.);
#8908=ORIENTED_EDGE('',*,*,#6602,.T.);
#8909=ORIENTED_EDGE('',*,*,#6603,.T.);
#8910=ORIENTED_EDGE('',*,*,#6599,.F.);
#8911=ORIENTED_EDGE('',*,*,#5826,.F.);
#8912=ORIENTED_EDGE('',*,*,#6604,.T.);
#8913=ORIENTED_EDGE('',*,*,#6605,.T.);
#8914=ORIENTED_EDGE('',*,*,#6602,.F.);
#8915=ORIENTED_EDGE('',*,*,#5825,.F.);
#8916=ORIENTED_EDGE('',*,*,#6606,.T.);
#8917=ORIENTED_EDGE('',*,*,#6607,.T.);
#8918=ORIENTED_EDGE('',*,*,#6604,.F.);
#8919=ORIENTED_EDGE('',*,*,#5824,.F.);
#8920=ORIENTED_EDGE('',*,*,#6608,.T.);
#8921=ORIENTED_EDGE('',*,*,#6609,.T.);
#8922=ORIENTED_EDGE('',*,*,#6606,.F.);
#8923=ORIENTED_EDGE('',*,*,#5823,.F.);
#8924=ORIENTED_EDGE('',*,*,#6610,.T.);
#8925=ORIENTED_EDGE('',*,*,#6611,.T.);
#8926=ORIENTED_EDGE('',*,*,#6608,.F.);
#8927=ORIENTED_EDGE('',*,*,#5822,.F.);
#8928=ORIENTED_EDGE('',*,*,#6612,.T.);
#8929=ORIENTED_EDGE('',*,*,#6613,.T.);
#8930=ORIENTED_EDGE('',*,*,#6610,.F.);
#8931=ORIENTED_EDGE('',*,*,#5821,.F.);
#8932=ORIENTED_EDGE('',*,*,#6614,.T.);
#8933=ORIENTED_EDGE('',*,*,#6615,.T.);
#8934=ORIENTED_EDGE('',*,*,#6612,.F.);
#8935=ORIENTED_EDGE('',*,*,#5820,.F.);
#8936=ORIENTED_EDGE('',*,*,#6616,.T.);
#8937=ORIENTED_EDGE('',*,*,#6617,.T.);
#8938=ORIENTED_EDGE('',*,*,#6614,.F.);
#8939=ORIENTED_EDGE('',*,*,#5819,.F.);
#8940=ORIENTED_EDGE('',*,*,#6618,.T.);
#8941=ORIENTED_EDGE('',*,*,#6619,.T.);
#8942=ORIENTED_EDGE('',*,*,#6616,.F.);
#8943=ORIENTED_EDGE('',*,*,#5818,.F.);
#8944=ORIENTED_EDGE('',*,*,#6620,.T.);
#8945=ORIENTED_EDGE('',*,*,#6621,.T.);
#8946=ORIENTED_EDGE('',*,*,#6618,.F.);
#8947=ORIENTED_EDGE('',*,*,#5817,.F.);
#8948=ORIENTED_EDGE('',*,*,#6622,.T.);
#8949=ORIENTED_EDGE('',*,*,#6623,.T.);
#8950=ORIENTED_EDGE('',*,*,#6620,.F.);
#8951=ORIENTED_EDGE('',*,*,#5816,.F.);
#8952=ORIENTED_EDGE('',*,*,#6624,.T.);
#8953=ORIENTED_EDGE('',*,*,#6625,.T.);
#8954=ORIENTED_EDGE('',*,*,#6622,.F.);
#8955=ORIENTED_EDGE('',*,*,#5815,.F.);
#8956=ORIENTED_EDGE('',*,*,#6601,.T.);
#8957=ORIENTED_EDGE('',*,*,#6626,.T.);
#8958=ORIENTED_EDGE('',*,*,#6624,.F.);
#8959=ORIENTED_EDGE('',*,*,#6626,.F.);
#8960=ORIENTED_EDGE('',*,*,#6600,.F.);
#8961=ORIENTED_EDGE('',*,*,#6603,.F.);
#8962=ORIENTED_EDGE('',*,*,#6605,.F.);
#8963=ORIENTED_EDGE('',*,*,#6607,.F.);
#8964=ORIENTED_EDGE('',*,*,#6609,.F.);
#8965=ORIENTED_EDGE('',*,*,#6611,.F.);
#8966=ORIENTED_EDGE('',*,*,#6613,.F.);
#8967=ORIENTED_EDGE('',*,*,#6615,.F.);
#8968=ORIENTED_EDGE('',*,*,#6617,.F.);
#8969=ORIENTED_EDGE('',*,*,#6619,.F.);
#8970=ORIENTED_EDGE('',*,*,#6621,.F.);
#8971=ORIENTED_EDGE('',*,*,#6623,.F.);
#8972=ORIENTED_EDGE('',*,*,#6625,.F.);
#8973=ORIENTED_EDGE('',*,*,#6598,.F.);
#8974=ORIENTED_EDGE('',*,*,#6583,.F.);
#8975=ORIENTED_EDGE('',*,*,#6587,.F.);
#8976=ORIENTED_EDGE('',*,*,#6590,.F.);
#8977=ORIENTED_EDGE('',*,*,#6593,.F.);
#8978=ORIENTED_EDGE('',*,*,#6596,.F.);
#8979=ORIENTED_EDGE('',*,*,#5802,.F.);
#8980=ORIENTED_EDGE('',*,*,#6627,.T.);
#8981=ORIENTED_EDGE('',*,*,#6628,.T.);
#8982=ORIENTED_EDGE('',*,*,#6629,.F.);
#8983=ORIENTED_EDGE('',*,*,#5813,.F.);
#8984=ORIENTED_EDGE('',*,*,#6630,.T.);
#8985=ORIENTED_EDGE('',*,*,#6631,.T.);
#8986=ORIENTED_EDGE('',*,*,#6627,.F.);
#8987=ORIENTED_EDGE('',*,*,#5812,.F.);
#8988=ORIENTED_EDGE('',*,*,#6632,.T.);
#8989=ORIENTED_EDGE('',*,*,#6633,.T.);
#8990=ORIENTED_EDGE('',*,*,#6630,.F.);
#8991=ORIENTED_EDGE('',*,*,#5811,.F.);
#8992=ORIENTED_EDGE('',*,*,#6634,.T.);
#8993=ORIENTED_EDGE('',*,*,#6635,.T.);
#8994=ORIENTED_EDGE('',*,*,#6632,.F.);
#8995=ORIENTED_EDGE('',*,*,#5810,.F.);
#8996=ORIENTED_EDGE('',*,*,#6636,.T.);
#8997=ORIENTED_EDGE('',*,*,#6637,.T.);
#8998=ORIENTED_EDGE('',*,*,#6634,.F.);
#8999=ORIENTED_EDGE('',*,*,#5809,.F.);
#9000=ORIENTED_EDGE('',*,*,#6638,.T.);
#9001=ORIENTED_EDGE('',*,*,#6639,.T.);
#9002=ORIENTED_EDGE('',*,*,#6636,.F.);
#9003=ORIENTED_EDGE('',*,*,#5808,.F.);
#9004=ORIENTED_EDGE('',*,*,#6640,.T.);
#9005=ORIENTED_EDGE('',*,*,#6641,.T.);
#9006=ORIENTED_EDGE('',*,*,#6638,.F.);
#9007=ORIENTED_EDGE('',*,*,#5807,.F.);
#9008=ORIENTED_EDGE('',*,*,#6642,.T.);
#9009=ORIENTED_EDGE('',*,*,#6643,.T.);
#9010=ORIENTED_EDGE('',*,*,#6640,.F.);
#9011=ORIENTED_EDGE('',*,*,#5806,.F.);
#9012=ORIENTED_EDGE('',*,*,#6644,.T.);
#9013=ORIENTED_EDGE('',*,*,#6645,.T.);
#9014=ORIENTED_EDGE('',*,*,#6642,.F.);
#9015=ORIENTED_EDGE('',*,*,#5805,.F.);
#9016=ORIENTED_EDGE('',*,*,#6646,.T.);
#9017=ORIENTED_EDGE('',*,*,#6647,.T.);
#9018=ORIENTED_EDGE('',*,*,#6644,.F.);
#9019=ORIENTED_EDGE('',*,*,#5804,.F.);
#9020=ORIENTED_EDGE('',*,*,#6648,.T.);
#9021=ORIENTED_EDGE('',*,*,#6649,.T.);
#9022=ORIENTED_EDGE('',*,*,#6646,.F.);
#9023=ORIENTED_EDGE('',*,*,#5803,.F.);
#9024=ORIENTED_EDGE('',*,*,#6629,.T.);
#9025=ORIENTED_EDGE('',*,*,#6650,.T.);
#9026=ORIENTED_EDGE('',*,*,#6648,.F.);
#9027=ORIENTED_EDGE('',*,*,#6650,.F.);
#9028=ORIENTED_EDGE('',*,*,#6628,.F.);
#9029=ORIENTED_EDGE('',*,*,#6631,.F.);
#9030=ORIENTED_EDGE('',*,*,#6633,.F.);
#9031=ORIENTED_EDGE('',*,*,#6635,.F.);
#9032=ORIENTED_EDGE('',*,*,#6637,.F.);
#9033=ORIENTED_EDGE('',*,*,#6639,.F.);
#9034=ORIENTED_EDGE('',*,*,#6641,.F.);
#9035=ORIENTED_EDGE('',*,*,#6643,.F.);
#9036=ORIENTED_EDGE('',*,*,#6645,.F.);
#9037=ORIENTED_EDGE('',*,*,#6647,.F.);
#9038=ORIENTED_EDGE('',*,*,#6649,.F.);
#9039=ORIENTED_EDGE('',*,*,#5777,.F.);
#9040=ORIENTED_EDGE('',*,*,#6651,.T.);
#9041=ORIENTED_EDGE('',*,*,#6652,.T.);
#9042=ORIENTED_EDGE('',*,*,#6653,.F.);
#9043=ORIENTED_EDGE('',*,*,#5801,.F.);
#9044=ORIENTED_EDGE('',*,*,#6654,.T.);
#9045=ORIENTED_EDGE('',*,*,#6655,.T.);
#9046=ORIENTED_EDGE('',*,*,#6651,.F.);
#9047=ORIENTED_EDGE('',*,*,#5800,.F.);
#9048=ORIENTED_EDGE('',*,*,#6656,.T.);
#9049=ORIENTED_EDGE('',*,*,#6657,.T.);
#9050=ORIENTED_EDGE('',*,*,#6654,.F.);
#9051=ORIENTED_EDGE('',*,*,#5799,.F.);
#9052=ORIENTED_EDGE('',*,*,#6658,.T.);
#9053=ORIENTED_EDGE('',*,*,#6659,.T.);
#9054=ORIENTED_EDGE('',*,*,#6656,.F.);
#9055=ORIENTED_EDGE('',*,*,#5798,.F.);
#9056=ORIENTED_EDGE('',*,*,#6660,.T.);
#9057=ORIENTED_EDGE('',*,*,#6661,.T.);
#9058=ORIENTED_EDGE('',*,*,#6658,.F.);
#9059=ORIENTED_EDGE('',*,*,#5797,.F.);
#9060=ORIENTED_EDGE('',*,*,#6662,.T.);
#9061=ORIENTED_EDGE('',*,*,#6663,.T.);
#9062=ORIENTED_EDGE('',*,*,#6660,.F.);
#9063=ORIENTED_EDGE('',*,*,#5796,.F.);
#9064=ORIENTED_EDGE('',*,*,#6664,.T.);
#9065=ORIENTED_EDGE('',*,*,#6665,.T.);
#9066=ORIENTED_EDGE('',*,*,#6662,.F.);
#9067=ORIENTED_EDGE('',*,*,#5795,.F.);
#9068=ORIENTED_EDGE('',*,*,#6666,.T.);
#9069=ORIENTED_EDGE('',*,*,#6667,.T.);
#9070=ORIENTED_EDGE('',*,*,#6664,.F.);
#9071=ORIENTED_EDGE('',*,*,#5794,.F.);
#9072=ORIENTED_EDGE('',*,*,#6668,.T.);
#9073=ORIENTED_EDGE('',*,*,#6669,.T.);
#9074=ORIENTED_EDGE('',*,*,#6666,.F.);
#9075=ORIENTED_EDGE('',*,*,#5793,.F.);
#9076=ORIENTED_EDGE('',*,*,#6670,.T.);
#9077=ORIENTED_EDGE('',*,*,#6671,.T.);
#9078=ORIENTED_EDGE('',*,*,#6668,.F.);
#9079=ORIENTED_EDGE('',*,*,#5792,.F.);
#9080=ORIENTED_EDGE('',*,*,#6672,.T.);
#9081=ORIENTED_EDGE('',*,*,#6673,.T.);
#9082=ORIENTED_EDGE('',*,*,#6670,.F.);
#9083=ORIENTED_EDGE('',*,*,#5791,.F.);
#9084=ORIENTED_EDGE('',*,*,#6674,.T.);
#9085=ORIENTED_EDGE('',*,*,#6675,.T.);
#9086=ORIENTED_EDGE('',*,*,#6672,.F.);
#9087=ORIENTED_EDGE('',*,*,#5790,.F.);
#9088=ORIENTED_EDGE('',*,*,#6676,.T.);
#9089=ORIENTED_EDGE('',*,*,#6677,.T.);
#9090=ORIENTED_EDGE('',*,*,#6674,.F.);
#9091=ORIENTED_EDGE('',*,*,#5789,.F.);
#9092=ORIENTED_EDGE('',*,*,#6678,.T.);
#9093=ORIENTED_EDGE('',*,*,#6679,.T.);
#9094=ORIENTED_EDGE('',*,*,#6676,.F.);
#9095=ORIENTED_EDGE('',*,*,#5788,.F.);
#9096=ORIENTED_EDGE('',*,*,#6680,.T.);
#9097=ORIENTED_EDGE('',*,*,#6681,.T.);
#9098=ORIENTED_EDGE('',*,*,#6678,.F.);
#9099=ORIENTED_EDGE('',*,*,#5787,.F.);
#9100=ORIENTED_EDGE('',*,*,#6682,.T.);
#9101=ORIENTED_EDGE('',*,*,#6683,.T.);
#9102=ORIENTED_EDGE('',*,*,#6680,.F.);
#9103=ORIENTED_EDGE('',*,*,#5786,.F.);
#9104=ORIENTED_EDGE('',*,*,#6684,.T.);
#9105=ORIENTED_EDGE('',*,*,#6685,.T.);
#9106=ORIENTED_EDGE('',*,*,#6682,.F.);
#9107=ORIENTED_EDGE('',*,*,#5785,.F.);
#9108=ORIENTED_EDGE('',*,*,#6686,.T.);
#9109=ORIENTED_EDGE('',*,*,#6687,.T.);
#9110=ORIENTED_EDGE('',*,*,#6684,.F.);
#9111=ORIENTED_EDGE('',*,*,#5784,.F.);
#9112=ORIENTED_EDGE('',*,*,#6688,.T.);
#9113=ORIENTED_EDGE('',*,*,#6689,.T.);
#9114=ORIENTED_EDGE('',*,*,#6686,.F.);
#9115=ORIENTED_EDGE('',*,*,#5783,.F.);
#9116=ORIENTED_EDGE('',*,*,#6690,.T.);
#9117=ORIENTED_EDGE('',*,*,#6691,.T.);
#9118=ORIENTED_EDGE('',*,*,#6688,.F.);
#9119=ORIENTED_EDGE('',*,*,#5782,.F.);
#9120=ORIENTED_EDGE('',*,*,#6692,.T.);
#9121=ORIENTED_EDGE('',*,*,#6693,.T.);
#9122=ORIENTED_EDGE('',*,*,#6690,.F.);
#9123=ORIENTED_EDGE('',*,*,#5781,.F.);
#9124=ORIENTED_EDGE('',*,*,#6694,.T.);
#9125=ORIENTED_EDGE('',*,*,#6695,.T.);
#9126=ORIENTED_EDGE('',*,*,#6692,.F.);
#9127=ORIENTED_EDGE('',*,*,#5780,.F.);
#9128=ORIENTED_EDGE('',*,*,#6696,.T.);
#9129=ORIENTED_EDGE('',*,*,#6697,.T.);
#9130=ORIENTED_EDGE('',*,*,#6694,.F.);
#9131=ORIENTED_EDGE('',*,*,#5779,.F.);
#9132=ORIENTED_EDGE('',*,*,#6698,.T.);
#9133=ORIENTED_EDGE('',*,*,#6699,.T.);
#9134=ORIENTED_EDGE('',*,*,#6696,.F.);
#9135=ORIENTED_EDGE('',*,*,#5778,.F.);
#9136=ORIENTED_EDGE('',*,*,#6653,.T.);
#9137=ORIENTED_EDGE('',*,*,#6700,.T.);
#9138=ORIENTED_EDGE('',*,*,#6698,.F.);
#9139=ORIENTED_EDGE('',*,*,#6700,.F.);
#9140=ORIENTED_EDGE('',*,*,#6652,.F.);
#9141=ORIENTED_EDGE('',*,*,#6655,.F.);
#9142=ORIENTED_EDGE('',*,*,#6657,.F.);
#9143=ORIENTED_EDGE('',*,*,#6659,.F.);
#9144=ORIENTED_EDGE('',*,*,#6661,.F.);
#9145=ORIENTED_EDGE('',*,*,#6663,.F.);
#9146=ORIENTED_EDGE('',*,*,#6665,.F.);
#9147=ORIENTED_EDGE('',*,*,#6667,.F.);
#9148=ORIENTED_EDGE('',*,*,#6669,.F.);
#9149=ORIENTED_EDGE('',*,*,#6671,.F.);
#9150=ORIENTED_EDGE('',*,*,#6673,.F.);
#9151=ORIENTED_EDGE('',*,*,#6675,.F.);
#9152=ORIENTED_EDGE('',*,*,#6677,.F.);
#9153=ORIENTED_EDGE('',*,*,#6679,.F.);
#9154=ORIENTED_EDGE('',*,*,#6681,.F.);
#9155=ORIENTED_EDGE('',*,*,#6683,.F.);
#9156=ORIENTED_EDGE('',*,*,#6685,.F.);
#9157=ORIENTED_EDGE('',*,*,#6687,.F.);
#9158=ORIENTED_EDGE('',*,*,#6689,.F.);
#9159=ORIENTED_EDGE('',*,*,#6691,.F.);
#9160=ORIENTED_EDGE('',*,*,#6693,.F.);
#9161=ORIENTED_EDGE('',*,*,#6695,.F.);
#9162=ORIENTED_EDGE('',*,*,#6697,.F.);
#9163=ORIENTED_EDGE('',*,*,#6699,.F.);
#9164=ORIENTED_EDGE('',*,*,#6701,.F.);
#9165=ORIENTED_EDGE('',*,*,#6702,.T.);
#9166=ORIENTED_EDGE('',*,*,#6703,.T.);
#9167=ORIENTED_EDGE('',*,*,#6704,.F.);
#9168=ORIENTED_EDGE('',*,*,#6705,.F.);
#9169=ORIENTED_EDGE('',*,*,#6706,.T.);
#9170=ORIENTED_EDGE('',*,*,#6707,.T.);
#9171=ORIENTED_EDGE('',*,*,#6702,.F.);
#9172=ORIENTED_EDGE('',*,*,#6708,.F.);
#9173=ORIENTED_EDGE('',*,*,#6709,.T.);
#9174=ORIENTED_EDGE('',*,*,#6710,.T.);
#9175=ORIENTED_EDGE('',*,*,#6706,.F.);
#9176=ORIENTED_EDGE('',*,*,#6711,.F.);
#9177=ORIENTED_EDGE('',*,*,#6712,.T.);
#9178=ORIENTED_EDGE('',*,*,#6713,.T.);
#9179=ORIENTED_EDGE('',*,*,#6709,.F.);
#9180=ORIENTED_EDGE('',*,*,#6714,.F.);
#9181=ORIENTED_EDGE('',*,*,#6715,.T.);
#9182=ORIENTED_EDGE('',*,*,#6716,.T.);
#9183=ORIENTED_EDGE('',*,*,#6712,.F.);
#9184=ORIENTED_EDGE('',*,*,#6717,.F.);
#9185=ORIENTED_EDGE('',*,*,#6704,.T.);
#9186=ORIENTED_EDGE('',*,*,#6718,.T.);
#9187=ORIENTED_EDGE('',*,*,#6715,.F.);
#9188=ORIENTED_EDGE('',*,*,#5763,.F.);
#9189=ORIENTED_EDGE('',*,*,#6719,.T.);
#9190=ORIENTED_EDGE('',*,*,#6720,.T.);
#9191=ORIENTED_EDGE('',*,*,#6721,.F.);
#9192=ORIENTED_EDGE('',*,*,#5776,.F.);
#9193=ORIENTED_EDGE('',*,*,#6722,.T.);
#9194=ORIENTED_EDGE('',*,*,#6723,.T.);
#9195=ORIENTED_EDGE('',*,*,#6719,.F.);
#9196=ORIENTED_EDGE('',*,*,#5775,.F.);
#9197=ORIENTED_EDGE('',*,*,#6724,.T.);
#9198=ORIENTED_EDGE('',*,*,#6725,.T.);
#9199=ORIENTED_EDGE('',*,*,#6722,.F.);
#9200=ORIENTED_EDGE('',*,*,#5774,.F.);
#9201=ORIENTED_EDGE('',*,*,#6726,.T.);
#9202=ORIENTED_EDGE('',*,*,#6727,.T.);
#9203=ORIENTED_EDGE('',*,*,#6724,.F.);
#9204=ORIENTED_EDGE('',*,*,#5773,.F.);
#9205=ORIENTED_EDGE('',*,*,#6728,.T.);
#9206=ORIENTED_EDGE('',*,*,#6729,.T.);
#9207=ORIENTED_EDGE('',*,*,#6726,.F.);
#9208=ORIENTED_EDGE('',*,*,#5772,.F.);
#9209=ORIENTED_EDGE('',*,*,#6730,.T.);
#9210=ORIENTED_EDGE('',*,*,#6731,.T.);
#9211=ORIENTED_EDGE('',*,*,#6728,.F.);
#9212=ORIENTED_EDGE('',*,*,#5771,.F.);
#9213=ORIENTED_EDGE('',*,*,#6732,.T.);
#9214=ORIENTED_EDGE('',*,*,#6733,.T.);
#9215=ORIENTED_EDGE('',*,*,#6730,.F.);
#9216=ORIENTED_EDGE('',*,*,#5770,.F.);
#9217=ORIENTED_EDGE('',*,*,#6734,.T.);
#9218=ORIENTED_EDGE('',*,*,#6735,.T.);
#9219=ORIENTED_EDGE('',*,*,#6732,.F.);
#9220=ORIENTED_EDGE('',*,*,#5769,.F.);
#9221=ORIENTED_EDGE('',*,*,#6736,.T.);
#9222=ORIENTED_EDGE('',*,*,#6737,.T.);
#9223=ORIENTED_EDGE('',*,*,#6734,.F.);
#9224=ORIENTED_EDGE('',*,*,#5768,.F.);
#9225=ORIENTED_EDGE('',*,*,#6738,.T.);
#9226=ORIENTED_EDGE('',*,*,#6739,.T.);
#9227=ORIENTED_EDGE('',*,*,#6736,.F.);
#9228=ORIENTED_EDGE('',*,*,#5767,.F.);
#9229=ORIENTED_EDGE('',*,*,#6740,.T.);
#9230=ORIENTED_EDGE('',*,*,#6741,.T.);
#9231=ORIENTED_EDGE('',*,*,#6738,.F.);
#9232=ORIENTED_EDGE('',*,*,#5766,.F.);
#9233=ORIENTED_EDGE('',*,*,#6742,.T.);
#9234=ORIENTED_EDGE('',*,*,#6743,.T.);
#9235=ORIENTED_EDGE('',*,*,#6740,.F.);
#9236=ORIENTED_EDGE('',*,*,#5765,.F.);
#9237=ORIENTED_EDGE('',*,*,#6744,.T.);
#9238=ORIENTED_EDGE('',*,*,#6745,.T.);
#9239=ORIENTED_EDGE('',*,*,#6742,.F.);
#9240=ORIENTED_EDGE('',*,*,#5764,.F.);
#9241=ORIENTED_EDGE('',*,*,#6721,.T.);
#9242=ORIENTED_EDGE('',*,*,#6746,.T.);
#9243=ORIENTED_EDGE('',*,*,#6744,.F.);
#9244=ORIENTED_EDGE('',*,*,#6746,.F.);
#9245=ORIENTED_EDGE('',*,*,#6720,.F.);
#9246=ORIENTED_EDGE('',*,*,#6723,.F.);
#9247=ORIENTED_EDGE('',*,*,#6725,.F.);
#9248=ORIENTED_EDGE('',*,*,#6727,.F.);
#9249=ORIENTED_EDGE('',*,*,#6729,.F.);
#9250=ORIENTED_EDGE('',*,*,#6731,.F.);
#9251=ORIENTED_EDGE('',*,*,#6733,.F.);
#9252=ORIENTED_EDGE('',*,*,#6735,.F.);
#9253=ORIENTED_EDGE('',*,*,#6737,.F.);
#9254=ORIENTED_EDGE('',*,*,#6739,.F.);
#9255=ORIENTED_EDGE('',*,*,#6741,.F.);
#9256=ORIENTED_EDGE('',*,*,#6743,.F.);
#9257=ORIENTED_EDGE('',*,*,#6745,.F.);
#9258=ORIENTED_EDGE('',*,*,#6718,.F.);
#9259=ORIENTED_EDGE('',*,*,#6703,.F.);
#9260=ORIENTED_EDGE('',*,*,#6707,.F.);
#9261=ORIENTED_EDGE('',*,*,#6710,.F.);
#9262=ORIENTED_EDGE('',*,*,#6713,.F.);
#9263=ORIENTED_EDGE('',*,*,#6716,.F.);
#9264=ORIENTED_EDGE('',*,*,#6701,.T.);
#9265=ORIENTED_EDGE('',*,*,#6717,.T.);
#9266=ORIENTED_EDGE('',*,*,#6714,.T.);
#9267=ORIENTED_EDGE('',*,*,#6711,.T.);
#9268=ORIENTED_EDGE('',*,*,#6708,.T.);
#9269=ORIENTED_EDGE('',*,*,#6705,.T.);
#9270=ORIENTED_EDGE('',*,*,#6581,.T.);
#9271=ORIENTED_EDGE('',*,*,#6597,.T.);
#9272=ORIENTED_EDGE('',*,*,#6594,.T.);
#9273=ORIENTED_EDGE('',*,*,#6591,.T.);
#9274=ORIENTED_EDGE('',*,*,#6588,.T.);
#9275=ORIENTED_EDGE('',*,*,#6585,.T.);
#9276=ORIENTED_EDGE('',*,*,#6539,.T.);
#9277=ORIENTED_EDGE('',*,*,#6555,.T.);
#9278=ORIENTED_EDGE('',*,*,#6552,.T.);
#9279=ORIENTED_EDGE('',*,*,#6549,.T.);
#9280=ORIENTED_EDGE('',*,*,#6546,.T.);
#9281=ORIENTED_EDGE('',*,*,#6543,.T.);
#9282=ORIENTED_EDGE('',*,*,#6456,.T.);
#9283=ORIENTED_EDGE('',*,*,#6469,.T.);
#9284=ORIENTED_EDGE('',*,*,#6466,.T.);
#9285=ORIENTED_EDGE('',*,*,#6463,.T.);
#9286=ORIENTED_EDGE('',*,*,#6460,.T.);
#9287=ORIENTED_EDGE('',*,*,#6415,.T.);
#9288=ORIENTED_EDGE('',*,*,#6428,.T.);
#9289=ORIENTED_EDGE('',*,*,#6425,.T.);
#9290=ORIENTED_EDGE('',*,*,#6422,.T.);
#9291=ORIENTED_EDGE('',*,*,#6419,.T.);
#9292=ORIENTED_EDGE('',*,*,#6300,.T.);
#9293=ORIENTED_EDGE('',*,*,#6313,.T.);
#9294=ORIENTED_EDGE('',*,*,#6310,.T.);
#9295=ORIENTED_EDGE('',*,*,#6307,.T.);
#9296=ORIENTED_EDGE('',*,*,#6304,.T.);
#9297=ORIENTED_EDGE('',*,*,#6259,.T.);
#9298=ORIENTED_EDGE('',*,*,#6272,.T.);
#9299=ORIENTED_EDGE('',*,*,#6269,.T.);
#9300=ORIENTED_EDGE('',*,*,#6266,.T.);
#9301=ORIENTED_EDGE('',*,*,#6263,.T.);
#9302=ORIENTED_EDGE('',*,*,#5625,.F.);
#9303=ORIENTED_EDGE('',*,*,#6747,.T.);
#9304=ORIENTED_EDGE('',*,*,#6146,.F.);
#9305=ORIENTED_EDGE('',*,*,#6748,.F.);
#9306=ORIENTED_EDGE('',*,*,#5626,.F.);
#9307=ORIENTED_EDGE('',*,*,#6748,.T.);
#9308=ORIENTED_EDGE('',*,*,#6145,.F.);
#9309=ORIENTED_EDGE('',*,*,#6749,.F.);
#9310=ORIENTED_EDGE('',*,*,#5627,.F.);
#9311=ORIENTED_EDGE('',*,*,#6749,.T.);
#9312=ORIENTED_EDGE('',*,*,#6144,.F.);
#9313=ORIENTED_EDGE('',*,*,#6750,.F.);
#9314=ORIENTED_EDGE('',*,*,#5628,.F.);
#9315=ORIENTED_EDGE('',*,*,#6750,.T.);
#9316=ORIENTED_EDGE('',*,*,#6143,.F.);
#9317=ORIENTED_EDGE('',*,*,#6751,.F.);
#9318=ORIENTED_EDGE('',*,*,#5629,.F.);
#9319=ORIENTED_EDGE('',*,*,#6751,.T.);
#9320=ORIENTED_EDGE('',*,*,#6142,.F.);
#9321=ORIENTED_EDGE('',*,*,#6752,.F.);
#9322=ORIENTED_EDGE('',*,*,#5630,.F.);
#9323=ORIENTED_EDGE('',*,*,#6752,.T.);
#9324=ORIENTED_EDGE('',*,*,#6141,.F.);
#9325=ORIENTED_EDGE('',*,*,#6753,.F.);
#9326=ORIENTED_EDGE('',*,*,#5631,.F.);
#9327=ORIENTED_EDGE('',*,*,#6753,.T.);
#9328=ORIENTED_EDGE('',*,*,#6140,.F.);
#9329=ORIENTED_EDGE('',*,*,#6754,.F.);
#9330=ORIENTED_EDGE('',*,*,#5624,.F.);
#9331=ORIENTED_EDGE('',*,*,#6754,.T.);
#9332=ORIENTED_EDGE('',*,*,#6139,.F.);
#9333=ORIENTED_EDGE('',*,*,#6747,.F.);
#9334=ORIENTED_EDGE('',*,*,#5633,.F.);
#9335=ORIENTED_EDGE('',*,*,#6755,.T.);
#9336=ORIENTED_EDGE('',*,*,#6138,.F.);
#9337=ORIENTED_EDGE('',*,*,#6756,.F.);
#9338=ORIENTED_EDGE('',*,*,#5634,.F.);
#9339=ORIENTED_EDGE('',*,*,#6756,.T.);
#9340=ORIENTED_EDGE('',*,*,#6137,.F.);
#9341=ORIENTED_EDGE('',*,*,#6757,.F.);
#9342=ORIENTED_EDGE('',*,*,#5635,.F.);
#9343=ORIENTED_EDGE('',*,*,#6757,.T.);
#9344=ORIENTED_EDGE('',*,*,#6136,.F.);
#9345=ORIENTED_EDGE('',*,*,#6758,.F.);
#9346=ORIENTED_EDGE('',*,*,#5636,.F.);
#9347=ORIENTED_EDGE('',*,*,#6758,.T.);
#9348=ORIENTED_EDGE('',*,*,#6135,.F.);
#9349=ORIENTED_EDGE('',*,*,#6759,.F.);
#9350=ORIENTED_EDGE('',*,*,#5637,.F.);
#9351=ORIENTED_EDGE('',*,*,#6759,.T.);
#9352=ORIENTED_EDGE('',*,*,#6134,.F.);
#9353=ORIENTED_EDGE('',*,*,#6760,.F.);
#9354=ORIENTED_EDGE('',*,*,#5638,.F.);
#9355=ORIENTED_EDGE('',*,*,#6760,.T.);
#9356=ORIENTED_EDGE('',*,*,#6133,.F.);
#9357=ORIENTED_EDGE('',*,*,#6761,.F.);
#9358=ORIENTED_EDGE('',*,*,#5639,.F.);
#9359=ORIENTED_EDGE('',*,*,#6761,.T.);
#9360=ORIENTED_EDGE('',*,*,#6132,.F.);
#9361=ORIENTED_EDGE('',*,*,#6762,.F.);
#9362=ORIENTED_EDGE('',*,*,#5632,.F.);
#9363=ORIENTED_EDGE('',*,*,#6762,.T.);
#9364=ORIENTED_EDGE('',*,*,#6131,.F.);
#9365=ORIENTED_EDGE('',*,*,#6755,.F.);
#9366=ORIENTED_EDGE('',*,*,#5641,.F.);
#9367=ORIENTED_EDGE('',*,*,#6763,.T.);
#9368=ORIENTED_EDGE('',*,*,#6130,.F.);
#9369=ORIENTED_EDGE('',*,*,#6764,.F.);
#9370=ORIENTED_EDGE('',*,*,#5642,.F.);
#9371=ORIENTED_EDGE('',*,*,#6764,.T.);
#9372=ORIENTED_EDGE('',*,*,#6129,.F.);
#9373=ORIENTED_EDGE('',*,*,#6765,.F.);
#9374=ORIENTED_EDGE('',*,*,#5643,.F.);
#9375=ORIENTED_EDGE('',*,*,#6765,.T.);
#9376=ORIENTED_EDGE('',*,*,#6128,.F.);
#9377=ORIENTED_EDGE('',*,*,#6766,.F.);
#9378=ORIENTED_EDGE('',*,*,#5644,.F.);
#9379=ORIENTED_EDGE('',*,*,#6766,.T.);
#9380=ORIENTED_EDGE('',*,*,#6127,.F.);
#9381=ORIENTED_EDGE('',*,*,#6767,.F.);
#9382=ORIENTED_EDGE('',*,*,#5645,.F.);
#9383=ORIENTED_EDGE('',*,*,#6767,.T.);
#9384=ORIENTED_EDGE('',*,*,#6126,.F.);
#9385=ORIENTED_EDGE('',*,*,#6768,.F.);
#9386=ORIENTED_EDGE('',*,*,#5646,.F.);
#9387=ORIENTED_EDGE('',*,*,#6768,.T.);
#9388=ORIENTED_EDGE('',*,*,#6125,.F.);
#9389=ORIENTED_EDGE('',*,*,#6769,.F.);
#9390=ORIENTED_EDGE('',*,*,#5647,.F.);
#9391=ORIENTED_EDGE('',*,*,#6769,.T.);
#9392=ORIENTED_EDGE('',*,*,#6124,.F.);
#9393=ORIENTED_EDGE('',*,*,#6770,.F.);
#9394=ORIENTED_EDGE('',*,*,#5640,.F.);
#9395=ORIENTED_EDGE('',*,*,#6770,.T.);
#9396=ORIENTED_EDGE('',*,*,#6123,.F.);
#9397=ORIENTED_EDGE('',*,*,#6763,.F.);
#9398=ORIENTED_EDGE('',*,*,#6166,.F.);
#9399=ORIENTED_EDGE('',*,*,#6771,.T.);
#9400=ORIENTED_EDGE('',*,*,#5648,.F.);
#9401=ORIENTED_EDGE('',*,*,#6771,.F.);
#9402=ORIENTED_EDGE('',*,*,#6772,.F.);
#9403=ORIENTED_EDGE('',*,*,#6773,.T.);
#9404=ORIENTED_EDGE('',*,*,#5649,.F.);
#9405=ORIENTED_EDGE('',*,*,#6773,.F.);
#9406=ORIENTED_EDGE('',*,*,#5651,.F.);
#9407=ORIENTED_EDGE('',*,*,#6774,.T.);
#9408=ORIENTED_EDGE('',*,*,#6122,.F.);
#9409=ORIENTED_EDGE('',*,*,#6775,.F.);
#9410=ORIENTED_EDGE('',*,*,#5652,.F.);
#9411=ORIENTED_EDGE('',*,*,#6775,.T.);
#9412=ORIENTED_EDGE('',*,*,#6121,.F.);
#9413=ORIENTED_EDGE('',*,*,#6776,.F.);
#9414=ORIENTED_EDGE('',*,*,#5653,.F.);
#9415=ORIENTED_EDGE('',*,*,#6776,.T.);
#9416=ORIENTED_EDGE('',*,*,#6120,.F.);
#9417=ORIENTED_EDGE('',*,*,#6777,.F.);
#9418=ORIENTED_EDGE('',*,*,#5654,.F.);
#9419=ORIENTED_EDGE('',*,*,#6777,.T.);
#9420=ORIENTED_EDGE('',*,*,#6119,.F.);
#9421=ORIENTED_EDGE('',*,*,#6778,.F.);
#9422=ORIENTED_EDGE('',*,*,#5655,.F.);
#9423=ORIENTED_EDGE('',*,*,#6778,.T.);
#9424=ORIENTED_EDGE('',*,*,#6118,.F.);
#9425=ORIENTED_EDGE('',*,*,#6779,.F.);
#9426=ORIENTED_EDGE('',*,*,#5656,.F.);
#9427=ORIENTED_EDGE('',*,*,#6779,.T.);
#9428=ORIENTED_EDGE('',*,*,#6117,.F.);
#9429=ORIENTED_EDGE('',*,*,#6780,.F.);
#9430=ORIENTED_EDGE('',*,*,#5657,.F.);
#9431=ORIENTED_EDGE('',*,*,#6780,.T.);
#9432=ORIENTED_EDGE('',*,*,#6116,.F.);
#9433=ORIENTED_EDGE('',*,*,#6781,.F.);
#9434=ORIENTED_EDGE('',*,*,#5650,.F.);
#9435=ORIENTED_EDGE('',*,*,#6781,.T.);
#9436=ORIENTED_EDGE('',*,*,#6115,.F.);
#9437=ORIENTED_EDGE('',*,*,#6774,.F.);
#9438=ORIENTED_EDGE('',*,*,#5659,.F.);
#9439=ORIENTED_EDGE('',*,*,#6782,.T.);
#9440=ORIENTED_EDGE('',*,*,#6114,.F.);
#9441=ORIENTED_EDGE('',*,*,#6783,.F.);
#9442=ORIENTED_EDGE('',*,*,#5660,.F.);
#9443=ORIENTED_EDGE('',*,*,#6783,.T.);
#9444=ORIENTED_EDGE('',*,*,#6113,.F.);
#9445=ORIENTED_EDGE('',*,*,#6784,.F.);
#9446=ORIENTED_EDGE('',*,*,#5661,.F.);
#9447=ORIENTED_EDGE('',*,*,#6784,.T.);
#9448=ORIENTED_EDGE('',*,*,#6112,.F.);
#9449=ORIENTED_EDGE('',*,*,#6785,.F.);
#9450=ORIENTED_EDGE('',*,*,#5662,.F.);
#9451=ORIENTED_EDGE('',*,*,#6785,.T.);
#9452=ORIENTED_EDGE('',*,*,#6111,.F.);
#9453=ORIENTED_EDGE('',*,*,#6786,.F.);
#9454=ORIENTED_EDGE('',*,*,#5663,.F.);
#9455=ORIENTED_EDGE('',*,*,#6786,.T.);
#9456=ORIENTED_EDGE('',*,*,#6110,.F.);
#9457=ORIENTED_EDGE('',*,*,#6787,.F.);
#9458=ORIENTED_EDGE('',*,*,#5664,.F.);
#9459=ORIENTED_EDGE('',*,*,#6787,.T.);
#9460=ORIENTED_EDGE('',*,*,#6109,.F.);
#9461=ORIENTED_EDGE('',*,*,#6788,.F.);
#9462=ORIENTED_EDGE('',*,*,#5665,.F.);
#9463=ORIENTED_EDGE('',*,*,#6788,.T.);
#9464=ORIENTED_EDGE('',*,*,#6108,.F.);
#9465=ORIENTED_EDGE('',*,*,#6789,.F.);
#9466=ORIENTED_EDGE('',*,*,#5658,.F.);
#9467=ORIENTED_EDGE('',*,*,#6789,.T.);
#9468=ORIENTED_EDGE('',*,*,#6107,.F.);
#9469=ORIENTED_EDGE('',*,*,#6782,.F.);
#9470=ORIENTED_EDGE('',*,*,#5667,.F.);
#9471=ORIENTED_EDGE('',*,*,#6790,.T.);
#9472=ORIENTED_EDGE('',*,*,#6106,.F.);
#9473=ORIENTED_EDGE('',*,*,#6791,.F.);
#9474=ORIENTED_EDGE('',*,*,#5668,.F.);
#9475=ORIENTED_EDGE('',*,*,#6791,.T.);
#9476=ORIENTED_EDGE('',*,*,#6105,.F.);
#9477=ORIENTED_EDGE('',*,*,#6792,.F.);
#9478=ORIENTED_EDGE('',*,*,#5669,.F.);
#9479=ORIENTED_EDGE('',*,*,#6792,.T.);
#9480=ORIENTED_EDGE('',*,*,#6104,.F.);
#9481=ORIENTED_EDGE('',*,*,#6793,.F.);
#9482=ORIENTED_EDGE('',*,*,#5670,.F.);
#9483=ORIENTED_EDGE('',*,*,#6793,.T.);
#9484=ORIENTED_EDGE('',*,*,#6103,.F.);
#9485=ORIENTED_EDGE('',*,*,#6794,.F.);
#9486=ORIENTED_EDGE('',*,*,#5671,.F.);
#9487=ORIENTED_EDGE('',*,*,#6794,.T.);
#9488=ORIENTED_EDGE('',*,*,#6102,.F.);
#9489=ORIENTED_EDGE('',*,*,#6795,.F.);
#9490=ORIENTED_EDGE('',*,*,#5672,.F.);
#9491=ORIENTED_EDGE('',*,*,#6795,.T.);
#9492=ORIENTED_EDGE('',*,*,#6101,.F.);
#9493=ORIENTED_EDGE('',*,*,#6796,.F.);
#9494=ORIENTED_EDGE('',*,*,#5673,.F.);
#9495=ORIENTED_EDGE('',*,*,#6796,.T.);
#9496=ORIENTED_EDGE('',*,*,#6100,.F.);
#9497=ORIENTED_EDGE('',*,*,#6797,.F.);
#9498=ORIENTED_EDGE('',*,*,#5666,.F.);
#9499=ORIENTED_EDGE('',*,*,#6797,.T.);
#9500=ORIENTED_EDGE('',*,*,#6099,.F.);
#9501=ORIENTED_EDGE('',*,*,#6790,.F.);
#9502=ORIENTED_EDGE('',*,*,#5675,.F.);
#9503=ORIENTED_EDGE('',*,*,#6798,.T.);
#9504=ORIENTED_EDGE('',*,*,#6098,.F.);
#9505=ORIENTED_EDGE('',*,*,#6799,.F.);
#9506=ORIENTED_EDGE('',*,*,#5676,.F.);
#9507=ORIENTED_EDGE('',*,*,#6799,.T.);
#9508=ORIENTED_EDGE('',*,*,#6097,.F.);
#9509=ORIENTED_EDGE('',*,*,#6800,.F.);
#9510=ORIENTED_EDGE('',*,*,#5677,.F.);
#9511=ORIENTED_EDGE('',*,*,#6800,.T.);
#9512=ORIENTED_EDGE('',*,*,#6096,.F.);
#9513=ORIENTED_EDGE('',*,*,#6801,.F.);
#9514=ORIENTED_EDGE('',*,*,#5678,.F.);
#9515=ORIENTED_EDGE('',*,*,#6801,.T.);
#9516=ORIENTED_EDGE('',*,*,#6095,.F.);
#9517=ORIENTED_EDGE('',*,*,#6802,.F.);
#9518=ORIENTED_EDGE('',*,*,#5679,.F.);
#9519=ORIENTED_EDGE('',*,*,#6802,.T.);
#9520=ORIENTED_EDGE('',*,*,#6094,.F.);
#9521=ORIENTED_EDGE('',*,*,#6803,.F.);
#9522=ORIENTED_EDGE('',*,*,#5680,.F.);
#9523=ORIENTED_EDGE('',*,*,#6803,.T.);
#9524=ORIENTED_EDGE('',*,*,#6093,.F.);
#9525=ORIENTED_EDGE('',*,*,#6804,.F.);
#9526=ORIENTED_EDGE('',*,*,#5681,.F.);
#9527=ORIENTED_EDGE('',*,*,#6804,.T.);
#9528=ORIENTED_EDGE('',*,*,#6092,.F.);
#9529=ORIENTED_EDGE('',*,*,#6805,.F.);
#9530=ORIENTED_EDGE('',*,*,#5674,.F.);
#9531=ORIENTED_EDGE('',*,*,#6805,.T.);
#9532=ORIENTED_EDGE('',*,*,#6091,.F.);
#9533=ORIENTED_EDGE('',*,*,#6798,.F.);
#9534=ORIENTED_EDGE('',*,*,#5683,.F.);
#9535=ORIENTED_EDGE('',*,*,#6806,.T.);
#9536=ORIENTED_EDGE('',*,*,#6090,.F.);
#9537=ORIENTED_EDGE('',*,*,#6807,.F.);
#9538=ORIENTED_EDGE('',*,*,#5684,.F.);
#9539=ORIENTED_EDGE('',*,*,#6807,.T.);
#9540=ORIENTED_EDGE('',*,*,#6089,.F.);
#9541=ORIENTED_EDGE('',*,*,#6808,.F.);
#9542=ORIENTED_EDGE('',*,*,#5685,.F.);
#9543=ORIENTED_EDGE('',*,*,#6808,.T.);
#9544=ORIENTED_EDGE('',*,*,#6088,.F.);
#9545=ORIENTED_EDGE('',*,*,#6809,.F.);
#9546=ORIENTED_EDGE('',*,*,#5686,.F.);
#9547=ORIENTED_EDGE('',*,*,#6809,.T.);
#9548=ORIENTED_EDGE('',*,*,#6087,.F.);
#9549=ORIENTED_EDGE('',*,*,#6810,.F.);
#9550=ORIENTED_EDGE('',*,*,#5687,.F.);
#9551=ORIENTED_EDGE('',*,*,#6810,.T.);
#9552=ORIENTED_EDGE('',*,*,#6086,.F.);
#9553=ORIENTED_EDGE('',*,*,#6811,.F.);
#9554=ORIENTED_EDGE('',*,*,#5688,.F.);
#9555=ORIENTED_EDGE('',*,*,#6811,.T.);
#9556=ORIENTED_EDGE('',*,*,#6085,.F.);
#9557=ORIENTED_EDGE('',*,*,#6812,.F.);
#9558=ORIENTED_EDGE('',*,*,#5689,.F.);
#9559=ORIENTED_EDGE('',*,*,#6812,.T.);
#9560=ORIENTED_EDGE('',*,*,#6084,.F.);
#9561=ORIENTED_EDGE('',*,*,#6813,.F.);
#9562=ORIENTED_EDGE('',*,*,#5682,.F.);
#9563=ORIENTED_EDGE('',*,*,#6813,.T.);
#9564=ORIENTED_EDGE('',*,*,#6083,.F.);
#9565=ORIENTED_EDGE('',*,*,#6806,.F.);
#9566=ORIENTED_EDGE('',*,*,#5691,.F.);
#9567=ORIENTED_EDGE('',*,*,#6814,.T.);
#9568=ORIENTED_EDGE('',*,*,#6082,.F.);
#9569=ORIENTED_EDGE('',*,*,#6815,.F.);
#9570=ORIENTED_EDGE('',*,*,#5692,.F.);
#9571=ORIENTED_EDGE('',*,*,#6815,.T.);
#9572=ORIENTED_EDGE('',*,*,#6081,.F.);
#9573=ORIENTED_EDGE('',*,*,#6816,.F.);
#9574=ORIENTED_EDGE('',*,*,#5693,.F.);
#9575=ORIENTED_EDGE('',*,*,#6816,.T.);
#9576=ORIENTED_EDGE('',*,*,#6080,.F.);
#9577=ORIENTED_EDGE('',*,*,#6817,.F.);
#9578=ORIENTED_EDGE('',*,*,#5694,.F.);
#9579=ORIENTED_EDGE('',*,*,#6817,.T.);
#9580=ORIENTED_EDGE('',*,*,#6079,.F.);
#9581=ORIENTED_EDGE('',*,*,#6818,.F.);
#9582=ORIENTED_EDGE('',*,*,#5695,.F.);
#9583=ORIENTED_EDGE('',*,*,#6818,.T.);
#9584=ORIENTED_EDGE('',*,*,#6078,.F.);
#9585=ORIENTED_EDGE('',*,*,#6819,.F.);
#9586=ORIENTED_EDGE('',*,*,#5696,.F.);
#9587=ORIENTED_EDGE('',*,*,#6819,.T.);
#9588=ORIENTED_EDGE('',*,*,#6077,.F.);
#9589=ORIENTED_EDGE('',*,*,#6820,.F.);
#9590=ORIENTED_EDGE('',*,*,#5697,.F.);
#9591=ORIENTED_EDGE('',*,*,#6820,.T.);
#9592=ORIENTED_EDGE('',*,*,#6076,.F.);
#9593=ORIENTED_EDGE('',*,*,#6821,.F.);
#9594=ORIENTED_EDGE('',*,*,#5690,.F.);
#9595=ORIENTED_EDGE('',*,*,#6821,.T.);
#9596=ORIENTED_EDGE('',*,*,#6075,.F.);
#9597=ORIENTED_EDGE('',*,*,#6814,.F.);
#9598=ORIENTED_EDGE('',*,*,#5699,.F.);
#9599=ORIENTED_EDGE('',*,*,#6822,.T.);
#9600=ORIENTED_EDGE('',*,*,#6074,.F.);
#9601=ORIENTED_EDGE('',*,*,#6823,.F.);
#9602=ORIENTED_EDGE('',*,*,#5700,.F.);
#9603=ORIENTED_EDGE('',*,*,#6823,.T.);
#9604=ORIENTED_EDGE('',*,*,#6073,.F.);
#9605=ORIENTED_EDGE('',*,*,#6824,.F.);
#9606=ORIENTED_EDGE('',*,*,#5701,.F.);
#9607=ORIENTED_EDGE('',*,*,#6824,.T.);
#9608=ORIENTED_EDGE('',*,*,#6072,.F.);
#9609=ORIENTED_EDGE('',*,*,#6825,.F.);
#9610=ORIENTED_EDGE('',*,*,#5702,.F.);
#9611=ORIENTED_EDGE('',*,*,#6825,.T.);
#9612=ORIENTED_EDGE('',*,*,#6071,.F.);
#9613=ORIENTED_EDGE('',*,*,#6826,.F.);
#9614=ORIENTED_EDGE('',*,*,#5703,.F.);
#9615=ORIENTED_EDGE('',*,*,#6826,.T.);
#9616=ORIENTED_EDGE('',*,*,#6070,.F.);
#9617=ORIENTED_EDGE('',*,*,#6827,.F.);
#9618=ORIENTED_EDGE('',*,*,#5704,.F.);
#9619=ORIENTED_EDGE('',*,*,#6827,.T.);
#9620=ORIENTED_EDGE('',*,*,#6069,.F.);
#9621=ORIENTED_EDGE('',*,*,#6828,.F.);
#9622=ORIENTED_EDGE('',*,*,#5705,.F.);
#9623=ORIENTED_EDGE('',*,*,#6828,.T.);
#9624=ORIENTED_EDGE('',*,*,#6068,.F.);
#9625=ORIENTED_EDGE('',*,*,#6829,.F.);
#9626=ORIENTED_EDGE('',*,*,#5698,.F.);
#9627=ORIENTED_EDGE('',*,*,#6829,.T.);
#9628=ORIENTED_EDGE('',*,*,#6067,.F.);
#9629=ORIENTED_EDGE('',*,*,#6822,.F.);
#9630=ORIENTED_EDGE('',*,*,#5707,.F.);
#9631=ORIENTED_EDGE('',*,*,#6830,.T.);
#9632=ORIENTED_EDGE('',*,*,#6066,.F.);
#9633=ORIENTED_EDGE('',*,*,#6831,.F.);
#9634=ORIENTED_EDGE('',*,*,#5708,.F.);
#9635=ORIENTED_EDGE('',*,*,#6831,.T.);
#9636=ORIENTED_EDGE('',*,*,#6065,.F.);
#9637=ORIENTED_EDGE('',*,*,#6832,.F.);
#9638=ORIENTED_EDGE('',*,*,#5709,.F.);
#9639=ORIENTED_EDGE('',*,*,#6832,.T.);
#9640=ORIENTED_EDGE('',*,*,#6064,.F.);
#9641=ORIENTED_EDGE('',*,*,#6833,.F.);
#9642=ORIENTED_EDGE('',*,*,#5710,.F.);
#9643=ORIENTED_EDGE('',*,*,#6833,.T.);
#9644=ORIENTED_EDGE('',*,*,#6063,.F.);
#9645=ORIENTED_EDGE('',*,*,#6834,.F.);
#9646=ORIENTED_EDGE('',*,*,#5711,.F.);
#9647=ORIENTED_EDGE('',*,*,#6834,.T.);
#9648=ORIENTED_EDGE('',*,*,#6062,.F.);
#9649=ORIENTED_EDGE('',*,*,#6835,.F.);
#9650=ORIENTED_EDGE('',*,*,#5712,.F.);
#9651=ORIENTED_EDGE('',*,*,#6835,.T.);
#9652=ORIENTED_EDGE('',*,*,#6061,.F.);
#9653=ORIENTED_EDGE('',*,*,#6836,.F.);
#9654=ORIENTED_EDGE('',*,*,#5713,.F.);
#9655=ORIENTED_EDGE('',*,*,#6836,.T.);
#9656=ORIENTED_EDGE('',*,*,#6060,.F.);
#9657=ORIENTED_EDGE('',*,*,#6837,.F.);
#9658=ORIENTED_EDGE('',*,*,#5706,.F.);
#9659=ORIENTED_EDGE('',*,*,#6837,.T.);
#9660=ORIENTED_EDGE('',*,*,#6059,.F.);
#9661=ORIENTED_EDGE('',*,*,#6830,.F.);
#9662=ORIENTED_EDGE('',*,*,#5715,.F.);
#9663=ORIENTED_EDGE('',*,*,#6838,.T.);
#9664=ORIENTED_EDGE('',*,*,#6058,.F.);
#9665=ORIENTED_EDGE('',*,*,#6839,.F.);
#9666=ORIENTED_EDGE('',*,*,#5716,.F.);
#9667=ORIENTED_EDGE('',*,*,#6839,.T.);
#9668=ORIENTED_EDGE('',*,*,#6057,.F.);
#9669=ORIENTED_EDGE('',*,*,#6840,.F.);
#9670=ORIENTED_EDGE('',*,*,#5717,.F.);
#9671=ORIENTED_EDGE('',*,*,#6840,.T.);
#9672=ORIENTED_EDGE('',*,*,#6056,.F.);
#9673=ORIENTED_EDGE('',*,*,#6841,.F.);
#9674=ORIENTED_EDGE('',*,*,#5718,.F.);
#9675=ORIENTED_EDGE('',*,*,#6841,.T.);
#9676=ORIENTED_EDGE('',*,*,#6055,.F.);
#9677=ORIENTED_EDGE('',*,*,#6842,.F.);
#9678=ORIENTED_EDGE('',*,*,#5719,.F.);
#9679=ORIENTED_EDGE('',*,*,#6842,.T.);
#9680=ORIENTED_EDGE('',*,*,#6054,.F.);
#9681=ORIENTED_EDGE('',*,*,#6843,.F.);
#9682=ORIENTED_EDGE('',*,*,#5720,.F.);
#9683=ORIENTED_EDGE('',*,*,#6843,.T.);
#9684=ORIENTED_EDGE('',*,*,#6053,.F.);
#9685=ORIENTED_EDGE('',*,*,#6844,.F.);
#9686=ORIENTED_EDGE('',*,*,#5721,.F.);
#9687=ORIENTED_EDGE('',*,*,#6844,.T.);
#9688=ORIENTED_EDGE('',*,*,#6052,.F.);
#9689=ORIENTED_EDGE('',*,*,#6845,.F.);
#9690=ORIENTED_EDGE('',*,*,#5714,.F.);
#9691=ORIENTED_EDGE('',*,*,#6845,.T.);
#9692=ORIENTED_EDGE('',*,*,#6051,.F.);
#9693=ORIENTED_EDGE('',*,*,#6838,.F.);
#9694=ORIENTED_EDGE('',*,*,#5723,.F.);
#9695=ORIENTED_EDGE('',*,*,#6846,.T.);
#9696=ORIENTED_EDGE('',*,*,#6050,.F.);
#9697=ORIENTED_EDGE('',*,*,#6847,.F.);
#9698=ORIENTED_EDGE('',*,*,#5724,.F.);
#9699=ORIENTED_EDGE('',*,*,#6847,.T.);
#9700=ORIENTED_EDGE('',*,*,#6049,.F.);
#9701=ORIENTED_EDGE('',*,*,#6848,.F.);
#9702=ORIENTED_EDGE('',*,*,#5725,.F.);
#9703=ORIENTED_EDGE('',*,*,#6848,.T.);
#9704=ORIENTED_EDGE('',*,*,#6048,.F.);
#9705=ORIENTED_EDGE('',*,*,#6849,.F.);
#9706=ORIENTED_EDGE('',*,*,#5726,.F.);
#9707=ORIENTED_EDGE('',*,*,#6849,.T.);
#9708=ORIENTED_EDGE('',*,*,#6047,.F.);
#9709=ORIENTED_EDGE('',*,*,#6850,.F.);
#9710=ORIENTED_EDGE('',*,*,#5727,.F.);
#9711=ORIENTED_EDGE('',*,*,#6850,.T.);
#9712=ORIENTED_EDGE('',*,*,#6046,.F.);
#9713=ORIENTED_EDGE('',*,*,#6851,.F.);
#9714=ORIENTED_EDGE('',*,*,#5728,.F.);
#9715=ORIENTED_EDGE('',*,*,#6851,.T.);
#9716=ORIENTED_EDGE('',*,*,#6045,.F.);
#9717=ORIENTED_EDGE('',*,*,#6852,.F.);
#9718=ORIENTED_EDGE('',*,*,#5729,.F.);
#9719=ORIENTED_EDGE('',*,*,#6852,.T.);
#9720=ORIENTED_EDGE('',*,*,#6044,.F.);
#9721=ORIENTED_EDGE('',*,*,#6853,.F.);
#9722=ORIENTED_EDGE('',*,*,#5722,.F.);
#9723=ORIENTED_EDGE('',*,*,#6853,.T.);
#9724=ORIENTED_EDGE('',*,*,#6043,.F.);
#9725=ORIENTED_EDGE('',*,*,#6846,.F.);
#9726=ORIENTED_EDGE('',*,*,#5731,.F.);
#9727=ORIENTED_EDGE('',*,*,#6854,.T.);
#9728=ORIENTED_EDGE('',*,*,#6042,.F.);
#9729=ORIENTED_EDGE('',*,*,#6855,.F.);
#9730=ORIENTED_EDGE('',*,*,#5732,.F.);
#9731=ORIENTED_EDGE('',*,*,#6855,.T.);
#9732=ORIENTED_EDGE('',*,*,#6041,.F.);
#9733=ORIENTED_EDGE('',*,*,#6856,.F.);
#9734=ORIENTED_EDGE('',*,*,#5733,.F.);
#9735=ORIENTED_EDGE('',*,*,#6856,.T.);
#9736=ORIENTED_EDGE('',*,*,#6040,.F.);
#9737=ORIENTED_EDGE('',*,*,#6857,.F.);
#9738=ORIENTED_EDGE('',*,*,#5734,.F.);
#9739=ORIENTED_EDGE('',*,*,#6857,.T.);
#9740=ORIENTED_EDGE('',*,*,#6039,.F.);
#9741=ORIENTED_EDGE('',*,*,#6858,.F.);
#9742=ORIENTED_EDGE('',*,*,#5735,.F.);
#9743=ORIENTED_EDGE('',*,*,#6858,.T.);
#9744=ORIENTED_EDGE('',*,*,#6038,.F.);
#9745=ORIENTED_EDGE('',*,*,#6859,.F.);
#9746=ORIENTED_EDGE('',*,*,#5736,.F.);
#9747=ORIENTED_EDGE('',*,*,#6859,.T.);
#9748=ORIENTED_EDGE('',*,*,#6037,.F.);
#9749=ORIENTED_EDGE('',*,*,#6860,.F.);
#9750=ORIENTED_EDGE('',*,*,#5737,.F.);
#9751=ORIENTED_EDGE('',*,*,#6860,.T.);
#9752=ORIENTED_EDGE('',*,*,#6036,.F.);
#9753=ORIENTED_EDGE('',*,*,#6861,.F.);
#9754=ORIENTED_EDGE('',*,*,#5730,.F.);
#9755=ORIENTED_EDGE('',*,*,#6861,.T.);
#9756=ORIENTED_EDGE('',*,*,#6035,.F.);
#9757=ORIENTED_EDGE('',*,*,#6854,.F.);
#9758=ORIENTED_EDGE('',*,*,#5739,.F.);
#9759=ORIENTED_EDGE('',*,*,#6862,.T.);
#9760=ORIENTED_EDGE('',*,*,#6034,.F.);
#9761=ORIENTED_EDGE('',*,*,#6863,.F.);
#9762=ORIENTED_EDGE('',*,*,#5740,.F.);
#9763=ORIENTED_EDGE('',*,*,#6863,.T.);
#9764=ORIENTED_EDGE('',*,*,#6033,.F.);
#9765=ORIENTED_EDGE('',*,*,#6864,.F.);
#9766=ORIENTED_EDGE('',*,*,#5741,.F.);
#9767=ORIENTED_EDGE('',*,*,#6864,.T.);
#9768=ORIENTED_EDGE('',*,*,#6032,.F.);
#9769=ORIENTED_EDGE('',*,*,#6865,.F.);
#9770=ORIENTED_EDGE('',*,*,#5742,.F.);
#9771=ORIENTED_EDGE('',*,*,#6865,.T.);
#9772=ORIENTED_EDGE('',*,*,#6031,.F.);
#9773=ORIENTED_EDGE('',*,*,#6866,.F.);
#9774=ORIENTED_EDGE('',*,*,#5743,.F.);
#9775=ORIENTED_EDGE('',*,*,#6866,.T.);
#9776=ORIENTED_EDGE('',*,*,#6030,.F.);
#9777=ORIENTED_EDGE('',*,*,#6867,.F.);
#9778=ORIENTED_EDGE('',*,*,#5744,.F.);
#9779=ORIENTED_EDGE('',*,*,#6867,.T.);
#9780=ORIENTED_EDGE('',*,*,#6029,.F.);
#9781=ORIENTED_EDGE('',*,*,#6868,.F.);
#9782=ORIENTED_EDGE('',*,*,#5745,.F.);
#9783=ORIENTED_EDGE('',*,*,#6868,.T.);
#9784=ORIENTED_EDGE('',*,*,#6028,.F.);
#9785=ORIENTED_EDGE('',*,*,#6869,.F.);
#9786=ORIENTED_EDGE('',*,*,#5738,.F.);
#9787=ORIENTED_EDGE('',*,*,#6869,.T.);
#9788=ORIENTED_EDGE('',*,*,#6027,.F.);
#9789=ORIENTED_EDGE('',*,*,#6862,.F.);
#9790=ORIENTED_EDGE('',*,*,#6174,.F.);
#9791=ORIENTED_EDGE('',*,*,#6870,.T.);
#9792=ORIENTED_EDGE('',*,*,#5746,.F.);
#9793=ORIENTED_EDGE('',*,*,#6870,.F.);
#9794=ORIENTED_EDGE('',*,*,#5748,.F.);
#9795=ORIENTED_EDGE('',*,*,#6871,.T.);
#9796=ORIENTED_EDGE('',*,*,#6026,.F.);
#9797=ORIENTED_EDGE('',*,*,#6872,.F.);
#9798=ORIENTED_EDGE('',*,*,#5749,.F.);
#9799=ORIENTED_EDGE('',*,*,#6872,.T.);
#9800=ORIENTED_EDGE('',*,*,#6025,.F.);
#9801=ORIENTED_EDGE('',*,*,#6873,.F.);
#9802=ORIENTED_EDGE('',*,*,#5750,.F.);
#9803=ORIENTED_EDGE('',*,*,#6873,.T.);
#9804=ORIENTED_EDGE('',*,*,#6024,.F.);
#9805=ORIENTED_EDGE('',*,*,#6874,.F.);
#9806=ORIENTED_EDGE('',*,*,#5751,.F.);
#9807=ORIENTED_EDGE('',*,*,#6874,.T.);
#9808=ORIENTED_EDGE('',*,*,#6023,.F.);
#9809=ORIENTED_EDGE('',*,*,#6875,.F.);
#9810=ORIENTED_EDGE('',*,*,#5752,.F.);
#9811=ORIENTED_EDGE('',*,*,#6875,.T.);
#9812=ORIENTED_EDGE('',*,*,#6022,.F.);
#9813=ORIENTED_EDGE('',*,*,#6876,.F.);
#9814=ORIENTED_EDGE('',*,*,#5753,.F.);
#9815=ORIENTED_EDGE('',*,*,#6876,.T.);
#9816=ORIENTED_EDGE('',*,*,#6021,.F.);
#9817=ORIENTED_EDGE('',*,*,#6877,.F.);
#9818=ORIENTED_EDGE('',*,*,#5754,.F.);
#9819=ORIENTED_EDGE('',*,*,#6877,.T.);
#9820=ORIENTED_EDGE('',*,*,#6020,.F.);
#9821=ORIENTED_EDGE('',*,*,#6878,.F.);
#9822=ORIENTED_EDGE('',*,*,#5747,.F.);
#9823=ORIENTED_EDGE('',*,*,#6878,.T.);
#9824=ORIENTED_EDGE('',*,*,#6019,.F.);
#9825=ORIENTED_EDGE('',*,*,#6871,.F.);
#9826=ORIENTED_EDGE('',*,*,#5756,.F.);
#9827=ORIENTED_EDGE('',*,*,#6879,.T.);
#9828=ORIENTED_EDGE('',*,*,#6005,.F.);
#9829=ORIENTED_EDGE('',*,*,#6880,.F.);
#9830=ORIENTED_EDGE('',*,*,#5757,.F.);
#9831=ORIENTED_EDGE('',*,*,#6880,.T.);
#9832=ORIENTED_EDGE('',*,*,#6004,.F.);
#9833=ORIENTED_EDGE('',*,*,#6881,.F.);
#9834=ORIENTED_EDGE('',*,*,#5758,.F.);
#9835=ORIENTED_EDGE('',*,*,#6881,.T.);
#9836=ORIENTED_EDGE('',*,*,#6003,.F.);
#9837=ORIENTED_EDGE('',*,*,#6153,.T.);
#9838=ORIENTED_EDGE('',*,*,#6011,.F.);
#9839=ORIENTED_EDGE('',*,*,#6882,.F.);
#9840=ORIENTED_EDGE('',*,*,#5759,.F.);
#9841=ORIENTED_EDGE('',*,*,#6882,.T.);
#9842=ORIENTED_EDGE('',*,*,#6010,.F.);
#9843=ORIENTED_EDGE('',*,*,#6883,.F.);
#9844=ORIENTED_EDGE('',*,*,#5760,.F.);
#9845=ORIENTED_EDGE('',*,*,#6883,.T.);
#9846=ORIENTED_EDGE('',*,*,#6009,.F.);
#9847=ORIENTED_EDGE('',*,*,#6884,.F.);
#9848=ORIENTED_EDGE('',*,*,#5761,.F.);
#9849=ORIENTED_EDGE('',*,*,#6884,.T.);
#9850=ORIENTED_EDGE('',*,*,#6008,.F.);
#9851=ORIENTED_EDGE('',*,*,#6885,.F.);
#9852=ORIENTED_EDGE('',*,*,#5762,.F.);
#9853=ORIENTED_EDGE('',*,*,#6885,.T.);
#9854=ORIENTED_EDGE('',*,*,#6007,.F.);
#9855=ORIENTED_EDGE('',*,*,#6886,.F.);
#9856=ORIENTED_EDGE('',*,*,#5755,.F.);
#9857=ORIENTED_EDGE('',*,*,#6886,.T.);
#9858=ORIENTED_EDGE('',*,*,#6006,.F.);
#9859=ORIENTED_EDGE('',*,*,#6879,.F.);
#9860=ORIENTED_EDGE('',*,*,#5615,.T.);
#9861=ORIENTED_EDGE('',*,*,#6887,.T.);
#9862=ORIENTED_EDGE('',*,*,#5994,.F.);
#9863=ORIENTED_EDGE('',*,*,#6888,.F.);
#9864=ORIENTED_EDGE('',*,*,#5616,.F.);
#9865=ORIENTED_EDGE('',*,*,#6888,.T.);
#9866=ORIENTED_EDGE('',*,*,#5993,.F.);
#9867=ORIENTED_EDGE('',*,*,#6889,.F.);
#9868=ORIENTED_EDGE('',*,*,#5617,.F.);
#9869=ORIENTED_EDGE('',*,*,#6889,.T.);
#9870=ORIENTED_EDGE('',*,*,#5992,.F.);
#9871=ORIENTED_EDGE('',*,*,#6890,.F.);
#9872=ORIENTED_EDGE('',*,*,#5618,.T.);
#9873=ORIENTED_EDGE('',*,*,#6890,.T.);
#9874=ORIENTED_EDGE('',*,*,#5991,.F.);
#9875=ORIENTED_EDGE('',*,*,#6891,.F.);
#9876=ORIENTED_EDGE('',*,*,#5619,.F.);
#9877=ORIENTED_EDGE('',*,*,#6891,.T.);
#9878=ORIENTED_EDGE('',*,*,#5990,.F.);
#9879=ORIENTED_EDGE('',*,*,#6892,.F.);
#9880=ORIENTED_EDGE('',*,*,#5620,.F.);
#9881=ORIENTED_EDGE('',*,*,#6892,.T.);
#9882=ORIENTED_EDGE('',*,*,#5989,.F.);
#9883=ORIENTED_EDGE('',*,*,#6893,.F.);
#9884=ORIENTED_EDGE('',*,*,#5621,.F.);
#9885=ORIENTED_EDGE('',*,*,#6893,.T.);
#9886=ORIENTED_EDGE('',*,*,#5988,.F.);
#9887=ORIENTED_EDGE('',*,*,#6894,.F.);
#9888=ORIENTED_EDGE('',*,*,#5622,.T.);
#9889=ORIENTED_EDGE('',*,*,#6894,.T.);
#9890=ORIENTED_EDGE('',*,*,#5987,.F.);
#9891=ORIENTED_EDGE('',*,*,#6895,.F.);
#9892=ORIENTED_EDGE('',*,*,#5623,.T.);
#9893=ORIENTED_EDGE('',*,*,#6895,.T.);
#9894=ORIENTED_EDGE('',*,*,#5986,.F.);
#9895=ORIENTED_EDGE('',*,*,#5602,.F.);
#9896=ORIENTED_EDGE('',*,*,#5604,.F.);
#9897=ORIENTED_EDGE('',*,*,#5599,.T.);
#9898=ORIENTED_EDGE('',*,*,#6017,.F.);
#9899=ORIENTED_EDGE('',*,*,#6896,.F.);
#9900=ORIENTED_EDGE('',*,*,#5605,.T.);
#9901=ORIENTED_EDGE('',*,*,#6896,.T.);
#9902=ORIENTED_EDGE('',*,*,#6016,.F.);
#9903=ORIENTED_EDGE('',*,*,#6897,.F.);
#9904=ORIENTED_EDGE('',*,*,#5606,.T.);
#9905=ORIENTED_EDGE('',*,*,#6897,.T.);
#9906=ORIENTED_EDGE('',*,*,#6015,.F.);
#9907=ORIENTED_EDGE('',*,*,#6898,.F.);
#9908=ORIENTED_EDGE('',*,*,#5607,.T.);
#9909=ORIENTED_EDGE('',*,*,#6898,.T.);
#9910=ORIENTED_EDGE('',*,*,#6014,.F.);
#9911=ORIENTED_EDGE('',*,*,#6899,.F.);
#9912=ORIENTED_EDGE('',*,*,#5608,.T.);
#9913=ORIENTED_EDGE('',*,*,#6899,.T.);
#9914=ORIENTED_EDGE('',*,*,#6013,.F.);
#9915=ORIENTED_EDGE('',*,*,#6156,.F.);
#9916=ORIENTED_EDGE('',*,*,#6159,.T.);
#9917=ORIENTED_EDGE('',*,*,#6171,.F.);
#9918=ORIENTED_EDGE('',*,*,#6168,.F.);
#9919=ORIENTED_EDGE('',*,*,#6173,.F.);
#9920=ORIENTED_EDGE('',*,*,#6170,.T.);
#9921=ORIENTED_EDGE('',*,*,#6172,.F.);
#9922=ORIENTED_EDGE('',*,*,#6157,.F.);
#9923=ORIENTED_EDGE('',*,*,#6154,.F.);
#9924=ORIENTED_EDGE('',*,*,#6001,.F.);
#9925=ORIENTED_EDGE('',*,*,#6900,.F.);
#9926=ORIENTED_EDGE('',*,*,#5609,.F.);
#9927=ORIENTED_EDGE('',*,*,#6900,.T.);
#9928=ORIENTED_EDGE('',*,*,#6000,.F.);
#9929=ORIENTED_EDGE('',*,*,#6901,.F.);
#9930=ORIENTED_EDGE('',*,*,#5610,.F.);
#9931=ORIENTED_EDGE('',*,*,#6901,.T.);
#9932=ORIENTED_EDGE('',*,*,#5999,.F.);
#9933=ORIENTED_EDGE('',*,*,#6902,.F.);
#9934=ORIENTED_EDGE('',*,*,#5611,.T.);
#9935=ORIENTED_EDGE('',*,*,#6902,.T.);
#9936=ORIENTED_EDGE('',*,*,#5998,.F.);
#9937=ORIENTED_EDGE('',*,*,#6903,.F.);
#9938=ORIENTED_EDGE('',*,*,#5612,.T.);
#9939=ORIENTED_EDGE('',*,*,#6903,.T.);
#9940=ORIENTED_EDGE('',*,*,#5997,.F.);
#9941=ORIENTED_EDGE('',*,*,#6904,.F.);
#9942=ORIENTED_EDGE('',*,*,#5613,.T.);
#9943=ORIENTED_EDGE('',*,*,#6904,.T.);
#9944=ORIENTED_EDGE('',*,*,#5996,.F.);
#9945=ORIENTED_EDGE('',*,*,#6905,.F.);
#9946=ORIENTED_EDGE('',*,*,#5614,.F.);
#9947=ORIENTED_EDGE('',*,*,#6905,.T.);
#9948=ORIENTED_EDGE('',*,*,#5995,.F.);
#9949=ORIENTED_EDGE('',*,*,#6887,.F.);
#9950=ORIENTED_EDGE('',*,*,#6175,.T.);
#9951=ORIENTED_EDGE('',*,*,#6191,.T.);
#9952=ORIENTED_EDGE('',*,*,#6188,.T.);
#9953=ORIENTED_EDGE('',*,*,#6185,.T.);
#9954=ORIENTED_EDGE('',*,*,#6182,.T.);
#9955=ORIENTED_EDGE('',*,*,#6179,.T.);
#9956=ORIENTED_EDGE('',*,*,#6165,.T.);
#9957=ORIENTED_EDGE('',*,*,#6772,.T.);
#9958=CYLINDRICAL_SURFACE('',#10657,0.7);
#9959=CYLINDRICAL_SURFACE('',#10664,0.7);
#9960=CYLINDRICAL_SURFACE('',#10670,0.7);
#9961=CYLINDRICAL_SURFACE('',#10676,0.7);
#9962=CYLINDRICAL_SURFACE('',#10681,2.25);
#9963=CYLINDRICAL_SURFACE('',#10684,2.25);
#9964=CYLINDRICAL_SURFACE('',#10703,2.25);
#9965=CYLINDRICAL_SURFACE('',#10704,2.25);
#9966=CYLINDRICAL_SURFACE('',#10707,1.25);
#9967=CYLINDRICAL_SURFACE('',#10710,1.25);
#9968=CYLINDRICAL_SURFACE('',#10713,1.25);
#9969=CYLINDRICAL_SURFACE('',#10716,1.25);
#9970=CYLINDRICAL_SURFACE('',#10723,2.);
#9971=CYLINDRICAL_SURFACE('',#10729,2.);
#9972=CYLINDRICAL_SURFACE('',#10735,2.);
#9973=CYLINDRICAL_SURFACE('',#10741,2.);
#9974=CYLINDRICAL_SURFACE('',#10747,2.);
#9975=CYLINDRICAL_SURFACE('',#10753,2.);
#9976=CYLINDRICAL_SURFACE('',#10759,2.);
#9977=CYLINDRICAL_SURFACE('',#10760,8.99999967883401);
#9978=CYLINDRICAL_SURFACE('',#10763,9.00000760479895);
#9979=CYLINDRICAL_SURFACE('',#10766,1.00000760480121);
#9980=CYLINDRICAL_SURFACE('',#10768,8.99999967883399);
#9981=CYLINDRICAL_SURFACE('',#10785,4.);
#9982=CYLINDRICAL_SURFACE('',#10790,4.);
#9983=CYLINDRICAL_SURFACE('',#10795,4.25);
#9984=CYLINDRICAL_SURFACE('',#10797,2.);
#9985=CYLINDRICAL_SURFACE('',#10801,2.);
#9986=CYLINDRICAL_SURFACE('',#10806,2.25);
#9987=CYLINDRICAL_SURFACE('',#10812,5.9999921256479);
#9988=CYLINDRICAL_SURFACE('',#10815,6.00008282394101);
#9989=CYLINDRICAL_SURFACE('',#10818,5.999999678834);
#9990=CYLINDRICAL_SURFACE('',#10821,5.99999967883401);
#9991=CYLINDRICAL_SURFACE('',#10824,6.00000760479895);
#9992=CYLINDRICAL_SURFACE('',#10827,4.0000076047988);
#9993=CYLINDRICAL_SURFACE('',#10830,5.99999967883399);
#9994=CYLINDRICAL_SURFACE('',#10837,8.99999212564789);
#9995=CYLINDRICAL_SURFACE('',#10839,9.00008282394101);
#9996=CYLINDRICAL_SURFACE('',#10841,8.999999678834);
#9997=CYLINDRICAL_SURFACE('',#11015,4.);
#9998=CYLINDRICAL_SURFACE('',#11020,4.);
#9999=CYLINDRICAL_SURFACE('',#11024,4.25);
#10000=CYLINDRICAL_SURFACE('',#11026,2.);
#10001=CYLINDRICAL_SURFACE('',#11030,2.);
#10002=CYLINDRICAL_SURFACE('',#11036,2.25);
#10003=CYLINDRICAL_SURFACE('',#11270,0.499999999999998);
#10004=CYLINDRICAL_SURFACE('',#11272,0.499999999999998);
#10005=CYLINDRICAL_SURFACE('',#11274,0.499999999999998);
#10006=CYLINDRICAL_SURFACE('',#11276,0.499999999999998);
#10007=CYLINDRICAL_SURFACE('',#11278,0.500000000000003);
#10008=CYLINDRICAL_SURFACE('',#11280,0.499999999999998);
#10009=CYLINDRICAL_SURFACE('',#11282,0.499999999999998);
#10010=CYLINDRICAL_SURFACE('',#11284,0.499999999999998);
#10011=CYLINDRICAL_SURFACE('',#11286,0.500000000000003);
#10012=CYLINDRICAL_SURFACE('',#11288,0.499999999999998);
#10013=CYLINDRICAL_SURFACE('',#11290,0.499999999999998);
#10014=CYLINDRICAL_SURFACE('',#11292,0.499999999999998);
#10015=CYLINDRICAL_SURFACE('',#11293,1.6);
#10016=CYLINDRICAL_SURFACE('',#11294,1.6);
#10017=CYLINDRICAL_SURFACE('',#11297,0.499999999999998);
#10018=CYLINDRICAL_SURFACE('',#11299,0.499999999999998);
#10019=CYLINDRICAL_SURFACE('',#11301,0.499999999999998);
#10020=CYLINDRICAL_SURFACE('',#11303,0.500000000000003);
#10021=CYLINDRICAL_SURFACE('',#11305,0.499999999999998);
#10022=CYLINDRICAL_SURFACE('',#11307,0.499999999999998);
#10023=CYLINDRICAL_SURFACE('',#11309,0.500000000000003);
#10024=CYLINDRICAL_SURFACE('',#11311,0.499999999999998);
#10025=CYLINDRICAL_SURFACE('',#11313,0.499999999999998);
#10026=CYLINDRICAL_SURFACE('',#11315,0.499999999999998);
#10027=CYLINDRICAL_SURFACE('',#11317,0.500000000000003);
#10028=CYLINDRICAL_SURFACE('',#11319,0.499999999999998);
#10029=CYLINDRICAL_SURFACE('',#11321,0.499999999999998);
#10030=CYLINDRICAL_SURFACE('',#11323,0.500000000000003);
#10031=CYLINDRICAL_SURFACE('',#11325,0.499999999999998);
#10032=CYLINDRICAL_SURFACE('',#11327,0.499999999999998);
#10033=CYLINDRICAL_SURFACE('',#11329,0.499999999999998);
#10034=CYLINDRICAL_SURFACE('',#11331,0.499999999999998);
#10035=CYLINDRICAL_SURFACE('',#11333,0.499999999999998);
#10036=CYLINDRICAL_SURFACE('',#11335,0.499999999999998);
#10037=CYLINDRICAL_SURFACE('',#11337,0.499999999999998);
#10038=CYLINDRICAL_SURFACE('',#11339,0.500000000000003);
#10039=CYLINDRICAL_SURFACE('',#11341,0.500000000000003);
#10040=CYLINDRICAL_SURFACE('',#11343,0.499999999999998);
#10041=CYLINDRICAL_SURFACE('',#11345,0.499999999999998);
#10042=CYLINDRICAL_SURFACE('',#11347,0.499999999999998);
#10043=CYLINDRICAL_SURFACE('',#11349,0.499999999999998);
#10044=CYLINDRICAL_SURFACE('',#11351,0.499999999999998);
#10045=CYLINDRICAL_SURFACE('',#11353,0.499999999999998);
#10046=CYLINDRICAL_SURFACE('',#11355,0.499999999999998);
#10047=CYLINDRICAL_SURFACE('',#11357,0.499999999999998);
#10048=CYLINDRICAL_SURFACE('',#11359,0.500000000000003);
#10049=CYLINDRICAL_SURFACE('',#11361,0.500000000000003);
#10050=CYLINDRICAL_SURFACE('',#11363,0.499999999999998);
#10051=CYLINDRICAL_SURFACE('',#11365,0.499999999999998);
#10052=CYLINDRICAL_SURFACE('',#11367,0.500000000000003);
#10053=CYLINDRICAL_SURFACE('',#11369,0.500000000000003);
#10054=CYLINDRICAL_SURFACE('',#11371,0.500000000000003);
#10055=CYLINDRICAL_SURFACE('',#11373,0.499999999999998);
#10056=CYLINDRICAL_SURFACE('',#11375,0.499999999999998);
#10057=CYLINDRICAL_SURFACE('',#11377,0.499999999999998);
#10058=CYLINDRICAL_SURFACE('',#11379,0.499999999999998);
#10059=CYLINDRICAL_SURFACE('',#11381,0.500000000000003);
#10060=CYLINDRICAL_SURFACE('',#11383,0.500000000000003);
#10061=CYLINDRICAL_SURFACE('',#11385,0.499999999999998);
#10062=CYLINDRICAL_SURFACE('',#11387,0.499999999999998);
#10063=CYLINDRICAL_SURFACE('',#11389,0.499999999999998);
#10064=CYLINDRICAL_SURFACE('',#11391,0.499999999999998);
#10065=CYLINDRICAL_SURFACE('',#11392,1.6);
#10066=CYLINDRICAL_SURFACE('',#11394,0.499999999999998);
#10067=CYLINDRICAL_SURFACE('',#11396,0.500000000000003);
#10068=CYLINDRICAL_SURFACE('',#11398,0.499999999999998);
#10069=CYLINDRICAL_SURFACE('',#11400,0.499999999999998);
#10070=CYLINDRICAL_SURFACE('',#11402,0.999999999999996);
#10071=CYLINDRICAL_SURFACE('',#11404,1.);
#10072=CYLINDRICAL_SURFACE('',#11406,1.00000000000001);
#10073=CYLINDRICAL_SURFACE('',#11408,1.00000000000001);
#10074=CYLINDRICAL_SURFACE('',#11410,5.99999212564783);
#10075=CYLINDRICAL_SURFACE('',#11412,7.);
#10076=CYLINDRICAL_SURFACE('',#11415,6.00000760479894);
#10077=CYLINDRICAL_SURFACE('',#11417,4.0000076047988);
#10078=CYLINDRICAL_SURFACE('',#11418,5.99999967883398);
#10079=CYLINDRICAL_SURFACE('',#11421,6.99999999999986);
#10080=CYLINDRICAL_SURFACE('',#11423,3.99999999999988);
#10081=CYLINDRICAL_SURFACE('',#11425,4.);
#10082=CYLINDRICAL_SURFACE('',#11428,6.00008282394099);
#10083=ADVANCED_FACE('',(#644),#9958,.T.);
#10084=ADVANCED_FACE('',(#645),#627,.T.);
#10085=ADVANCED_FACE('',(#646),#9959,.T.);
#10086=ADVANCED_FACE('',(#647),#628,.T.);
#10087=ADVANCED_FACE('',(#648),#9960,.T.);
#10088=ADVANCED_FACE('',(#649),#629,.T.);
#10089=ADVANCED_FACE('',(#650),#9961,.T.);
#10090=ADVANCED_FACE('',(#651),#630,.T.);
#10091=ADVANCED_FACE('',(#652),#9962,.F.);
#10092=ADVANCED_FACE('',(#653),#272,.F.);
#10093=ADVANCED_FACE('',(#654),#9963,.F.);
#10094=ADVANCED_FACE('',(#655),#273,.F.);
#10095=ADVANCED_FACE('',(#656,#198),#274,.T.);
#10096=ADVANCED_FACE('',(#657),#194,.F.);
#10097=ADVANCED_FACE('',(#658),#275,.T.);
#10098=ADVANCED_FACE('',(#659),#195,.F.);
#10099=ADVANCED_FACE('',(#660),#276,.T.);
#10100=ADVANCED_FACE('',(#661),#196,.F.);
#10101=ADVANCED_FACE('',(#662),#277,.T.);
#10102=ADVANCED_FACE('',(#663),#197,.F.);
#10103=ADVANCED_FACE('',(#664),#278,.T.);
#10104=ADVANCED_FACE('',(#665),#279,.F.);
#10105=ADVANCED_FACE('',(#666),#9964,.F.);
#10106=ADVANCED_FACE('',(#667),#9965,.F.);
#10107=ADVANCED_FACE('',(#668),#280,.F.);
#10108=ADVANCED_FACE('',(#669),#281,.F.);
#10109=ADVANCED_FACE('',(#670),#9966,.F.);
#10110=ADVANCED_FACE('',(#671),#282,.F.);
#10111=ADVANCED_FACE('',(#672),#9967,.F.);
#10112=ADVANCED_FACE('',(#673),#283,.F.);
#10113=ADVANCED_FACE('',(#674),#9968,.F.);
#10114=ADVANCED_FACE('',(#675),#284,.F.);
#10115=ADVANCED_FACE('',(#676),#9969,.F.);
#10116=ADVANCED_FACE('',(#677),#631,.T.);
#10117=ADVANCED_FACE('',(#678),#9970,.T.);
#10118=ADVANCED_FACE('',(#679),#632,.T.);
#10119=ADVANCED_FACE('',(#680),#9971,.T.);
#10120=ADVANCED_FACE('',(#681),#633,.T.);
#10121=ADVANCED_FACE('',(#682),#9972,.T.);
#10122=ADVANCED_FACE('',(#683),#634,.T.);
#10123=ADVANCED_FACE('',(#684),#9973,.T.);
#10124=ADVANCED_FACE('',(#685),#635,.T.);
#10125=ADVANCED_FACE('',(#686),#9974,.T.);
#10126=ADVANCED_FACE('',(#687),#636,.T.);
#10127=ADVANCED_FACE('',(#688),#9975,.T.);
#10128=ADVANCED_FACE('',(#689),#637,.T.);
#10129=ADVANCED_FACE('',(#690),#9976,.T.);
#10130=ADVANCED_FACE('',(#691),#9977,.T.);
#10131=ADVANCED_FACE('',(#692),#285,.T.);
#10132=ADVANCED_FACE('',(#693),#9978,.T.);
#10133=ADVANCED_FACE('',(#694),#286,.T.);
#10134=ADVANCED_FACE('',(#695),#9979,.F.);
#10135=ADVANCED_FACE('',(#696),#9980,.T.);
#10136=ADVANCED_FACE('',(#697),#287,.F.);
#10137=ADVANCED_FACE('',(#698),#638,.F.);
#10138=ADVANCED_FACE('',(#699,#199,#200,#201),#288,.T.);
#10139=ADVANCED_FACE('',(#700),#9981,.T.);
#10140=ADVANCED_FACE('',(#701),#639,.F.);
#10141=ADVANCED_FACE('',(#702),#9982,.T.);
#10142=ADVANCED_FACE('',(#703),#640,.F.);
#10143=ADVANCED_FACE('',(#704),#9983,.T.);
#10144=ADVANCED_FACE('',(#705),#9984,.F.);
#10145=ADVANCED_FACE('',(#706,#202),#289,.T.);
#10146=ADVANCED_FACE('',(#707),#9985,.F.);
#10147=ADVANCED_FACE('',(#708,#203),#290,.T.);
#10148=ADVANCED_FACE('',(#709),#291,.T.);
#10149=ADVANCED_FACE('',(#710),#9986,.F.);
#10150=ADVANCED_FACE('',(#711,#204),#292,.T.);
#10151=ADVANCED_FACE('',(#712),#293,.T.);
#10152=ADVANCED_FACE('',(#713),#294,.T.);
#10153=ADVANCED_FACE('',(#714),#9987,.F.);
#10154=ADVANCED_FACE('',(#715),#295,.T.);
#10155=ADVANCED_FACE('',(#716),#9988,.F.);
#10156=ADVANCED_FACE('',(#717),#296,.T.);
#10157=ADVANCED_FACE('',(#718),#9989,.F.);
#10158=ADVANCED_FACE('',(#719),#297,.T.);
#10159=ADVANCED_FACE('',(#720),#9990,.F.);
#10160=ADVANCED_FACE('',(#721),#298,.T.);
#10161=ADVANCED_FACE('',(#722),#9991,.F.);
#10162=ADVANCED_FACE('',(#723),#299,.T.);
#10163=ADVANCED_FACE('',(#724),#9992,.T.);
#10164=ADVANCED_FACE('',(#725,#205),#300,.T.);
#10165=ADVANCED_FACE('',(#726),#9993,.F.);
#10166=ADVANCED_FACE('',(#727,#206),#301,.T.);
#10167=ADVANCED_FACE('',(#728),#302,.T.);
#10168=ADVANCED_FACE('',(#729),#9994,.T.);
#10169=ADVANCED_FACE('',(#730),#303,.T.);
#10170=ADVANCED_FACE('',(#731),#9995,.T.);
#10171=ADVANCED_FACE('',(#732),#304,.T.);
#10172=ADVANCED_FACE('',(#733),#9996,.T.);
#10173=ADVANCED_FACE('',(#734),#305,.T.);
#10174=ADVANCED_FACE('',(#735),#306,.T.);
#10175=ADVANCED_FACE('',(#736),#307,.F.);
#10176=ADVANCED_FACE('',(#737),#308,.F.);
#10177=ADVANCED_FACE('',(#738),#309,.F.);
#10178=ADVANCED_FACE('',(#739),#310,.T.);
#10179=ADVANCED_FACE('',(#740),#311,.T.);
#10180=ADVANCED_FACE('',(#741,#207,#208,#209,#210,#211,#212,#213,#214,#215,
#216,#217,#218,#219,#220,#221,#222,#223,#224,#225,#226,#227,#228,#229,#230,
#231,#232,#233,#234,#235,#236,#237,#238,#239,#240),#312,.T.);
#10181=ADVANCED_FACE('',(#742),#641,.F.);
#10182=ADVANCED_FACE('',(#743,#241,#242,#243,#244,#245,#246,#247,#248,#249,
#250,#251,#252,#253,#254,#255,#256,#257,#258),#313,.F.);
#10183=ADVANCED_FACE('',(#744),#9997,.T.);
#10184=ADVANCED_FACE('',(#745),#642,.F.);
#10185=ADVANCED_FACE('',(#746),#9998,.T.);
#10186=ADVANCED_FACE('',(#747),#643,.F.);
#10187=ADVANCED_FACE('',(#748),#9999,.T.);
#10188=ADVANCED_FACE('',(#749),#10000,.F.);
#10189=ADVANCED_FACE('',(#750,#259),#314,.T.);
#10190=ADVANCED_FACE('',(#751),#10001,.F.);
#10191=ADVANCED_FACE('',(#752,#260),#315,.T.);
#10192=ADVANCED_FACE('',(#753,#261),#316,.F.);
#10193=ADVANCED_FACE('',(#754),#10002,.F.);
#10194=ADVANCED_FACE('',(#755),#317,.T.);
#10195=ADVANCED_FACE('',(#756,#262),#318,.F.);
#10196=ADVANCED_FACE('',(#757),#319,.F.);
#10197=ADVANCED_FACE('',(#758),#320,.F.);
#10198=ADVANCED_FACE('',(#759),#321,.F.);
#10199=ADVANCED_FACE('',(#760),#322,.F.);
#10200=ADVANCED_FACE('',(#761),#323,.F.);
#10201=ADVANCED_FACE('',(#762),#324,.F.);
#10202=ADVANCED_FACE('',(#763),#325,.F.);
#10203=ADVANCED_FACE('',(#764),#13,.F.);
#10204=ADVANCED_FACE('',(#765),#326,.F.);
#10205=ADVANCED_FACE('',(#766),#14,.F.);
#10206=ADVANCED_FACE('',(#767),#327,.F.);
#10207=ADVANCED_FACE('',(#768),#15,.F.);
#10208=ADVANCED_FACE('',(#769),#328,.F.);
#10209=ADVANCED_FACE('',(#770),#329,.F.);
#10210=ADVANCED_FACE('',(#771),#330,.F.);
#10211=ADVANCED_FACE('',(#772),#331,.F.);
#10212=ADVANCED_FACE('',(#773),#332,.F.);
#10213=ADVANCED_FACE('',(#774),#16,.F.);
#10214=ADVANCED_FACE('',(#775,#263),#333,.T.);
#10215=ADVANCED_FACE('',(#776),#334,.F.);
#10216=ADVANCED_FACE('',(#777),#335,.F.);
#10217=ADVANCED_FACE('',(#778),#17,.F.);
#10218=ADVANCED_FACE('',(#779),#18,.F.);
#10219=ADVANCED_FACE('',(#780),#19,.F.);
#10220=ADVANCED_FACE('',(#781),#20,.F.);
#10221=ADVANCED_FACE('',(#782),#21,.F.);
#10222=ADVANCED_FACE('',(#783),#336,.F.);
#10223=ADVANCED_FACE('',(#784),#337,.F.);
#10224=ADVANCED_FACE('',(#785),#22,.F.);
#10225=ADVANCED_FACE('',(#786),#23,.F.);
#10226=ADVANCED_FACE('',(#787),#24,.F.);
#10227=ADVANCED_FACE('',(#788),#338,.F.);
#10228=ADVANCED_FACE('',(#789),#339,.F.);
#10229=ADVANCED_FACE('',(#790),#340,.F.);
#10230=ADVANCED_FACE('',(#791),#341,.F.);
#10231=ADVANCED_FACE('',(#792),#342,.F.);
#10232=ADVANCED_FACE('',(#793),#343,.F.);
#10233=ADVANCED_FACE('',(#794),#344,.F.);
#10234=ADVANCED_FACE('',(#795),#345,.F.);
#10235=ADVANCED_FACE('',(#796),#346,.F.);
#10236=ADVANCED_FACE('',(#797),#347,.T.);
#10237=ADVANCED_FACE('',(#798),#348,.F.);
#10238=ADVANCED_FACE('',(#799),#349,.F.);
#10239=ADVANCED_FACE('',(#800),#350,.F.);
#10240=ADVANCED_FACE('',(#801),#351,.F.);
#10241=ADVANCED_FACE('',(#802),#352,.F.);
#10242=ADVANCED_FACE('',(#803),#353,.F.);
#10243=ADVANCED_FACE('',(#804),#354,.F.);
#10244=ADVANCED_FACE('',(#805),#25,.F.);
#10245=ADVANCED_FACE('',(#806),#355,.F.);
#10246=ADVANCED_FACE('',(#807),#26,.F.);
#10247=ADVANCED_FACE('',(#808),#27,.F.);
#10248=ADVANCED_FACE('',(#809),#356,.F.);
#10249=ADVANCED_FACE('',(#810),#28,.F.);
#10250=ADVANCED_FACE('',(#811),#357,.F.);
#10251=ADVANCED_FACE('',(#812),#358,.F.);
#10252=ADVANCED_FACE('',(#813),#359,.F.);
#10253=ADVANCED_FACE('',(#814),#360,.F.);
#10254=ADVANCED_FACE('',(#815),#361,.F.);
#10255=ADVANCED_FACE('',(#816,#264),#362,.T.);
#10256=ADVANCED_FACE('',(#817),#363,.F.);
#10257=ADVANCED_FACE('',(#818),#364,.F.);
#10258=ADVANCED_FACE('',(#819),#365,.F.);
#10259=ADVANCED_FACE('',(#820),#366,.F.);
#10260=ADVANCED_FACE('',(#821),#367,.F.);
#10261=ADVANCED_FACE('',(#822),#368,.F.);
#10262=ADVANCED_FACE('',(#823),#369,.F.);
#10263=ADVANCED_FACE('',(#824),#29,.F.);
#10264=ADVANCED_FACE('',(#825),#370,.F.);
#10265=ADVANCED_FACE('',(#826),#30,.F.);
#10266=ADVANCED_FACE('',(#827),#31,.F.);
#10267=ADVANCED_FACE('',(#828),#371,.F.);
#10268=ADVANCED_FACE('',(#829),#32,.F.);
#10269=ADVANCED_FACE('',(#830),#372,.F.);
#10270=ADVANCED_FACE('',(#831),#373,.F.);
#10271=ADVANCED_FACE('',(#832),#374,.F.);
#10272=ADVANCED_FACE('',(#833),#375,.F.);
#10273=ADVANCED_FACE('',(#834),#376,.F.);
#10274=ADVANCED_FACE('',(#835,#265),#377,.T.);
#10275=ADVANCED_FACE('',(#836),#378,.F.);
#10276=ADVANCED_FACE('',(#837),#379,.F.);
#10277=ADVANCED_FACE('',(#838),#380,.F.);
#10278=ADVANCED_FACE('',(#839),#381,.F.);
#10279=ADVANCED_FACE('',(#840),#382,.F.);
#10280=ADVANCED_FACE('',(#841),#383,.F.);
#10281=ADVANCED_FACE('',(#842),#384,.F.);
#10282=ADVANCED_FACE('',(#843),#385,.F.);
#10283=ADVANCED_FACE('',(#844),#386,.F.);
#10284=ADVANCED_FACE('',(#845),#33,.F.);
#10285=ADVANCED_FACE('',(#846),#387,.F.);
#10286=ADVANCED_FACE('',(#847),#34,.F.);
#10287=ADVANCED_FACE('',(#848),#388,.F.);
#10288=ADVANCED_FACE('',(#849),#35,.F.);
#10289=ADVANCED_FACE('',(#850),#389,.F.);
#10290=ADVANCED_FACE('',(#851),#36,.F.);
#10291=ADVANCED_FACE('',(#852),#390,.F.);
#10292=ADVANCED_FACE('',(#853),#37,.F.);
#10293=ADVANCED_FACE('',(#854),#391,.F.);
#10294=ADVANCED_FACE('',(#855),#392,.F.);
#10295=ADVANCED_FACE('',(#856),#393,.F.);
#10296=ADVANCED_FACE('',(#857),#394,.F.);
#10297=ADVANCED_FACE('',(#858),#395,.F.);
#10298=ADVANCED_FACE('',(#859),#396,.F.);
#10299=ADVANCED_FACE('',(#860),#397,.F.);
#10300=ADVANCED_FACE('',(#861),#398,.T.);
#10301=ADVANCED_FACE('',(#862),#399,.F.);
#10302=ADVANCED_FACE('',(#863),#400,.F.);
#10303=ADVANCED_FACE('',(#864),#401,.F.);
#10304=ADVANCED_FACE('',(#865),#402,.F.);
#10305=ADVANCED_FACE('',(#866),#403,.F.);
#10306=ADVANCED_FACE('',(#867),#404,.F.);
#10307=ADVANCED_FACE('',(#868),#405,.F.);
#10308=ADVANCED_FACE('',(#869),#406,.F.);
#10309=ADVANCED_FACE('',(#870),#407,.F.);
#10310=ADVANCED_FACE('',(#871),#408,.F.);
#10311=ADVANCED_FACE('',(#872),#409,.F.);
#10312=ADVANCED_FACE('',(#873),#410,.F.);
#10313=ADVANCED_FACE('',(#874),#411,.F.);
#10314=ADVANCED_FACE('',(#875),#412,.F.);
#10315=ADVANCED_FACE('',(#876),#413,.F.);
#10316=ADVANCED_FACE('',(#877),#414,.F.);
#10317=ADVANCED_FACE('',(#878),#415,.F.);
#10318=ADVANCED_FACE('',(#879),#416,.F.);
#10319=ADVANCED_FACE('',(#880),#417,.F.);
#10320=ADVANCED_FACE('',(#881),#418,.F.);
#10321=ADVANCED_FACE('',(#882),#38,.F.);
#10322=ADVANCED_FACE('',(#883),#419,.F.);
#10323=ADVANCED_FACE('',(#884),#39,.F.);
#10324=ADVANCED_FACE('',(#885),#40,.F.);
#10325=ADVANCED_FACE('',(#886),#420,.F.);
#10326=ADVANCED_FACE('',(#887),#41,.F.);
#10327=ADVANCED_FACE('',(#888),#421,.F.);
#10328=ADVANCED_FACE('',(#889),#422,.F.);
#10329=ADVANCED_FACE('',(#890),#423,.F.);
#10330=ADVANCED_FACE('',(#891),#424,.F.);
#10331=ADVANCED_FACE('',(#892),#425,.F.);
#10332=ADVANCED_FACE('',(#893,#266),#426,.T.);
#10333=ADVANCED_FACE('',(#894),#427,.F.);
#10334=ADVANCED_FACE('',(#895),#428,.F.);
#10335=ADVANCED_FACE('',(#896),#429,.F.);
#10336=ADVANCED_FACE('',(#897),#430,.F.);
#10337=ADVANCED_FACE('',(#898),#431,.F.);
#10338=ADVANCED_FACE('',(#899),#432,.F.);
#10339=ADVANCED_FACE('',(#900),#433,.F.);
#10340=ADVANCED_FACE('',(#901),#42,.F.);
#10341=ADVANCED_FACE('',(#902),#434,.F.);
#10342=ADVANCED_FACE('',(#903),#43,.F.);
#10343=ADVANCED_FACE('',(#904),#44,.F.);
#10344=ADVANCED_FACE('',(#905),#435,.F.);
#10345=ADVANCED_FACE('',(#906),#45,.F.);
#10346=ADVANCED_FACE('',(#907),#436,.F.);
#10347=ADVANCED_FACE('',(#908),#437,.F.);
#10348=ADVANCED_FACE('',(#909),#438,.F.);
#10349=ADVANCED_FACE('',(#910),#439,.F.);
#10350=ADVANCED_FACE('',(#911),#440,.F.);
#10351=ADVANCED_FACE('',(#912,#267),#441,.T.);
#10352=ADVANCED_FACE('',(#913),#442,.F.);
#10353=ADVANCED_FACE('',(#914),#443,.F.);
#10354=ADVANCED_FACE('',(#915),#46,.F.);
#10355=ADVANCED_FACE('',(#916),#47,.F.);
#10356=ADVANCED_FACE('',(#917),#48,.F.);
#10357=ADVANCED_FACE('',(#918),#49,.F.);
#10358=ADVANCED_FACE('',(#919),#50,.F.);
#10359=ADVANCED_FACE('',(#920),#444,.F.);
#10360=ADVANCED_FACE('',(#921),#445,.F.);
#10361=ADVANCED_FACE('',(#922),#51,.F.);
#10362=ADVANCED_FACE('',(#923),#52,.F.);
#10363=ADVANCED_FACE('',(#924),#53,.F.);
#10364=ADVANCED_FACE('',(#925),#446,.F.);
#10365=ADVANCED_FACE('',(#926),#447,.F.);
#10366=ADVANCED_FACE('',(#927),#448,.F.);
#10367=ADVANCED_FACE('',(#928),#449,.F.);
#10368=ADVANCED_FACE('',(#929),#450,.F.);
#10369=ADVANCED_FACE('',(#930),#451,.F.);
#10370=ADVANCED_FACE('',(#931),#452,.F.);
#10371=ADVANCED_FACE('',(#932),#453,.F.);
#10372=ADVANCED_FACE('',(#933),#454,.F.);
#10373=ADVANCED_FACE('',(#934),#455,.T.);
#10374=ADVANCED_FACE('',(#935),#456,.F.);
#10375=ADVANCED_FACE('',(#936),#457,.F.);
#10376=ADVANCED_FACE('',(#937),#458,.F.);
#10377=ADVANCED_FACE('',(#938),#459,.F.);
#10378=ADVANCED_FACE('',(#939),#460,.F.);
#10379=ADVANCED_FACE('',(#940),#461,.F.);
#10380=ADVANCED_FACE('',(#941),#462,.F.);
#10381=ADVANCED_FACE('',(#942),#54,.F.);
#10382=ADVANCED_FACE('',(#943),#463,.F.);
#10383=ADVANCED_FACE('',(#944),#55,.F.);
#10384=ADVANCED_FACE('',(#945),#464,.F.);
#10385=ADVANCED_FACE('',(#946),#56,.F.);
#10386=ADVANCED_FACE('',(#947),#465,.F.);
#10387=ADVANCED_FACE('',(#948),#466,.F.);
#10388=ADVANCED_FACE('',(#949),#467,.F.);
#10389=ADVANCED_FACE('',(#950),#468,.F.);
#10390=ADVANCED_FACE('',(#951),#469,.F.);
#10391=ADVANCED_FACE('',(#952),#57,.F.);
#10392=ADVANCED_FACE('',(#953,#268),#470,.T.);
#10393=ADVANCED_FACE('',(#954),#471,.F.);
#10394=ADVANCED_FACE('',(#955),#472,.F.);
#10395=ADVANCED_FACE('',(#956),#473,.F.);
#10396=ADVANCED_FACE('',(#957),#474,.F.);
#10397=ADVANCED_FACE('',(#958),#475,.F.);
#10398=ADVANCED_FACE('',(#959),#476,.F.);
#10399=ADVANCED_FACE('',(#960),#477,.F.);
#10400=ADVANCED_FACE('',(#961),#478,.F.);
#10401=ADVANCED_FACE('',(#962),#58,.F.);
#10402=ADVANCED_FACE('',(#963),#479,.F.);
#10403=ADVANCED_FACE('',(#964),#59,.F.);
#10404=ADVANCED_FACE('',(#965),#480,.F.);
#10405=ADVANCED_FACE('',(#966),#60,.F.);
#10406=ADVANCED_FACE('',(#967),#481,.F.);
#10407=ADVANCED_FACE('',(#968),#61,.F.);
#10408=ADVANCED_FACE('',(#969),#482,.F.);
#10409=ADVANCED_FACE('',(#970),#483,.F.);
#10410=ADVANCED_FACE('',(#971),#484,.F.);
#10411=ADVANCED_FACE('',(#972),#485,.F.);
#10412=ADVANCED_FACE('',(#973),#486,.F.);
#10413=ADVANCED_FACE('',(#974,#269),#487,.T.);
#10414=ADVANCED_FACE('',(#975),#488,.F.);
#10415=ADVANCED_FACE('',(#976),#489,.F.);
#10416=ADVANCED_FACE('',(#977),#490,.F.);
#10417=ADVANCED_FACE('',(#978),#491,.F.);
#10418=ADVANCED_FACE('',(#979),#492,.F.);
#10419=ADVANCED_FACE('',(#980),#493,.F.);
#10420=ADVANCED_FACE('',(#981),#494,.F.);
#10421=ADVANCED_FACE('',(#982),#495,.F.);
#10422=ADVANCED_FACE('',(#983),#496,.F.);
#10423=ADVANCED_FACE('',(#984),#497,.F.);
#10424=ADVANCED_FACE('',(#985),#498,.F.);
#10425=ADVANCED_FACE('',(#986),#499,.F.);
#10426=ADVANCED_FACE('',(#987),#500,.F.);
#10427=ADVANCED_FACE('',(#988),#501,.F.);
#10428=ADVANCED_FACE('',(#989),#502,.F.);
#10429=ADVANCED_FACE('',(#990),#503,.F.);
#10430=ADVANCED_FACE('',(#991),#504,.F.);
#10431=ADVANCED_FACE('',(#992),#505,.F.);
#10432=ADVANCED_FACE('',(#993),#506,.F.);
#10433=ADVANCED_FACE('',(#994),#507,.F.);
#10434=ADVANCED_FACE('',(#995),#508,.F.);
#10435=ADVANCED_FACE('',(#996),#509,.F.);
#10436=ADVANCED_FACE('',(#997),#62,.F.);
#10437=ADVANCED_FACE('',(#998),#510,.F.);
#10438=ADVANCED_FACE('',(#999),#63,.F.);
#10439=ADVANCED_FACE('',(#1000),#511,.F.);
#10440=ADVANCED_FACE('',(#1001),#64,.F.);
#10441=ADVANCED_FACE('',(#1002),#512,.F.);
#10442=ADVANCED_FACE('',(#1003),#65,.F.);
#10443=ADVANCED_FACE('',(#1004),#513,.F.);
#10444=ADVANCED_FACE('',(#1005),#66,.F.);
#10445=ADVANCED_FACE('',(#1006),#514,.F.);
#10446=ADVANCED_FACE('',(#1007),#515,.F.);
#10447=ADVANCED_FACE('',(#1008),#516,.F.);
#10448=ADVANCED_FACE('',(#1009),#517,.F.);
#10449=ADVANCED_FACE('',(#1010),#518,.F.);
#10450=ADVANCED_FACE('',(#1011),#519,.F.);
#10451=ADVANCED_FACE('',(#1012),#520,.F.);
#10452=ADVANCED_FACE('',(#1013),#521,.T.);
#10453=ADVANCED_FACE('',(#1014),#522,.F.);
#10454=ADVANCED_FACE('',(#1015),#523,.F.);
#10455=ADVANCED_FACE('',(#1016),#524,.F.);
#10456=ADVANCED_FACE('',(#1017),#525,.F.);
#10457=ADVANCED_FACE('',(#1018),#526,.F.);
#10458=ADVANCED_FACE('',(#1019),#527,.F.);
#10459=ADVANCED_FACE('',(#1020),#528,.F.);
#10460=ADVANCED_FACE('',(#1021),#529,.F.);
#10461=ADVANCED_FACE('',(#1022),#67,.F.);
#10462=ADVANCED_FACE('',(#1023),#530,.F.);
#10463=ADVANCED_FACE('',(#1024),#68,.F.);
#10464=ADVANCED_FACE('',(#1025),#531,.F.);
#10465=ADVANCED_FACE('',(#1026),#69,.F.);
#10466=ADVANCED_FACE('',(#1027),#532,.F.);
#10467=ADVANCED_FACE('',(#1028),#70,.F.);
#10468=ADVANCED_FACE('',(#1029),#533,.F.);
#10469=ADVANCED_FACE('',(#1030),#534,.F.);
#10470=ADVANCED_FACE('',(#1031),#535,.F.);
#10471=ADVANCED_FACE('',(#1032),#536,.F.);
#10472=ADVANCED_FACE('',(#1033),#537,.F.);
#10473=ADVANCED_FACE('',(#1034,#270),#538,.T.);
#10474=ADVANCED_FACE('',(#1035),#539,.T.);
#10475=ADVANCED_FACE('',(#1036),#540,.T.);
#10476=ADVANCED_FACE('',(#1037),#541,.T.);
#10477=ADVANCED_FACE('',(#1038),#542,.T.);
#10478=ADVANCED_FACE('',(#1039),#543,.T.);
#10479=ADVANCED_FACE('',(#1040),#544,.T.);
#10480=ADVANCED_FACE('',(#1041),#545,.T.);
#10481=ADVANCED_FACE('',(#1042),#546,.T.);
#10482=ADVANCED_FACE('',(#1043),#10003,.F.);
#10483=ADVANCED_FACE('',(#1044),#547,.T.);
#10484=ADVANCED_FACE('',(#1045),#10004,.F.);
#10485=ADVANCED_FACE('',(#1046),#548,.T.);
#10486=ADVANCED_FACE('',(#1047),#10005,.F.);
#10487=ADVANCED_FACE('',(#1048),#549,.T.);
#10488=ADVANCED_FACE('',(#1049),#10006,.F.);
#10489=ADVANCED_FACE('',(#1050),#550,.T.);
#10490=ADVANCED_FACE('',(#1051),#10007,.F.);
#10491=ADVANCED_FACE('',(#1052),#551,.T.);
#10492=ADVANCED_FACE('',(#1053),#10008,.F.);
#10493=ADVANCED_FACE('',(#1054),#552,.T.);
#10494=ADVANCED_FACE('',(#1055),#10009,.F.);
#10495=ADVANCED_FACE('',(#1056),#553,.T.);
#10496=ADVANCED_FACE('',(#1057),#10010,.F.);
#10497=ADVANCED_FACE('',(#1058),#554,.T.);
#10498=ADVANCED_FACE('',(#1059),#10011,.F.);
#10499=ADVANCED_FACE('',(#1060),#555,.T.);
#10500=ADVANCED_FACE('',(#1061),#10012,.F.);
#10501=ADVANCED_FACE('',(#1062),#556,.T.);
#10502=ADVANCED_FACE('',(#1063),#10013,.F.);
#10503=ADVANCED_FACE('',(#1064),#557,.T.);
#10504=ADVANCED_FACE('',(#1065),#10014,.F.);
#10505=ADVANCED_FACE('',(#1066),#10015,.F.);
#10506=ADVANCED_FACE('',(#1067),#10016,.F.);
#10507=ADVANCED_FACE('',(#1068),#558,.T.);
#10508=ADVANCED_FACE('',(#1069),#10017,.F.);
#10509=ADVANCED_FACE('',(#1070),#559,.T.);
#10510=ADVANCED_FACE('',(#1071),#10018,.F.);
#10511=ADVANCED_FACE('',(#1072),#560,.T.);
#10512=ADVANCED_FACE('',(#1073),#10019,.F.);
#10513=ADVANCED_FACE('',(#1074),#561,.T.);
#10514=ADVANCED_FACE('',(#1075),#10020,.F.);
#10515=ADVANCED_FACE('',(#1076),#562,.T.);
#10516=ADVANCED_FACE('',(#1077),#10021,.F.);
#10517=ADVANCED_FACE('',(#1078),#563,.T.);
#10518=ADVANCED_FACE('',(#1079),#10022,.F.);
#10519=ADVANCED_FACE('',(#1080),#564,.T.);
#10520=ADVANCED_FACE('',(#1081),#10023,.F.);
#10521=ADVANCED_FACE('',(#1082),#565,.T.);
#10522=ADVANCED_FACE('',(#1083),#10024,.F.);
#10523=ADVANCED_FACE('',(#1084),#566,.T.);
#10524=ADVANCED_FACE('',(#1085),#10025,.F.);
#10525=ADVANCED_FACE('',(#1086),#567,.T.);
#10526=ADVANCED_FACE('',(#1087),#10026,.F.);
#10527=ADVANCED_FACE('',(#1088),#568,.T.);
#10528=ADVANCED_FACE('',(#1089),#10027,.F.);
#10529=ADVANCED_FACE('',(#1090),#569,.T.);
#10530=ADVANCED_FACE('',(#1091),#10028,.F.);
#10531=ADVANCED_FACE('',(#1092),#570,.T.);
#10532=ADVANCED_FACE('',(#1093),#10029,.F.);
#10533=ADVANCED_FACE('',(#1094),#571,.T.);
#10534=ADVANCED_FACE('',(#1095),#10030,.F.);
#10535=ADVANCED_FACE('',(#1096),#572,.T.);
#10536=ADVANCED_FACE('',(#1097),#10031,.F.);
#10537=ADVANCED_FACE('',(#1098),#573,.T.);
#10538=ADVANCED_FACE('',(#1099),#10032,.F.);
#10539=ADVANCED_FACE('',(#1100),#574,.T.);
#10540=ADVANCED_FACE('',(#1101),#10033,.F.);
#10541=ADVANCED_FACE('',(#1102),#575,.T.);
#10542=ADVANCED_FACE('',(#1103),#10034,.F.);
#10543=ADVANCED_FACE('',(#1104),#576,.T.);
#10544=ADVANCED_FACE('',(#1105),#10035,.F.);
#10545=ADVANCED_FACE('',(#1106),#577,.T.);
#10546=ADVANCED_FACE('',(#1107),#10036,.F.);
#10547=ADVANCED_FACE('',(#1108),#578,.T.);
#10548=ADVANCED_FACE('',(#1109),#10037,.F.);
#10549=ADVANCED_FACE('',(#1110),#579,.T.);
#10550=ADVANCED_FACE('',(#1111),#10038,.F.);
#10551=ADVANCED_FACE('',(#1112),#580,.T.);
#10552=ADVANCED_FACE('',(#1113),#10039,.F.);
#10553=ADVANCED_FACE('',(#1114),#581,.T.);
#10554=ADVANCED_FACE('',(#1115),#10040,.F.);
#10555=ADVANCED_FACE('',(#1116),#582,.T.);
#10556=ADVANCED_FACE('',(#1117),#10041,.F.);
#10557=ADVANCED_FACE('',(#1118),#583,.T.);
#10558=ADVANCED_FACE('',(#1119),#10042,.F.);
#10559=ADVANCED_FACE('',(#1120),#584,.T.);
#10560=ADVANCED_FACE('',(#1121),#10043,.F.);
#10561=ADVANCED_FACE('',(#1122),#585,.T.);
#10562=ADVANCED_FACE('',(#1123),#10044,.F.);
#10563=ADVANCED_FACE('',(#1124),#586,.T.);
#10564=ADVANCED_FACE('',(#1125),#10045,.F.);
#10565=ADVANCED_FACE('',(#1126),#587,.T.);
#10566=ADVANCED_FACE('',(#1127),#10046,.F.);
#10567=ADVANCED_FACE('',(#1128),#588,.T.);
#10568=ADVANCED_FACE('',(#1129),#10047,.F.);
#10569=ADVANCED_FACE('',(#1130),#589,.T.);
#10570=ADVANCED_FACE('',(#1131),#10048,.F.);
#10571=ADVANCED_FACE('',(#1132),#590,.T.);
#10572=ADVANCED_FACE('',(#1133),#10049,.F.);
#10573=ADVANCED_FACE('',(#1134),#591,.T.);
#10574=ADVANCED_FACE('',(#1135),#10050,.F.);
#10575=ADVANCED_FACE('',(#1136),#592,.T.);
#10576=ADVANCED_FACE('',(#1137),#10051,.F.);
#10577=ADVANCED_FACE('',(#1138),#593,.T.);
#10578=ADVANCED_FACE('',(#1139),#10052,.F.);
#10579=ADVANCED_FACE('',(#1140),#594,.T.);
#10580=ADVANCED_FACE('',(#1141),#10053,.F.);
#10581=ADVANCED_FACE('',(#1142),#595,.T.);
#10582=ADVANCED_FACE('',(#1143),#10054,.F.);
#10583=ADVANCED_FACE('',(#1144),#596,.T.);
#10584=ADVANCED_FACE('',(#1145),#10055,.F.);
#10585=ADVANCED_FACE('',(#1146),#597,.T.);
#10586=ADVANCED_FACE('',(#1147),#10056,.F.);
#10587=ADVANCED_FACE('',(#1148),#598,.T.);
#10588=ADVANCED_FACE('',(#1149),#10057,.F.);
#10589=ADVANCED_FACE('',(#1150),#599,.T.);
#10590=ADVANCED_FACE('',(#1151),#10058,.F.);
#10591=ADVANCED_FACE('',(#1152),#600,.T.);
#10592=ADVANCED_FACE('',(#1153),#10059,.F.);
#10593=ADVANCED_FACE('',(#1154),#601,.T.);
#10594=ADVANCED_FACE('',(#1155),#10060,.F.);
#10595=ADVANCED_FACE('',(#1156),#602,.T.);
#10596=ADVANCED_FACE('',(#1157),#10061,.F.);
#10597=ADVANCED_FACE('',(#1158),#603,.T.);
#10598=ADVANCED_FACE('',(#1159),#10062,.F.);
#10599=ADVANCED_FACE('',(#1160),#604,.T.);
#10600=ADVANCED_FACE('',(#1161),#10063,.F.);
#10601=ADVANCED_FACE('',(#1162),#605,.T.);
#10602=ADVANCED_FACE('',(#1163),#10064,.F.);
#10603=ADVANCED_FACE('',(#1164),#10065,.F.);
#10604=ADVANCED_FACE('',(#1165),#606,.T.);
#10605=ADVANCED_FACE('',(#1166),#10066,.F.);
#10606=ADVANCED_FACE('',(#1167),#607,.T.);
#10607=ADVANCED_FACE('',(#1168),#10067,.F.);
#10608=ADVANCED_FACE('',(#1169),#608,.T.);
#10609=ADVANCED_FACE('',(#1170),#10068,.F.);
#10610=ADVANCED_FACE('',(#1171),#609,.T.);
#10611=ADVANCED_FACE('',(#1172),#10069,.F.);
#10612=ADVANCED_FACE('',(#1173),#610,.T.);
#10613=ADVANCED_FACE('',(#1174),#10070,.F.);
#10614=ADVANCED_FACE('',(#1175),#611,.T.);
#10615=ADVANCED_FACE('',(#1176),#10071,.F.);
#10616=ADVANCED_FACE('',(#1177),#612,.T.);
#10617=ADVANCED_FACE('',(#1178),#10072,.F.);
#10618=ADVANCED_FACE('',(#1179),#613,.T.);
#10619=ADVANCED_FACE('',(#1180),#10073,.F.);
#10620=ADVANCED_FACE('',(#1181),#614,.T.);
#10621=ADVANCED_FACE('',(#1182),#10074,.T.);
#10622=ADVANCED_FACE('',(#1183),#615,.T.);
#10623=ADVANCED_FACE('',(#1184),#10075,.F.);
#10624=ADVANCED_FACE('',(#1185),#616,.T.);
#10625=ADVANCED_FACE('',(#1186),#617,.T.);
#10626=ADVANCED_FACE('',(#1187),#10076,.T.);
#10627=ADVANCED_FACE('',(#1188),#618,.T.);
#10628=ADVANCED_FACE('',(#1189),#10077,.F.);
#10629=ADVANCED_FACE('',(#1190),#10078,.T.);
#10630=ADVANCED_FACE('',(#1191),#619,.T.);
#10631=ADVANCED_FACE('',(#1192),#620,.T.);
#10632=ADVANCED_FACE('',(#1193),#10079,.F.);
#10633=ADVANCED_FACE('',(#1194),#621,.T.);
#10634=ADVANCED_FACE('',(#1195),#10080,.T.);
#10635=ADVANCED_FACE('',(#1196),#622,.T.);
#10636=ADVANCED_FACE('',(#1197),#10081,.F.);
#10637=ADVANCED_FACE('',(#1198),#623,.T.);
#10638=ADVANCED_FACE('',(#1199),#624,.T.);
#10639=ADVANCED_FACE('',(#1200),#10082,.T.);
#10640=ADVANCED_FACE('',(#1201),#625,.T.);
#10641=ADVANCED_FACE('',(#1202,#271),#626,.F.);
#10642=CLOSED_SHELL('',(#10083,#10084,#10085,#10086,#10087,#10088,#10089,
#10090,#10091,#10092,#10093,#10094,#10095,#10096,#10097,#10098,#10099,#10100,
#10101,#10102,#10103,#10104,#10105,#10106,#10107,#10108,#10109,#10110,#10111,
#10112,#10113,#10114,#10115,#10116,#10117,#10118,#10119,#10120,#10121,#10122,
#10123,#10124,#10125,#10126,#10127,#10128,#10129,#10130,#10131,#10132,#10133,
#10134,#10135,#10136,#10137,#10138,#10139,#10140,#10141,#10142,#10143,#10144,
#10145,#10146,#10147,#10148,#10149,#10150,#10151,#10152,#10153,#10154,#10155,
#10156,#10157,#10158,#10159,#10160,#10161,#10162,#10163,#10164,#10165,#10166,
#10167,#10168,#10169,#10170,#10171,#10172,#10173,#10174));
#10643=CLOSED_SHELL('',(#10175,#10176,#10177,#10178,#10179,#10180,#10181,
#10182,#10183,#10184,#10185,#10186,#10187,#10188,#10189,#10190,#10191,#10192,
#10193,#10194,#10195,#10196,#10197,#10198,#10199,#10200,#10201,#10202,#10203,
#10204,#10205,#10206,#10207,#10208,#10209,#10210,#10211,#10212,#10213,#10214,
#10215,#10216,#10217,#10218,#10219,#10220,#10221,#10222,#10223,#10224,#10225,
#10226,#10227,#10228,#10229,#10230,#10231,#10232,#10233,#10234,#10235,#10236,
#10237,#10238,#10239,#10240,#10241,#10242,#10243,#10244,#10245,#10246,#10247,
#10248,#10249,#10250,#10251,#10252,#10253,#10254,#10255,#10256,#10257,#10258,
#10259,#10260,#10261,#10262,#10263,#10264,#10265,#10266,#10267,#10268,#10269,
#10270,#10271,#10272,#10273,#10274,#10275,#10276,#10277,#10278,#10279,#10280,
#10281,#10282,#10283,#10284,#10285,#10286,#10287,#10288,#10289,#10290,#10291,
#10292,#10293,#10294,#10295,#10296,#10297,#10298,#10299,#10300,#10301,#10302,
#10303,#10304,#10305,#10306,#10307,#10308,#10309,#10310,#10311,#10312,#10313,
#10314,#10315,#10316,#10317,#10318,#10319,#10320,#10321,#10322,#10323,#10324,
#10325,#10326,#10327,#10328,#10329,#10330,#10331,#10332,#10333,#10334,#10335,
#10336,#10337,#10338,#10339,#10340,#10341,#10342,#10343,#10344,#10345,#10346,
#10347,#10348,#10349,#10350,#10351,#10352,#10353,#10354,#10355,#10356,#10357,
#10358,#10359,#10360,#10361,#10362,#10363,#10364,#10365,#10366,#10367,#10368,
#10369,#10370,#10371,#10372,#10373,#10374,#10375,#10376,#10377,#10378,#10379,
#10380,#10381,#10382,#10383,#10384,#10385,#10386,#10387,#10388,#10389,#10390,
#10391,#10392,#10393,#10394,#10395,#10396,#10397,#10398,#10399,#10400,#10401,
#10402,#10403,#10404,#10405,#10406,#10407,#10408,#10409,#10410,#10411,#10412,
#10413,#10414,#10415,#10416,#10417,#10418,#10419,#10420,#10421,#10422,#10423,
#10424,#10425,#10426,#10427,#10428,#10429,#10430,#10431,#10432,#10433,#10434,
#10435,#10436,#10437,#10438,#10439,#10440,#10441,#10442,#10443,#10444,#10445,
#10446,#10447,#10448,#10449,#10450,#10451,#10452,#10453,#10454,#10455,#10456,
#10457,#10458,#10459,#10460,#10461,#10462,#10463,#10464,#10465,#10466,#10467,
#10468,#10469,#10470,#10471,#10472,#10473,#10474,#10475,#10476,#10477,#10478,
#10479,#10480,#10481,#10482,#10483,#10484,#10485,#10486,#10487,#10488,#10489,
#10490,#10491,#10492,#10493,#10494,#10495,#10496,#10497,#10498,#10499,#10500,
#10501,#10502,#10503,#10504,#10505,#10506,#10507,#10508,#10509,#10510,#10511,
#10512,#10513,#10514,#10515,#10516,#10517,#10518,#10519,#10520,#10521,#10522,
#10523,#10524,#10525,#10526,#10527,#10528,#10529,#10530,#10531,#10532,#10533,
#10534,#10535,#10536,#10537,#10538,#10539,#10540,#10541,#10542,#10543,#10544,
#10545,#10546,#10547,#10548,#10549,#10550,#10551,#10552,#10553,#10554,#10555,
#10556,#10557,#10558,#10559,#10560,#10561,#10562,#10563,#10564,#10565,#10566,
#10567,#10568,#10569,#10570,#10571,#10572,#10573,#10574,#10575,#10576,#10577,
#10578,#10579,#10580,#10581,#10582,#10583,#10584,#10585,#10586,#10587,#10588,
#10589,#10590,#10591,#10592,#10593,#10594,#10595,#10596,#10597,#10598,#10599,
#10600,#10601,#10602,#10603,#10604,#10605,#10606,#10607,#10608,#10609,#10610,
#10611,#10612,#10613,#10614,#10615,#10616,#10617,#10618,#10619,#10620,#10621,
#10622,#10623,#10624,#10625,#10626,#10627,#10628,#10629,#10630,#10631,#10632,
#10633,#10634,#10635,#10636,#10637,#10638,#10639,#10640,#10641));
#10644=DERIVED_UNIT_ELEMENT(#10646,1.);
#10645=DERIVED_UNIT_ELEMENT(#17770,-3.);
#10646=(
MASS_UNIT()
NAMED_UNIT(*)
SI_UNIT(.KILO.,.GRAM.)
);
#10647=DERIVED_UNIT((#10644,#10645));
#10648=MEASURE_REPRESENTATION_ITEM('density measure',
POSITIVE_RATIO_MEASURE(7850.),#10647);
#10649=PROPERTY_DEFINITION_REPRESENTATION(#10654,#10651);
#10650=PROPERTY_DEFINITION_REPRESENTATION(#10655,#10652);
#10651=REPRESENTATION('material name',(#10653),#17767);
#10652=REPRESENTATION('density',(#10648),#17767);
#10653=DESCRIPTIVE_REPRESENTATION_ITEM('Steel','Steel');
#10654=PROPERTY_DEFINITION('material property','material name',#17777);
#10655=PROPERTY_DEFINITION('material property','density of part',#17777);
#10656=AXIS2_PLACEMENT_3D('',#14115,#11431,#11432);
#10657=AXIS2_PLACEMENT_3D('',#14116,#11433,#11434);
#10658=AXIS2_PLACEMENT_3D('',#14119,#11435,#11436);
#10659=AXIS2_PLACEMENT_3D('',#14123,#11438,#11439);
#10660=AXIS2_PLACEMENT_3D('',#14125,#11441,#11442);
#10661=AXIS2_PLACEMENT_3D('',#14128,#11443,#11444);
#10662=AXIS2_PLACEMENT_3D('',#14129,#11445,#11446);
#10663=AXIS2_PLACEMENT_3D('',#14130,#11447,#11448);
#10664=AXIS2_PLACEMENT_3D('',#14131,#11449,#11450);
#10665=AXIS2_PLACEMENT_3D('',#14134,#11451,#11452);
#10666=AXIS2_PLACEMENT_3D('',#14137,#11455,#11456);
#10667=AXIS2_PLACEMENT_3D('',#14140,#11457,#11458);
#10668=AXIS2_PLACEMENT_3D('',#14141,#11459,#11460);
#10669=AXIS2_PLACEMENT_3D('',#14142,#11461,#11462);
#10670=AXIS2_PLACEMENT_3D('',#14143,#11463,#11464);
#10671=AXIS2_PLACEMENT_3D('',#14146,#11465,#11466);
#10672=AXIS2_PLACEMENT_3D('',#14149,#11469,#11470);
#10673=AXIS2_PLACEMENT_3D('',#14152,#11471,#11472);
#10674=AXIS2_PLACEMENT_3D('',#14153,#11473,#11474);
#10675=AXIS2_PLACEMENT_3D('',#14154,#11475,#11476);
#10676=AXIS2_PLACEMENT_3D('',#14155,#11477,#11478);
#10677=AXIS2_PLACEMENT_3D('',#14158,#11479,#11480);
#10678=AXIS2_PLACEMENT_3D('',#14161,#11483,#11484);
#10679=AXIS2_PLACEMENT_3D('',#14162,#11485,#11486);
#10680=AXIS2_PLACEMENT_3D('',#14163,#11487,#11488);
#10681=AXIS2_PLACEMENT_3D('',#14164,#11489,#11490);
#10682=AXIS2_PLACEMENT_3D('',#14168,#11492,#11493);
#10683=AXIS2_PLACEMENT_3D('',#14170,#11495,#11496);
#10684=AXIS2_PLACEMENT_3D('',#14174,#11499,#11500);
#10685=AXIS2_PLACEMENT_3D('',#14177,#11502,#11503);
#10686=AXIS2_PLACEMENT_3D('',#14178,#11504,#11505);
#10687=AXIS2_PLACEMENT_3D('',#14182,#11508,#11509);
#10688=AXIS2_PLACEMENT_3D('',#14191,#11514,#11515);
#10689=AXIS2_PLACEMENT_3D('',#14196,#11517,#11518);
#10690=AXIS2_PLACEMENT_3D('',#14199,#11520,#11521);
#10691=AXIS2_PLACEMENT_3D('',#14200,#11522,#11523);
#10692=AXIS2_PLACEMENT_3D('',#14206,#11527,#11528);
#10693=AXIS2_PLACEMENT_3D('',#14209,#11530,#11531);
#10694=AXIS2_PLACEMENT_3D('',#14210,#11532,#11533);
#10695=AXIS2_PLACEMENT_3D('',#14211,#11534,#11535);
#10696=AXIS2_PLACEMENT_3D('',#14215,#11538,#11539);
#10697=AXIS2_PLACEMENT_3D('',#14218,#11541,#11542);
#10698=AXIS2_PLACEMENT_3D('',#14219,#11543,#11544);
#10699=AXIS2_PLACEMENT_3D('',#14223,#11547,#11548);
#10700=AXIS2_PLACEMENT_3D('',#14226,#11550,#11551);
#10701=AXIS2_PLACEMENT_3D('',#14227,#11552,#11553);
#10702=AXIS2_PLACEMENT_3D('',#14230,#11556,#11557);
#10703=AXIS2_PLACEMENT_3D('',#14232,#11559,#11560);
#10704=AXIS2_PLACEMENT_3D('',#14234,#11562,#11563);
#10705=AXIS2_PLACEMENT_3D('',#14236,#11565,#11566);
#10706=AXIS2_PLACEMENT_3D('',#14237,#11567,#11568);
#10707=AXIS2_PLACEMENT_3D('',#14243,#11572,#11573);
#10708=AXIS2_PLACEMENT_3D('',#14246,#11575,#11576);
#10709=AXIS2_PLACEMENT_3D('',#14247,#11577,#11578);
#10710=AXIS2_PLACEMENT_3D('',#14251,#11581,#11582);
#10711=AXIS2_PLACEMENT_3D('',#14254,#11584,#11585);
#10712=AXIS2_PLACEMENT_3D('',#14255,#11586,#11587);
#10713=AXIS2_PLACEMENT_3D('',#14259,#11590,#11591);
#10714=AXIS2_PLACEMENT_3D('',#14262,#11593,#11594);
#10715=AXIS2_PLACEMENT_3D('',#14263,#11595,#11596);
#10716=AXIS2_PLACEMENT_3D('',#14267,#11599,#11600);
#10717=AXIS2_PLACEMENT_3D('',#14268,#11601,#11602);
#10718=AXIS2_PLACEMENT_3D('',#14269,#11603,#11604);
#10719=AXIS2_PLACEMENT_3D('',#14271,#11605,#11606);
#10720=AXIS2_PLACEMENT_3D('',#14273,#11607,#11608);
#10721=AXIS2_PLACEMENT_3D('',#14275,#11609,#11610);
#10722=AXIS2_PLACEMENT_3D('',#14276,#11611,#11612);
#10723=AXIS2_PLACEMENT_3D('',#14277,#11613,#11614);
#10724=AXIS2_PLACEMENT_3D('',#14280,#11615,#11616);
#10725=AXIS2_PLACEMENT_3D('',#14283,#11619,#11620);
#10726=AXIS2_PLACEMENT_3D('',#14286,#11621,#11622);
#10727=AXIS2_PLACEMENT_3D('',#14287,#11623,#11624);
#10728=AXIS2_PLACEMENT_3D('',#14288,#11625,#11626);
#10729=AXIS2_PLACEMENT_3D('',#14289,#11627,#11628);
#10730=AXIS2_PLACEMENT_3D('',#14292,#11629,#11630);
#10731=AXIS2_PLACEMENT_3D('',#14295,#11633,#11634);
#10732=AXIS2_PLACEMENT_3D('',#14298,#11635,#11636);
#10733=AXIS2_PLACEMENT_3D('',#14299,#11637,#11638);
#10734=AXIS2_PLACEMENT_3D('',#14300,#11639,#11640);
#10735=AXIS2_PLACEMENT_3D('',#14301,#11641,#11642);
#10736=AXIS2_PLACEMENT_3D('',#14304,#11643,#11644);
#10737=AXIS2_PLACEMENT_3D('',#14307,#11647,#11648);
#10738=AXIS2_PLACEMENT_3D('',#14310,#11649,#11650);
#10739=AXIS2_PLACEMENT_3D('',#14311,#11651,#11652);
#10740=AXIS2_PLACEMENT_3D('',#14312,#11653,#11654);
#10741=AXIS2_PLACEMENT_3D('',#14313,#11655,#11656);
#10742=AXIS2_PLACEMENT_3D('',#14316,#11657,#11658);
#10743=AXIS2_PLACEMENT_3D('',#14319,#11661,#11662);
#10744=AXIS2_PLACEMENT_3D('',#14322,#11663,#11664);
#10745=AXIS2_PLACEMENT_3D('',#14323,#11665,#11666);
#10746=AXIS2_PLACEMENT_3D('',#14324,#11667,#11668);
#10747=AXIS2_PLACEMENT_3D('',#14325,#11669,#11670);
#10748=AXIS2_PLACEMENT_3D('',#14328,#11671,#11672);
#10749=AXIS2_PLACEMENT_3D('',#14331,#11675,#11676);
#10750=AXIS2_PLACEMENT_3D('',#14334,#11677,#11678);
#10751=AXIS2_PLACEMENT_3D('',#14335,#11679,#11680);
#10752=AXIS2_PLACEMENT_3D('',#14336,#11681,#11682);
#10753=AXIS2_PLACEMENT_3D('',#14337,#11683,#11684);
#10754=AXIS2_PLACEMENT_3D('',#14340,#11685,#11686);
#10755=AXIS2_PLACEMENT_3D('',#14343,#11689,#11690);
#10756=AXIS2_PLACEMENT_3D('',#14345,#11691,#11692);
#10757=AXIS2_PLACEMENT_3D('',#14346,#11693,#11694);
#10758=AXIS2_PLACEMENT_3D('',#14347,#11695,#11696);
#10759=AXIS2_PLACEMENT_3D('',#14348,#11697,#11698);
#10760=AXIS2_PLACEMENT_3D('',#14350,#11700,#11701);
#10761=AXIS2_PLACEMENT_3D('',#14354,#11703,#11704);
#10762=AXIS2_PLACEMENT_3D('',#14356,#11706,#11707);
#10763=AXIS2_PLACEMENT_3D('',#14360,#11710,#11711);
#10764=AXIS2_PLACEMENT_3D('',#14363,#11713,#11714);
#10765=AXIS2_PLACEMENT_3D('',#14364,#11715,#11716);
#10766=AXIS2_PLACEMENT_3D('',#14368,#11719,#11720);
#10767=AXIS2_PLACEMENT_3D('',#14369,#11721,#11722);
#10768=AXIS2_PLACEMENT_3D('',#14370,#11723,#11724);
#10769=AXIS2_PLACEMENT_3D('',#14373,#11726,#11727);
#10770=AXIS2_PLACEMENT_3D('',#14374,#11728,#11729);
#10771=AXIS2_PLACEMENT_3D('',#14375,#11730,#11731);
#10772=AXIS2_PLACEMENT_3D('',#14377,#11732,#11733);
#10773=AXIS2_PLACEMENT_3D('',#14379,#11734,#11735);
#10774=AXIS2_PLACEMENT_3D('',#14380,#11736,#11737);
#10775=AXIS2_PLACEMENT_3D('',#14381,#11738,#11739);
#10776=AXIS2_PLACEMENT_3D('',#14386,#11741,#11742);
#10777=AXIS2_PLACEMENT_3D('',#14390,#11744,#11745);
#10778=AXIS2_PLACEMENT_3D('',#14394,#11747,#11748);
#10779=AXIS2_PLACEMENT_3D('',#14398,#11750,#11751);
#10780=AXIS2_PLACEMENT_3D('',#14402,#11753,#11754);
#10781=AXIS2_PLACEMENT_3D('',#14406,#11756,#11757);
#10782=AXIS2_PLACEMENT_3D('',#14409,#11759,#11760);
#10783=AXIS2_PLACEMENT_3D('',#14411,#11761,#11762);
#10784=AXIS2_PLACEMENT_3D('',#14413,#11763,#11764);
#10785=AXIS2_PLACEMENT_3D('',#14414,#11765,#11766);
#10786=AXIS2_PLACEMENT_3D('',#14416,#11767,#11768);
#10787=AXIS2_PLACEMENT_3D('',#14418,#11770,#11771);
#10788=AXIS2_PLACEMENT_3D('',#14420,#11772,#11773);
#10789=AXIS2_PLACEMENT_3D('',#14421,#11774,#11775);
#10790=AXIS2_PLACEMENT_3D('',#14422,#11776,#11777);
#10791=AXIS2_PLACEMENT_3D('',#14424,#11778,#11779);
#10792=AXIS2_PLACEMENT_3D('',#14426,#11781,#11782);
#10793=AXIS2_PLACEMENT_3D('',#14428,#11783,#11784);
#10794=AXIS2_PLACEMENT_3D('',#14429,#11785,#11786);
#10795=AXIS2_PLACEMENT_3D('',#14430,#11787,#11788);
#10796=AXIS2_PLACEMENT_3D('',#14432,#11789,#11790);
#10797=AXIS2_PLACEMENT_3D('',#14434,#11792,#11793);
#10798=AXIS2_PLACEMENT_3D('',#14436,#11794,#11795);
#10799=AXIS2_PLACEMENT_3D('',#14439,#11797,#11798);
#10800=AXIS2_PLACEMENT_3D('',#14440,#11799,#11800);
#10801=AXIS2_PLACEMENT_3D('',#14441,#11801,#11802);
#10802=AXIS2_PLACEMENT_3D('',#14443,#11803,#11804);
#10803=AXIS2_PLACEMENT_3D('',#14446,#11806,#11807);
#10804=AXIS2_PLACEMENT_3D('',#14447,#11808,#11809);
#10805=AXIS2_PLACEMENT_3D('',#14448,#11810,#11811);
#10806=AXIS2_PLACEMENT_3D('',#14449,#11812,#11813);
#10807=AXIS2_PLACEMENT_3D('',#14451,#11814,#11815);
#10808=AXIS2_PLACEMENT_3D('',#14454,#11817,#11818);
#10809=AXIS2_PLACEMENT_3D('',#14455,#11819,#11820);
#10810=AXIS2_PLACEMENT_3D('',#14456,#11821,#11822);
#10811=AXIS2_PLACEMENT_3D('',#14457,#11823,#11824);
#10812=AXIS2_PLACEMENT_3D('',#14463,#11828,#11829);
#10813=AXIS2_PLACEMENT_3D('',#14466,#11831,#11832);
#10814=AXIS2_PLACEMENT_3D('',#14467,#11833,#11834);
#10815=AXIS2_PLACEMENT_3D('',#14471,#11837,#11838);
#10816=AXIS2_PLACEMENT_3D('',#14474,#11840,#11841);
#10817=AXIS2_PLACEMENT_3D('',#14475,#11842,#11843);
#10818=AXIS2_PLACEMENT_3D('',#14479,#11846,#11847);
#10819=AXIS2_PLACEMENT_3D('',#14482,#11849,#11850);
#10820=AXIS2_PLACEMENT_3D('',#14483,#11851,#11852);
#10821=AXIS2_PLACEMENT_3D('',#14487,#11855,#11856);
#10822=AXIS2_PLACEMENT_3D('',#14489,#11857,#11858);
#10823=AXIS2_PLACEMENT_3D('',#14491,#11860,#11861);
#10824=AXIS2_PLACEMENT_3D('',#14495,#11864,#11865);
#10825=AXIS2_PLACEMENT_3D('',#14497,#11866,#11867);
#10826=AXIS2_PLACEMENT_3D('',#14499,#11869,#11870);
#10827=AXIS2_PLACEMENT_3D('',#14503,#11873,#11874);
#10828=AXIS2_PLACEMENT_3D('',#14505,#11875,#11876);
#10829=AXIS2_PLACEMENT_3D('',#14507,#11878,#11879);
#10830=AXIS2_PLACEMENT_3D('',#14511,#11882,#11883);
#10831=AXIS2_PLACEMENT_3D('',#14512,#11884,#11885);
#10832=AXIS2_PLACEMENT_3D('',#14513,#11886,#11887);
#10833=AXIS2_PLACEMENT_3D('',#14517,#11889,#11890);
#10834=AXIS2_PLACEMENT_3D('',#14521,#11892,#11893);
#10835=AXIS2_PLACEMENT_3D('',#14525,#11895,#11896);
#10836=AXIS2_PLACEMENT_3D('',#14527,#11898,#11899);
#10837=AXIS2_PLACEMENT_3D('',#14529,#11901,#11902);
#10838=AXIS2_PLACEMENT_3D('',#14531,#11904,#11905);
#10839=AXIS2_PLACEMENT_3D('',#14533,#11907,#11908);
#10840=AXIS2_PLACEMENT_3D('',#14535,#11910,#11911);
#10841=AXIS2_PLACEMENT_3D('',#14537,#11913,#11914);
#10842=AXIS2_PLACEMENT_3D('',#14539,#11916,#11917);
#10843=AXIS2_PLACEMENT_3D('',#14540,#11918,#11919);
#10844=AXIS2_PLACEMENT_3D('',#14541,#11920,#11921);
#10845=AXIS2_PLACEMENT_3D('',#14550,#11926,#11927);
#10846=AXIS2_PLACEMENT_3D('',#14559,#11932,#11933);
#10847=AXIS2_PLACEMENT_3D('',#14562,#11936,#11937);
#10848=AXIS2_PLACEMENT_3D('',#14568,#11941,#11942);
#10849=AXIS2_PLACEMENT_3D('',#14574,#11946,#11947);
#10850=AXIS2_PLACEMENT_3D('',#14576,#11948,#11949);
#10851=AXIS2_PLACEMENT_3D('',#14582,#11952,#11953);
#10852=AXIS2_PLACEMENT_3D('',#14586,#11955,#11956);
#10853=AXIS2_PLACEMENT_3D('',#14590,#11958,#11959);
#10854=AXIS2_PLACEMENT_3D('',#14596,#11962,#11963);
#10855=AXIS2_PLACEMENT_3D('',#14600,#11965,#11966);
#10856=AXIS2_PLACEMENT_3D('',#14604,#11968,#11969);
#10857=AXIS2_PLACEMENT_3D('',#14610,#11972,#11973);
#10858=AXIS2_PLACEMENT_3D('',#14613,#11975,#11976);
#10859=AXIS2_PLACEMENT_3D('',#14616,#11977,#11978);
#10860=AXIS2_PLACEMENT_3D('',#14620,#11980,#11981);
#10861=AXIS2_PLACEMENT_3D('',#14624,#11983,#11984);
#10862=AXIS2_PLACEMENT_3D('',#14628,#11986,#11987);
#10863=AXIS2_PLACEMENT_3D('',#14632,#11989,#11990);
#10864=AXIS2_PLACEMENT_3D('',#14636,#11992,#11993);
#10865=AXIS2_PLACEMENT_3D('',#14640,#11995,#11996);
#10866=AXIS2_PLACEMENT_3D('',#14644,#11998,#11999);
#10867=AXIS2_PLACEMENT_3D('',#14648,#12001,#12002);
#10868=AXIS2_PLACEMENT_3D('',#14652,#12004,#12005);
#10869=AXIS2_PLACEMENT_3D('',#14656,#12007,#12008);
#10870=AXIS2_PLACEMENT_3D('',#14660,#12010,#12011);
#10871=AXIS2_PLACEMENT_3D('',#14663,#12013,#12014);
#10872=AXIS2_PLACEMENT_3D('',#14665,#12015,#12016);
#10873=AXIS2_PLACEMENT_3D('',#14668,#12017,#12018);
#10874=AXIS2_PLACEMENT_3D('',#14672,#12020,#12021);
#10875=AXIS2_PLACEMENT_3D('',#14676,#12023,#12024);
#10876=AXIS2_PLACEMENT_3D('',#14680,#12026,#12027);
#10877=AXIS2_PLACEMENT_3D('',#14684,#12029,#12030);
#10878=AXIS2_PLACEMENT_3D('',#14688,#12032,#12033);
#10879=AXIS2_PLACEMENT_3D('',#14692,#12035,#12036);
#10880=AXIS2_PLACEMENT_3D('',#14696,#12038,#12039);
#10881=AXIS2_PLACEMENT_3D('',#14700,#12041,#12042);
#10882=AXIS2_PLACEMENT_3D('',#14704,#12044,#12045);
#10883=AXIS2_PLACEMENT_3D('',#14708,#12047,#12048);
#10884=AXIS2_PLACEMENT_3D('',#14712,#12050,#12051);
#10885=AXIS2_PLACEMENT_3D('',#14716,#12053,#12054);
#10886=AXIS2_PLACEMENT_3D('',#14720,#12056,#12057);
#10887=AXIS2_PLACEMENT_3D('',#14724,#12059,#12060);
#10888=AXIS2_PLACEMENT_3D('',#14728,#12062,#12063);
#10889=AXIS2_PLACEMENT_3D('',#14732,#12065,#12066);
#10890=AXIS2_PLACEMENT_3D('',#14736,#12068,#12069);
#10891=AXIS2_PLACEMENT_3D('',#14740,#12071,#12072);
#10892=AXIS2_PLACEMENT_3D('',#14744,#12074,#12075);
#10893=AXIS2_PLACEMENT_3D('',#14748,#12077,#12078);
#10894=AXIS2_PLACEMENT_3D('',#14752,#12080,#12081);
#10895=AXIS2_PLACEMENT_3D('',#14756,#12083,#12084);
#10896=AXIS2_PLACEMENT_3D('',#14760,#12086,#12087);
#10897=AXIS2_PLACEMENT_3D('',#14764,#12089,#12090);
#10898=AXIS2_PLACEMENT_3D('',#14768,#12092,#12093);
#10899=AXIS2_PLACEMENT_3D('',#14772,#12095,#12096);
#10900=AXIS2_PLACEMENT_3D('',#14776,#12098,#12099);
#10901=AXIS2_PLACEMENT_3D('',#14780,#12101,#12102);
#10902=AXIS2_PLACEMENT_3D('',#14784,#12104,#12105);
#10903=AXIS2_PLACEMENT_3D('',#14788,#12107,#12108);
#10904=AXIS2_PLACEMENT_3D('',#14792,#12110,#12111);
#10905=AXIS2_PLACEMENT_3D('',#14796,#12113,#12114);
#10906=AXIS2_PLACEMENT_3D('',#14800,#12116,#12117);
#10907=AXIS2_PLACEMENT_3D('',#14804,#12119,#12120);
#10908=AXIS2_PLACEMENT_3D('',#14808,#12122,#12123);
#10909=AXIS2_PLACEMENT_3D('',#14812,#12125,#12126);
#10910=AXIS2_PLACEMENT_3D('',#14816,#12128,#12129);
#10911=AXIS2_PLACEMENT_3D('',#14820,#12131,#12132);
#10912=AXIS2_PLACEMENT_3D('',#14824,#12134,#12135);
#10913=AXIS2_PLACEMENT_3D('',#14828,#12137,#12138);
#10914=AXIS2_PLACEMENT_3D('',#14832,#12140,#12141);
#10915=AXIS2_PLACEMENT_3D('',#14836,#12143,#12144);
#10916=AXIS2_PLACEMENT_3D('',#14840,#12146,#12147);
#10917=AXIS2_PLACEMENT_3D('',#14844,#12149,#12150);
#10918=AXIS2_PLACEMENT_3D('',#14848,#12152,#12153);
#10919=AXIS2_PLACEMENT_3D('',#14852,#12155,#12156);
#10920=AXIS2_PLACEMENT_3D('',#14856,#12158,#12159);
#10921=AXIS2_PLACEMENT_3D('',#14859,#12161,#12162);
#10922=AXIS2_PLACEMENT_3D('',#14862,#12163,#12164);
#10923=AXIS2_PLACEMENT_3D('',#14866,#12166,#12167);
#10924=AXIS2_PLACEMENT_3D('',#14870,#12169,#12170);
#10925=AXIS2_PLACEMENT_3D('',#14874,#12172,#12173);
#10926=AXIS2_PLACEMENT_3D('',#14878,#12175,#12176);
#10927=AXIS2_PLACEMENT_3D('',#14882,#12178,#12179);
#10928=AXIS2_PLACEMENT_3D('',#14886,#12181,#12182);
#10929=AXIS2_PLACEMENT_3D('',#14890,#12184,#12185);
#10930=AXIS2_PLACEMENT_3D('',#15448,#12349,#12350);
#10931=AXIS2_PLACEMENT_3D('',#15450,#12351,#12352);
#10932=AXIS2_PLACEMENT_3D('',#15452,#12353,#12354);
#10933=AXIS2_PLACEMENT_3D('',#15453,#12355,#12356);
#10934=AXIS2_PLACEMENT_3D('',#15454,#12357,#12358);
#10935=AXIS2_PLACEMENT_3D('',#15456,#12359,#12360);
#10936=AXIS2_PLACEMENT_3D('',#15460,#12362,#12363);
#10937=AXIS2_PLACEMENT_3D('',#15466,#12366,#12367);
#10938=AXIS2_PLACEMENT_3D('',#15470,#12369,#12370);
#10939=AXIS2_PLACEMENT_3D('',#15474,#12372,#12373);
#10940=AXIS2_PLACEMENT_3D('',#15480,#12376,#12377);
#10941=AXIS2_PLACEMENT_3D('',#15484,#12379,#12380);
#10942=AXIS2_PLACEMENT_3D('',#15488,#12382,#12383);
#10943=AXIS2_PLACEMENT_3D('',#15492,#12385,#12386);
#10944=AXIS2_PLACEMENT_3D('',#15496,#12388,#12389);
#10945=AXIS2_PLACEMENT_3D('',#15500,#12391,#12392);
#10946=AXIS2_PLACEMENT_3D('',#15504,#12394,#12395);
#10947=AXIS2_PLACEMENT_3D('',#15508,#12397,#12398);
#10948=AXIS2_PLACEMENT_3D('',#15512,#12400,#12401);
#10949=AXIS2_PLACEMENT_3D('',#15517,#12404,#12405);
#10950=AXIS2_PLACEMENT_3D('',#15519,#12406,#12407);
#10951=AXIS2_PLACEMENT_3D('',#15522,#12408,#12409);
#10952=AXIS2_PLACEMENT_3D('',#15526,#12411,#12412);
#10953=AXIS2_PLACEMENT_3D('',#15530,#12414,#12415);
#10954=AXIS2_PLACEMENT_3D('',#15534,#12417,#12418);
#10955=AXIS2_PLACEMENT_3D('',#15538,#12420,#12421);
#10956=AXIS2_PLACEMENT_3D('',#15542,#12423,#12424);
#10957=AXIS2_PLACEMENT_3D('',#15546,#12426,#12427);
#10958=AXIS2_PLACEMENT_3D('',#15550,#12429,#12430);
#10959=AXIS2_PLACEMENT_3D('',#15554,#12432,#12433);
#10960=AXIS2_PLACEMENT_3D('',#15558,#12435,#12436);
#10961=AXIS2_PLACEMENT_3D('',#15562,#12438,#12439);
#10962=AXIS2_PLACEMENT_3D('',#15566,#12441,#12442);
#10963=AXIS2_PLACEMENT_3D('',#15570,#12444,#12445);
#10964=AXIS2_PLACEMENT_3D('',#15574,#12447,#12448);
#10965=AXIS2_PLACEMENT_3D('',#15578,#12450,#12451);
#10966=AXIS2_PLACEMENT_3D('',#15582,#12453,#12454);
#10967=AXIS2_PLACEMENT_3D('',#15586,#12456,#12457);
#10968=AXIS2_PLACEMENT_3D('',#15590,#12459,#12460);
#10969=AXIS2_PLACEMENT_3D('',#15594,#12462,#12463);
#10970=AXIS2_PLACEMENT_3D('',#15598,#12465,#12466);
#10971=AXIS2_PLACEMENT_3D('',#15602,#12468,#12469);
#10972=AXIS2_PLACEMENT_3D('',#15606,#12471,#12472);
#10973=AXIS2_PLACEMENT_3D('',#15610,#12474,#12475);
#10974=AXIS2_PLACEMENT_3D('',#15614,#12477,#12478);
#10975=AXIS2_PLACEMENT_3D('',#15618,#12480,#12481);
#10976=AXIS2_PLACEMENT_3D('',#15622,#12483,#12484);
#10977=AXIS2_PLACEMENT_3D('',#15626,#12486,#12487);
#10978=AXIS2_PLACEMENT_3D('',#15630,#12489,#12490);
#10979=AXIS2_PLACEMENT_3D('',#15634,#12492,#12493);
#10980=AXIS2_PLACEMENT_3D('',#15638,#12495,#12496);
#10981=AXIS2_PLACEMENT_3D('',#15642,#12498,#12499);
#10982=AXIS2_PLACEMENT_3D('',#15646,#12501,#12502);
#10983=AXIS2_PLACEMENT_3D('',#15650,#12504,#12505);
#10984=AXIS2_PLACEMENT_3D('',#15654,#12507,#12508);
#10985=AXIS2_PLACEMENT_3D('',#15658,#12510,#12511);
#10986=AXIS2_PLACEMENT_3D('',#15662,#12513,#12514);
#10987=AXIS2_PLACEMENT_3D('',#15666,#12516,#12517);
#10988=AXIS2_PLACEMENT_3D('',#15670,#12519,#12520);
#10989=AXIS2_PLACEMENT_3D('',#15674,#12522,#12523);
#10990=AXIS2_PLACEMENT_3D('',#15678,#12525,#12526);
#10991=AXIS2_PLACEMENT_3D('',#15682,#12528,#12529);
#10992=AXIS2_PLACEMENT_3D('',#15686,#12531,#12532);
#10993=AXIS2_PLACEMENT_3D('',#15690,#12534,#12535);
#10994=AXIS2_PLACEMENT_3D('',#15694,#12537,#12538);
#10995=AXIS2_PLACEMENT_3D('',#15698,#12540,#12541);
#10996=AXIS2_PLACEMENT_3D('',#15702,#12543,#12544);
#10997=AXIS2_PLACEMENT_3D('',#15706,#12546,#12547);
#10998=AXIS2_PLACEMENT_3D('',#15710,#12549,#12550);
#10999=AXIS2_PLACEMENT_3D('',#15714,#12552,#12553);
#11000=AXIS2_PLACEMENT_3D('',#15718,#12555,#12556);
#11001=AXIS2_PLACEMENT_3D('',#15722,#12558,#12559);
#11002=AXIS2_PLACEMENT_3D('',#15726,#12561,#12562);
#11003=AXIS2_PLACEMENT_3D('',#15730,#12564,#12565);
#11004=AXIS2_PLACEMENT_3D('',#15734,#12567,#12568);
#11005=AXIS2_PLACEMENT_3D('',#15738,#12570,#12571);
#11006=AXIS2_PLACEMENT_3D('',#15742,#12573,#12574);
#11007=AXIS2_PLACEMENT_3D('',#15746,#12576,#12577);
#11008=AXIS2_PLACEMENT_3D('',#15750,#12579,#12580);
#11009=AXIS2_PLACEMENT_3D('',#15754,#12582,#12583);
#11010=AXIS2_PLACEMENT_3D('',#15758,#12585,#12586);
#11011=AXIS2_PLACEMENT_3D('',#15762,#12588,#12589);
#11012=AXIS2_PLACEMENT_3D('',#15766,#12591,#12592);
#11013=AXIS2_PLACEMENT_3D('',#15770,#12594,#12595);
#11014=AXIS2_PLACEMENT_3D('',#15774,#12597,#12598);
#11015=AXIS2_PLACEMENT_3D('',#15776,#12600,#12601);
#11016=AXIS2_PLACEMENT_3D('',#15778,#12602,#12603);
#11017=AXIS2_PLACEMENT_3D('',#15780,#12605,#12606);
#11018=AXIS2_PLACEMENT_3D('',#15782,#12607,#12608);
#11019=AXIS2_PLACEMENT_3D('',#15783,#12609,#12610);
#11020=AXIS2_PLACEMENT_3D('',#15784,#12611,#12612);
#11021=AXIS2_PLACEMENT_3D('',#15786,#12613,#12614);
#11022=AXIS2_PLACEMENT_3D('',#15788,#12616,#12617);
#11023=AXIS2_PLACEMENT_3D('',#15823,#12618,#12619);
#11024=AXIS2_PLACEMENT_3D('',#15834,#12620,#12621);
#11025=AXIS2_PLACEMENT_3D('',#15838,#12623,#12624);
#11026=AXIS2_PLACEMENT_3D('',#15840,#12626,#12627);
#11027=AXIS2_PLACEMENT_3D('',#15842,#12628,#12629);
#11028=AXIS2_PLACEMENT_3D('',#15845,#12631,#12632);
#11029=AXIS2_PLACEMENT_3D('',#15846,#12633,#12634);
#11030=AXIS2_PLACEMENT_3D('',#15847,#12635,#12636);
#11031=AXIS2_PLACEMENT_3D('',#15849,#12637,#12638);
#11032=AXIS2_PLACEMENT_3D('',#15852,#12640,#12641);
#11033=AXIS2_PLACEMENT_3D('',#15853,#12642,#12643);
#11034=AXIS2_PLACEMENT_3D('',#15854,#12644,#12645);
#11035=AXIS2_PLACEMENT_3D('',#15856,#12646,#12647);
#11036=AXIS2_PLACEMENT_3D('',#15857,#12648,#12649);
#11037=AXIS2_PLACEMENT_3D('',#15860,#12650,#12651);
#11038=AXIS2_PLACEMENT_3D('',#15864,#12653,#12654);
#11039=AXIS2_PLACEMENT_3D('',#15866,#12656,#12657);
#11040=AXIS2_PLACEMENT_3D('',#15869,#12660,#12661);
#11041=AXIS2_PLACEMENT_3D('',#15872,#12663,#12664);
#11042=AXIS2_PLACEMENT_3D('',#15873,#12665,#12666);
#11043=AXIS2_PLACEMENT_3D('',#15882,#12671,#12672);
#11044=AXIS2_PLACEMENT_3D('',#15888,#12676,#12677);
#11045=AXIS2_PLACEMENT_3D('',#15894,#12681,#12682);
#11046=AXIS2_PLACEMENT_3D('',#15900,#12686,#12687);
#11047=AXIS2_PLACEMENT_3D('',#15906,#12691,#12692);
#11048=AXIS2_PLACEMENT_3D('',#15909,#12695,#12696);
#11049=AXIS2_PLACEMENT_3D('',#15926,#12701,#12702);
#11050=AXIS2_PLACEMENT_3D('',#15941,#12706,#12707);
#11051=AXIS2_PLACEMENT_3D('',#15956,#12711,#12712);
#11052=AXIS2_PLACEMENT_3D('',#15960,#12715,#12716);
#11053=AXIS2_PLACEMENT_3D('',#15964,#12719,#12720);
#11054=AXIS2_PLACEMENT_3D('',#15968,#12723,#12724);
#11055=AXIS2_PLACEMENT_3D('',#15972,#12727,#12728);
#11056=AXIS2_PLACEMENT_3D('',#15985,#12731,#12732);
#11057=AXIS2_PLACEMENT_3D('',#15986,#12733,#12734);
#11058=AXIS2_PLACEMENT_3D('',#15992,#12738,#12739);
#11059=AXIS2_PLACEMENT_3D('',#16051,#12747,#12748);
#11060=AXIS2_PLACEMENT_3D('',#16055,#12751,#12752);
#11061=AXIS2_PLACEMENT_3D('',#16092,#12758,#12759);
#11062=AXIS2_PLACEMENT_3D('',#16096,#12762,#12763);
#11063=AXIS2_PLACEMENT_3D('',#16100,#12766,#12767);
#11064=AXIS2_PLACEMENT_3D('',#16104,#12770,#12771);
#11065=AXIS2_PLACEMENT_3D('',#16108,#12774,#12775);
#11066=AXIS2_PLACEMENT_3D('',#16112,#12778,#12779);
#11067=AXIS2_PLACEMENT_3D('',#16116,#12782,#12783);
#11068=AXIS2_PLACEMENT_3D('',#16120,#12786,#12787);
#11069=AXIS2_PLACEMENT_3D('',#16124,#12790,#12791);
#11070=AXIS2_PLACEMENT_3D('',#16126,#12793,#12794);
#11071=AXIS2_PLACEMENT_3D('',#16127,#12795,#12796);
#11072=AXIS2_PLACEMENT_3D('',#16136,#12801,#12802);
#11073=AXIS2_PLACEMENT_3D('',#16142,#12806,#12807);
#11074=AXIS2_PLACEMENT_3D('',#16148,#12811,#12812);
#11075=AXIS2_PLACEMENT_3D('',#16154,#12816,#12817);
#11076=AXIS2_PLACEMENT_3D('',#16157,#12820,#12821);
#11077=AXIS2_PLACEMENT_3D('',#16163,#12825,#12826);
#11078=AXIS2_PLACEMENT_3D('',#16178,#12830,#12831);
#11079=AXIS2_PLACEMENT_3D('',#16204,#12836,#12837);
#11080=AXIS2_PLACEMENT_3D('',#16219,#12841,#12842);
#11081=AXIS2_PLACEMENT_3D('',#16223,#12845,#12846);
#11082=AXIS2_PLACEMENT_3D('',#16227,#12849,#12850);
#11083=AXIS2_PLACEMENT_3D('',#16231,#12853,#12854);
#11084=AXIS2_PLACEMENT_3D('',#16235,#12857,#12858);
#11085=AXIS2_PLACEMENT_3D('',#16237,#12860,#12861);
#11086=AXIS2_PLACEMENT_3D('',#16238,#12862,#12863);
#11087=AXIS2_PLACEMENT_3D('',#16247,#12868,#12869);
#11088=AXIS2_PLACEMENT_3D('',#16253,#12873,#12874);
#11089=AXIS2_PLACEMENT_3D('',#16259,#12878,#12879);
#11090=AXIS2_PLACEMENT_3D('',#16265,#12883,#12884);
#11091=AXIS2_PLACEMENT_3D('',#16268,#12887,#12888);
#11092=AXIS2_PLACEMENT_3D('',#16274,#12892,#12893);
#11093=AXIS2_PLACEMENT_3D('',#16289,#12897,#12898);
#11094=AXIS2_PLACEMENT_3D('',#16315,#12903,#12904);
#11095=AXIS2_PLACEMENT_3D('',#16330,#12908,#12909);
#11096=AXIS2_PLACEMENT_3D('',#16334,#12912,#12913);
#11097=AXIS2_PLACEMENT_3D('',#16338,#12916,#12917);
#11098=AXIS2_PLACEMENT_3D('',#16342,#12920,#12921);
#11099=AXIS2_PLACEMENT_3D('',#16346,#12924,#12925);
#11100=AXIS2_PLACEMENT_3D('',#16348,#12927,#12928);
#11101=AXIS2_PLACEMENT_3D('',#16349,#12929,#12930);
#11102=AXIS2_PLACEMENT_3D('',#16355,#12934,#12935);
#11103=AXIS2_PLACEMENT_3D('',#16359,#12938,#12939);
#11104=AXIS2_PLACEMENT_3D('',#16363,#12942,#12943);
#11105=AXIS2_PLACEMENT_3D('',#16367,#12946,#12947);
#11106=AXIS2_PLACEMENT_3D('',#16371,#12950,#12951);
#11107=AXIS2_PLACEMENT_3D('',#16375,#12954,#12955);
#11108=AXIS2_PLACEMENT_3D('',#16379,#12958,#12959);
#11109=AXIS2_PLACEMENT_3D('',#16383,#12962,#12963);
#11110=AXIS2_PLACEMENT_3D('',#16398,#12967,#12968);
#11111=AXIS2_PLACEMENT_3D('',#16413,#12972,#12973);
#11112=AXIS2_PLACEMENT_3D('',#16428,#12977,#12978);
#11113=AXIS2_PLACEMENT_3D('',#16443,#12982,#12983);
#11114=AXIS2_PLACEMENT_3D('',#16458,#12987,#12988);
#11115=AXIS2_PLACEMENT_3D('',#16462,#12991,#12992);
#11116=AXIS2_PLACEMENT_3D('',#16466,#12995,#12996);
#11117=AXIS2_PLACEMENT_3D('',#16470,#12999,#13000);
#11118=AXIS2_PLACEMENT_3D('',#16474,#13003,#13004);
#11119=AXIS2_PLACEMENT_3D('',#16478,#13007,#13008);
#11120=AXIS2_PLACEMENT_3D('',#16482,#13011,#13012);
#11121=AXIS2_PLACEMENT_3D('',#16484,#13014,#13015);
#11122=AXIS2_PLACEMENT_3D('',#16485,#13016,#13017);
#11123=AXIS2_PLACEMENT_3D('',#16491,#13021,#13022);
#11124=AXIS2_PLACEMENT_3D('',#16495,#13025,#13026);
#11125=AXIS2_PLACEMENT_3D('',#16499,#13029,#13030);
#11126=AXIS2_PLACEMENT_3D('',#16503,#13033,#13034);
#11127=AXIS2_PLACEMENT_3D('',#16507,#13037,#13038);
#11128=AXIS2_PLACEMENT_3D('',#16511,#13041,#13042);
#11129=AXIS2_PLACEMENT_3D('',#16515,#13045,#13046);
#11130=AXIS2_PLACEMENT_3D('',#16519,#13049,#13050);
#11131=AXIS2_PLACEMENT_3D('',#16523,#13053,#13054);
#11132=AXIS2_PLACEMENT_3D('',#16527,#13057,#13058);
#11133=AXIS2_PLACEMENT_3D('',#16531,#13061,#13062);
#11134=AXIS2_PLACEMENT_3D('',#16533,#13064,#13065);
#11135=AXIS2_PLACEMENT_3D('',#16534,#13066,#13067);
#11136=AXIS2_PLACEMENT_3D('',#16543,#13072,#13073);
#11137=AXIS2_PLACEMENT_3D('',#16549,#13077,#13078);
#11138=AXIS2_PLACEMENT_3D('',#16555,#13082,#13083);
#11139=AXIS2_PLACEMENT_3D('',#16561,#13087,#13088);
#11140=AXIS2_PLACEMENT_3D('',#16564,#13091,#13092);
#11141=AXIS2_PLACEMENT_3D('',#16570,#13096,#13097);
#11142=AXIS2_PLACEMENT_3D('',#16585,#13101,#13102);
#11143=AXIS2_PLACEMENT_3D('',#16611,#13107,#13108);
#11144=AXIS2_PLACEMENT_3D('',#16626,#13112,#13113);
#11145=AXIS2_PLACEMENT_3D('',#16630,#13116,#13117);
#11146=AXIS2_PLACEMENT_3D('',#16634,#13120,#13121);
#11147=AXIS2_PLACEMENT_3D('',#16638,#13124,#13125);
#11148=AXIS2_PLACEMENT_3D('',#16642,#13128,#13129);
#11149=AXIS2_PLACEMENT_3D('',#16644,#13131,#13132);
#11150=AXIS2_PLACEMENT_3D('',#16645,#13133,#13134);
#11151=AXIS2_PLACEMENT_3D('',#16654,#13139,#13140);
#11152=AXIS2_PLACEMENT_3D('',#16660,#13144,#13145);
#11153=AXIS2_PLACEMENT_3D('',#16666,#13149,#13150);
#11154=AXIS2_PLACEMENT_3D('',#16672,#13154,#13155);
#11155=AXIS2_PLACEMENT_3D('',#16675,#13158,#13159);
#11156=AXIS2_PLACEMENT_3D('',#16681,#13163,#13164);
#11157=AXIS2_PLACEMENT_3D('',#16696,#13168,#13169);
#11158=AXIS2_PLACEMENT_3D('',#16722,#13174,#13175);
#11159=AXIS2_PLACEMENT_3D('',#16737,#13179,#13180);
#11160=AXIS2_PLACEMENT_3D('',#16741,#13183,#13184);
#11161=AXIS2_PLACEMENT_3D('',#16745,#13187,#13188);
#11162=AXIS2_PLACEMENT_3D('',#16749,#13191,#13192);
#11163=AXIS2_PLACEMENT_3D('',#16753,#13195,#13196);
#11164=AXIS2_PLACEMENT_3D('',#16755,#13198,#13199);
#11165=AXIS2_PLACEMENT_3D('',#16756,#13200,#13201);
#11166=AXIS2_PLACEMENT_3D('',#16762,#13205,#13206);
#11167=AXIS2_PLACEMENT_3D('',#16821,#13214,#13215);
#11168=AXIS2_PLACEMENT_3D('',#16825,#13218,#13219);
#11169=AXIS2_PLACEMENT_3D('',#16862,#13225,#13226);
#11170=AXIS2_PLACEMENT_3D('',#16866,#13229,#13230);
#11171=AXIS2_PLACEMENT_3D('',#16870,#13233,#13234);
#11172=AXIS2_PLACEMENT_3D('',#16874,#13237,#13238);
#11173=AXIS2_PLACEMENT_3D('',#16878,#13241,#13242);
#11174=AXIS2_PLACEMENT_3D('',#16882,#13245,#13246);
#11175=AXIS2_PLACEMENT_3D('',#16886,#13249,#13250);
#11176=AXIS2_PLACEMENT_3D('',#16890,#13253,#13254);
#11177=AXIS2_PLACEMENT_3D('',#16894,#13257,#13258);
#11178=AXIS2_PLACEMENT_3D('',#16896,#13260,#13261);
#11179=AXIS2_PLACEMENT_3D('',#16897,#13262,#13263);
#11180=AXIS2_PLACEMENT_3D('',#16906,#13268,#13269);
#11181=AXIS2_PLACEMENT_3D('',#16912,#13273,#13274);
#11182=AXIS2_PLACEMENT_3D('',#16918,#13278,#13279);
#11183=AXIS2_PLACEMENT_3D('',#16924,#13283,#13284);
#11184=AXIS2_PLACEMENT_3D('',#16930,#13288,#13289);
#11185=AXIS2_PLACEMENT_3D('',#16933,#13292,#13293);
#11186=AXIS2_PLACEMENT_3D('',#16950,#13298,#13299);
#11187=AXIS2_PLACEMENT_3D('',#16965,#13303,#13304);
#11188=AXIS2_PLACEMENT_3D('',#16980,#13308,#13309);
#11189=AXIS2_PLACEMENT_3D('',#16984,#13312,#13313);
#11190=AXIS2_PLACEMENT_3D('',#16988,#13316,#13317);
#11191=AXIS2_PLACEMENT_3D('',#16992,#13320,#13321);
#11192=AXIS2_PLACEMENT_3D('',#16996,#13324,#13325);
#11193=AXIS2_PLACEMENT_3D('',#17009,#13328,#13329);
#11194=AXIS2_PLACEMENT_3D('',#17010,#13330,#13331);
#11195=AXIS2_PLACEMENT_3D('',#17019,#13336,#13337);
#11196=AXIS2_PLACEMENT_3D('',#17025,#13341,#13342);
#11197=AXIS2_PLACEMENT_3D('',#17031,#13346,#13347);
#11198=AXIS2_PLACEMENT_3D('',#17037,#13351,#13352);
#11199=AXIS2_PLACEMENT_3D('',#17043,#13356,#13357);
#11200=AXIS2_PLACEMENT_3D('',#17046,#13360,#13361);
#11201=AXIS2_PLACEMENT_3D('',#17052,#13365,#13366);
#11202=AXIS2_PLACEMENT_3D('',#17067,#13370,#13371);
#11203=AXIS2_PLACEMENT_3D('',#17082,#13375,#13376);
#11204=AXIS2_PLACEMENT_3D('',#17097,#13380,#13381);
#11205=AXIS2_PLACEMENT_3D('',#17112,#13385,#13386);
#11206=AXIS2_PLACEMENT_3D('',#17116,#13389,#13390);
#11207=AXIS2_PLACEMENT_3D('',#17120,#13393,#13394);
#11208=AXIS2_PLACEMENT_3D('',#17124,#13397,#13398);
#11209=AXIS2_PLACEMENT_3D('',#17128,#13401,#13402);
#11210=AXIS2_PLACEMENT_3D('',#17130,#13404,#13405);
#11211=AXIS2_PLACEMENT_3D('',#17131,#13406,#13407);
#11212=AXIS2_PLACEMENT_3D('',#17137,#13411,#13412);
#11213=AXIS2_PLACEMENT_3D('',#17141,#13415,#13416);
#11214=AXIS2_PLACEMENT_3D('',#17145,#13419,#13420);
#11215=AXIS2_PLACEMENT_3D('',#17149,#13423,#13424);
#11216=AXIS2_PLACEMENT_3D('',#17153,#13427,#13428);
#11217=AXIS2_PLACEMENT_3D('',#17157,#13431,#13432);
#11218=AXIS2_PLACEMENT_3D('',#17161,#13435,#13436);
#11219=AXIS2_PLACEMENT_3D('',#17165,#13439,#13440);
#11220=AXIS2_PLACEMENT_3D('',#17169,#13443,#13444);
#11221=AXIS2_PLACEMENT_3D('',#17173,#13447,#13448);
#11222=AXIS2_PLACEMENT_3D('',#17177,#13451,#13452);
#11223=AXIS2_PLACEMENT_3D('',#17179,#13454,#13455);
#11224=AXIS2_PLACEMENT_3D('',#17180,#13456,#13457);
#11225=AXIS2_PLACEMENT_3D('',#17186,#13461,#13462);
#11226=AXIS2_PLACEMENT_3D('',#17190,#13465,#13466);
#11227=AXIS2_PLACEMENT_3D('',#17194,#13469,#13470);
#11228=AXIS2_PLACEMENT_3D('',#17198,#13473,#13474);
#11229=AXIS2_PLACEMENT_3D('',#17202,#13477,#13478);
#11230=AXIS2_PLACEMENT_3D('',#17206,#13481,#13482);
#11231=AXIS2_PLACEMENT_3D('',#17210,#13485,#13486);
#11232=AXIS2_PLACEMENT_3D('',#17214,#13489,#13490);
#11233=AXIS2_PLACEMENT_3D('',#17229,#13494,#13495);
#11234=AXIS2_PLACEMENT_3D('',#17244,#13499,#13500);
#11235=AXIS2_PLACEMENT_3D('',#17259,#13504,#13505);
#11236=AXIS2_PLACEMENT_3D('',#17274,#13509,#13510);
#11237=AXIS2_PLACEMENT_3D('',#17289,#13514,#13515);
#11238=AXIS2_PLACEMENT_3D('',#17293,#13518,#13519);
#11239=AXIS2_PLACEMENT_3D('',#17297,#13522,#13523);
#11240=AXIS2_PLACEMENT_3D('',#17301,#13526,#13527);
#11241=AXIS2_PLACEMENT_3D('',#17305,#13530,#13531);
#11242=AXIS2_PLACEMENT_3D('',#17309,#13534,#13535);
#11243=AXIS2_PLACEMENT_3D('',#17313,#13538,#13539);
#11244=AXIS2_PLACEMENT_3D('',#17315,#13541,#13542);
#11245=AXIS2_PLACEMENT_3D('',#17316,#13543,#13544);
#11246=AXIS2_PLACEMENT_3D('',#17325,#13549,#13550);
#11247=AXIS2_PLACEMENT_3D('',#17331,#13554,#13555);
#11248=AXIS2_PLACEMENT_3D('',#17337,#13559,#13560);
#11249=AXIS2_PLACEMENT_3D('',#17343,#13564,#13565);
#11250=AXIS2_PLACEMENT_3D('',#17349,#13569,#13570);
#11251=AXIS2_PLACEMENT_3D('',#17352,#13573,#13574);
#11252=AXIS2_PLACEMENT_3D('',#17358,#13578,#13579);
#11253=AXIS2_PLACEMENT_3D('',#17373,#13583,#13584);
#11254=AXIS2_PLACEMENT_3D('',#17388,#13588,#13589);
#11255=AXIS2_PLACEMENT_3D('',#17403,#13593,#13594);
#11256=AXIS2_PLACEMENT_3D('',#17418,#13598,#13599);
#11257=AXIS2_PLACEMENT_3D('',#17422,#13602,#13603);
#11258=AXIS2_PLACEMENT_3D('',#17426,#13606,#13607);
#11259=AXIS2_PLACEMENT_3D('',#17430,#13610,#13611);
#11260=AXIS2_PLACEMENT_3D('',#17434,#13614,#13615);
#11261=AXIS2_PLACEMENT_3D('',#17436,#13617,#13618);
#11262=AXIS2_PLACEMENT_3D('',#17437,#13619,#13620);
#11263=AXIS2_PLACEMENT_3D('',#17438,#13621,#13622);
#11264=AXIS2_PLACEMENT_3D('',#17439,#13623,#13624);
#11265=AXIS2_PLACEMENT_3D('',#17440,#13625,#13626);
#11266=AXIS2_PLACEMENT_3D('',#17441,#13627,#13628);
#11267=AXIS2_PLACEMENT_3D('',#17442,#13629,#13630);
#11268=AXIS2_PLACEMENT_3D('',#17443,#13631,#13632);
#11269=AXIS2_PLACEMENT_3D('',#17444,#13633,#13634);
#11270=AXIS2_PLACEMENT_3D('',#17447,#13637,#13638);
#11271=AXIS2_PLACEMENT_3D('',#17449,#13640,#13641);
#11272=AXIS2_PLACEMENT_3D('',#17451,#13643,#13644);
#11273=AXIS2_PLACEMENT_3D('',#17453,#13646,#13647);
#11274=AXIS2_PLACEMENT_3D('',#17455,#13649,#13650);
#11275=AXIS2_PLACEMENT_3D('',#17457,#13652,#13653);
#11276=AXIS2_PLACEMENT_3D('',#17459,#13655,#13656);
#11277=AXIS2_PLACEMENT_3D('',#17460,#13657,#13658);
#11278=AXIS2_PLACEMENT_3D('',#17463,#13661,#13662);
#11279=AXIS2_PLACEMENT_3D('',#17465,#13664,#13665);
#11280=AXIS2_PLACEMENT_3D('',#17467,#13667,#13668);
#11281=AXIS2_PLACEMENT_3D('',#17469,#13670,#13671);
#11282=AXIS2_PLACEMENT_3D('',#17471,#13673,#13674);
#11283=AXIS2_PLACEMENT_3D('',#17473,#13676,#13677);
#11284=AXIS2_PLACEMENT_3D('',#17475,#13679,#13680);
#11285=AXIS2_PLACEMENT_3D('',#17476,#13681,#13682);
#11286=AXIS2_PLACEMENT_3D('',#17479,#13685,#13686);
#11287=AXIS2_PLACEMENT_3D('',#17481,#13688,#13689);
#11288=AXIS2_PLACEMENT_3D('',#17483,#13691,#13692);
#11289=AXIS2_PLACEMENT_3D('',#17485,#13694,#13695);
#11290=AXIS2_PLACEMENT_3D('',#17487,#13697,#13698);
#11291=AXIS2_PLACEMENT_3D('',#17489,#13700,#13701);
#11292=AXIS2_PLACEMENT_3D('',#17491,#13703,#13704);
#11293=AXIS2_PLACEMENT_3D('',#17492,#13705,#13706);
#11294=AXIS2_PLACEMENT_3D('',#17494,#13708,#13709);
#11295=AXIS2_PLACEMENT_3D('',#17496,#13710,#13711);
#11296=AXIS2_PLACEMENT_3D('',#17498,#13713,#13714);
#11297=AXIS2_PLACEMENT_3D('',#17501,#13717,#13718);
#11298=AXIS2_PLACEMENT_3D('',#17503,#13720,#13721);
#11299=AXIS2_PLACEMENT_3D('',#17505,#13723,#13724);
#11300=AXIS2_PLACEMENT_3D('',#17507,#13726,#13727);
#11301=AXIS2_PLACEMENT_3D('',#17509,#13729,#13730);
#11302=AXIS2_PLACEMENT_3D('',#17511,#13732,#13733);
#11303=AXIS2_PLACEMENT_3D('',#17513,#13735,#13736);
#11304=AXIS2_PLACEMENT_3D('',#17514,#13737,#13738);
#11305=AXIS2_PLACEMENT_3D('',#17517,#13741,#13742);
#11306=AXIS2_PLACEMENT_3D('',#17519,#13744,#13745);
#11307=AXIS2_PLACEMENT_3D('',#17521,#13747,#13748);
#11308=AXIS2_PLACEMENT_3D('',#17523,#13750,#13751);
#11309=AXIS2_PLACEMENT_3D('',#17525,#13753,#13754);
#11310=AXIS2_PLACEMENT_3D('',#17527,#13756,#13757);
#11311=AXIS2_PLACEMENT_3D('',#17529,#13759,#13760);
#11312=AXIS2_PLACEMENT_3D('',#17530,#13761,#13762);
#11313=AXIS2_PLACEMENT_3D('',#17533,#13765,#13766);
#11314=AXIS2_PLACEMENT_3D('',#17535,#13768,#13769);
#11315=AXIS2_PLACEMENT_3D('',#17537,#13771,#13772);
#11316=AXIS2_PLACEMENT_3D('',#17539,#13774,#13775);
#11317=AXIS2_PLACEMENT_3D('',#17541,#13777,#13778);
#11318=AXIS2_PLACEMENT_3D('',#17543,#13780,#13781);
#11319=AXIS2_PLACEMENT_3D('',#17545,#13783,#13784);
#11320=AXIS2_PLACEMENT_3D('',#17546,#13785,#13786);
#11321=AXIS2_PLACEMENT_3D('',#17549,#13789,#13790);
#11322=AXIS2_PLACEMENT_3D('',#17551,#13792,#13793);
#11323=AXIS2_PLACEMENT_3D('',#17553,#13795,#13796);
#11324=AXIS2_PLACEMENT_3D('',#17555,#13798,#13799);
#11325=AXIS2_PLACEMENT_3D('',#17557,#13801,#13802);
#11326=AXIS2_PLACEMENT_3D('',#17559,#13804,#13805);
#11327=AXIS2_PLACEMENT_3D('',#17561,#13807,#13808);
#11328=AXIS2_PLACEMENT_3D('',#17562,#13809,#13810);
#11329=AXIS2_PLACEMENT_3D('',#17565,#13813,#13814);
#11330=AXIS2_PLACEMENT_3D('',#17567,#13816,#13817);
#11331=AXIS2_PLACEMENT_3D('',#17569,#13819,#13820);
#11332=AXIS2_PLACEMENT_3D('',#17571,#13822,#13823);
#11333=AXIS2_PLACEMENT_3D('',#17573,#13825,#13826);
#11334=AXIS2_PLACEMENT_3D('',#17575,#13828,#13829);
#11335=AXIS2_PLACEMENT_3D('',#17577,#13831,#13832);
#11336=AXIS2_PLACEMENT_3D('',#17578,#13833,#13834);
#11337=AXIS2_PLACEMENT_3D('',#17581,#13837,#13838);
#11338=AXIS2_PLACEMENT_3D('',#17583,#13840,#13841);
#11339=AXIS2_PLACEMENT_3D('',#17585,#13843,#13844);
#11340=AXIS2_PLACEMENT_3D('',#17587,#13846,#13847);
#11341=AXIS2_PLACEMENT_3D('',#17589,#13849,#13850);
#11342=AXIS2_PLACEMENT_3D('',#17591,#13852,#13853);
#11343=AXIS2_PLACEMENT_3D('',#17593,#13855,#13856);
#11344=AXIS2_PLACEMENT_3D('',#17594,#13857,#13858);
#11345=AXIS2_PLACEMENT_3D('',#17597,#13861,#13862);
#11346=AXIS2_PLACEMENT_3D('',#17599,#13864,#13865);
#11347=AXIS2_PLACEMENT_3D('',#17601,#13867,#13868);
#11348=AXIS2_PLACEMENT_3D('',#17603,#13870,#13871);
#11349=AXIS2_PLACEMENT_3D('',#17605,#13873,#13874);
#11350=AXIS2_PLACEMENT_3D('',#17607,#13876,#13877);
#11351=AXIS2_PLACEMENT_3D('',#17609,#13879,#13880);
#11352=AXIS2_PLACEMENT_3D('',#17610,#13881,#13882);
#11353=AXIS2_PLACEMENT_3D('',#17613,#13885,#13886);
#11354=AXIS2_PLACEMENT_3D('',#17615,#13888,#13889);
#11355=AXIS2_PLACEMENT_3D('',#17617,#13891,#13892);
#11356=AXIS2_PLACEMENT_3D('',#17619,#13894,#13895);
#11357=AXIS2_PLACEMENT_3D('',#17621,#13897,#13898);
#11358=AXIS2_PLACEMENT_3D('',#17623,#13900,#13901);
#11359=AXIS2_PLACEMENT_3D('',#17625,#13903,#13904);
#11360=AXIS2_PLACEMENT_3D('',#17626,#13905,#13906);
#11361=AXIS2_PLACEMENT_3D('',#17629,#13909,#13910);
#11362=AXIS2_PLACEMENT_3D('',#17631,#13912,#13913);
#11363=AXIS2_PLACEMENT_3D('',#17633,#13915,#13916);
#11364=AXIS2_PLACEMENT_3D('',#17635,#13918,#13919);
#11365=AXIS2_PLACEMENT_3D('',#17637,#13921,#13922);
#11366=AXIS2_PLACEMENT_3D('',#17639,#13924,#13925);
#11367=AXIS2_PLACEMENT_3D('',#17641,#13927,#13928);
#11368=AXIS2_PLACEMENT_3D('',#17642,#13929,#13930);
#11369=AXIS2_PLACEMENT_3D('',#17645,#13933,#13934);
#11370=AXIS2_PLACEMENT_3D('',#17647,#13936,#13937);
#11371=AXIS2_PLACEMENT_3D('',#17649,#13939,#13940);
#11372=AXIS2_PLACEMENT_3D('',#17651,#13942,#13943);
#11373=AXIS2_PLACEMENT_3D('',#17653,#13945,#13946);
#11374=AXIS2_PLACEMENT_3D('',#17655,#13948,#13949);
#11375=AXIS2_PLACEMENT_3D('',#17657,#13951,#13952);
#11376=AXIS2_PLACEMENT_3D('',#17658,#13953,#13954);
#11377=AXIS2_PLACEMENT_3D('',#17661,#13957,#13958);
#11378=AXIS2_PLACEMENT_3D('',#17663,#13960,#13961);
#11379=AXIS2_PLACEMENT_3D('',#17665,#13963,#13964);
#11380=AXIS2_PLACEMENT_3D('',#17667,#13966,#13967);
#11381=AXIS2_PLACEMENT_3D('',#17669,#13969,#13970);
#11382=AXIS2_PLACEMENT_3D('',#17671,#13972,#13973);
#11383=AXIS2_PLACEMENT_3D('',#17673,#13975,#13976);
#11384=AXIS2_PLACEMENT_3D('',#17674,#13977,#13978);
#11385=AXIS2_PLACEMENT_3D('',#17677,#13981,#13982);
#11386=AXIS2_PLACEMENT_3D('',#17679,#13984,#13985);
#11387=AXIS2_PLACEMENT_3D('',#17681,#13987,#13988);
#11388=AXIS2_PLACEMENT_3D('',#17683,#13990,#13991);
#11389=AXIS2_PLACEMENT_3D('',#17685,#13993,#13994);
#11390=AXIS2_PLACEMENT_3D('',#17687,#13996,#13997);
#11391=AXIS2_PLACEMENT_3D('',#17689,#13999,#14000);
#11392=AXIS2_PLACEMENT_3D('',#17690,#14001,#14002);
#11393=AXIS2_PLACEMENT_3D('',#17692,#14004,#14005);
#11394=AXIS2_PLACEMENT_3D('',#17695,#14008,#14009);
#11395=AXIS2_PLACEMENT_3D('',#17697,#14011,#14012);
#11396=AXIS2_PLACEMENT_3D('',#17699,#14014,#14015);
#11397=AXIS2_PLACEMENT_3D('',#17701,#14017,#14018);
#11398=AXIS2_PLACEMENT_3D('',#17703,#14020,#14021);
#11399=AXIS2_PLACEMENT_3D('',#17705,#14023,#14024);
#11400=AXIS2_PLACEMENT_3D('',#17707,#14026,#14027);
#11401=AXIS2_PLACEMENT_3D('',#17708,#14028,#14029);
#11402=AXIS2_PLACEMENT_3D('',#17711,#14032,#14033);
#11403=AXIS2_PLACEMENT_3D('',#17713,#14035,#14036);
#11404=AXIS2_PLACEMENT_3D('',#17715,#14038,#14039);
#11405=AXIS2_PLACEMENT_3D('',#17717,#14041,#14042);
#11406=AXIS2_PLACEMENT_3D('',#17719,#14044,#14045);
#11407=AXIS2_PLACEMENT_3D('',#17721,#14047,#14048);
#11408=AXIS2_PLACEMENT_3D('',#17723,#14050,#14051);
#11409=AXIS2_PLACEMENT_3D('',#17724,#14052,#14053);
#11410=AXIS2_PLACEMENT_3D('',#17727,#14056,#14057);
#11411=AXIS2_PLACEMENT_3D('',#17729,#14059,#14060);
#11412=AXIS2_PLACEMENT_3D('',#17731,#14062,#14063);
#11413=AXIS2_PLACEMENT_3D('',#17733,#14065,#14066);
#11414=AXIS2_PLACEMENT_3D('',#17735,#14068,#14069);
#11415=AXIS2_PLACEMENT_3D('',#17737,#14071,#14072);
#11416=AXIS2_PLACEMENT_3D('',#17739,#14074,#14075);
#11417=AXIS2_PLACEMENT_3D('',#17741,#14077,#14078);
#11418=AXIS2_PLACEMENT_3D('',#17742,#14079,#14080);
#11419=AXIS2_PLACEMENT_3D('',#17744,#14082,#14083);
#11420=AXIS2_PLACEMENT_3D('',#17746,#14085,#14086);
#11421=AXIS2_PLACEMENT_3D('',#17748,#14088,#14089);
#11422=AXIS2_PLACEMENT_3D('',#17750,#14091,#14092);
#11423=AXIS2_PLACEMENT_3D('',#17752,#14094,#14095);
#11424=AXIS2_PLACEMENT_3D('',#17754,#14097,#14098);
#11425=AXIS2_PLACEMENT_3D('',#17756,#14100,#14101);
#11426=AXIS2_PLACEMENT_3D('',#17758,#14103,#14104);
#11427=AXIS2_PLACEMENT_3D('',#17760,#14106,#14107);
#11428=AXIS2_PLACEMENT_3D('',#17762,#14109,#14110);
#11429=AXIS2_PLACEMENT_3D('',#17763,#14111,#14112);
#11430=AXIS2_PLACEMENT_3D('',#17764,#14113,#14114);
#11431=DIRECTION('axis',(0.,0.,1.));
#11432=DIRECTION('refdir',(1.,0.,0.));
#11433=DIRECTION('center_axis',(0.,0.,-1.));
#11434=DIRECTION('ref_axis',(0.707106781186552,0.707106781186543,0.));
#11435=DIRECTION('center_axis',(0.,0.,-1.));
#11436=DIRECTION('ref_axis',(0.,1.,0.));
#11437=DIRECTION('',(0.,0.,-1.));
#11438=DIRECTION('center_axis',(0.,0.,1.));
#11439=DIRECTION('ref_axis',(1.,0.,0.));
#11440=DIRECTION('',(0.,0.,1.));
#11441=DIRECTION('center_axis',(7.11174913627096E-16,-1.,0.));
#11442=DIRECTION('ref_axis',(0.,0.,-1.));
#11443=DIRECTION('center_axis',(-1.,0.,0.));
#11444=DIRECTION('ref_axis',(0.,0.,1.));
#11445=DIRECTION('center_axis',(-7.11174913627096E-16,1.,0.));
#11446=DIRECTION('ref_axis',(-0.707106781186546,-5.02876604035476E-16,-0.707106781186548));
#11447=DIRECTION('center_axis',(7.11174913627096E-16,-1.,0.));
#11448=DIRECTION('ref_axis',(-0.707106781186546,-4.93432455388959E-16,-0.707106781186549));
#11449=DIRECTION('center_axis',(1.,7.11174913627096E-16,0.));
#11450=DIRECTION('ref_axis',(0.,0.707106781186545,0.70710678118655));
#11451=DIRECTION('center_axis',(-1.,0.,0.));
#11452=DIRECTION('ref_axis',(0.,0.,1.));
#11453=DIRECTION('',(-1.,-7.11174913627096E-16,0.));
#11454=DIRECTION('',(1.,7.11174913627096E-16,0.));
#11455=DIRECTION('center_axis',(7.11174913627096E-16,-1.,0.));
#11456=DIRECTION('ref_axis',(0.,0.,-1.));
#11457=DIRECTION('center_axis',(0.,0.,-1.));
#11458=DIRECTION('ref_axis',(-1.,0.,0.));
#11459=DIRECTION('center_axis',(-7.11174913627096E-16,1.,0.));
#11460=DIRECTION('ref_axis',(0.707106781186548,5.02876604035477E-16,-0.707106781186547));
#11461=DIRECTION('center_axis',(7.11174913627096E-16,-1.,0.));
#11462=DIRECTION('ref_axis',(0.707106781186548,4.93432455388959E-16,-0.707106781186547));
#11463=DIRECTION('center_axis',(0.,0.,1.));
#11464=DIRECTION('ref_axis',(-0.707106781186552,0.707106781186543,0.));
#11465=DIRECTION('center_axis',(0.,0.,-1.));
#11466=DIRECTION('ref_axis',(-1.,0.,0.));
#11467=DIRECTION('',(0.,0.,-1.));
#11468=DIRECTION('',(0.,0.,1.));
#11469=DIRECTION('center_axis',(7.11174913627096E-16,-1.,0.));
#11470=DIRECTION('ref_axis',(0.,0.,-1.));
#11471=DIRECTION('center_axis',(1.,0.,0.));
#11472=DIRECTION('ref_axis',(0.,0.,-1.));
#11473=DIRECTION('center_axis',(-7.11174913627096E-16,1.,0.));
#11474=DIRECTION('ref_axis',(0.707106781186548,5.02876604035478E-16,0.707106781186547));
#11475=DIRECTION('center_axis',(7.11174913627096E-16,-1.,0.));
#11476=DIRECTION('ref_axis',(0.707106781186548,4.93432455388957E-16,0.707106781186547));
#11477=DIRECTION('center_axis',(-1.,-7.11174913627096E-16,0.));
#11478=DIRECTION('ref_axis',(0.,0.707106781186545,-0.70710678118655));
#11479=DIRECTION('center_axis',(1.,0.,0.));
#11480=DIRECTION('ref_axis',(0.,0.,-1.));
#11481=DIRECTION('',(1.,7.11174913627096E-16,0.));
#11482=DIRECTION('',(-1.,-7.11174913627096E-16,0.));
#11483=DIRECTION('center_axis',(7.11174913627096E-16,-1.,0.));
#11484=DIRECTION('ref_axis',(0.,0.,-1.));
#11485=DIRECTION('center_axis',(-7.11174913627096E-16,1.,0.));
#11486=DIRECTION('ref_axis',(-0.707106781186547,-5.02876604035477E-16,0.707106781186548));
#11487=DIRECTION('center_axis',(7.11174913627096E-16,-1.,0.));
#11488=DIRECTION('ref_axis',(-0.707106781186547,-4.9343245538896E-16,0.707106781186548));
#11489=DIRECTION('center_axis',(0.,-1.,0.));
#11490=DIRECTION('ref_axis',(1.,0.,0.));
#11491=DIRECTION('',(0.,-1.,0.));
#11492=DIRECTION('center_axis',(-9.98252853756671E-46,1.,0.));
#11493=DIRECTION('ref_axis',(1.,0.,0.));
#11494=DIRECTION('',(0.,-1.,0.));
#11495=DIRECTION('center_axis',(0.,0.,-1.));
#11496=DIRECTION('ref_axis',(1.,5.26284929958737E-32,0.));
#11497=DIRECTION('',(0.,-1.,0.));
#11498=DIRECTION('',(-1.,-9.98252853756671E-46,0.));
#11499=DIRECTION('center_axis',(0.,-1.,0.));
#11500=DIRECTION('ref_axis',(0.,0.,-1.));
#11501=DIRECTION('',(0.,-1.,0.));
#11502=DIRECTION('center_axis',(-9.98252853756671E-46,1.,0.));
#11503=DIRECTION('ref_axis',(0.,0.,-1.));
#11504=DIRECTION('center_axis',(-1.,0.,0.));
#11505=DIRECTION('ref_axis',(0.,3.29615615684227E-45,-1.));
#11506=DIRECTION('',(0.,-1.,0.));
#11507=DIRECTION('',(0.,0.,1.));
#11508=DIRECTION('center_axis',(-7.11174913627096E-16,1.,0.));
#11509=DIRECTION('ref_axis',(-1.,-7.11174913627096E-16,0.));
#11510=DIRECTION('',(1.,7.11174913627096E-16,0.));
#11511=DIRECTION('',(0.,0.,1.));
#11512=DIRECTION('',(-1.,-7.11174913627096E-16,0.));
#11513=DIRECTION('',(0.,0.,1.));
#11514=DIRECTION('center_axis',(0.,1.,0.));
#11515=DIRECTION('ref_axis',(0.,0.,1.));
#11516=DIRECTION('',(0.,0.707106781186547,0.707106781186548));
#11517=DIRECTION('center_axis',(-9.98252853756671E-46,1.,0.));
#11518=DIRECTION('ref_axis',(0.,0.,1.));
#11519=DIRECTION('',(-0.707106781186549,-0.707106781186546,0.));
#11520=DIRECTION('center_axis',(-9.98252853756671E-46,1.,0.));
#11521=DIRECTION('ref_axis',(0.,0.,1.));
#11522=DIRECTION('center_axis',(-7.05871362230165E-46,0.707106781186548,
-0.707106781186548));
#11523=DIRECTION('ref_axis',(-1.,0.,9.98252853756671E-46));
#11524=DIRECTION('',(0.,0.707106781186547,0.707106781186547));
#11525=DIRECTION('',(1.,9.98252853756671E-46,0.));
#11526=DIRECTION('',(1.,9.98252853756671E-46,-3.44789759200359E-16));
#11527=DIRECTION('center_axis',(0.,1.,0.));
#11528=DIRECTION('ref_axis',(-1.,-3.56518876341668E-46,0.));
#11529=DIRECTION('',(-0.707106781186546,0.707106781186549,0.));
#11530=DIRECTION('center_axis',(-9.98252853756671E-46,1.,0.));
#11531=DIRECTION('ref_axis',(-1.,0.,0.));
#11532=DIRECTION('center_axis',(-9.98252853756671E-46,1.,0.));
#11533=DIRECTION('ref_axis',(-1.,0.,-1.77635683940025E-15));
#11534=DIRECTION('center_axis',(0.707106781186549,0.707106781186546,0.));
#11535=DIRECTION('ref_axis',(0.,0.,-1.));
#11536=DIRECTION('',(-0.707106781186546,0.707106781186549,0.));
#11537=DIRECTION('',(0.,0.,1.));
#11538=DIRECTION('center_axis',(0.,1.,0.));
#11539=DIRECTION('ref_axis',(0.,0.,-1.));
#11540=DIRECTION('',(0.,0.707106781186547,-0.707106781186547));
#11541=DIRECTION('center_axis',(-9.98252853756671E-46,1.,0.));
#11542=DIRECTION('ref_axis',(0.,0.,-1.));
#11543=DIRECTION('center_axis',(-7.05871362230165E-46,0.707106781186548,
0.707106781186548));
#11544=DIRECTION('ref_axis',(1.,0.,9.98252853756671E-46));
#11545=DIRECTION('',(0.,0.707106781186547,-0.707106781186547));
#11546=DIRECTION('',(-1.,-9.98252853756671E-46,0.));
#11547=DIRECTION('center_axis',(0.,1.,0.));
#11548=DIRECTION('ref_axis',(1.,3.56518876341668E-46,0.));
#11549=DIRECTION('',(0.707106781186546,0.707106781186549,0.));
#11550=DIRECTION('center_axis',(-9.98252853756671E-46,1.,0.));
#11551=DIRECTION('ref_axis',(1.,0.,0.));
#11552=DIRECTION('center_axis',(-0.707106781186549,0.707106781186546,0.));
#11553=DIRECTION('ref_axis',(0.,0.,1.));
#11554=DIRECTION('',(0.,0.,-1.));
#11555=DIRECTION('',(0.,0.,-1.));
#11556=DIRECTION('center_axis',(1.,0.,0.));
#11557=DIRECTION('ref_axis',(0.,-3.16347735345424E-45,1.));
#11558=DIRECTION('',(0.,-1.,0.));
#11559=DIRECTION('center_axis',(0.,-1.,0.));
#11560=DIRECTION('ref_axis',(0.,0.,1.));
#11561=DIRECTION('',(0.,-1.,0.));
#11562=DIRECTION('center_axis',(0.,-1.,0.));
#11563=DIRECTION('ref_axis',(-1.,0.,0.));
#11564=DIRECTION('',(0.,-1.,0.));
#11565=DIRECTION('center_axis',(0.,0.,1.));
#11566=DIRECTION('ref_axis',(-1.,5.26284929958739E-32,0.));
#11567=DIRECTION('center_axis',(-1.,0.,0.));
#11568=DIRECTION('ref_axis',(0.,3.46942774861657E-45,-1.));
#11569=DIRECTION('',(0.,-1.,0.));
#11570=DIRECTION('',(0.,0.,1.));
#11571=DIRECTION('',(0.,-1.,0.));
#11572=DIRECTION('center_axis',(0.,-1.,0.));
#11573=DIRECTION('ref_axis',(-1.,0.,-1.77635683940025E-15));
#11574=DIRECTION('',(0.,-1.,0.));
#11575=DIRECTION('center_axis',(-4.74116604207842E-16,1.,0.));
#11576=DIRECTION('ref_axis',(-1.,0.,-1.77635683940025E-15));
#11577=DIRECTION('center_axis',(3.44789759200359E-16,0.,1.));
#11578=DIRECTION('ref_axis',(-1.,3.75917807113385E-32,3.44789759200359E-16));
#11579=DIRECTION('',(0.,-1.,0.));
#11580=DIRECTION('',(1.,4.74116604207842E-16,-3.44789759200359E-16));
#11581=DIRECTION('center_axis',(0.,-1.,0.));
#11582=DIRECTION('ref_axis',(0.,0.,1.));
#11583=DIRECTION('',(0.,-1.,0.));
#11584=DIRECTION('center_axis',(-4.74116604207842E-16,1.,0.));
#11585=DIRECTION('ref_axis',(0.,0.,1.));
#11586=DIRECTION('center_axis',(1.,0.,0.));
#11587=DIRECTION('ref_axis',(0.,-3.16347735345424E-45,1.));
#11588=DIRECTION('',(0.,-1.,0.));
#11589=DIRECTION('',(0.,0.,-1.));
#11590=DIRECTION('center_axis',(0.,-1.,0.));
#11591=DIRECTION('ref_axis',(1.,0.,0.));
#11592=DIRECTION('',(0.,-1.,0.));
#11593=DIRECTION('center_axis',(-4.74116604207842E-16,1.,0.));
#11594=DIRECTION('ref_axis',(1.,0.,0.));
#11595=DIRECTION('center_axis',(0.,0.,-1.));
#11596=DIRECTION('ref_axis',(1.,3.75917807113384E-32,0.));
#11597=DIRECTION('',(0.,-1.,0.));
#11598=DIRECTION('',(-1.,-4.74116604207842E-16,0.));
#11599=DIRECTION('center_axis',(0.,-1.,0.));
#11600=DIRECTION('ref_axis',(0.,0.,-1.));
#11601=DIRECTION('center_axis',(-4.74116604207842E-16,1.,0.));
#11602=DIRECTION('ref_axis',(0.,0.,-1.));
#11603=DIRECTION('center_axis',(0.,0.,1.));
#11604=DIRECTION('ref_axis',(-0.707106771093713,0.707106791279382,0.));
#11605=DIRECTION('center_axis',(-0.999999999999998,6.42320063803936E-8,
0.));
#11606=DIRECTION('ref_axis',(6.42320063803936E-8,0.999999999999998,0.));
#11607=DIRECTION('center_axis',(0.,0.,1.));
#11608=DIRECTION('ref_axis',(-0.707106771093713,0.707106791279382,0.));
#11609=DIRECTION('center_axis',(-3.56851548311E-8,0.999999999999999,0.));
#11610=DIRECTION('ref_axis',(0.,0.,-1.));
#11611=DIRECTION('center_axis',(0.,0.,-1.));
#11612=DIRECTION('ref_axis',(-0.707106771093713,0.707106791279382,0.));
#11613=DIRECTION('center_axis',(-9.1845492399368E-14,1.,0.));
#11614=DIRECTION('ref_axis',(-0.707106781186546,-6.43737908060349E-14,-0.707106781186549));
#11615=DIRECTION('center_axis',(-9.10382880192628E-14,1.,0.));
#11616=DIRECTION('ref_axis',(0.,0.,-1.));
#11617=DIRECTION('',(-9.1845492399368E-14,1.,0.));
#11618=DIRECTION('',(9.1845492399368E-14,-1.,0.));
#11619=DIRECTION('center_axis',(0.,0.,1.));
#11620=DIRECTION('ref_axis',(-0.707106797768041,-0.707106764605054,0.));
#11621=DIRECTION('center_axis',(-0.999999999999999,-3.56844864768392E-8,
0.));
#11622=DIRECTION('ref_axis',(0.,0.,-1.));
#11623=DIRECTION('center_axis',(0.,0.,-1.));
#11624=DIRECTION('ref_axis',(-0.707106791279619,-0.707106771093475,0.));
#11625=DIRECTION('center_axis',(0.,0.,1.));
#11626=DIRECTION('ref_axis',(-0.707106791279619,-0.707106771093475,0.));
#11627=DIRECTION('center_axis',(-1.,-1.96786822401016E-13,0.));
#11628=DIRECTION('ref_axis',(1.4130832128154E-13,-0.707106781186546,-0.707106781186549));
#11629=DIRECTION('center_axis',(-1.,-2.0428103653103E-13,0.));
#11630=DIRECTION('ref_axis',(0.,0.,-1.));
#11631=DIRECTION('',(-1.,-1.96786822401016E-13,0.));
#11632=DIRECTION('',(1.,1.96786822401016E-13,0.));
#11633=DIRECTION('center_axis',(0.,0.,1.));
#11634=DIRECTION('ref_axis',(1.,0.,0.));
#11635=DIRECTION('center_axis',(-0.427013474640393,-0.9042452612403,0.));
#11636=DIRECTION('ref_axis',(0.,0.,-1.));
#11637=DIRECTION('center_axis',(0.,0.,-1.));
#11638=DIRECTION('ref_axis',(0.535254071616007,-0.844691114442721,0.));
#11639=DIRECTION('center_axis',(0.,0.,1.));
#11640=DIRECTION('ref_axis',(0.535254071616007,-0.844691114442721,0.));
#11641=DIRECTION('center_axis',(-0.427006302953522,-0.90424864790497,0.));
#11642=DIRECTION('ref_axis',(0.639400350812369,-0.301939052427834,-0.707106781186548));
#11643=DIRECTION('center_axis',(-0.427006302953528,-0.904248647904966,0.));
#11644=DIRECTION('ref_axis',(0.,0.,-1.));
#11645=DIRECTION('',(-0.427006302953522,-0.904248647904969,0.));
#11646=DIRECTION('',(0.427006302953522,0.904248647904969,0.));
#11647=DIRECTION('center_axis',(0.,0.,1.));
#11648=DIRECTION('ref_axis',(1.,0.,0.));
#11649=DIRECTION('center_axis',(1.93748948551508E-7,-0.999999999999981,
0.));
#11650=DIRECTION('ref_axis',(0.,0.,-1.));
#11651=DIRECTION('center_axis',(0.,0.,-1.));
#11652=DIRECTION('ref_axis',(0.975768551434145,-0.218805242240927,0.));
#11653=DIRECTION('center_axis',(0.,0.,1.));
#11654=DIRECTION('ref_axis',(0.975768551434145,-0.218805242240927,0.));
#11655=DIRECTION('center_axis',(3.01703278132908E-16,-1.,0.));
#11656=DIRECTION('ref_axis',(0.707106781186549,0.,-0.707106781186546));
#11657=DIRECTION('center_axis',(0.,-1.,0.));
#11658=DIRECTION('ref_axis',(0.,0.,-1.));
#11659=DIRECTION('',(3.01703278132908E-16,-1.,0.));
#11660=DIRECTION('',(-3.01703278132908E-16,1.,0.));
#11661=DIRECTION('center_axis',(0.,0.,1.));
#11662=DIRECTION('ref_axis',(1.,0.,0.));
#11663=DIRECTION('center_axis',(0.999999999999999,3.56851126426249E-8,0.));
#11664=DIRECTION('ref_axis',(0.,0.,-1.));
#11665=DIRECTION('center_axis',(0.,0.,-1.));
#11666=DIRECTION('ref_axis',(0.707106791279822,0.707106771093273,0.));
#11667=DIRECTION('center_axis',(0.,0.,1.));
#11668=DIRECTION('ref_axis',(0.707106791279822,0.707106771093273,0.));
#11669=DIRECTION('center_axis',(1.,1.28986335138144E-15,0.));
#11670=DIRECTION('ref_axis',(-3.14018491736756E-15,0.707106781186546,-0.707106781186549));
#11671=DIRECTION('center_axis',(1.,4.44089209850062E-15,0.));
#11672=DIRECTION('ref_axis',(0.,0.,-1.));
#11673=DIRECTION('',(1.,1.28986335138144E-15,0.));
#11674=DIRECTION('',(-1.,-1.28986335138144E-15,0.));
#11675=DIRECTION('center_axis',(0.,0.,1.));
#11676=DIRECTION('ref_axis',(1.,0.,0.));
#11677=DIRECTION('center_axis',(0.8000001862223,0.599999751703519,0.));
#11678=DIRECTION('ref_axis',(0.,0.,-1.));
#11679=DIRECTION('center_axis',(0.,0.,-1.));
#11680=DIRECTION('ref_axis',(-0.316227859280306,0.948683266962686,0.));
#11681=DIRECTION('center_axis',(0.,0.,1.));
#11682=DIRECTION('ref_axis',(-0.316227859280306,0.948683266962686,0.));
#11683=DIRECTION('center_axis',(0.800000038761563,0.599999948317913,0.));
#11684=DIRECTION('ref_axis',(-0.424264032167176,0.565685452357802,-0.707106781186547));
#11685=DIRECTION('center_axis',(0.800000038761565,0.59999994831791,0.));
#11686=DIRECTION('ref_axis',(0.,0.,-1.));
#11687=DIRECTION('',(0.800000038761563,0.599999948317913,0.));
#11688=DIRECTION('',(-0.800000038761563,-0.599999948317913,0.));
#11689=DIRECTION('center_axis',(0.,0.,1.));
#11690=DIRECTION('ref_axis',(1.,0.,0.));
#11691=DIRECTION('center_axis',(0.999999999996787,2.53491073021195E-6,0.));
#11692=DIRECTION('ref_axis',(0.,0.,-1.));
#11693=DIRECTION('center_axis',(0.,0.,1.));
#11694=DIRECTION('ref_axis',(0.316228727945743,-0.948682977407004,0.));
#11695=DIRECTION('center_axis',(0.,0.,-1.));
#11696=DIRECTION('ref_axis',(0.316228727945743,-0.948682977407004,0.));
#11697=DIRECTION('center_axis',(1.,7.11174913627096E-16,0.));
#11698=DIRECTION('ref_axis',(0.,0.707106781186548,-0.707106781186547));
#11699=DIRECTION('',(-1.,-7.11174913627096E-16,0.));
#11700=DIRECTION('center_axis',(0.,0.,1.));
#11701=DIRECTION('ref_axis',(0.999999999999998,-6.42332022856721E-8,0.));
#11702=DIRECTION('',(0.,0.,1.));
#11703=DIRECTION('center_axis',(0.,0.,1.));
#11704=DIRECTION('ref_axis',(0.999999999999998,-6.42332022856721E-8,0.));
#11705=DIRECTION('',(0.,0.,1.));
#11706=DIRECTION('center_axis',(-1.28986335138144E-15,1.,0.));
#11707=DIRECTION('ref_axis',(-1.,-1.28986335138144E-15,0.));
#11708=DIRECTION('',(0.,0.,1.));
#11709=DIRECTION('',(-1.,-1.28986335138144E-15,0.));
#11710=DIRECTION('center_axis',(0.,0.,1.));
#11711=DIRECTION('ref_axis',(-5.06987223467535E-7,0.999999999999872,0.));
#11712=DIRECTION('',(0.,0.,1.));
#11713=DIRECTION('center_axis',(0.,0.,1.));
#11714=DIRECTION('ref_axis',(-5.06987223467535E-7,0.999999999999872,0.));
#11715=DIRECTION('center_axis',(-0.599999948317913,0.800000038761563,0.));
#11716=DIRECTION('ref_axis',(-0.800000038761563,-0.599999948317913,0.));
#11717=DIRECTION('',(0.,0.,1.));
#11718=DIRECTION('',(-0.800000038761563,-0.599999948317913,0.));
#11719=DIRECTION('center_axis',(0.,0.,1.));
#11720=DIRECTION('ref_axis',(2.53491073063236E-6,-0.999999999996787,0.));
#11721=DIRECTION('center_axis',(0.,0.,-1.));
#11722=DIRECTION('ref_axis',(2.53491073063236E-6,-0.999999999996787,0.));
#11723=DIRECTION('center_axis',(0.,0.,1.));
#11724=DIRECTION('ref_axis',(6.42320057119252E-8,0.999999999999998,0.));
#11725=DIRECTION('',(0.,0.,1.));
#11726=DIRECTION('center_axis',(0.,0.,1.));
#11727=DIRECTION('ref_axis',(6.42320057119252E-8,0.999999999999998,0.));
#11728=DIRECTION('center_axis',(0.,0.,1.));
#11729=DIRECTION('ref_axis',(1.,0.,0.));
#11730=DIRECTION('center_axis',(0.,0.,-1.));
#11731=DIRECTION('ref_axis',(-1.,0.,0.));
#11732=DIRECTION('center_axis',(0.,0.,-1.));
#11733=DIRECTION('ref_axis',(-1.,0.,0.));
#11734=DIRECTION('center_axis',(-1.38777878078145E-16,-1.,0.));
#11735=DIRECTION('ref_axis',(1.,-1.38777878078145E-16,0.));
#11736=DIRECTION('center_axis',(0.,0.,1.));
#11737=DIRECTION('ref_axis',(-1.,0.,0.));
#11738=DIRECTION('center_axis',(0.,0.,1.));
#11739=DIRECTION('ref_axis',(1.,0.,0.));
#11740=DIRECTION('',(9.18454921294331E-14,-1.,0.));
#11741=DIRECTION('center_axis',(0.,0.,1.));
#11742=DIRECTION('ref_axis',(-0.999999999999998,6.42320053776909E-8,0.));
#11743=DIRECTION('',(1.,9.87262081042404E-14,0.));
#11744=DIRECTION('center_axis',(0.,0.,1.));
#11745=DIRECTION('ref_axis',(9.71016551355327E-6,-0.999999999952856,0.));
#11746=DIRECTION('',(0.427006302953528,0.904248647904966,0.));
#11747=DIRECTION('center_axis',(0.,0.,1.));
#11748=DIRECTION('ref_axis',(0.904248449203692,-0.427006723732447,0.));
#11749=DIRECTION('',(-3.01703276158028E-16,1.,0.));
#11750=DIRECTION('center_axis',(0.,0.,1.));
#11751=DIRECTION('ref_axis',(0.999999999999998,-6.42332021981754E-8,0.));
#11752=DIRECTION('',(-1.,2.17664443550512E-15,0.));
#11753=DIRECTION('center_axis',(0.,0.,1.));
#11754=DIRECTION('ref_axis',(-5.06987223914214E-7,0.999999999999872,0.));
#11755=DIRECTION('',(-0.800000038761606,-0.599999948317855,0.));
#11756=DIRECTION('center_axis',(0.,0.,-1.));
#11757=DIRECTION('ref_axis',(6.33731297181384E-7,-0.999999999999799,0.));
#11758=DIRECTION('',(-1.,-4.74116604207842E-16,0.));
#11759=DIRECTION('center_axis',(0.,0.,1.));
#11760=DIRECTION('ref_axis',(6.4232005377691E-8,0.999999999999998,0.));
#11761=DIRECTION('center_axis',(0.,0.,1.));
#11762=DIRECTION('ref_axis',(-1.,0.,0.));
#11763=DIRECTION('center_axis',(0.,0.,1.));
#11764=DIRECTION('ref_axis',(-1.,0.,0.));
#11765=DIRECTION('center_axis',(0.,0.,1.));
#11766=DIRECTION('ref_axis',(-1.,0.,0.));
#11767=DIRECTION('center_axis',(0.,0.,1.));
#11768=DIRECTION('ref_axis',(-1.,0.,0.));
#11769=DIRECTION('',(0.,0.,-1.));
#11770=DIRECTION('center_axis',(0.,0.,-1.));
#11771=DIRECTION('ref_axis',(-1.,0.,0.));
#11772=DIRECTION('center_axis',(0.,0.,-1.));
#11773=DIRECTION('ref_axis',(-1.,0.,0.));
#11774=DIRECTION('center_axis',(0.,-1.,0.));
#11775=DIRECTION('ref_axis',(1.,0.,0.));
#11776=DIRECTION('center_axis',(0.,0.,1.));
#11777=DIRECTION('ref_axis',(-1.,0.,0.));
#11778=DIRECTION('center_axis',(0.,0.,1.));
#11779=DIRECTION('ref_axis',(-1.,0.,0.));
#11780=DIRECTION('',(0.,0.,-1.));
#11781=DIRECTION('center_axis',(0.,0.,-1.));
#11782=DIRECTION('ref_axis',(-1.,0.,0.));
#11783=DIRECTION('center_axis',(0.,0.,-1.));
#11784=DIRECTION('ref_axis',(-1.,0.,0.));
#11785=DIRECTION('center_axis',(-1.36642833800019E-16,-1.,0.));
#11786=DIRECTION('ref_axis',(1.,-1.36642833800019E-16,0.));
#11787=DIRECTION('center_axis',(0.,0.,1.));
#11788=DIRECTION('ref_axis',(-1.,0.,0.));
#11789=DIRECTION('center_axis',(0.,0.,1.));
#11790=DIRECTION('ref_axis',(-1.,0.,0.));
#11791=DIRECTION('',(0.,0.,-1.));
#11792=DIRECTION('center_axis',(0.,0.,1.));
#11793=DIRECTION('ref_axis',(-1.,0.,0.));
#11794=DIRECTION('center_axis',(0.,0.,-1.));
#11795=DIRECTION('ref_axis',(-1.,0.,0.));
#11796=DIRECTION('',(0.,0.,-1.));
#11797=DIRECTION('center_axis',(0.,0.,1.));
#11798=DIRECTION('ref_axis',(-1.,0.,0.));
#11799=DIRECTION('center_axis',(0.,0.,1.));
#11800=DIRECTION('ref_axis',(-1.,0.,0.));
#11801=DIRECTION('center_axis',(0.,0.,1.));
#11802=DIRECTION('ref_axis',(-1.,0.,0.));
#11803=DIRECTION('center_axis',(0.,0.,-1.));
#11804=DIRECTION('ref_axis',(-1.,0.,0.));
#11805=DIRECTION('',(0.,0.,-1.));
#11806=DIRECTION('center_axis',(0.,0.,1.));
#11807=DIRECTION('ref_axis',(-1.,0.,0.));
#11808=DIRECTION('center_axis',(0.,0.,1.));
#11809=DIRECTION('ref_axis',(-1.,0.,0.));
#11810=DIRECTION('center_axis',(0.,0.,1.));
#11811=DIRECTION('ref_axis',(1.,0.,0.));
#11812=DIRECTION('center_axis',(0.,0.,1.));
#11813=DIRECTION('ref_axis',(-1.,0.,0.));
#11814=DIRECTION('center_axis',(0.,0.,-1.));
#11815=DIRECTION('ref_axis',(-1.,0.,0.));
#11816=DIRECTION('',(0.,0.,-1.));
#11817=DIRECTION('center_axis',(0.,0.,1.));
#11818=DIRECTION('ref_axis',(-1.,0.,0.));
#11819=DIRECTION('center_axis',(0.,0.,1.));
#11820=DIRECTION('ref_axis',(-1.,0.,0.));
#11821=DIRECTION('center_axis',(0.,0.,1.));
#11822=DIRECTION('ref_axis',(1.,0.,0.));
#11823=DIRECTION('center_axis',(-1.,-3.01703276158028E-16,0.));
#11824=DIRECTION('ref_axis',(3.01703276158028E-16,-1.,0.));
#11825=DIRECTION('',(0.,0.,1.));
#11826=DIRECTION('',(3.01703276158028E-16,-1.,0.));
#11827=DIRECTION('',(0.,0.,1.));
#11828=DIRECTION('center_axis',(0.,0.,1.));
#11829=DIRECTION('ref_axis',(0.904248449203692,-0.427006723732447,0.));
#11830=DIRECTION('',(0.,0.,1.));
#11831=DIRECTION('center_axis',(0.,0.,-1.));
#11832=DIRECTION('ref_axis',(0.904248449203692,-0.427006723732447,0.));
#11833=DIRECTION('center_axis',(-0.904248647904966,0.427006302953528,0.));
#11834=DIRECTION('ref_axis',(-0.427006302953528,-0.904248647904966,0.));
#11835=DIRECTION('',(0.,0.,1.));
#11836=DIRECTION('',(-0.427006302953528,-0.904248647904966,0.));
#11837=DIRECTION('center_axis',(0.,0.,1.));
#11838=DIRECTION('ref_axis',(9.71016551355327E-6,-0.999999999952856,0.));
#11839=DIRECTION('',(0.,0.,1.));
#11840=DIRECTION('center_axis',(0.,0.,-1.));
#11841=DIRECTION('ref_axis',(9.71016551355327E-6,-0.999999999952856,0.));
#11842=DIRECTION('center_axis',(-9.87262081042404E-14,1.,0.));
#11843=DIRECTION('ref_axis',(-1.,-9.87262081042404E-14,0.));
#11844=DIRECTION('',(0.,0.,1.));
#11845=DIRECTION('',(-1.,-9.87262081042404E-14,0.));
#11846=DIRECTION('center_axis',(0.,0.,1.));
#11847=DIRECTION('ref_axis',(-0.999999999999998,6.42320053776909E-8,0.));
#11848=DIRECTION('',(0.,0.,1.));
#11849=DIRECTION('center_axis',(0.,0.,-1.));
#11850=DIRECTION('ref_axis',(-0.999999999999998,6.42320053776909E-8,0.));
#11851=DIRECTION('center_axis',(1.,9.18454921294331E-14,0.));
#11852=DIRECTION('ref_axis',(-9.18454921294331E-14,1.,0.));
#11853=DIRECTION('',(0.,0.,1.));
#11854=DIRECTION('',(-9.18454921294331E-14,1.,0.));
#11855=DIRECTION('center_axis',(0.,0.,1.));
#11856=DIRECTION('ref_axis',(0.999999999999998,-6.42332021981754E-8,0.));
#11857=DIRECTION('center_axis',(0.,0.,-1.));
#11858=DIRECTION('ref_axis',(0.999999999999998,-6.42332021981754E-8,0.));
#11859=DIRECTION('',(0.,0.,1.));
#11860=DIRECTION('center_axis',(-2.17664443550512E-15,-1.,0.));
#11861=DIRECTION('ref_axis',(1.,-2.17664443550512E-15,0.));
#11862=DIRECTION('',(1.,-2.17664443550512E-15,0.));
#11863=DIRECTION('',(0.,0.,1.));
#11864=DIRECTION('center_axis',(0.,0.,1.));
#11865=DIRECTION('ref_axis',(-5.06987223914214E-7,0.999999999999872,0.));
#11866=DIRECTION('center_axis',(0.,0.,-1.));
#11867=DIRECTION('ref_axis',(-5.06987223914214E-7,0.999999999999872,0.));
#11868=DIRECTION('',(0.,0.,1.));
#11869=DIRECTION('center_axis',(0.599999948317855,-0.800000038761607,0.));
#11870=DIRECTION('ref_axis',(0.800000038761606,0.599999948317855,0.));
#11871=DIRECTION('',(0.800000038761606,0.599999948317855,0.));
#11872=DIRECTION('',(0.,0.,1.));
#11873=DIRECTION('center_axis',(0.,0.,1.));
#11874=DIRECTION('ref_axis',(6.33731297181384E-7,-0.999999999999799,0.));
#11875=DIRECTION('center_axis',(0.,0.,1.));
#11876=DIRECTION('ref_axis',(6.33731297181384E-7,-0.999999999999799,0.));
#11877=DIRECTION('',(0.,0.,1.));
#11878=DIRECTION('center_axis',(4.74116604207842E-16,-1.,0.));
#11879=DIRECTION('ref_axis',(1.,4.74116604207842E-16,0.));
#11880=DIRECTION('',(1.,4.74116604207842E-16,0.));
#11881=DIRECTION('',(0.,0.,1.));
#11882=DIRECTION('center_axis',(0.,0.,1.));
#11883=DIRECTION('ref_axis',(6.4232005377691E-8,0.999999999999998,0.));
#11884=DIRECTION('center_axis',(0.,0.,-1.));
#11885=DIRECTION('ref_axis',(6.4232005377691E-8,0.999999999999998,0.));
#11886=DIRECTION('center_axis',(0.,0.,1.));
#11887=DIRECTION('ref_axis',(1.,0.,0.));
#11888=DIRECTION('',(9.1845492399368E-14,-1.,0.));
#11889=DIRECTION('center_axis',(0.,0.,1.));
#11890=DIRECTION('ref_axis',(-0.999999999999998,6.42320052184926E-8,0.));
#11891=DIRECTION('',(1.,1.96786822401016E-13,0.));
#11892=DIRECTION('center_axis',(0.,0.,1.));
#11893=DIRECTION('ref_axis',(8.09181950343634E-6,-0.999999999967261,0.));
#11894=DIRECTION('',(0.427006302953522,0.904248647904969,0.));
#11895=DIRECTION('center_axis',(0.,0.,1.));
#11896=DIRECTION('ref_axis',(0.904248449203692,-0.427006723732447,0.));
#11897=DIRECTION('',(-3.01703278132908E-16,1.,0.));
#11898=DIRECTION('center_axis',(1.,3.01703278132908E-16,0.));
#11899=DIRECTION('ref_axis',(-3.01703278132908E-16,1.,0.));
#11900=DIRECTION('',(0.,0.,1.));
#11901=DIRECTION('center_axis',(0.,0.,1.));
#11902=DIRECTION('ref_axis',(0.904248449203692,-0.427006723732447,0.));
#11903=DIRECTION('',(0.,0.,1.));
#11904=DIRECTION('center_axis',(0.90424864790497,-0.427006302953522,0.));
#11905=DIRECTION('ref_axis',(0.427006302953522,0.904248647904969,0.));
#11906=DIRECTION('',(0.,0.,1.));
#11907=DIRECTION('center_axis',(0.,0.,1.));
#11908=DIRECTION('ref_axis',(8.09181950343634E-6,-0.999999999967261,0.));
#11909=DIRECTION('',(0.,0.,1.));
#11910=DIRECTION('center_axis',(1.96786822401016E-13,-1.,0.));
#11911=DIRECTION('ref_axis',(1.,1.96786822401016E-13,0.));
#11912=DIRECTION('',(0.,0.,1.));
#11913=DIRECTION('center_axis',(0.,0.,1.));
#11914=DIRECTION('ref_axis',(-0.999999999999998,6.42320052184926E-8,0.));
#11915=DIRECTION('',(0.,0.,1.));
#11916=DIRECTION('center_axis',(-1.,-9.1845492399368E-14,0.));
#11917=DIRECTION('ref_axis',(9.1845492399368E-14,-1.,0.));
#11918=DIRECTION('center_axis',(0.,0.,1.));
#11919=DIRECTION('ref_axis',(1.,0.,0.));
#11920=DIRECTION('center_axis',(1.,0.,0.));
#11921=DIRECTION('ref_axis',(0.,-1.,0.));
#11922=DIRECTION('',(0.,1.,0.));
#11923=DIRECTION('',(0.,0.,-1.));
#11924=DIRECTION('',(0.,-1.,0.));
#11925=DIRECTION('',(0.,0.,1.));
#11926=DIRECTION('center_axis',(-1.,0.,0.));
#11927=DIRECTION('ref_axis',(0.,1.,0.));
#11928=DIRECTION('',(0.,-1.,0.));
#11929=DIRECTION('',(0.,0.,-1.));
#11930=DIRECTION('',(0.,1.,0.));
#11931=DIRECTION('',(0.,0.,-1.));
#11932=DIRECTION('center_axis',(0.,-1.,0.));
#11933=DIRECTION('ref_axis',(-1.,0.,0.));
#11934=DIRECTION('',(1.,0.,0.));
#11935=DIRECTION('',(-1.,0.,0.));
#11936=DIRECTION('center_axis',(-2.37058302103921E-16,1.,0.));
#11937=DIRECTION('ref_axis',(1.,2.37058302103921E-16,0.));
#11938=DIRECTION('',(1.,2.37058302103921E-16,0.));
#11939=DIRECTION('',(0.,0.,-1.));
#11940=DIRECTION('',(1.,2.37058302103921E-16,0.));
#11941=DIRECTION('center_axis',(-2.37058302103921E-16,1.,0.));
#11942=DIRECTION('ref_axis',(1.,2.37058302103921E-16,0.));
#11943=DIRECTION('',(1.,2.37058302103921E-16,0.));
#11944=DIRECTION('',(0.,0.,-1.));
#11945=DIRECTION('',(1.,2.37058302103921E-16,0.));
#11946=DIRECTION('center_axis',(0.,0.,1.));
#11947=DIRECTION('ref_axis',(1.,0.,0.));
#11948=DIRECTION('center_axis',(0.,0.,1.));
#11949=DIRECTION('ref_axis',(6.42320068579885E-8,0.999999999999998,0.));
#11950=DIRECTION('',(-1.35465327624533E-16,1.,0.));
#11951=DIRECTION('',(-1.,-4.8296981273041E-14,0.));
#11952=DIRECTION('center_axis',(0.,0.,1.));
#11953=DIRECTION('ref_axis',(1.,4.85326065050435E-14,0.));
#11954=DIRECTION('',(-4.88575271770059E-14,1.,0.));
#11955=DIRECTION('center_axis',(0.,0.,1.));
#11956=DIRECTION('ref_axis',(-1.,-4.88498130835084E-14,0.));
#11957=DIRECTION('',(1.,0.,0.));
#11958=DIRECTION('center_axis',(0.,0.,1.));
#11959=DIRECTION('ref_axis',(1.,0.,0.));
#11960=DIRECTION('',(0.,1.,0.));
#11961=DIRECTION('',(-1.,0.,0.));
#11962=DIRECTION('center_axis',(0.,0.,1.));
#11963=DIRECTION('ref_axis',(9.71016551207302E-6,-0.999999999952856,0.));
#11964=DIRECTION('',(-0.427006302953664,-0.904248647904902,0.));
#11965=DIRECTION('center_axis',(0.,0.,1.));
#11966=DIRECTION('ref_axis',(0.90424844920369,-0.42700672373245,0.));
#11967=DIRECTION('',(-1.,1.09760061752365E-16,0.));
#11968=DIRECTION('center_axis',(0.,0.,1.));
#11969=DIRECTION('ref_axis',(-1.,-3.1720657846433E-16,0.));
#11970=DIRECTION('',(0.,1.,0.));
#11971=DIRECTION('',(-1.,0.,0.));
#11972=DIRECTION('center_axis',(0.,0.,1.));
#11973=DIRECTION('ref_axis',(-5.06987223914214E-7,0.999999999999872,0.));
#11974=DIRECTION('',(0.800000038761974,0.599999948317364,0.));
#11975=DIRECTION('center_axis',(0.,0.,1.));
#11976=DIRECTION('ref_axis',(6.33731297181384E-7,-0.999999999999799,0.));
#11977=DIRECTION('center_axis',(0.,0.,-1.));
#11978=DIRECTION('ref_axis',(0.,1.,0.));
#11979=DIRECTION('',(1.,0.,0.));
#11980=DIRECTION('center_axis',(0.,0.,-1.));
#11981=DIRECTION('ref_axis',(1.,0.,0.));
#11982=DIRECTION('',(0.,-1.,0.));
#11983=DIRECTION('center_axis',(0.,0.,-1.));
#11984=DIRECTION('ref_axis',(0.,-1.,0.));
#11985=DIRECTION('',(-1.,0.,0.));
#11986=DIRECTION('center_axis',(0.,0.,-1.));
#11987=DIRECTION('ref_axis',(-1.,0.,0.));
#11988=DIRECTION('',(0.,1.,0.));
#11989=DIRECTION('center_axis',(0.,0.,-1.));
#11990=DIRECTION('ref_axis',(0.,1.,0.));
#11991=DIRECTION('',(1.,0.,0.));
#11992=DIRECTION('center_axis',(0.,0.,-1.));
#11993=DIRECTION('ref_axis',(1.,0.,0.));
#11994=DIRECTION('',(0.,-1.,0.));
#11995=DIRECTION('center_axis',(0.,0.,-1.));
#11996=DIRECTION('ref_axis',(0.,-1.,0.));
#11997=DIRECTION('',(-1.,0.,0.));
#11998=DIRECTION('center_axis',(0.,0.,-1.));
#11999=DIRECTION('ref_axis',(-1.,0.,0.));
#12000=DIRECTION('',(0.,1.,0.));
#12001=DIRECTION('center_axis',(0.,0.,-1.));
#12002=DIRECTION('ref_axis',(0.,1.,0.));
#12003=DIRECTION('',(1.,0.,0.));
#12004=DIRECTION('center_axis',(0.,0.,-1.));
#12005=DIRECTION('ref_axis',(1.,0.,0.));
#12006=DIRECTION('',(0.,-1.,0.));
#12007=DIRECTION('center_axis',(0.,0.,-1.));
#12008=DIRECTION('ref_axis',(0.,-1.,0.));
#12009=DIRECTION('',(-1.,0.,0.));
#12010=DIRECTION('center_axis',(0.,0.,-1.));
#12011=DIRECTION('ref_axis',(-1.,0.,0.));
#12012=DIRECTION('',(0.,1.,0.));
#12013=DIRECTION('center_axis',(0.,0.,-1.));
#12014=DIRECTION('ref_axis',(1.,0.,0.));
#12015=DIRECTION('center_axis',(0.,0.,-1.));
#12016=DIRECTION('ref_axis',(1.,0.,0.));
#12017=DIRECTION('center_axis',(0.,0.,-1.));
#12018=DIRECTION('ref_axis',(0.,1.,0.));
#12019=DIRECTION('',(1.,0.,0.));
#12020=DIRECTION('center_axis',(0.,0.,-1.));
#12021=DIRECTION('ref_axis',(1.,0.,0.));
#12022=DIRECTION('',(0.,-1.,0.));
#12023=DIRECTION('center_axis',(0.,0.,-1.));
#12024=DIRECTION('ref_axis',(0.,-1.,0.));
#12025=DIRECTION('',(-1.,0.,0.));
#12026=DIRECTION('center_axis',(0.,0.,-1.));
#12027=DIRECTION('ref_axis',(-1.,0.,0.));
#12028=DIRECTION('',(0.,1.,0.));
#12029=DIRECTION('center_axis',(0.,0.,-1.));
#12030=DIRECTION('ref_axis',(0.,1.,0.));
#12031=DIRECTION('',(1.,0.,0.));
#12032=DIRECTION('center_axis',(0.,0.,-1.));
#12033=DIRECTION('ref_axis',(1.,0.,0.));
#12034=DIRECTION('',(0.,-1.,0.));
#12035=DIRECTION('center_axis',(0.,0.,-1.));
#12036=DIRECTION('ref_axis',(4.44089209850064E-15,-1.,0.));
#12037=DIRECTION('',(-1.,0.,0.));
#12038=DIRECTION('center_axis',(0.,0.,-1.));
#12039=DIRECTION('ref_axis',(-1.,0.,0.));
#12040=DIRECTION('',(0.,1.,0.));
#12041=DIRECTION('center_axis',(0.,0.,-1.));
#12042=DIRECTION('ref_axis',(0.,1.,0.));
#12043=DIRECTION('',(1.,0.,0.));
#12044=DIRECTION('center_axis',(0.,0.,-1.));
#12045=DIRECTION('ref_axis',(1.,0.,0.));
#12046=DIRECTION('',(0.,-1.,0.));
#12047=DIRECTION('center_axis',(0.,0.,-1.));
#12048=DIRECTION('ref_axis',(4.44089209850064E-15,-1.,0.));
#12049=DIRECTION('',(-1.,0.,0.));
#12050=DIRECTION('center_axis',(0.,0.,-1.));
#12051=DIRECTION('ref_axis',(-1.,0.,0.));
#12052=DIRECTION('',(0.,1.,0.));
#12053=DIRECTION('center_axis',(0.,0.,-1.));
#12054=DIRECTION('ref_axis',(0.,1.,0.));
#12055=DIRECTION('',(1.,0.,0.));
#12056=DIRECTION('center_axis',(0.,0.,-1.));
#12057=DIRECTION('ref_axis',(1.,0.,0.));
#12058=DIRECTION('',(0.,-1.,0.));
#12059=DIRECTION('center_axis',(0.,0.,-1.));
#12060=DIRECTION('ref_axis',(0.,-1.,0.));
#12061=DIRECTION('',(-1.,0.,0.));
#12062=DIRECTION('center_axis',(0.,0.,-1.));
#12063=DIRECTION('ref_axis',(-1.,0.,0.));
#12064=DIRECTION('',(0.,1.,0.));
#12065=DIRECTION('center_axis',(0.,0.,-1.));
#12066=DIRECTION('ref_axis',(0.,1.,0.));
#12067=DIRECTION('',(1.,0.,0.));
#12068=DIRECTION('center_axis',(0.,0.,-1.));
#12069=DIRECTION('ref_axis',(1.,0.,0.));
#12070=DIRECTION('',(0.,-1.,0.));
#12071=DIRECTION('center_axis',(0.,0.,-1.));
#12072=DIRECTION('ref_axis',(0.,-1.,0.));
#12073=DIRECTION('',(-1.,0.,0.));
#12074=DIRECTION('center_axis',(0.,0.,-1.));
#12075=DIRECTION('ref_axis',(-1.,0.,0.));
#12076=DIRECTION('',(0.,1.,0.));
#12077=DIRECTION('center_axis',(0.,0.,-1.));
#12078=DIRECTION('ref_axis',(0.,1.,0.));
#12079=DIRECTION('',(1.,0.,0.));
#12080=DIRECTION('center_axis',(0.,0.,-1.));
#12081=DIRECTION('ref_axis',(1.,0.,0.));
#12082=DIRECTION('',(0.,-1.,0.));
#12083=DIRECTION('center_axis',(0.,0.,-1.));
#12084=DIRECTION('ref_axis',(4.4408920985006E-15,-1.,0.));
#12085=DIRECTION('',(-1.,0.,0.));
#12086=DIRECTION('center_axis',(0.,0.,-1.));
#12087=DIRECTION('ref_axis',(-1.,0.,0.));
#12088=DIRECTION('',(0.,1.,0.));
#12089=DIRECTION('center_axis',(0.,0.,-1.));
#12090=DIRECTION('ref_axis',(0.,1.,0.));
#12091=DIRECTION('',(1.,0.,0.));
#12092=DIRECTION('center_axis',(0.,0.,-1.));
#12093=DIRECTION('ref_axis',(1.,0.,0.));
#12094=DIRECTION('',(0.,-1.,0.));
#12095=DIRECTION('center_axis',(0.,0.,-1.));
#12096=DIRECTION('ref_axis',(0.,-1.,0.));
#12097=DIRECTION('',(-1.,0.,0.));
#12098=DIRECTION('center_axis',(0.,0.,-1.));
#12099=DIRECTION('ref_axis',(-1.,0.,0.));
#12100=DIRECTION('',(0.,1.,0.));
#12101=DIRECTION('center_axis',(0.,0.,-1.));
#12102=DIRECTION('ref_axis',(0.,1.,0.));
#12103=DIRECTION('',(1.,0.,0.));
#12104=DIRECTION('center_axis',(0.,0.,-1.));
#12105=DIRECTION('ref_axis',(1.,0.,0.));
#12106=DIRECTION('',(0.,-1.,0.));
#12107=DIRECTION('center_axis',(0.,0.,-1.));
#12108=DIRECTION('ref_axis',(0.,-1.,0.));
#12109=DIRECTION('',(-1.,0.,0.));
#12110=DIRECTION('center_axis',(0.,0.,-1.));
#12111=DIRECTION('ref_axis',(-1.,0.,0.));
#12112=DIRECTION('',(0.,1.,0.));
#12113=DIRECTION('center_axis',(0.,0.,-1.));
#12114=DIRECTION('ref_axis',(0.,1.,0.));
#12115=DIRECTION('',(1.,0.,0.));
#12116=DIRECTION('center_axis',(0.,0.,-1.));
#12117=DIRECTION('ref_axis',(1.,0.,0.));
#12118=DIRECTION('',(0.,-1.,0.));
#12119=DIRECTION('center_axis',(0.,0.,-1.));
#12120=DIRECTION('ref_axis',(0.,-1.,0.));
#12121=DIRECTION('',(-1.,0.,0.));
#12122=DIRECTION('center_axis',(0.,0.,-1.));
#12123=DIRECTION('ref_axis',(-1.,0.,0.));
#12124=DIRECTION('',(0.,1.,0.));
#12125=DIRECTION('center_axis',(0.,0.,-1.));
#12126=DIRECTION('ref_axis',(0.,1.,0.));
#12127=DIRECTION('',(1.,0.,0.));
#12128=DIRECTION('center_axis',(0.,0.,-1.));
#12129=DIRECTION('ref_axis',(1.,0.,0.));
#12130=DIRECTION('',(0.,-1.,0.));
#12131=DIRECTION('center_axis',(0.,0.,-1.));
#12132=DIRECTION('ref_axis',(0.,-1.,0.));
#12133=DIRECTION('',(-1.,0.,0.));
#12134=DIRECTION('center_axis',(0.,0.,-1.));
#12135=DIRECTION('ref_axis',(-1.,0.,0.));
#12136=DIRECTION('',(0.,1.,0.));
#12137=DIRECTION('center_axis',(0.,0.,-1.));
#12138=DIRECTION('ref_axis',(0.,1.,0.));
#12139=DIRECTION('',(1.,0.,0.));
#12140=DIRECTION('center_axis',(0.,0.,-1.));
#12141=DIRECTION('ref_axis',(1.,0.,0.));
#12142=DIRECTION('',(0.,-1.,0.));
#12143=DIRECTION('center_axis',(0.,0.,-1.));
#12144=DIRECTION('ref_axis',(4.44089209850064E-15,-1.,0.));
#12145=DIRECTION('',(-1.,0.,0.));
#12146=DIRECTION('center_axis',(0.,0.,-1.));
#12147=DIRECTION('ref_axis',(-1.,0.,0.));
#12148=DIRECTION('',(0.,1.,0.));
#12149=DIRECTION('center_axis',(0.,0.,-1.));
#12150=DIRECTION('ref_axis',(0.,1.,0.));
#12151=DIRECTION('',(1.,0.,0.));
#12152=DIRECTION('center_axis',(0.,0.,-1.));
#12153=DIRECTION('ref_axis',(1.,0.,0.));
#12154=DIRECTION('',(0.,-1.,0.));
#12155=DIRECTION('center_axis',(0.,0.,-1.));
#12156=DIRECTION('ref_axis',(0.,-1.,0.));
#12157=DIRECTION('',(-1.,0.,0.));
#12158=DIRECTION('center_axis',(0.,0.,-1.));
#12159=DIRECTION('ref_axis',(-1.,0.,0.));
#12160=DIRECTION('',(0.,1.,0.));
#12161=DIRECTION('center_axis',(0.,0.,-1.));
#12162=DIRECTION('ref_axis',(1.,0.,0.));
#12163=DIRECTION('center_axis',(0.,0.,-1.));
#12164=DIRECTION('ref_axis',(0.,1.,0.));
#12165=DIRECTION('',(1.,0.,0.));
#12166=DIRECTION('center_axis',(0.,0.,-1.));
#12167=DIRECTION('ref_axis',(1.,0.,0.));
#12168=DIRECTION('',(0.,-1.,0.));
#12169=DIRECTION('center_axis',(0.,0.,-1.));
#12170=DIRECTION('ref_axis',(0.,-1.,0.));
#12171=DIRECTION('',(-1.,0.,0.));
#12172=DIRECTION('center_axis',(0.,0.,-1.));
#12173=DIRECTION('ref_axis',(-1.,0.,0.));
#12174=DIRECTION('',(0.,1.,0.));
#12175=DIRECTION('center_axis',(0.,0.,-1.));
#12176=DIRECTION('ref_axis',(4.4408920985006E-15,-1.,0.));
#12177=DIRECTION('',(-1.,0.,0.));
#12178=DIRECTION('center_axis',(0.,0.,-1.));
#12179=DIRECTION('ref_axis',(-1.,4.44089209850064E-15,0.));
#12180=DIRECTION('',(0.,1.,0.));
#12181=DIRECTION('center_axis',(0.,0.,-1.));
#12182=DIRECTION('ref_axis',(0.,1.,0.));
#12183=DIRECTION('',(1.,5.82794238648377E-16,0.));
#12184=DIRECTION('center_axis',(0.,0.,-1.));
#12185=DIRECTION('ref_axis',(1.,6.6613381477509E-15,0.));
#12186=DIRECTION('',(0.,-1.,0.));
#12187=DIRECTION('',(0.,1.,0.));
#12188=DIRECTION('',(1.,-1.00915964659494E-14,0.));
#12189=DIRECTION('',(0.,1.,0.));
#12190=DIRECTION('',(-1.,0.,0.));
#12191=DIRECTION('',(0.,1.,0.));
#12192=DIRECTION('',(1.,0.,0.));
#12193=DIRECTION('',(0.701241140640871,-0.712924163339054,0.));
#12194=DIRECTION('',(0.,-1.,0.));
#12195=DIRECTION('',(-0.710033643884494,-0.704167753132808,0.));
#12196=DIRECTION('',(-1.,0.,0.));
#12197=DIRECTION('',(8.95341221635473E-15,1.,0.));
#12198=DIRECTION('',(-1.,-4.96169464922427E-15,0.));
#12199=DIRECTION('',(2.6818279310842E-5,0.99999999964039,0.));
#12200=DIRECTION('',(1.,0.,0.));
#12201=DIRECTION('',(0.,-1.,0.));
#12202=DIRECTION('',(-1.,-1.0091545089615E-14,0.));
#12203=DIRECTION('',(6.16998706454894E-15,-1.,0.));
#12204=DIRECTION('',(-1.,-5.75269424820362E-15,0.));
#12205=DIRECTION('',(-0.710057194380486,0.704144005661138,0.));
#12206=DIRECTION('',(0.,1.,0.));
#12207=DIRECTION('',(0.710057194380489,0.704144005661134,0.));
#12208=DIRECTION('',(1.,0.,0.));
#12209=DIRECTION('',(0.702410277188018,-0.711772296806115,0.));
#12210=DIRECTION('',(-0.715375598303313,-0.698740118607897,0.));
#12211=DIRECTION('',(-0.701767522236452,0.71240602519498,0.));
#12212=DIRECTION('',(-1.,-1.25347827646501E-14,0.));
#12213=DIRECTION('',(-0.703647269673212,-0.71054944928656,0.));
#12214=DIRECTION('',(5.33994888102532E-15,-1.,0.));
#12215=DIRECTION('',(0.710581208287043,-0.703615197696387,0.));
#12216=DIRECTION('',(1.,4.37796199928808E-15,0.));
#12217=DIRECTION('',(0.906307787036649,-0.4226182617407,0.));
#12218=DIRECTION('',(-0.422618261740698,-0.906307787036651,0.));
#12219=DIRECTION('',(-0.90630778703665,0.4226182617407,0.));
#12220=DIRECTION('',(0.422618261740698,0.90630778703665,0.));
#12221=DIRECTION('',(0.906307787036649,-0.422618261740701,0.));
#12222=DIRECTION('',(-0.4226182617407,-0.90630778703665,0.));
#12223=DIRECTION('',(0.906307787036649,-0.422618261740701,0.));
#12224=DIRECTION('',(0.422618261740694,0.906307787036653,0.));
#12225=DIRECTION('',(0.906307787036653,-0.422618261740693,0.));
#12226=DIRECTION('',(-0.422618261740706,-0.906307787036647,0.));
#12227=DIRECTION('',(0.906307787036652,-0.422618261740694,0.));
#12228=DIRECTION('',(0.422618261740702,0.906307787036649,0.));
#12229=DIRECTION('',(-0.906307787036647,0.422618261740706,0.));
#12230=DIRECTION('',(0.422618261740705,0.906307787036647,0.));
#12231=DIRECTION('',(-0.90630778703665,0.422618261740699,0.));
#12232=DIRECTION('',(-0.422618261740702,-0.906307787036649,0.));
#12233=DIRECTION('',(-0.906307787036646,0.422618261740708,0.));
#12234=DIRECTION('',(0.422618261740699,0.90630778703665,0.));
#12235=DIRECTION('',(0.942486032719484,0.334245535689989,0.));
#12236=DIRECTION('',(0.90630778703665,-0.422618261740699,0.));
#12237=DIRECTION('',(0.338119533688486,-0.941103172313366,0.));
#12238=DIRECTION('',(-0.422618261740694,-0.906307787036652,0.));
#12239=DIRECTION('',(0.349711408595155,-0.936857476192827,0.));
#12240=DIRECTION('',(-0.422602479857504,-0.906315146082359,0.));
#12241=DIRECTION('',(0.90630778703665,-0.4226182617407,0.));
#12242=DIRECTION('',(-0.422618261740691,-0.906307787036654,0.));
#12243=DIRECTION('',(-0.90630778703665,0.4226182617407,0.));
#12244=DIRECTION('',(0.422618261740701,0.906307787036649,0.));
#12245=DIRECTION('',(0.938254332751425,0.345946248820793,0.));
#12246=DIRECTION('',(0.906307787036649,-0.422618261740701,0.));
#12247=DIRECTION('',(-0.422618261740705,-0.906307787036647,0.));
#12248=DIRECTION('',(-0.90630778703665,0.422618261740699,0.));
#12249=DIRECTION('',(0.372592239905582,-0.927995163113548,0.));
#12250=DIRECTION('',(0.906307787036651,-0.422618261740698,0.));
#12251=DIRECTION('',(-0.422618261740704,-0.906307787036648,0.));
#12252=DIRECTION('',(-0.906307787036651,0.422618261740698,0.));
#12253=DIRECTION('',(-0.949226258978917,-0.314594197761004,0.));
#12254=DIRECTION('',(0.906307787036651,-0.422618261740697,0.));
#12255=DIRECTION('',(-0.422618261740705,-0.906307787036648,0.));
#12256=DIRECTION('',(-0.90630778703665,0.4226182617407,0.));
#12257=DIRECTION('',(0.946015594786436,0.324121110730024,0.));
#12258=DIRECTION('',(-0.35366613792167,0.935371724443053,0.));
#12259=DIRECTION('',(0.90630778703665,-0.422618261740699,0.));
#12260=DIRECTION('',(-1.,-9.92336445942328E-15,0.));
#12261=DIRECTION('',(0.,1.,0.));
#12262=DIRECTION('',(-0.999999999991817,4.04538108456183E-6,0.));
#12263=DIRECTION('',(0.,-1.,0.));
#12264=DIRECTION('',(-1.,-2.01831929318987E-14,0.));
#12265=DIRECTION('',(0.,1.,0.));
#12266=DIRECTION('',(0.69916186972854,0.714963411593693,0.));
#12267=DIRECTION('',(0.701206151193441,-0.712958577708748,0.));
#12268=DIRECTION('',(0.,-1.,0.));
#12269=DIRECTION('',(-1.,-9.92336445942328E-15,0.));
#12270=DIRECTION('',(0.,1.,0.));
#12271=DIRECTION('',(-0.999999999991817,4.04538108456182E-6,0.));
#12272=DIRECTION('',(0.,-1.,0.));
#12273=DIRECTION('',(-1.,-2.01831929318987E-14,0.));
#12274=DIRECTION('',(0.,1.,0.));
#12275=DIRECTION('',(0.69916186972854,0.714963411593693,0.));
#12276=DIRECTION('',(0.701206151193441,-0.712958577708748,0.));
#12277=DIRECTION('',(0.,-1.,0.));
#12278=DIRECTION('',(0.,-1.,0.));
#12279=DIRECTION('',(-1.,-4.29376987526917E-15,0.));
#12280=DIRECTION('',(2.16904271729761E-15,1.,0.));
#12281=DIRECTION('',(1.,0.,0.));
#12282=DIRECTION('',(-1.95212990115188E-14,-1.,0.));
#12283=DIRECTION('',(-1.,0.,0.));
#12284=DIRECTION('',(0.,-1.,0.));
#12285=DIRECTION('',(1.,0.,0.));
#12286=DIRECTION('',(0.,-1.,0.));
#12287=DIRECTION('',(-1.,0.,0.));
#12288=DIRECTION('',(0.,-1.,0.));
#12289=DIRECTION('',(1.,5.00338672068524E-15,0.));
#12290=DIRECTION('',(-0.906307787036649,0.422618261740701,0.));
#12291=DIRECTION('',(-0.422618261740701,-0.906307787036649,0.));
#12292=DIRECTION('',(-0.906296452816143,0.422642567204104,0.));
#12293=DIRECTION('',(0.422618261740698,0.906307787036651,0.));
#12294=DIRECTION('',(0.906307787036651,-0.422618261740698,0.));
#12295=DIRECTION('',(-0.422618261740708,-0.906307787036646,0.));
#12296=DIRECTION('',(0.906307787036651,-0.422618261740696,0.));
#12297=DIRECTION('',(-0.422618261740696,-0.906307787036651,0.));
#12298=DIRECTION('',(-0.938254332751426,-0.345946248820791,0.));
#12299=DIRECTION('',(-0.90630778703665,0.422618261740699,0.));
#12300=DIRECTION('',(-0.338088058300304,0.941114480196076,0.));
#12301=DIRECTION('',(0.4226182617407,0.90630778703665,0.));
#12302=DIRECTION('',(0.941936185566347,0.335791933078685,0.));
#12303=DIRECTION('',(0.330942818762613,-0.943650809732846,0.));
#12304=DIRECTION('',(-0.942238898559683,-0.334941574070816,0.));
#12305=DIRECTION('',(-0.422618261740704,-0.906307787036648,0.));
#12306=DIRECTION('',(0.346602312975136,-0.938012172970205,0.));
#12307=DIRECTION('',(0.906307787036649,-0.422618261740702,0.));
#12308=DIRECTION('',(0.937996527821443,0.346644650607675,0.));
#12309=DIRECTION('',(0.422618261740691,0.906307787036654,0.));
#12310=DIRECTION('',(-0.422618261740676,-0.906307787036661,0.));
#12311=DIRECTION('',(-0.90630778703665,0.4226182617407,0.));
#12312=DIRECTION('',(-0.422621928097621,-0.906306077377311,0.));
#12313=DIRECTION('',(0.906307787036651,-0.422618261740698,0.));
#12314=DIRECTION('',(-0.422618261740698,-0.906307787036651,0.));
#12315=DIRECTION('',(-0.906307787036649,0.422618261740701,0.));
#12316=DIRECTION('',(-0.352498333313597,0.935812441150007,0.));
#12317=DIRECTION('',(0.942502435551271,0.334199280340221,0.));
#12318=DIRECTION('',(0.90630778703665,-0.4226182617407,0.));
#12319=DIRECTION('',(-0.422618261740645,-0.906307787036675,0.));
#12320=DIRECTION('',(-0.90630778703665,0.422618261740699,0.));
#12321=DIRECTION('',(-0.422621928097621,-0.906306077377311,0.));
#12322=DIRECTION('',(0.906307787036651,-0.422618261740698,0.));
#12323=DIRECTION('',(-0.422618261740698,-0.906307787036651,0.));
#12324=DIRECTION('',(-0.906307787036649,0.422618261740701,0.));
#12325=DIRECTION('',(-0.352498333313597,0.935812441150007,0.));
#12326=DIRECTION('',(0.942502435551271,0.334199280340221,0.));
#12327=DIRECTION('',(0.90630778703665,-0.4226182617407,0.));
#12328=DIRECTION('',(-1.,0.,0.));
#12329=DIRECTION('',(0.,1.,0.));
#12330=DIRECTION('',(-0.683584957895177,-0.729870951154688,0.));
#12331=DIRECTION('',(0.,-1.,0.));
#12332=DIRECTION('',(-1.,2.92820927043767E-14,0.));
#12333=DIRECTION('',(-1.56685775371721E-14,1.,0.));
#12334=DIRECTION('',(-0.686279522755643,0.727337897160795,0.));
#12335=DIRECTION('',(0.,-1.,0.));
#12336=DIRECTION('',(-1.,-9.92338929844845E-15,0.));
#12337=DIRECTION('',(0.,1.,0.));
#12338=DIRECTION('',(0.693556952845825,-0.72040179980287,0.));
#12339=DIRECTION('',(0.698268909191633,0.715835547075114,0.));
#12340=DIRECTION('',(0.,-1.,0.));
#12341=DIRECTION('',(-0.701286798405682,-0.712879250912739,0.));
#12342=DIRECTION('',(-0.999999999848388,-1.74133107360446E-5,0.));
#12343=DIRECTION('',(0.,-1.,0.));
#12344=DIRECTION('',(-1.,2.01804189770236E-14,0.));
#12345=DIRECTION('',(0.,1.,0.));
#12346=DIRECTION('',(1.,0.,0.));
#12347=DIRECTION('',(0.710057194380486,-0.704144005661138,0.));
#12348=DIRECTION('',(0.,-1.,0.));
#12349=DIRECTION('center_axis',(0.,0.,1.));
#12350=DIRECTION('ref_axis',(1.,0.,0.));
#12351=DIRECTION('center_axis',(0.,0.,1.));
#12352=DIRECTION('ref_axis',(1.,0.,0.));
#12353=DIRECTION('center_axis',(1.38777878078145E-16,-1.,0.));
#12354=DIRECTION('ref_axis',(-1.,-1.38777878078145E-16,0.));
#12355=DIRECTION('center_axis',(0.,0.,-1.));
#12356=DIRECTION('ref_axis',(1.,0.,0.));
#12357=DIRECTION('center_axis',(0.,0.,1.));
#12358=DIRECTION('ref_axis',(1.,0.,0.));
#12359=DIRECTION('center_axis',(0.,0.,1.));
#12360=DIRECTION('ref_axis',(6.33731297181384E-7,-0.999999999999799,0.));
#12361=DIRECTION('',(0.800000038761974,0.599999948317364,0.));
#12362=DIRECTION('center_axis',(0.,0.,-1.));
#12363=DIRECTION('ref_axis',(-5.06987223914214E-7,0.999999999999872,0.));
#12364=DIRECTION('',(1.,0.,0.));
#12365=DIRECTION('',(0.,-1.,0.));
#12366=DIRECTION('center_axis',(0.,0.,1.));
#12367=DIRECTION('ref_axis',(-1.,-3.1720657846433E-16,0.));
#12368=DIRECTION('',(1.,-1.09760061752365E-16,0.));
#12369=DIRECTION('center_axis',(0.,0.,-1.));
#12370=DIRECTION('ref_axis',(0.90424844920369,-0.42700672373245,0.));
#12371=DIRECTION('',(-0.427006302953664,-0.904248647904902,0.));
#12372=DIRECTION('center_axis',(0.,0.,-1.));
#12373=DIRECTION('ref_axis',(9.71016551207302E-6,-0.999999999952856,0.));
#12374=DIRECTION('',(-1.,0.,0.));
#12375=DIRECTION('',(0.,1.,0.));
#12376=DIRECTION('center_axis',(0.,0.,1.));
#12377=DIRECTION('ref_axis',(1.,0.,0.));
#12378=DIRECTION('',(-1.,0.,0.));
#12379=DIRECTION('center_axis',(0.,0.,-1.));
#12380=DIRECTION('ref_axis',(-1.,-4.88498130835084E-14,0.));
#12381=DIRECTION('',(-4.88575271770059E-14,1.,0.));
#12382=DIRECTION('center_axis',(0.,0.,-1.));
#12383=DIRECTION('ref_axis',(1.,4.85885841365363E-14,0.));
#12384=DIRECTION('',(0.,-1.,0.));
#12385=DIRECTION('center_axis',(0.,0.,1.));
#12386=DIRECTION('ref_axis',(-1.,4.44089209850064E-15,0.));
#12387=DIRECTION('',(1.,0.,0.));
#12388=DIRECTION('center_axis',(0.,0.,1.));
#12389=DIRECTION('ref_axis',(4.4408920985006E-15,-1.,0.));
#12390=DIRECTION('',(0.,1.,0.));
#12391=DIRECTION('center_axis',(0.,0.,1.));
#12392=DIRECTION('ref_axis',(1.,6.6613381477509E-15,0.));
#12393=DIRECTION('',(-1.,-5.82794238648377E-16,0.));
#12394=DIRECTION('center_axis',(0.,0.,1.));
#12395=DIRECTION('ref_axis',(0.,1.,0.));
#12396=DIRECTION('',(0.,-1.,0.));
#12397=DIRECTION('center_axis',(0.,0.,-1.));
#12398=DIRECTION('ref_axis',(1.,4.85885841365363E-14,0.));
#12399=DIRECTION('',(-4.88575271770059E-14,1.,0.));
#12400=DIRECTION('center_axis',(0.,0.,1.));
#12401=DIRECTION('ref_axis',(1.,4.85326065050435E-14,0.));
#12402=DIRECTION('',(-1.,-4.8296981273041E-14,0.));
#12403=DIRECTION('',(-1.35465327624533E-16,1.,0.));
#12404=DIRECTION('center_axis',(0.,0.,-1.));
#12405=DIRECTION('ref_axis',(6.42320068579885E-8,0.999999999999998,0.));
#12406=DIRECTION('center_axis',(0.,0.,-1.));
#12407=DIRECTION('ref_axis',(1.,0.,0.));
#12408=DIRECTION('center_axis',(0.,0.,1.));
#12409=DIRECTION('ref_axis',(0.,1.,0.));
#12410=DIRECTION('',(0.,-1.,0.));
#12411=DIRECTION('center_axis',(0.,0.,1.));
#12412=DIRECTION('ref_axis',(-1.,0.,0.));
#12413=DIRECTION('',(1.,0.,0.));
#12414=DIRECTION('center_axis',(0.,0.,1.));
#12415=DIRECTION('ref_axis',(0.,-1.,0.));
#12416=DIRECTION('',(0.,1.,0.));
#12417=DIRECTION('center_axis',(0.,0.,1.));
#12418=DIRECTION('ref_axis',(1.,0.,0.));
#12419=DIRECTION('',(-1.,0.,0.));
#12420=DIRECTION('center_axis',(0.,0.,1.));
#12421=DIRECTION('ref_axis',(0.,1.,0.));
#12422=DIRECTION('',(0.,-1.,0.));
#12423=DIRECTION('center_axis',(0.,0.,1.));
#12424=DIRECTION('ref_axis',(-1.,0.,0.));
#12425=DIRECTION('',(1.,0.,0.));
#12426=DIRECTION('center_axis',(0.,0.,1.));
#12427=DIRECTION('ref_axis',(0.,-1.,0.));
#12428=DIRECTION('',(0.,1.,0.));
#12429=DIRECTION('center_axis',(0.,0.,1.));
#12430=DIRECTION('ref_axis',(1.,0.,0.));
#12431=DIRECTION('',(-1.,0.,0.));
#12432=DIRECTION('center_axis',(0.,0.,1.));
#12433=DIRECTION('ref_axis',(0.,1.,0.));
#12434=DIRECTION('',(0.,-1.,0.));
#12435=DIRECTION('center_axis',(0.,0.,1.));
#12436=DIRECTION('ref_axis',(-1.,0.,0.));
#12437=DIRECTION('',(1.,0.,0.));
#12438=DIRECTION('center_axis',(0.,0.,1.));
#12439=DIRECTION('ref_axis',(4.44089209850064E-15,-1.,0.));
#12440=DIRECTION('',(0.,1.,0.));
#12441=DIRECTION('center_axis',(0.,0.,1.));
#12442=DIRECTION('ref_axis',(1.,0.,0.));
#12443=DIRECTION('',(-1.,0.,0.));
#12444=DIRECTION('center_axis',(0.,0.,1.));
#12445=DIRECTION('ref_axis',(0.,1.,0.));
#12446=DIRECTION('',(0.,-1.,0.));
#12447=DIRECTION('center_axis',(0.,0.,1.));
#12448=DIRECTION('ref_axis',(-1.,0.,0.));
#12449=DIRECTION('',(1.,0.,0.));
#12450=DIRECTION('center_axis',(0.,0.,1.));
#12451=DIRECTION('ref_axis',(0.,-1.,0.));
#12452=DIRECTION('',(0.,1.,0.));
#12453=DIRECTION('center_axis',(0.,0.,1.));
#12454=DIRECTION('ref_axis',(1.,0.,0.));
#12455=DIRECTION('',(-1.,0.,0.));
#12456=DIRECTION('center_axis',(0.,0.,1.));
#12457=DIRECTION('ref_axis',(0.,1.,0.));
#12458=DIRECTION('',(0.,-1.,0.));
#12459=DIRECTION('center_axis',(0.,0.,1.));
#12460=DIRECTION('ref_axis',(-1.,0.,0.));
#12461=DIRECTION('',(1.,0.,0.));
#12462=DIRECTION('center_axis',(0.,0.,1.));
#12463=DIRECTION('ref_axis',(0.,-1.,0.));
#12464=DIRECTION('',(0.,1.,0.));
#12465=DIRECTION('center_axis',(0.,0.,1.));
#12466=DIRECTION('ref_axis',(1.,0.,0.));
#12467=DIRECTION('',(-1.,0.,0.));
#12468=DIRECTION('center_axis',(0.,0.,1.));
#12469=DIRECTION('ref_axis',(0.,1.,0.));
#12470=DIRECTION('',(0.,-1.,0.));
#12471=DIRECTION('center_axis',(0.,0.,1.));
#12472=DIRECTION('ref_axis',(-1.,0.,0.));
#12473=DIRECTION('',(1.,0.,0.));
#12474=DIRECTION('center_axis',(0.,0.,1.));
#12475=DIRECTION('ref_axis',(0.,-1.,0.));
#12476=DIRECTION('',(0.,1.,0.));
#12477=DIRECTION('center_axis',(0.,0.,1.));
#12478=DIRECTION('ref_axis',(1.,0.,0.));
#12479=DIRECTION('',(-1.,0.,0.));
#12480=DIRECTION('center_axis',(0.,0.,1.));
#12481=DIRECTION('ref_axis',(0.,1.,0.));
#12482=DIRECTION('',(0.,-1.,0.));
#12483=DIRECTION('center_axis',(0.,0.,1.));
#12484=DIRECTION('ref_axis',(-1.,0.,0.));
#12485=DIRECTION('',(1.,0.,0.));
#12486=DIRECTION('center_axis',(0.,0.,1.));
#12487=DIRECTION('ref_axis',(0.,-1.,0.));
#12488=DIRECTION('',(0.,1.,0.));
#12489=DIRECTION('center_axis',(0.,0.,1.));
#12490=DIRECTION('ref_axis',(1.,0.,0.));
#12491=DIRECTION('',(-1.,0.,0.));
#12492=DIRECTION('center_axis',(0.,0.,1.));
#12493=DIRECTION('ref_axis',(0.,1.,0.));
#12494=DIRECTION('',(0.,-1.,0.));
#12495=DIRECTION('center_axis',(0.,0.,1.));
#12496=DIRECTION('ref_axis',(-1.,0.,0.));
#12497=DIRECTION('',(1.,0.,0.));
#12498=DIRECTION('center_axis',(0.,0.,1.));
#12499=DIRECTION('ref_axis',(4.4408920985006E-15,-1.,0.));
#12500=DIRECTION('',(0.,1.,0.));
#12501=DIRECTION('center_axis',(0.,0.,1.));
#12502=DIRECTION('ref_axis',(1.,0.,0.));
#12503=DIRECTION('',(-1.,0.,0.));
#12504=DIRECTION('center_axis',(0.,0.,1.));
#12505=DIRECTION('ref_axis',(0.,1.,0.));
#12506=DIRECTION('',(0.,-1.,0.));
#12507=DIRECTION('center_axis',(0.,0.,1.));
#12508=DIRECTION('ref_axis',(-1.,0.,0.));
#12509=DIRECTION('',(1.,0.,0.));
#12510=DIRECTION('center_axis',(0.,0.,1.));
#12511=DIRECTION('ref_axis',(0.,-1.,0.));
#12512=DIRECTION('',(0.,1.,0.));
#12513=DIRECTION('center_axis',(0.,0.,1.));
#12514=DIRECTION('ref_axis',(1.,0.,0.));
#12515=DIRECTION('',(-1.,0.,0.));
#12516=DIRECTION('center_axis',(0.,0.,1.));
#12517=DIRECTION('ref_axis',(0.,1.,0.));
#12518=DIRECTION('',(0.,-1.,0.));
#12519=DIRECTION('center_axis',(0.,0.,1.));
#12520=DIRECTION('ref_axis',(-1.,0.,0.));
#12521=DIRECTION('',(1.,0.,0.));
#12522=DIRECTION('center_axis',(0.,0.,1.));
#12523=DIRECTION('ref_axis',(0.,-1.,0.));
#12524=DIRECTION('',(0.,1.,0.));
#12525=DIRECTION('center_axis',(0.,0.,1.));
#12526=DIRECTION('ref_axis',(1.,0.,0.));
#12527=DIRECTION('',(-1.,0.,0.));
#12528=DIRECTION('center_axis',(0.,0.,1.));
#12529=DIRECTION('ref_axis',(0.,1.,0.));
#12530=DIRECTION('',(0.,-1.,0.));
#12531=DIRECTION('center_axis',(0.,0.,1.));
#12532=DIRECTION('ref_axis',(-1.,0.,0.));
#12533=DIRECTION('',(1.,0.,0.));
#12534=DIRECTION('center_axis',(0.,0.,1.));
#12535=DIRECTION('ref_axis',(4.44089209850064E-15,-1.,0.));
#12536=DIRECTION('',(0.,1.,0.));
#12537=DIRECTION('center_axis',(0.,0.,1.));
#12538=DIRECTION('ref_axis',(1.,0.,0.));
#12539=DIRECTION('',(-1.,0.,0.));
#12540=DIRECTION('center_axis',(0.,0.,1.));
#12541=DIRECTION('ref_axis',(0.,1.,0.));
#12542=DIRECTION('',(0.,-1.,0.));
#12543=DIRECTION('center_axis',(0.,0.,1.));
#12544=DIRECTION('ref_axis',(-1.,0.,0.));
#12545=DIRECTION('',(1.,0.,0.));
#12546=DIRECTION('center_axis',(0.,0.,1.));
#12547=DIRECTION('ref_axis',(4.44089209850064E-15,-1.,0.));
#12548=DIRECTION('',(0.,1.,0.));
#12549=DIRECTION('center_axis',(0.,0.,1.));
#12550=DIRECTION('ref_axis',(1.,0.,0.));
#12551=DIRECTION('',(-1.,0.,0.));
#12552=DIRECTION('center_axis',(0.,0.,1.));
#12553=DIRECTION('ref_axis',(0.,1.,0.));
#12554=DIRECTION('',(0.,-1.,0.));
#12555=DIRECTION('center_axis',(0.,0.,1.));
#12556=DIRECTION('ref_axis',(-1.,0.,0.));
#12557=DIRECTION('',(1.,0.,0.));
#12558=DIRECTION('center_axis',(0.,0.,1.));
#12559=DIRECTION('ref_axis',(0.,-1.,0.));
#12560=DIRECTION('',(0.,1.,0.));
#12561=DIRECTION('center_axis',(0.,0.,1.));
#12562=DIRECTION('ref_axis',(1.,0.,0.));
#12563=DIRECTION('',(-1.,0.,0.));
#12564=DIRECTION('center_axis',(0.,0.,1.));
#12565=DIRECTION('ref_axis',(0.,1.,0.));
#12566=DIRECTION('',(0.,-1.,0.));
#12567=DIRECTION('center_axis',(0.,0.,1.));
#12568=DIRECTION('ref_axis',(-1.,0.,0.));
#12569=DIRECTION('',(1.,0.,0.));
#12570=DIRECTION('center_axis',(0.,0.,1.));
#12571=DIRECTION('ref_axis',(0.,-1.,0.));
#12572=DIRECTION('',(0.,1.,0.));
#12573=DIRECTION('center_axis',(0.,0.,1.));
#12574=DIRECTION('ref_axis',(1.,0.,0.));
#12575=DIRECTION('',(-1.,0.,0.));
#12576=DIRECTION('center_axis',(0.,0.,1.));
#12577=DIRECTION('ref_axis',(0.,1.,0.));
#12578=DIRECTION('',(0.,-1.,0.));
#12579=DIRECTION('center_axis',(0.,0.,1.));
#12580=DIRECTION('ref_axis',(-1.,0.,0.));
#12581=DIRECTION('',(1.,0.,0.));
#12582=DIRECTION('center_axis',(0.,0.,1.));
#12583=DIRECTION('ref_axis',(0.,-1.,0.));
#12584=DIRECTION('',(0.,1.,0.));
#12585=DIRECTION('center_axis',(0.,0.,1.));
#12586=DIRECTION('ref_axis',(1.,0.,0.));
#12587=DIRECTION('',(-1.,0.,0.));
#12588=DIRECTION('center_axis',(0.,0.,1.));
#12589=DIRECTION('ref_axis',(0.,1.,0.));
#12590=DIRECTION('',(0.,-1.,0.));
#12591=DIRECTION('center_axis',(0.,0.,1.));
#12592=DIRECTION('ref_axis',(-1.,0.,0.));
#12593=DIRECTION('',(1.,0.,0.));
#12594=DIRECTION('center_axis',(0.,0.,1.));
#12595=DIRECTION('ref_axis',(0.,-1.,0.));
#12596=DIRECTION('',(0.,1.,0.));
#12597=DIRECTION('center_axis',(0.,0.,1.));
#12598=DIRECTION('ref_axis',(1.,0.,0.));
#12599=DIRECTION('',(-1.,0.,0.));
#12600=DIRECTION('center_axis',(0.,0.,-1.));
#12601=DIRECTION('ref_axis',(1.,0.,0.));
#12602=DIRECTION('center_axis',(0.,0.,-1.));
#12603=DIRECTION('ref_axis',(1.,0.,0.));
#12604=DIRECTION('',(0.,0.,1.));
#12605=DIRECTION('center_axis',(0.,0.,1.));
#12606=DIRECTION('ref_axis',(1.,0.,0.));
#12607=DIRECTION('center_axis',(0.,0.,1.));
#12608=DIRECTION('ref_axis',(1.,0.,0.));
#12609=DIRECTION('center_axis',(0.,-1.,0.));
#12610=DIRECTION('ref_axis',(-1.,0.,0.));
#12611=DIRECTION('center_axis',(0.,0.,-1.));
#12612=DIRECTION('ref_axis',(1.,0.,0.));
#12613=DIRECTION('center_axis',(0.,0.,-1.));
#12614=DIRECTION('ref_axis',(1.,0.,0.));
#12615=DIRECTION('',(0.,0.,1.));
#12616=DIRECTION('center_axis',(0.,0.,1.));
#12617=DIRECTION('ref_axis',(1.,0.,0.));
#12618=DIRECTION('center_axis',(0.,0.,1.));
#12619=DIRECTION('ref_axis',(1.,4.85885841365363E-14,0.));
#12620=DIRECTION('center_axis',(0.,0.,-1.));
#12621=DIRECTION('ref_axis',(1.,0.,0.));
#12622=DIRECTION('',(0.,0.,-1.));
#12623=DIRECTION('center_axis',(0.,0.,-1.));
#12624=DIRECTION('ref_axis',(1.,0.,0.));
#12625=DIRECTION('',(0.,0.,-1.));
#12626=DIRECTION('center_axis',(0.,0.,-1.));
#12627=DIRECTION('ref_axis',(1.,0.,0.));
#12628=DIRECTION('center_axis',(0.,0.,1.));
#12629=DIRECTION('ref_axis',(1.,0.,0.));
#12630=DIRECTION('',(0.,0.,1.));
#12631=DIRECTION('center_axis',(0.,0.,-1.));
#12632=DIRECTION('ref_axis',(1.,0.,0.));
#12633=DIRECTION('center_axis',(0.,0.,-1.));
#12634=DIRECTION('ref_axis',(1.,0.,0.));
#12635=DIRECTION('center_axis',(0.,0.,-1.));
#12636=DIRECTION('ref_axis',(1.,0.,0.));
#12637=DIRECTION('center_axis',(0.,0.,1.));
#12638=DIRECTION('ref_axis',(1.,0.,0.));
#12639=DIRECTION('',(0.,0.,1.));
#12640=DIRECTION('center_axis',(0.,0.,-1.));
#12641=DIRECTION('ref_axis',(1.,0.,0.));
#12642=DIRECTION('center_axis',(0.,0.,-1.));
#12643=DIRECTION('ref_axis',(1.,0.,0.));
#12644=DIRECTION('center_axis',(0.,0.,1.));
#12645=DIRECTION('ref_axis',(1.,0.,0.));
#12646=DIRECTION('center_axis',(0.,0.,1.));
#12647=DIRECTION('ref_axis',(1.,0.,0.));
#12648=DIRECTION('center_axis',(0.,0.,-1.));
#12649=DIRECTION('ref_axis',(1.,0.,0.));
#12650=DIRECTION('center_axis',(0.,0.,-1.));
#12651=DIRECTION('ref_axis',(1.,0.,0.));
#12652=DIRECTION('',(0.,0.,-1.));
#12653=DIRECTION('center_axis',(0.,0.,1.));
#12654=DIRECTION('ref_axis',(1.,0.,0.));
#12655=DIRECTION('',(0.,0.,-1.));
#12656=DIRECTION('center_axis',(0.,0.,-1.));
#12657=DIRECTION('ref_axis',(1.,0.,0.));
#12658=DIRECTION('',(-4.87483708557682E-14,1.,0.));
#12659=DIRECTION('',(-4.87483708557682E-14,1.,0.));
#12660=DIRECTION('center_axis',(0.,0.,1.));
#12661=DIRECTION('ref_axis',(1.,0.,0.));
#12662=DIRECTION('',(-4.88575271770059E-14,1.,0.));
#12663=DIRECTION('center_axis',(0.,0.,1.));
#12664=DIRECTION('ref_axis',(1.,0.,0.));
#12665=DIRECTION('center_axis',(0.,-1.,0.));
#12666=DIRECTION('ref_axis',(-1.,0.,0.));
#12667=DIRECTION('',(-1.,0.,0.));
#12668=DIRECTION('',(0.,0.,-1.));
#12669=DIRECTION('',(-1.,0.,0.));
#12670=DIRECTION('',(0.,0.,-1.));
#12671=DIRECTION('center_axis',(-0.696581618088848,-0.71747756016528,0.));
#12672=DIRECTION('ref_axis',(-0.71747756016528,0.696581618088848,0.));
#12673=DIRECTION('',(-0.71747756016528,0.696581618088848,0.));
#12674=DIRECTION('',(0.,0.,-1.));
#12675=DIRECTION('',(-0.71747756016528,0.696581618088848,0.));
#12676=DIRECTION('center_axis',(-1.,0.,0.));
#12677=DIRECTION('ref_axis',(0.,1.,0.));
#12678=DIRECTION('',(0.,1.,0.));
#12679=DIRECTION('',(0.,0.,-1.));
#12680=DIRECTION('',(0.,1.,0.));
#12681=DIRECTION('center_axis',(-0.710480695874471,0.703716690714187,0.));
#12682=DIRECTION('ref_axis',(0.703716690714187,0.710480695874471,0.));
#12683=DIRECTION('',(0.703716690714187,0.710480695874471,0.));
#12684=DIRECTION('',(0.,0.,-1.));
#12685=DIRECTION('',(0.703716690714187,0.710480695874471,0.));
#12686=DIRECTION('center_axis',(0.,1.,0.));
#12687=DIRECTION('ref_axis',(1.,0.,0.));
#12688=DIRECTION('',(1.,0.,0.));
#12689=DIRECTION('',(0.,0.,-1.));
#12690=DIRECTION('',(1.,0.,0.));
#12691=DIRECTION('center_axis',(0.999999999999242,1.23102376481891E-6,0.));
#12692=DIRECTION('ref_axis',(1.23102376481891E-6,-0.999999999999242,0.));
#12693=DIRECTION('',(1.23102376481891E-6,-0.999999999999242,0.));
#12694=DIRECTION('',(1.23102376481891E-6,-0.999999999999242,0.));
#12695=DIRECTION('center_axis',(0.712879250912739,-0.701286798405682,0.));
#12696=DIRECTION('ref_axis',(-0.701286798405682,-0.712879250912739,0.));
#12697=DIRECTION('',(0.,0.,-1.));
#12698=DIRECTION('',(-0.701286798405682,-0.712879250912739,0.));
#12699=DIRECTION('',(0.,0.,-1.));
#12700=DIRECTION('',(0.,0.,-1.));
#12701=DIRECTION('center_axis',(1.,0.,0.));
#12702=DIRECTION('ref_axis',(0.,-1.,0.));
#12703=DIRECTION('',(0.,0.,-1.));
#12704=DIRECTION('',(0.,-1.,0.));
#12705=DIRECTION('',(0.,0.,-1.));
#12706=DIRECTION('center_axis',(0.704144005661138,0.710057194380486,0.));
#12707=DIRECTION('ref_axis',(0.710057194380486,-0.704144005661138,0.));
#12708=DIRECTION('',(0.,0.,-1.));
#12709=DIRECTION('',(0.710057194380486,-0.704144005661138,0.));
#12710=DIRECTION('',(0.,0.,-1.));
#12711=DIRECTION('center_axis',(0.,1.,0.));
#12712=DIRECTION('ref_axis',(1.,0.,0.));
#12713=DIRECTION('',(0.,0.,-1.));
#12714=DIRECTION('',(1.,0.,0.));
#12715=DIRECTION('center_axis',(-1.,0.,0.));
#12716=DIRECTION('ref_axis',(0.,1.,0.));
#12717=DIRECTION('',(0.,0.,-1.));
#12718=DIRECTION('',(0.,1.,0.));
#12719=DIRECTION('center_axis',(-2.01804189770236E-14,-1.,0.));
#12720=DIRECTION('ref_axis',(-1.,2.01804189770236E-14,0.));
#12721=DIRECTION('',(0.,0.,-1.));
#12722=DIRECTION('',(-1.,2.01804189770236E-14,0.));
#12723=DIRECTION('center_axis',(1.,0.,0.));
#12724=DIRECTION('ref_axis',(0.,-1.,0.));
#12725=DIRECTION('',(0.,0.,-1.));
#12726=DIRECTION('',(0.,-1.,0.));
#12727=DIRECTION('center_axis',(1.74133107360446E-5,-0.999999999848388,
0.));
#12728=DIRECTION('ref_axis',(-0.999999999848388,-1.74133107360446E-5,0.));
#12729=DIRECTION('',(0.,0.,-1.));
#12730=DIRECTION('',(-0.999999999848388,-1.74133107360446E-5,0.));
#12731=DIRECTION('center_axis',(0.,0.,1.));
#12732=DIRECTION('ref_axis',(-1.,0.,0.));
#12733=DIRECTION('center_axis',(0.,-1.,0.));
#12734=DIRECTION('ref_axis',(-1.,0.,0.));
#12735=DIRECTION('',(0.,0.,-1.));
#12736=DIRECTION('',(-1.,0.,0.));
#12737=DIRECTION('',(0.,0.,-1.));
#12738=DIRECTION('center_axis',(1.,0.,0.));
#12739=DIRECTION('ref_axis',(0.,-1.,0.));
#12740=DIRECTION('',(0.,0.,-1.));
#12741=DIRECTION('',(0.,-1.,0.));
#12742=DIRECTION('',(0.,0.,-1.));
#12743=DIRECTION('',(0.,0.,-1.));
#12744=DIRECTION('',(0.,0.,-1.));
#12745=DIRECTION('',(0.,0.,-1.));
#12746=DIRECTION('',(0.,0.,-1.));
#12747=DIRECTION('center_axis',(-0.715835547075114,0.698268909191633,0.));
#12748=DIRECTION('ref_axis',(0.698268909191633,0.715835547075114,0.));
#12749=DIRECTION('',(0.,0.,-1.));
#12750=DIRECTION('',(0.698268909191633,0.715835547075114,0.));
#12751=DIRECTION('center_axis',(0.72040179980287,0.693556952845825,0.));
#12752=DIRECTION('ref_axis',(0.693556952845825,-0.72040179980287,0.));
#12753=DIRECTION('',(0.,0.,-1.));
#12754=DIRECTION('',(0.693556952845825,-0.72040179980287,0.));
#12755=DIRECTION('',(0.,0.,-1.));
#12756=DIRECTION('',(0.,0.,-1.));
#12757=DIRECTION('',(0.,0.,-1.));
#12758=DIRECTION('center_axis',(-1.,0.,0.));
#12759=DIRECTION('ref_axis',(0.,1.,0.));
#12760=DIRECTION('',(0.,0.,-1.));
#12761=DIRECTION('',(0.,1.,0.));
#12762=DIRECTION('center_axis',(9.92338929844845E-15,-1.,0.));
#12763=DIRECTION('ref_axis',(-1.,-9.92338929844845E-15,0.));
#12764=DIRECTION('',(0.,0.,-1.));
#12765=DIRECTION('',(-1.,-9.92338929844845E-15,0.));
#12766=DIRECTION('center_axis',(1.,0.,0.));
#12767=DIRECTION('ref_axis',(0.,-1.,0.));
#12768=DIRECTION('',(0.,0.,-1.));
#12769=DIRECTION('',(0.,-1.,0.));
#12770=DIRECTION('center_axis',(-0.727337897160795,-0.686279522755643,0.));
#12771=DIRECTION('ref_axis',(-0.686279522755643,0.727337897160795,0.));
#12772=DIRECTION('',(0.,0.,-1.));
#12773=DIRECTION('',(-0.686279522755643,0.727337897160795,0.));
#12774=DIRECTION('center_axis',(-1.,-1.56685775371721E-14,0.));
#12775=DIRECTION('ref_axis',(-1.56685775371721E-14,1.,0.));
#12776=DIRECTION('',(0.,0.,-1.));
#12777=DIRECTION('',(-1.56685775371721E-14,1.,0.));
#12778=DIRECTION('center_axis',(-2.92820927043767E-14,-1.,0.));
#12779=DIRECTION('ref_axis',(-1.,2.92820927043767E-14,0.));
#12780=DIRECTION('',(0.,0.,-1.));
#12781=DIRECTION('',(-1.,2.92820927043767E-14,0.));
#12782=DIRECTION('center_axis',(1.,0.,0.));
#12783=DIRECTION('ref_axis',(0.,-1.,0.));
#12784=DIRECTION('',(0.,0.,-1.));
#12785=DIRECTION('',(0.,-1.,0.));
#12786=DIRECTION('center_axis',(0.729870951154688,-0.683584957895177,0.));
#12787=DIRECTION('ref_axis',(-0.683584957895177,-0.729870951154688,0.));
#12788=DIRECTION('',(0.,0.,-1.));
#12789=DIRECTION('',(-0.683584957895177,-0.729870951154688,0.));
#12790=DIRECTION('center_axis',(-1.,0.,0.));
#12791=DIRECTION('ref_axis',(0.,1.,0.));
#12792=DIRECTION('',(0.,1.,0.));
#12793=DIRECTION('center_axis',(0.,0.,1.));
#12794=DIRECTION('ref_axis',(-1.,0.,0.));
#12795=DIRECTION('center_axis',(0.937360088418149,0.348361973585981,0.));
#12796=DIRECTION('ref_axis',(0.348361973585981,-0.937360088418149,0.));
#12797=DIRECTION('',(0.348361973585981,-0.937360088418149,0.));
#12798=DIRECTION('',(0.,0.,-1.));
#12799=DIRECTION('',(0.348361973585981,-0.937360088418149,0.));
#12800=DIRECTION('',(0.,0.,-1.));
#12801=DIRECTION('center_axis',(0.338875678336902,-0.940831161596864,0.));
#12802=DIRECTION('ref_axis',(-0.940831161596864,-0.338875678336902,0.));
#12803=DIRECTION('',(-0.940831161596864,-0.338875678336902,0.));
#12804=DIRECTION('',(0.,0.,-1.));
#12805=DIRECTION('',(-0.940831161596864,-0.338875678336902,0.));
#12806=DIRECTION('center_axis',(-0.422618261740698,-0.906307787036651,0.));
#12807=DIRECTION('ref_axis',(-0.906307787036651,0.422618261740698,0.));
#12808=DIRECTION('',(-0.906307787036651,0.422618261740698,0.));
#12809=DIRECTION('',(0.,0.,-1.));
#12810=DIRECTION('',(-0.906307787036651,0.422618261740698,0.));
#12811=DIRECTION('center_axis',(-0.906307787036649,0.422618261740701,0.));
#12812=DIRECTION('ref_axis',(0.422618261740701,0.906307787036649,0.));
#12813=DIRECTION('',(0.422618261740701,0.906307787036649,0.));
#12814=DIRECTION('',(0.,0.,-1.));
#12815=DIRECTION('',(0.422618261740701,0.906307787036649,0.));
#12816=DIRECTION('center_axis',(0.422618261740709,0.906307787036645,0.));
#12817=DIRECTION('ref_axis',(0.906307787036645,-0.422618261740709,0.));
#12818=DIRECTION('',(0.906307787036645,-0.422618261740709,0.));
#12819=DIRECTION('',(0.906307787036645,-0.422618261740709,0.));
#12820=DIRECTION('center_axis',(0.906307787036675,-0.422618261740645,0.));
#12821=DIRECTION('ref_axis',(-0.422618261740645,-0.906307787036675,0.));
#12822=DIRECTION('',(0.,0.,-1.));
#12823=DIRECTION('',(-0.422618261740645,-0.906307787036675,0.));
#12824=DIRECTION('',(0.,0.,-1.));
#12825=DIRECTION('center_axis',(0.4226182617407,0.90630778703665,0.));
#12826=DIRECTION('ref_axis',(0.90630778703665,-0.4226182617407,0.));
#12827=DIRECTION('',(0.,0.,-1.));
#12828=DIRECTION('',(0.90630778703665,-0.4226182617407,0.));
#12829=DIRECTION('',(0.,0.,-1.));
#12830=DIRECTION('center_axis',(-0.334199280340221,0.942502435551271,0.));
#12831=DIRECTION('ref_axis',(0.942502435551271,0.334199280340221,0.));
#12832=DIRECTION('',(0.,0.,-1.));
#12833=DIRECTION('',(0.942502435551271,0.334199280340221,0.));
#12834=DIRECTION('',(0.,0.,-1.));
#12835=DIRECTION('',(0.,0.,-1.));
#12836=DIRECTION('center_axis',(-0.935812441150007,-0.352498333313597,0.));
#12837=DIRECTION('ref_axis',(-0.352498333313597,0.935812441150007,0.));
#12838=DIRECTION('',(0.,0.,-1.));
#12839=DIRECTION('',(-0.352498333313597,0.935812441150007,0.));
#12840=DIRECTION('',(0.,0.,-1.));
#12841=DIRECTION('center_axis',(-0.422618261740701,-0.906307787036649,0.));
#12842=DIRECTION('ref_axis',(-0.906307787036649,0.422618261740701,0.));
#12843=DIRECTION('',(0.,0.,-1.));
#12844=DIRECTION('',(-0.906307787036649,0.422618261740701,0.));
#12845=DIRECTION('center_axis',(0.90630778703665,-0.422618261740698,0.));
#12846=DIRECTION('ref_axis',(-0.422618261740698,-0.906307787036651,0.));
#12847=DIRECTION('',(0.,0.,-1.));
#12848=DIRECTION('',(-0.422618261740698,-0.906307787036651,0.));
#12849=DIRECTION('center_axis',(0.422618261740698,0.906307787036651,0.));
#12850=DIRECTION('ref_axis',(0.906307787036651,-0.422618261740698,0.));
#12851=DIRECTION('',(0.,0.,-1.));
#12852=DIRECTION('',(0.906307787036651,-0.422618261740698,0.));
#12853=DIRECTION('center_axis',(0.906306077377311,-0.422621928097621,0.));
#12854=DIRECTION('ref_axis',(-0.422621928097621,-0.906306077377311,0.));
#12855=DIRECTION('',(0.,0.,-1.));
#12856=DIRECTION('',(-0.422621928097621,-0.906306077377311,0.));
#12857=DIRECTION('center_axis',(-0.422618261740699,-0.90630778703665,0.));
#12858=DIRECTION('ref_axis',(-0.90630778703665,0.422618261740699,0.));
#12859=DIRECTION('',(-0.90630778703665,0.422618261740699,0.));
#12860=DIRECTION('center_axis',(0.,0.,1.));
#12861=DIRECTION('ref_axis',(-1.,0.,0.));
#12862=DIRECTION('center_axis',(0.937359732540416,0.348362931167713,0.));
#12863=DIRECTION('ref_axis',(0.348362931167713,-0.937359732540415,0.));
#12864=DIRECTION('',(0.348362931167713,-0.937359732540415,0.));
#12865=DIRECTION('',(0.,0.,-1.));
#12866=DIRECTION('',(0.348362931167713,-0.937359732540415,0.));
#12867=DIRECTION('',(0.,0.,-1.));
#12868=DIRECTION('center_axis',(0.338876626627922,-0.940830820033698,0.));
#12869=DIRECTION('ref_axis',(-0.940830820033698,-0.338876626627922,0.));
#12870=DIRECTION('',(-0.940830820033698,-0.338876626627922,0.));
#12871=DIRECTION('',(0.,0.,-1.));
#12872=DIRECTION('',(-0.940830820033698,-0.338876626627922,0.));
#12873=DIRECTION('center_axis',(-0.422618261740696,-0.906307787036651,0.));
#12874=DIRECTION('ref_axis',(-0.906307787036651,0.422618261740696,0.));
#12875=DIRECTION('',(-0.906307787036651,0.422618261740696,0.));
#12876=DIRECTION('',(0.,0.,-1.));
#12877=DIRECTION('',(-0.906307787036651,0.422618261740696,0.));
#12878=DIRECTION('center_axis',(-0.906307787036649,0.422618261740701,0.));
#12879=DIRECTION('ref_axis',(0.422618261740701,0.906307787036649,0.));
#12880=DIRECTION('',(0.422618261740701,0.906307787036649,0.));
#12881=DIRECTION('',(0.,0.,-1.));
#12882=DIRECTION('',(0.422618261740701,0.906307787036649,0.));
#12883=DIRECTION('center_axis',(0.422618261740703,0.906307787036648,0.));
#12884=DIRECTION('ref_axis',(0.906307787036648,-0.422618261740703,0.));
#12885=DIRECTION('',(0.906307787036648,-0.422618261740703,0.));
#12886=DIRECTION('',(0.906307787036648,-0.422618261740703,0.));
#12887=DIRECTION('center_axis',(0.906307787036661,-0.422618261740676,0.));
#12888=DIRECTION('ref_axis',(-0.422618261740676,-0.906307787036661,0.));
#12889=DIRECTION('',(0.,0.,-1.));
#12890=DIRECTION('',(-0.422618261740676,-0.906307787036661,0.));
#12891=DIRECTION('',(0.,0.,-1.));
#12892=DIRECTION('center_axis',(0.4226182617407,0.90630778703665,0.));
#12893=DIRECTION('ref_axis',(0.90630778703665,-0.4226182617407,0.));
#12894=DIRECTION('',(0.,0.,-1.));
#12895=DIRECTION('',(0.90630778703665,-0.4226182617407,0.));
#12896=DIRECTION('',(0.,0.,-1.));
#12897=DIRECTION('center_axis',(-0.334199280340221,0.942502435551271,0.));
#12898=DIRECTION('ref_axis',(0.942502435551271,0.334199280340221,0.));
#12899=DIRECTION('',(0.,0.,-1.));
#12900=DIRECTION('',(0.942502435551271,0.334199280340221,0.));
#12901=DIRECTION('',(0.,0.,-1.));
#12902=DIRECTION('',(0.,0.,-1.));
#12903=DIRECTION('center_axis',(-0.935812441150007,-0.352498333313597,0.));
#12904=DIRECTION('ref_axis',(-0.352498333313597,0.935812441150007,0.));
#12905=DIRECTION('',(0.,0.,-1.));
#12906=DIRECTION('',(-0.352498333313597,0.935812441150007,0.));
#12907=DIRECTION('',(0.,0.,-1.));
#12908=DIRECTION('center_axis',(-0.422618261740701,-0.906307787036649,0.));
#12909=DIRECTION('ref_axis',(-0.906307787036649,0.422618261740701,0.));
#12910=DIRECTION('',(0.,0.,-1.));
#12911=DIRECTION('',(-0.906307787036649,0.422618261740701,0.));
#12912=DIRECTION('center_axis',(0.90630778703665,-0.422618261740698,0.));
#12913=DIRECTION('ref_axis',(-0.422618261740698,-0.906307787036651,0.));
#12914=DIRECTION('',(0.,0.,-1.));
#12915=DIRECTION('',(-0.422618261740698,-0.906307787036651,0.));
#12916=DIRECTION('center_axis',(0.422618261740698,0.906307787036651,0.));
#12917=DIRECTION('ref_axis',(0.906307787036651,-0.422618261740698,0.));
#12918=DIRECTION('',(0.,0.,-1.));
#12919=DIRECTION('',(0.906307787036651,-0.422618261740698,0.));
#12920=DIRECTION('center_axis',(0.906306077377311,-0.422621928097621,0.));
#12921=DIRECTION('ref_axis',(-0.422621928097621,-0.906306077377311,0.));
#12922=DIRECTION('',(0.,0.,-1.));
#12923=DIRECTION('',(-0.422621928097621,-0.906306077377311,0.));
#12924=DIRECTION('center_axis',(-0.4226182617407,-0.90630778703665,0.));
#12925=DIRECTION('ref_axis',(-0.90630778703665,0.4226182617407,0.));
#12926=DIRECTION('',(-0.90630778703665,0.4226182617407,0.));
#12927=DIRECTION('center_axis',(0.,0.,1.));
#12928=DIRECTION('ref_axis',(-1.,0.,0.));
#12929=DIRECTION('center_axis',(-0.422618261740701,-0.906307787036649,0.));
#12930=DIRECTION('ref_axis',(-0.906307787036649,0.422618261740701,0.));
#12931=DIRECTION('',(0.,0.,-1.));
#12932=DIRECTION('',(-0.906307787036649,0.422618261740701,0.));
#12933=DIRECTION('',(0.,0.,-1.));
#12934=DIRECTION('center_axis',(-0.906307787036654,0.422618261740691,0.));
#12935=DIRECTION('ref_axis',(0.422618261740691,0.906307787036654,0.));
#12936=DIRECTION('',(0.,0.,-1.));
#12937=DIRECTION('',(0.422618261740691,0.906307787036654,0.));
#12938=DIRECTION('center_axis',(-0.346644650607675,0.937996527821443,0.));
#12939=DIRECTION('ref_axis',(0.937996527821443,0.346644650607675,0.));
#12940=DIRECTION('',(0.,0.,-1.));
#12941=DIRECTION('',(0.937996527821443,0.346644650607675,0.));
#12942=DIRECTION('center_axis',(0.422618261740702,0.906307787036649,0.));
#12943=DIRECTION('ref_axis',(0.906307787036649,-0.422618261740702,0.));
#12944=DIRECTION('',(0.,0.,-1.));
#12945=DIRECTION('',(0.906307787036649,-0.422618261740702,0.));
#12946=DIRECTION('center_axis',(0.938012172970205,0.346602312975136,0.));
#12947=DIRECTION('ref_axis',(0.346602312975136,-0.938012172970205,0.));
#12948=DIRECTION('',(0.,0.,-1.));
#12949=DIRECTION('',(0.346602312975136,-0.938012172970205,0.));
#12950=DIRECTION('center_axis',(0.906307787036648,-0.422618261740704,0.));
#12951=DIRECTION('ref_axis',(-0.422618261740704,-0.906307787036648,0.));
#12952=DIRECTION('',(0.,0.,-1.));
#12953=DIRECTION('',(-0.422618261740704,-0.906307787036648,0.));
#12954=DIRECTION('center_axis',(0.334941574070816,-0.942238898559683,0.));
#12955=DIRECTION('ref_axis',(-0.942238898559683,-0.334941574070816,0.));
#12956=DIRECTION('',(0.,0.,-1.));
#12957=DIRECTION('',(-0.942238898559683,-0.334941574070816,0.));
#12958=DIRECTION('center_axis',(0.943650809732846,0.330942818762613,0.));
#12959=DIRECTION('ref_axis',(0.330942818762613,-0.943650809732846,0.));
#12960=DIRECTION('',(0.,0.,-1.));
#12961=DIRECTION('',(0.330942818762613,-0.943650809732846,0.));
#12962=DIRECTION('center_axis',(-0.335791933078685,0.941936185566347,0.));
#12963=DIRECTION('ref_axis',(0.941936185566347,0.335791933078685,0.));
#12964=DIRECTION('',(0.,0.,-1.));
#12965=DIRECTION('',(0.941936185566347,0.335791933078685,0.));
#12966=DIRECTION('',(0.,0.,-1.));
#12967=DIRECTION('center_axis',(-0.90630778703665,0.4226182617407,0.));
#12968=DIRECTION('ref_axis',(0.4226182617407,0.90630778703665,0.));
#12969=DIRECTION('',(0.,0.,-1.));
#12970=DIRECTION('',(0.4226182617407,0.90630778703665,0.));
#12971=DIRECTION('',(0.,0.,-1.));
#12972=DIRECTION('center_axis',(-0.941114480196076,-0.338088058300304,0.));
#12973=DIRECTION('ref_axis',(-0.338088058300304,0.941114480196076,0.));
#12974=DIRECTION('',(0.,0.,-1.));
#12975=DIRECTION('',(-0.338088058300304,0.941114480196076,0.));
#12976=DIRECTION('',(0.,0.,-1.));
#12977=DIRECTION('center_axis',(-0.422618261740699,-0.90630778703665,0.));
#12978=DIRECTION('ref_axis',(-0.90630778703665,0.422618261740699,0.));
#12979=DIRECTION('',(0.,0.,-1.));
#12980=DIRECTION('',(-0.90630778703665,0.422618261740699,0.));
#12981=DIRECTION('',(0.,0.,-1.));
#12982=DIRECTION('center_axis',(0.345946248820791,-0.938254332751426,0.));
#12983=DIRECTION('ref_axis',(-0.938254332751426,-0.345946248820791,0.));
#12984=DIRECTION('',(0.,0.,-1.));
#12985=DIRECTION('',(-0.938254332751426,-0.345946248820791,0.));
#12986=DIRECTION('',(0.,0.,-1.));
#12987=DIRECTION('center_axis',(0.906307787036651,-0.422618261740696,0.));
#12988=DIRECTION('ref_axis',(-0.422618261740696,-0.906307787036651,0.));
#12989=DIRECTION('',(0.,0.,-1.));
#12990=DIRECTION('',(-0.422618261740696,-0.906307787036651,0.));
#12991=DIRECTION('center_axis',(0.422618261740696,0.906307787036651,0.));
#12992=DIRECTION('ref_axis',(0.906307787036651,-0.422618261740696,0.));
#12993=DIRECTION('',(0.,0.,-1.));
#12994=DIRECTION('',(0.906307787036651,-0.422618261740696,0.));
#12995=DIRECTION('center_axis',(0.906307787036646,-0.422618261740708,0.));
#12996=DIRECTION('ref_axis',(-0.422618261740708,-0.906307787036646,0.));
#12997=DIRECTION('',(0.,0.,-1.));
#12998=DIRECTION('',(-0.422618261740708,-0.906307787036646,0.));
#12999=DIRECTION('center_axis',(0.422618261740698,0.906307787036651,0.));
#13000=DIRECTION('ref_axis',(0.906307787036651,-0.422618261740698,0.));
#13001=DIRECTION('',(0.,0.,-1.));
#13002=DIRECTION('',(0.906307787036651,-0.422618261740698,0.));
#13003=DIRECTION('center_axis',(-0.906307787036651,0.422618261740698,0.));
#13004=DIRECTION('ref_axis',(0.422618261740698,0.906307787036651,0.));
#13005=DIRECTION('',(0.,0.,-1.));
#13006=DIRECTION('',(0.422618261740698,0.906307787036651,0.));
#13007=DIRECTION('center_axis',(-0.422642567204104,-0.906296452816143,0.));
#13008=DIRECTION('ref_axis',(-0.906296452816143,0.422642567204104,0.));
#13009=DIRECTION('',(0.,0.,-1.));
#13010=DIRECTION('',(-0.906296452816143,0.422642567204104,0.));
#13011=DIRECTION('center_axis',(0.906307787036649,-0.422618261740701,0.));
#13012=DIRECTION('ref_axis',(-0.422618261740701,-0.906307787036649,0.));
#13013=DIRECTION('',(-0.422618261740701,-0.906307787036649,0.));
#13014=DIRECTION('center_axis',(0.,0.,1.));
#13015=DIRECTION('ref_axis',(-1.,0.,0.));
#13016=DIRECTION('center_axis',(1.,0.,0.));
#13017=DIRECTION('ref_axis',(0.,-1.,0.));
#13018=DIRECTION('',(0.,0.,-1.));
#13019=DIRECTION('',(0.,-1.,0.));
#13020=DIRECTION('',(0.,0.,-1.));
#13021=DIRECTION('center_axis',(-5.00338672068524E-15,1.,0.));
#13022=DIRECTION('ref_axis',(1.,5.00338672068524E-15,0.));
#13023=DIRECTION('',(0.,0.,-1.));
#13024=DIRECTION('',(1.,5.00338672068524E-15,0.));
#13025=DIRECTION('center_axis',(1.,0.,0.));
#13026=DIRECTION('ref_axis',(0.,-1.,0.));
#13027=DIRECTION('',(0.,0.,-1.));
#13028=DIRECTION('',(0.,-1.,0.));
#13029=DIRECTION('center_axis',(0.,-1.,0.));
#13030=DIRECTION('ref_axis',(-1.,0.,0.));
#13031=DIRECTION('',(0.,0.,-1.));
#13032=DIRECTION('',(-1.,0.,0.));
#13033=DIRECTION('center_axis',(1.,0.,0.));
#13034=DIRECTION('ref_axis',(0.,-1.,0.));
#13035=DIRECTION('',(0.,0.,-1.));
#13036=DIRECTION('',(0.,-1.,0.));
#13037=DIRECTION('center_axis',(0.,1.,0.));
#13038=DIRECTION('ref_axis',(1.,0.,0.));
#13039=DIRECTION('',(0.,0.,-1.));
#13040=DIRECTION('',(1.,0.,0.));
#13041=DIRECTION('center_axis',(1.,0.,0.));
#13042=DIRECTION('ref_axis',(0.,-1.,0.));
#13043=DIRECTION('',(0.,0.,-1.));
#13044=DIRECTION('',(0.,-1.,0.));
#13045=DIRECTION('center_axis',(0.,-1.,0.));
#13046=DIRECTION('ref_axis',(-1.,0.,0.));
#13047=DIRECTION('',(0.,0.,-1.));
#13048=DIRECTION('',(-1.,0.,0.));
#13049=DIRECTION('center_axis',(1.,-1.95212990115188E-14,0.));
#13050=DIRECTION('ref_axis',(-1.95212990115188E-14,-1.,0.));
#13051=DIRECTION('',(0.,0.,-1.));
#13052=DIRECTION('',(-1.95212990115188E-14,-1.,0.));
#13053=DIRECTION('center_axis',(0.,1.,0.));
#13054=DIRECTION('ref_axis',(1.,0.,0.));
#13055=DIRECTION('',(0.,0.,-1.));
#13056=DIRECTION('',(1.,0.,0.));
#13057=DIRECTION('center_axis',(-1.,2.16904271729761E-15,0.));
#13058=DIRECTION('ref_axis',(2.16904271729761E-15,1.,0.));
#13059=DIRECTION('',(0.,0.,-1.));
#13060=DIRECTION('',(2.16904271729761E-15,1.,0.));
#13061=DIRECTION('center_axis',(4.29376987526917E-15,-1.,0.));
#13062=DIRECTION('ref_axis',(-1.,-4.29376987526917E-15,0.));
#13063=DIRECTION('',(-1.,-4.29376987526917E-15,0.));
#13064=DIRECTION('center_axis',(0.,0.,-1.));
#13065=DIRECTION('ref_axis',(-1.,0.,0.));
#13066=DIRECTION('center_axis',(0.711869378024167,-0.702311888430977,0.));
#13067=DIRECTION('ref_axis',(-0.702311888430977,-0.711869378024167,0.));
#13068=DIRECTION('',(-0.702311888430977,-0.711869378024167,0.));
#13069=DIRECTION('',(0.,0.,-1.));
#13070=DIRECTION('',(-0.702311888430977,-0.711869378024167,0.));
#13071=DIRECTION('',(0.,0.,-1.));
#13072=DIRECTION('center_axis',(-0.709466847590569,-0.704738811312319,0.));
#13073=DIRECTION('ref_axis',(-0.704738811312319,0.709466847590569,0.));
#13074=DIRECTION('',(-0.704738811312319,0.709466847590569,0.));
#13075=DIRECTION('',(0.,0.,-1.));
#13076=DIRECTION('',(-0.704738811312319,0.709466847590569,0.));
#13077=DIRECTION('center_axis',(-1.,1.63125164112351E-14,0.));
#13078=DIRECTION('ref_axis',(1.63125164112351E-14,1.,0.));
#13079=DIRECTION('',(1.63125164112351E-14,1.,0.));
#13080=DIRECTION('',(0.,0.,-1.));
#13081=DIRECTION('',(1.63125164112351E-14,1.,0.));
#13082=DIRECTION('center_axis',(0.,1.,0.));
#13083=DIRECTION('ref_axis',(1.,0.,0.));
#13084=DIRECTION('',(1.,0.,0.));
#13085=DIRECTION('',(0.,0.,-1.));
#13086=DIRECTION('',(1.,0.,0.));
#13087=DIRECTION('center_axis',(1.,0.,0.));
#13088=DIRECTION('ref_axis',(0.,-1.,0.));
#13089=DIRECTION('',(0.,-1.,0.));
#13090=DIRECTION('',(0.,-1.,0.));
#13091=DIRECTION('center_axis',(9.92336445942328E-15,-1.,0.));
#13092=DIRECTION('ref_axis',(-1.,-9.92336445942328E-15,0.));
#13093=DIRECTION('',(0.,0.,-1.));
#13094=DIRECTION('',(-1.,-9.92336445942328E-15,0.));
#13095=DIRECTION('',(0.,0.,-1.));
#13096=DIRECTION('center_axis',(1.,0.,0.));
#13097=DIRECTION('ref_axis',(0.,-1.,0.));
#13098=DIRECTION('',(0.,0.,-1.));
#13099=DIRECTION('',(0.,-1.,0.));
#13100=DIRECTION('',(0.,0.,-1.));
#13101=DIRECTION('center_axis',(0.712958577708748,0.701206151193441,0.));
#13102=DIRECTION('ref_axis',(0.701206151193441,-0.712958577708748,0.));
#13103=DIRECTION('',(0.,0.,-1.));
#13104=DIRECTION('',(0.701206151193441,-0.712958577708748,0.));
#13105=DIRECTION('',(0.,0.,-1.));
#13106=DIRECTION('',(0.,0.,-1.));
#13107=DIRECTION('center_axis',(-0.714963411593693,0.69916186972854,0.));
#13108=DIRECTION('ref_axis',(0.69916186972854,0.714963411593693,0.));
#13109=DIRECTION('',(0.,0.,-1.));
#13110=DIRECTION('',(0.69916186972854,0.714963411593693,0.));
#13111=DIRECTION('',(0.,0.,-1.));
#13112=DIRECTION('center_axis',(-1.,0.,0.));
#13113=DIRECTION('ref_axis',(0.,1.,0.));
#13114=DIRECTION('',(0.,0.,-1.));
#13115=DIRECTION('',(0.,1.,0.));
#13116=DIRECTION('center_axis',(2.01831929318987E-14,-1.,0.));
#13117=DIRECTION('ref_axis',(-1.,-2.01831929318987E-14,0.));
#13118=DIRECTION('',(0.,0.,-1.));
#13119=DIRECTION('',(-1.,-2.01831929318987E-14,0.));
#13120=DIRECTION('center_axis',(1.,0.,0.));
#13121=DIRECTION('ref_axis',(0.,-1.,0.));
#13122=DIRECTION('',(0.,0.,-1.));
#13123=DIRECTION('',(0.,-1.,0.));
#13124=DIRECTION('center_axis',(-4.04538108456182E-6,-0.999999999991817,
0.));
#13125=DIRECTION('ref_axis',(-0.999999999991817,4.04538108456182E-6,0.));
#13126=DIRECTION('',(0.,0.,-1.));
#13127=DIRECTION('',(-0.999999999991817,4.04538108456182E-6,0.));
#13128=DIRECTION('center_axis',(-1.,0.,0.));
#13129=DIRECTION('ref_axis',(0.,1.,0.));
#13130=DIRECTION('',(0.,1.,0.));
#13131=DIRECTION('center_axis',(0.,0.,1.));
#13132=DIRECTION('ref_axis',(-1.,0.,0.));
#13133=DIRECTION('center_axis',(0.711868660560815,-0.702312615657266,0.));
#13134=DIRECTION('ref_axis',(-0.702312615657266,-0.711868660560815,0.));
#13135=DIRECTION('',(-0.702312615657266,-0.711868660560815,0.));
#13136=DIRECTION('',(0.,0.,-1.));
#13137=DIRECTION('',(-0.702312615657266,-0.711868660560815,0.));
#13138=DIRECTION('',(0.,0.,-1.));
#13139=DIRECTION('center_axis',(-0.70946755791703,-0.704738096219614,0.));
#13140=DIRECTION('ref_axis',(-0.704738096219614,0.70946755791703,0.));
#13141=DIRECTION('',(-0.704738096219614,0.70946755791703,0.));
#13142=DIRECTION('',(0.,0.,-1.));
#13143=DIRECTION('',(-0.704738096219614,0.70946755791703,0.));
#13144=DIRECTION('center_axis',(-1.,1.63125164112351E-14,0.));
#13145=DIRECTION('ref_axis',(1.63125164112351E-14,1.,0.));
#13146=DIRECTION('',(1.63125164112351E-14,1.,0.));
#13147=DIRECTION('',(0.,0.,-1.));
#13148=DIRECTION('',(1.63125164112351E-14,1.,0.));
#13149=DIRECTION('center_axis',(0.,1.,0.));
#13150=DIRECTION('ref_axis',(1.,0.,0.));
#13151=DIRECTION('',(1.,0.,0.));
#13152=DIRECTION('',(0.,0.,-1.));
#13153=DIRECTION('',(1.,0.,0.));
#13154=DIRECTION('center_axis',(1.,-1.60921557414164E-14,0.));
#13155=DIRECTION('ref_axis',(-1.60921557414164E-14,-1.,0.));
#13156=DIRECTION('',(-1.60921557414164E-14,-1.,0.));
#13157=DIRECTION('',(-1.60921557414164E-14,-1.,0.));
#13158=DIRECTION('center_axis',(9.92336445942328E-15,-1.,0.));
#13159=DIRECTION('ref_axis',(-1.,-9.92336445942328E-15,0.));
#13160=DIRECTION('',(0.,0.,-1.));
#13161=DIRECTION('',(-1.,-9.92336445942328E-15,0.));
#13162=DIRECTION('',(0.,0.,-1.));
#13163=DIRECTION('center_axis',(1.,0.,0.));
#13164=DIRECTION('ref_axis',(0.,-1.,0.));
#13165=DIRECTION('',(0.,0.,-1.));
#13166=DIRECTION('',(0.,-1.,0.));
#13167=DIRECTION('',(0.,0.,-1.));
#13168=DIRECTION('center_axis',(0.712958577708748,0.701206151193441,0.));
#13169=DIRECTION('ref_axis',(0.701206151193441,-0.712958577708748,0.));
#13170=DIRECTION('',(0.,0.,-1.));
#13171=DIRECTION('',(0.701206151193441,-0.712958577708748,0.));
#13172=DIRECTION('',(0.,0.,-1.));
#13173=DIRECTION('',(0.,0.,-1.));
#13174=DIRECTION('center_axis',(-0.714963411593693,0.69916186972854,0.));
#13175=DIRECTION('ref_axis',(0.69916186972854,0.714963411593693,0.));
#13176=DIRECTION('',(0.,0.,-1.));
#13177=DIRECTION('',(0.69916186972854,0.714963411593693,0.));
#13178=DIRECTION('',(0.,0.,-1.));
#13179=DIRECTION('center_axis',(-1.,0.,0.));
#13180=DIRECTION('ref_axis',(0.,1.,0.));
#13181=DIRECTION('',(0.,0.,-1.));
#13182=DIRECTION('',(0.,1.,0.));
#13183=DIRECTION('center_axis',(2.01831929318987E-14,-1.,0.));
#13184=DIRECTION('ref_axis',(-1.,-2.01831929318987E-14,0.));
#13185=DIRECTION('',(0.,0.,-1.));
#13186=DIRECTION('',(-1.,-2.01831929318987E-14,0.));
#13187=DIRECTION('center_axis',(1.,0.,0.));
#13188=DIRECTION('ref_axis',(0.,-1.,0.));
#13189=DIRECTION('',(0.,0.,-1.));
#13190=DIRECTION('',(0.,-1.,0.));
#13191=DIRECTION('center_axis',(-4.04538108456183E-6,-0.999999999991817,
0.));
#13192=DIRECTION('ref_axis',(-0.999999999991817,4.04538108456183E-6,0.));
#13193=DIRECTION('',(0.,0.,-1.));
#13194=DIRECTION('',(-0.999999999991817,4.04538108456183E-6,0.));
#13195=DIRECTION('center_axis',(-1.,0.,0.));
#13196=DIRECTION('ref_axis',(0.,1.,0.));
#13197=DIRECTION('',(0.,1.,0.));
#13198=DIRECTION('center_axis',(0.,0.,1.));
#13199=DIRECTION('ref_axis',(-1.,0.,0.));
#13200=DIRECTION('center_axis',(0.906307787036647,-0.422618261740705,0.));
#13201=DIRECTION('ref_axis',(-0.422618261740705,-0.906307787036647,0.));
#13202=DIRECTION('',(0.,0.,-1.));
#13203=DIRECTION('',(-0.422618261740705,-0.906307787036647,0.));
#13204=DIRECTION('',(0.,0.,-1.));
#13205=DIRECTION('center_axis',(0.422618261740699,0.90630778703665,0.));
#13206=DIRECTION('ref_axis',(0.90630778703665,-0.422618261740699,0.));
#13207=DIRECTION('',(0.,0.,-1.));
#13208=DIRECTION('',(0.90630778703665,-0.422618261740699,0.));
#13209=DIRECTION('',(0.,0.,-1.));
#13210=DIRECTION('',(0.,0.,-1.));
#13211=DIRECTION('',(0.,0.,-1.));
#13212=DIRECTION('',(0.,0.,-1.));
#13213=DIRECTION('',(0.,0.,-1.));
#13214=DIRECTION('center_axis',(-0.935371724443053,-0.35366613792167,0.));
#13215=DIRECTION('ref_axis',(-0.35366613792167,0.935371724443053,0.));
#13216=DIRECTION('',(0.,0.,-1.));
#13217=DIRECTION('',(-0.35366613792167,0.935371724443053,0.));
#13218=DIRECTION('center_axis',(-0.324121110730024,0.946015594786437,0.));
#13219=DIRECTION('ref_axis',(0.946015594786436,0.324121110730024,0.));
#13220=DIRECTION('',(0.,0.,-1.));
#13221=DIRECTION('',(0.946015594786436,0.324121110730024,0.));
#13222=DIRECTION('',(0.,0.,-1.));
#13223=DIRECTION('',(0.,0.,-1.));
#13224=DIRECTION('',(0.,0.,-1.));
#13225=DIRECTION('center_axis',(-0.4226182617407,-0.90630778703665,0.));
#13226=DIRECTION('ref_axis',(-0.90630778703665,0.4226182617407,0.));
#13227=DIRECTION('',(0.,0.,-1.));
#13228=DIRECTION('',(-0.90630778703665,0.4226182617407,0.));
#13229=DIRECTION('center_axis',(0.906307787036648,-0.422618261740705,0.));
#13230=DIRECTION('ref_axis',(-0.422618261740705,-0.906307787036648,0.));
#13231=DIRECTION('',(0.,0.,-1.));
#13232=DIRECTION('',(-0.422618261740705,-0.906307787036648,0.));
#13233=DIRECTION('center_axis',(0.422618261740697,0.906307787036651,0.));
#13234=DIRECTION('ref_axis',(0.906307787036651,-0.422618261740697,0.));
#13235=DIRECTION('',(0.,0.,-1.));
#13236=DIRECTION('',(0.906307787036651,-0.422618261740697,0.));
#13237=DIRECTION('center_axis',(0.314594197761004,-0.949226258978917,0.));
#13238=DIRECTION('ref_axis',(-0.949226258978917,-0.314594197761004,0.));
#13239=DIRECTION('',(0.,0.,-1.));
#13240=DIRECTION('',(-0.949226258978917,-0.314594197761004,0.));
#13241=DIRECTION('center_axis',(-0.422618261740698,-0.906307787036651,0.));
#13242=DIRECTION('ref_axis',(-0.906307787036651,0.422618261740698,0.));
#13243=DIRECTION('',(0.,0.,-1.));
#13244=DIRECTION('',(-0.906307787036651,0.422618261740698,0.));
#13245=DIRECTION('center_axis',(0.906307787036648,-0.422618261740703,0.));
#13246=DIRECTION('ref_axis',(-0.422618261740704,-0.906307787036648,0.));
#13247=DIRECTION('',(0.,0.,-1.));
#13248=DIRECTION('',(-0.422618261740704,-0.906307787036648,0.));
#13249=DIRECTION('center_axis',(0.422618261740698,0.90630778703665,0.));
#13250=DIRECTION('ref_axis',(0.906307787036651,-0.422618261740698,0.));
#13251=DIRECTION('',(0.,0.,-1.));
#13252=DIRECTION('',(0.906307787036651,-0.422618261740698,0.));
#13253=DIRECTION('center_axis',(0.927995163113548,0.372592239905582,0.));
#13254=DIRECTION('ref_axis',(0.372592239905582,-0.927995163113548,0.));
#13255=DIRECTION('',(0.,0.,-1.));
#13256=DIRECTION('',(0.372592239905582,-0.927995163113548,0.));
#13257=DIRECTION('center_axis',(-0.422618261740699,-0.90630778703665,0.));
#13258=DIRECTION('ref_axis',(-0.90630778703665,0.422618261740699,0.));
#13259=DIRECTION('',(-0.90630778703665,0.422618261740699,0.));
#13260=DIRECTION('center_axis',(0.,0.,1.));
#13261=DIRECTION('ref_axis',(-1.,0.,0.));
#13262=DIRECTION('center_axis',(0.906307787036651,-0.422618261740698,0.));
#13263=DIRECTION('ref_axis',(-0.422618261740698,-0.906307787036651,0.));
#13264=DIRECTION('',(-0.422618261740698,-0.906307787036651,0.));
#13265=DIRECTION('',(0.,0.,-1.));
#13266=DIRECTION('',(-0.422618261740698,-0.906307787036651,0.));
#13267=DIRECTION('',(0.,0.,-1.));
#13268=DIRECTION('center_axis',(0.355867387204622,-0.934536464095519,0.));
#13269=DIRECTION('ref_axis',(-0.934536464095519,-0.355867387204622,0.));
#13270=DIRECTION('',(-0.934536464095519,-0.355867387204622,0.));
#13271=DIRECTION('',(0.,0.,-1.));
#13272=DIRECTION('',(-0.934536464095519,-0.355867387204622,0.));
#13273=DIRECTION('center_axis',(-0.422618261740733,-0.906307787036634,0.));
#13274=DIRECTION('ref_axis',(-0.906307787036634,0.422618261740733,0.));
#13275=DIRECTION('',(-0.906307787036634,0.422618261740733,0.));
#13276=DIRECTION('',(0.,0.,-1.));
#13277=DIRECTION('',(-0.906307787036634,0.422618261740733,0.));
#13278=DIRECTION('center_axis',(-0.938046033352719,-0.34651066262271,0.));
#13279=DIRECTION('ref_axis',(-0.34651066262271,0.938046033352719,0.));
#13280=DIRECTION('',(-0.34651066262271,0.938046033352719,0.));
#13281=DIRECTION('',(0.,0.,-1.));
#13282=DIRECTION('',(-0.34651066262271,0.938046033352719,0.));
#13283=DIRECTION('center_axis',(-0.906307787036649,0.422618261740701,0.));
#13284=DIRECTION('ref_axis',(0.422618261740701,0.906307787036649,0.));
#13285=DIRECTION('',(0.422618261740701,0.906307787036649,0.));
#13286=DIRECTION('',(0.,0.,-1.));
#13287=DIRECTION('',(0.422618261740701,0.906307787036649,0.));
#13288=DIRECTION('center_axis',(0.422617146053957,0.906308307289086,0.));
#13289=DIRECTION('ref_axis',(0.906308307289086,-0.422617146053957,0.));
#13290=DIRECTION('',(0.906308307289086,-0.422617146053957,0.));
#13291=DIRECTION('',(0.906308307289086,-0.422617146053957,0.));
#13292=DIRECTION('center_axis',(0.936857476192827,0.349711408595155,0.));
#13293=DIRECTION('ref_axis',(0.349711408595155,-0.936857476192827,0.));
#13294=DIRECTION('',(0.,0.,-1.));
#13295=DIRECTION('',(0.349711408595155,-0.936857476192827,0.));
#13296=DIRECTION('',(0.,0.,-1.));
#13297=DIRECTION('',(0.,0.,-1.));
#13298=DIRECTION('center_axis',(0.422618261740701,0.906307787036649,0.));
#13299=DIRECTION('ref_axis',(0.906307787036649,-0.422618261740701,0.));
#13300=DIRECTION('',(0.,0.,-1.));
#13301=DIRECTION('',(0.906307787036649,-0.422618261740701,0.));
#13302=DIRECTION('',(0.,0.,-1.));
#13303=DIRECTION('center_axis',(-0.345946248820793,0.938254332751425,0.));
#13304=DIRECTION('ref_axis',(0.938254332751425,0.345946248820793,0.));
#13305=DIRECTION('',(0.,0.,-1.));
#13306=DIRECTION('',(0.938254332751425,0.345946248820793,0.));
#13307=DIRECTION('',(0.,0.,-1.));
#13308=DIRECTION('center_axis',(-0.906307787036649,0.422618261740701,0.));
#13309=DIRECTION('ref_axis',(0.422618261740701,0.906307787036649,0.));
#13310=DIRECTION('',(0.,0.,-1.));
#13311=DIRECTION('',(0.422618261740701,0.906307787036649,0.));
#13312=DIRECTION('center_axis',(-0.4226182617407,-0.90630778703665,0.));
#13313=DIRECTION('ref_axis',(-0.90630778703665,0.4226182617407,0.));
#13314=DIRECTION('',(0.,0.,-1.));
#13315=DIRECTION('',(-0.90630778703665,0.4226182617407,0.));
#13316=DIRECTION('center_axis',(0.906307787036654,-0.422618261740691,0.));
#13317=DIRECTION('ref_axis',(-0.422618261740691,-0.906307787036654,0.));
#13318=DIRECTION('',(0.,0.,-1.));
#13319=DIRECTION('',(-0.422618261740691,-0.906307787036654,0.));
#13320=DIRECTION('center_axis',(0.4226182617407,0.90630778703665,0.));
#13321=DIRECTION('ref_axis',(0.90630778703665,-0.4226182617407,0.));
#13322=DIRECTION('',(0.,0.,-1.));
#13323=DIRECTION('',(0.90630778703665,-0.4226182617407,0.));
#13324=DIRECTION('center_axis',(0.906315146082359,-0.422602479857504,0.));
#13325=DIRECTION('ref_axis',(-0.422602479857504,-0.906315146082359,0.));
#13326=DIRECTION('',(0.,0.,-1.));
#13327=DIRECTION('',(-0.422602479857504,-0.906315146082359,0.));
#13328=DIRECTION('center_axis',(0.,0.,1.));
#13329=DIRECTION('ref_axis',(-1.,0.,0.));
#13330=DIRECTION('center_axis',(0.906307787036646,-0.422618261740708,0.));
#13331=DIRECTION('ref_axis',(-0.422618261740708,-0.906307787036646,0.));
#13332=DIRECTION('',(-0.422618261740708,-0.906307787036646,0.));
#13333=DIRECTION('',(0.,0.,-1.));
#13334=DIRECTION('',(-0.422618261740708,-0.906307787036646,0.));
#13335=DIRECTION('',(0.,0.,-1.));
#13336=DIRECTION('center_axis',(0.332969847501621,-0.942937474414262,0.));
#13337=DIRECTION('ref_axis',(-0.942937474414262,-0.332969847501621,0.));
#13338=DIRECTION('',(-0.942937474414262,-0.332969847501621,0.));
#13339=DIRECTION('',(0.,0.,-1.));
#13340=DIRECTION('',(-0.942937474414262,-0.332969847501621,0.));
#13341=DIRECTION('center_axis',(-0.422618261740699,-0.90630778703665,0.));
#13342=DIRECTION('ref_axis',(-0.90630778703665,0.422618261740699,0.));
#13343=DIRECTION('',(-0.90630778703665,0.422618261740699,0.));
#13344=DIRECTION('',(0.,0.,-1.));
#13345=DIRECTION('',(-0.90630778703665,0.422618261740699,0.));
#13346=DIRECTION('center_axis',(-0.939691623379835,-0.342022883663901,0.));
#13347=DIRECTION('ref_axis',(-0.342022883663901,0.939691623379835,0.));
#13348=DIRECTION('',(-0.342022883663901,0.939691623379835,0.));
#13349=DIRECTION('',(0.,0.,-1.));
#13350=DIRECTION('',(-0.342022883663901,0.939691623379835,0.));
#13351=DIRECTION('center_axis',(-0.906307787036649,0.422618261740701,0.));
#13352=DIRECTION('ref_axis',(0.422618261740701,0.906307787036649,0.));
#13353=DIRECTION('',(0.422618261740701,0.906307787036649,0.));
#13354=DIRECTION('',(0.,0.,-1.));
#13355=DIRECTION('',(0.422618261740701,0.906307787036649,0.));
#13356=DIRECTION('center_axis',(0.422618261740698,0.906307787036651,0.));
#13357=DIRECTION('ref_axis',(0.906307787036651,-0.422618261740698,0.));
#13358=DIRECTION('',(0.906307787036651,-0.422618261740698,0.));
#13359=DIRECTION('',(0.906307787036651,-0.422618261740698,0.));
#13360=DIRECTION('center_axis',(-0.422618261740706,-0.906307787036647,0.));
#13361=DIRECTION('ref_axis',(-0.906307787036647,0.422618261740706,0.));
#13362=DIRECTION('',(0.,0.,-1.));
#13363=DIRECTION('',(-0.906307787036647,0.422618261740706,0.));
#13364=DIRECTION('',(0.,0.,-1.));
#13365=DIRECTION('center_axis',(0.906307787036652,-0.422618261740694,0.));
#13366=DIRECTION('ref_axis',(-0.422618261740695,-0.906307787036652,0.));
#13367=DIRECTION('',(0.,0.,-1.));
#13368=DIRECTION('',(-0.422618261740695,-0.906307787036652,0.));
#13369=DIRECTION('',(0.,0.,-1.));
#13370=DIRECTION('center_axis',(0.941103172313366,0.338119533688486,0.));
#13371=DIRECTION('ref_axis',(0.338119533688486,-0.941103172313366,0.));
#13372=DIRECTION('',(0.,0.,-1.));
#13373=DIRECTION('',(0.338119533688486,-0.941103172313366,0.));
#13374=DIRECTION('',(0.,0.,-1.));
#13375=DIRECTION('center_axis',(0.422618261740699,0.90630778703665,0.));
#13376=DIRECTION('ref_axis',(0.90630778703665,-0.422618261740699,0.));
#13377=DIRECTION('',(0.,0.,-1.));
#13378=DIRECTION('',(0.90630778703665,-0.422618261740699,0.));
#13379=DIRECTION('',(0.,0.,-1.));
#13380=DIRECTION('center_axis',(-0.334245535689989,0.942486032719484,0.));
#13381=DIRECTION('ref_axis',(0.942486032719484,0.334245535689989,0.));
#13382=DIRECTION('',(0.,0.,-1.));
#13383=DIRECTION('',(0.942486032719484,0.334245535689989,0.));
#13384=DIRECTION('',(0.,0.,-1.));
#13385=DIRECTION('center_axis',(-0.90630778703665,0.422618261740699,0.));
#13386=DIRECTION('ref_axis',(0.422618261740699,0.90630778703665,0.));
#13387=DIRECTION('',(0.,0.,-1.));
#13388=DIRECTION('',(0.422618261740699,0.90630778703665,0.));
#13389=DIRECTION('center_axis',(-0.422618261740708,-0.906307787036646,0.));
#13390=DIRECTION('ref_axis',(-0.906307787036646,0.422618261740708,0.));
#13391=DIRECTION('',(0.,0.,-1.));
#13392=DIRECTION('',(-0.906307787036646,0.422618261740708,0.));
#13393=DIRECTION('center_axis',(0.906307787036649,-0.422618261740702,0.));
#13394=DIRECTION('ref_axis',(-0.422618261740702,-0.906307787036649,0.));
#13395=DIRECTION('',(0.,0.,-1.));
#13396=DIRECTION('',(-0.422618261740702,-0.906307787036649,0.));
#13397=DIRECTION('center_axis',(-0.422618261740699,-0.90630778703665,0.));
#13398=DIRECTION('ref_axis',(-0.90630778703665,0.422618261740699,0.));
#13399=DIRECTION('',(0.,0.,-1.));
#13400=DIRECTION('',(-0.90630778703665,0.422618261740699,0.));
#13401=DIRECTION('center_axis',(-0.906307787036647,0.422618261740705,0.));
#13402=DIRECTION('ref_axis',(0.422618261740705,0.906307787036647,0.));
#13403=DIRECTION('',(0.422618261740705,0.906307787036647,0.));
#13404=DIRECTION('center_axis',(0.,0.,1.));
#13405=DIRECTION('ref_axis',(-1.,0.,0.));
#13406=DIRECTION('center_axis',(0.4226182617407,0.906307787036649,0.));
#13407=DIRECTION('ref_axis',(0.906307787036649,-0.4226182617407,0.));
#13408=DIRECTION('',(0.,0.,-1.));
#13409=DIRECTION('',(0.906307787036649,-0.4226182617407,0.));
#13410=DIRECTION('',(0.,0.,-1.));
#13411=DIRECTION('center_axis',(-0.906307787036649,0.422618261740702,0.));
#13412=DIRECTION('ref_axis',(0.422618261740702,0.906307787036649,0.));
#13413=DIRECTION('',(0.,0.,-1.));
#13414=DIRECTION('',(0.422618261740702,0.906307787036649,0.));
#13415=DIRECTION('center_axis',(0.422618261740694,0.906307787036653,0.));
#13416=DIRECTION('ref_axis',(0.906307787036652,-0.422618261740694,0.));
#13417=DIRECTION('',(0.,0.,-1.));
#13418=DIRECTION('',(0.906307787036652,-0.422618261740694,0.));
#13419=DIRECTION('center_axis',(0.906307787036647,-0.422618261740706,0.));
#13420=DIRECTION('ref_axis',(-0.422618261740706,-0.906307787036647,0.));
#13421=DIRECTION('',(0.,0.,-1.));
#13422=DIRECTION('',(-0.422618261740706,-0.906307787036647,0.));
#13423=DIRECTION('center_axis',(0.422618261740693,0.906307787036653,0.));
#13424=DIRECTION('ref_axis',(0.906307787036653,-0.422618261740693,0.));
#13425=DIRECTION('',(0.,0.,-1.));
#13426=DIRECTION('',(0.906307787036653,-0.422618261740693,0.));
#13427=DIRECTION('center_axis',(-0.906307787036653,0.422618261740694,0.));
#13428=DIRECTION('ref_axis',(0.422618261740694,0.906307787036653,0.));
#13429=DIRECTION('',(0.,0.,-1.));
#13430=DIRECTION('',(0.422618261740694,0.906307787036652,0.));
#13431=DIRECTION('center_axis',(0.422618261740701,0.906307787036649,0.));
#13432=DIRECTION('ref_axis',(0.906307787036649,-0.422618261740701,0.));
#13433=DIRECTION('',(0.,0.,-1.));
#13434=DIRECTION('',(0.906307787036649,-0.422618261740701,0.));
#13435=DIRECTION('center_axis',(0.90630778703665,-0.4226182617407,0.));
#13436=DIRECTION('ref_axis',(-0.4226182617407,-0.90630778703665,0.));
#13437=DIRECTION('',(0.,0.,-1.));
#13438=DIRECTION('',(-0.4226182617407,-0.90630778703665,0.));
#13439=DIRECTION('center_axis',(0.422618261740701,0.906307787036649,0.));
#13440=DIRECTION('ref_axis',(0.906307787036649,-0.422618261740701,0.));
#13441=DIRECTION('',(0.,0.,-1.));
#13442=DIRECTION('',(0.906307787036649,-0.422618261740701,0.));
#13443=DIRECTION('center_axis',(-0.90630778703665,0.422618261740698,0.));
#13444=DIRECTION('ref_axis',(0.422618261740698,0.90630778703665,0.));
#13445=DIRECTION('',(0.,0.,-1.));
#13446=DIRECTION('',(0.422618261740698,0.90630778703665,0.));
#13447=DIRECTION('center_axis',(-0.4226182617407,-0.90630778703665,0.));
#13448=DIRECTION('ref_axis',(-0.90630778703665,0.4226182617407,0.));
#13449=DIRECTION('',(0.,0.,-1.));
#13450=DIRECTION('',(-0.90630778703665,0.4226182617407,0.));
#13451=DIRECTION('center_axis',(0.906307787036651,-0.422618261740698,0.));
#13452=DIRECTION('ref_axis',(-0.422618261740698,-0.906307787036651,0.));
#13453=DIRECTION('',(-0.422618261740698,-0.906307787036651,0.));
#13454=DIRECTION('center_axis',(0.,0.,-1.));
#13455=DIRECTION('ref_axis',(-1.,0.,0.));
#13456=DIRECTION('center_axis',(-1.,8.95341221635473E-15,0.));
#13457=DIRECTION('ref_axis',(8.95341221635473E-15,1.,0.));
#13458=DIRECTION('',(0.,0.,-1.));
#13459=DIRECTION('',(8.95341221635473E-15,1.,0.));
#13460=DIRECTION('',(0.,0.,-1.));
#13461=DIRECTION('center_axis',(-4.37796199928808E-15,1.,0.));
#13462=DIRECTION('ref_axis',(1.,4.37796199928808E-15,0.));
#13463=DIRECTION('',(0.,0.,-1.));
#13464=DIRECTION('',(1.,4.37796199928808E-15,0.));
#13465=DIRECTION('center_axis',(0.703615197696387,0.710581208287043,0.));
#13466=DIRECTION('ref_axis',(0.710581208287043,-0.703615197696387,0.));
#13467=DIRECTION('',(0.,0.,-1.));
#13468=DIRECTION('',(0.710581208287043,-0.703615197696387,0.));
#13469=DIRECTION('center_axis',(1.,5.33994888102532E-15,0.));
#13470=DIRECTION('ref_axis',(5.33994888102532E-15,-1.,0.));
#13471=DIRECTION('',(0.,0.,-1.));
#13472=DIRECTION('',(5.33994888102532E-15,-1.,0.));
#13473=DIRECTION('center_axis',(0.710549449286561,-0.703647269673212,0.));
#13474=DIRECTION('ref_axis',(-0.703647269673212,-0.71054944928656,0.));
#13475=DIRECTION('',(0.,0.,-1.));
#13476=DIRECTION('',(-0.703647269673212,-0.71054944928656,0.));
#13477=DIRECTION('center_axis',(1.25347827646501E-14,-1.,0.));
#13478=DIRECTION('ref_axis',(-1.,-1.25347827646501E-14,0.));
#13479=DIRECTION('',(0.,0.,-1.));
#13480=DIRECTION('',(-1.,-1.25347827646501E-14,0.));
#13481=DIRECTION('center_axis',(-0.71240602519498,-0.701767522236452,0.));
#13482=DIRECTION('ref_axis',(-0.701767522236452,0.71240602519498,0.));
#13483=DIRECTION('',(0.,0.,-1.));
#13484=DIRECTION('',(-0.701767522236452,0.71240602519498,0.));
#13485=DIRECTION('center_axis',(0.698740118607897,-0.715375598303313,0.));
#13486=DIRECTION('ref_axis',(-0.715375598303313,-0.698740118607897,0.));
#13487=DIRECTION('',(0.,0.,-1.));
#13488=DIRECTION('',(-0.715375598303313,-0.698740118607897,0.));
#13489=DIRECTION('center_axis',(0.711772296806115,0.702410277188018,0.));
#13490=DIRECTION('ref_axis',(0.702410277188018,-0.711772296806115,0.));
#13491=DIRECTION('',(0.,0.,-1.));
#13492=DIRECTION('',(0.702410277188018,-0.711772296806115,0.));
#13493=DIRECTION('',(0.,0.,-1.));
#13494=DIRECTION('center_axis',(0.,1.,0.));
#13495=DIRECTION('ref_axis',(1.,0.,0.));
#13496=DIRECTION('',(0.,0.,-1.));
#13497=DIRECTION('',(1.,0.,0.));
#13498=DIRECTION('',(0.,0.,-1.));
#13499=DIRECTION('center_axis',(-0.704144005661135,0.71005719438049,0.));
#13500=DIRECTION('ref_axis',(0.710057194380489,0.704144005661134,0.));
#13501=DIRECTION('',(0.,0.,-1.));
#13502=DIRECTION('',(0.710057194380489,0.704144005661134,0.));
#13503=DIRECTION('',(0.,0.,-1.));
#13504=DIRECTION('center_axis',(-1.,0.,0.));
#13505=DIRECTION('ref_axis',(0.,1.,0.));
#13506=DIRECTION('',(0.,0.,-1.));
#13507=DIRECTION('',(0.,1.,0.));
#13508=DIRECTION('',(0.,0.,-1.));
#13509=DIRECTION('center_axis',(-0.704144005661138,-0.710057194380486,0.));
#13510=DIRECTION('ref_axis',(-0.710057194380486,0.704144005661138,0.));
#13511=DIRECTION('',(0.,0.,-1.));
#13512=DIRECTION('',(-0.710057194380486,0.704144005661138,0.));
#13513=DIRECTION('',(0.,0.,-1.));
#13514=DIRECTION('center_axis',(5.75269424820362E-15,-1.,0.));
#13515=DIRECTION('ref_axis',(-1.,-5.75269424820362E-15,0.));
#13516=DIRECTION('',(0.,0.,-1.));
#13517=DIRECTION('',(-1.,-5.75269424820362E-15,0.));
#13518=DIRECTION('center_axis',(1.,6.16998706454894E-15,0.));
#13519=DIRECTION('ref_axis',(6.16998706454894E-15,-1.,0.));
#13520=DIRECTION('',(0.,0.,-1.));
#13521=DIRECTION('',(6.16998706454894E-15,-1.,0.));
#13522=DIRECTION('center_axis',(1.0091545089615E-14,-1.,0.));
#13523=DIRECTION('ref_axis',(-1.,-1.0091545089615E-14,0.));
#13524=DIRECTION('',(0.,0.,-1.));
#13525=DIRECTION('',(-1.,-1.0091545089615E-14,0.));
#13526=DIRECTION('center_axis',(1.,0.,0.));
#13527=DIRECTION('ref_axis',(0.,-1.,0.));
#13528=DIRECTION('',(0.,0.,-1.));
#13529=DIRECTION('',(0.,-1.,0.));
#13530=DIRECTION('center_axis',(0.,1.,0.));
#13531=DIRECTION('ref_axis',(1.,0.,0.));
#13532=DIRECTION('',(0.,0.,-1.));
#13533=DIRECTION('',(1.,0.,0.));
#13534=DIRECTION('center_axis',(-0.99999999964039,2.6818279310842E-5,0.));
#13535=DIRECTION('ref_axis',(2.6818279310842E-5,0.99999999964039,0.));
#13536=DIRECTION('',(0.,0.,-1.));
#13537=DIRECTION('',(2.6818279310842E-5,0.99999999964039,0.));
#13538=DIRECTION('center_axis',(4.96169464922427E-15,-1.,0.));
#13539=DIRECTION('ref_axis',(-1.,-4.96169464922427E-15,0.));
#13540=DIRECTION('',(-1.,-4.96169464922427E-15,0.));
#13541=DIRECTION('center_axis',(0.,0.,1.));
#13542=DIRECTION('ref_axis',(-1.,0.,0.));
#13543=DIRECTION('center_axis',(1.33299304052823E-14,-1.,0.));
#13544=DIRECTION('ref_axis',(-1.,-1.33299304052823E-14,0.));
#13545=DIRECTION('',(-1.,-1.33299304052823E-14,0.));
#13546=DIRECTION('',(0.,0.,-1.));
#13547=DIRECTION('',(-1.,-1.33299304052823E-14,0.));
#13548=DIRECTION('',(0.,0.,-1.));
#13549=DIRECTION('center_axis',(-0.713872437587118,-0.700275762006244,0.));
#13550=DIRECTION('ref_axis',(-0.700275762006244,0.713872437587118,0.));
#13551=DIRECTION('',(-0.700275762006244,0.713872437587118,0.));
#13552=DIRECTION('',(0.,0.,-1.));
#13553=DIRECTION('',(-0.700275762006244,0.713872437587118,0.));
#13554=DIRECTION('center_axis',(-1.,0.,0.));
#13555=DIRECTION('ref_axis',(0.,1.,0.));
#13556=DIRECTION('',(0.,1.,0.));
#13557=DIRECTION('',(0.,0.,-1.));
#13558=DIRECTION('',(0.,1.,0.));
#13559=DIRECTION('center_axis',(-0.707108843254402,0.70710471911268,0.));
#13560=DIRECTION('ref_axis',(0.707104719112679,0.707108843254402,0.));
#13561=DIRECTION('',(0.707104719112679,0.707108843254402,0.));
#13562=DIRECTION('',(0.,0.,-1.));
#13563=DIRECTION('',(0.707104719112679,0.707108843254402,0.));
#13564=DIRECTION('center_axis',(0.,1.,0.));
#13565=DIRECTION('ref_axis',(1.,0.,0.));
#13566=DIRECTION('',(1.,0.,0.));
#13567=DIRECTION('',(0.,0.,-1.));
#13568=DIRECTION('',(1.,0.,0.));
#13569=DIRECTION('center_axis',(1.,0.,0.));
#13570=DIRECTION('ref_axis',(0.,-1.,0.));
#13571=DIRECTION('',(0.,-1.,0.));
#13572=DIRECTION('',(0.,-1.,0.));
#13573=DIRECTION('center_axis',(-1.,0.,0.));
#13574=DIRECTION('ref_axis',(0.,1.,0.));
#13575=DIRECTION('',(0.,0.,-1.));
#13576=DIRECTION('',(0.,1.,0.));
#13577=DIRECTION('',(0.,0.,-1.));
#13578=DIRECTION('center_axis',(0.,-1.,0.));
#13579=DIRECTION('ref_axis',(-1.,0.,0.));
#13580=DIRECTION('',(0.,0.,-1.));
#13581=DIRECTION('',(-1.,0.,0.));
#13582=DIRECTION('',(0.,0.,-1.));
#13583=DIRECTION('center_axis',(0.704167753132808,-0.710033643884494,0.));
#13584=DIRECTION('ref_axis',(-0.710033643884494,-0.704167753132808,0.));
#13585=DIRECTION('',(0.,0.,-1.));
#13586=DIRECTION('',(-0.710033643884494,-0.704167753132808,0.));
#13587=DIRECTION('',(0.,0.,-1.));
#13588=DIRECTION('center_axis',(1.,0.,0.));
#13589=DIRECTION('ref_axis',(0.,-1.,0.));
#13590=DIRECTION('',(0.,0.,-1.));
#13591=DIRECTION('',(0.,-1.,0.));
#13592=DIRECTION('',(0.,0.,-1.));
#13593=DIRECTION('center_axis',(0.712924163339054,0.701241140640871,0.));
#13594=DIRECTION('ref_axis',(0.701241140640871,-0.712924163339054,0.));
#13595=DIRECTION('',(0.,0.,-1.));
#13596=DIRECTION('',(0.701241140640871,-0.712924163339054,0.));
#13597=DIRECTION('',(0.,0.,-1.));
#13598=DIRECTION('center_axis',(0.,1.,0.));
#13599=DIRECTION('ref_axis',(1.,0.,0.));
#13600=DIRECTION('',(0.,0.,-1.));
#13601=DIRECTION('',(1.,0.,0.));
#13602=DIRECTION('center_axis',(-1.,0.,0.));
#13603=DIRECTION('ref_axis',(0.,1.,0.));
#13604=DIRECTION('',(0.,0.,-1.));
#13605=DIRECTION('',(0.,1.,0.));
#13606=DIRECTION('center_axis',(0.,-1.,0.));
#13607=DIRECTION('ref_axis',(-1.,0.,0.));
#13608=DIRECTION('',(0.,0.,-1.));
#13609=DIRECTION('',(-1.,0.,0.));
#13610=DIRECTION('center_axis',(-1.,0.,0.));
#13611=DIRECTION('ref_axis',(0.,1.,0.));
#13612=DIRECTION('',(0.,0.,-1.));
#13613=DIRECTION('',(0.,1.,0.));
#13614=DIRECTION('center_axis',(1.00915964659494E-14,1.,0.));
#13615=DIRECTION('ref_axis',(1.,-1.00915964659494E-14,0.));
#13616=DIRECTION('',(1.,-1.00915964659494E-14,0.));
#13617=DIRECTION('center_axis',(0.,0.,1.));
#13618=DIRECTION('ref_axis',(-1.,0.,0.));
#13619=DIRECTION('center_axis',(0.,0.,1.));
#13620=DIRECTION('ref_axis',(1.,0.,0.));
#13621=DIRECTION('center_axis',(0.,0.,1.));
#13622=DIRECTION('ref_axis',(1.,0.,0.));
#13623=DIRECTION('center_axis',(0.,0.,1.));
#13624=DIRECTION('ref_axis',(1.,0.,0.));
#13625=DIRECTION('center_axis',(0.,0.,1.));
#13626=DIRECTION('ref_axis',(1.,0.,0.));
#13627=DIRECTION('center_axis',(0.,0.,1.));
#13628=DIRECTION('ref_axis',(1.,0.,0.));
#13629=DIRECTION('center_axis',(0.,0.,1.));
#13630=DIRECTION('ref_axis',(1.,0.,0.));
#13631=DIRECTION('center_axis',(0.,0.,1.));
#13632=DIRECTION('ref_axis',(1.,0.,0.));
#13633=DIRECTION('center_axis',(0.,-1.,0.));
#13634=DIRECTION('ref_axis',(-1.,0.,0.));
#13635=DIRECTION('',(0.,0.,-1.));
#13636=DIRECTION('',(0.,0.,-1.));
#13637=DIRECTION('center_axis',(0.,0.,-1.));
#13638=DIRECTION('ref_axis',(1.,0.,0.));
#13639=DIRECTION('',(0.,0.,-1.));
#13640=DIRECTION('center_axis',(-1.,0.,0.));
#13641=DIRECTION('ref_axis',(0.,1.,0.));
#13642=DIRECTION('',(0.,0.,-1.));
#13643=DIRECTION('center_axis',(0.,0.,-1.));
#13644=DIRECTION('ref_axis',(0.,-1.,0.));
#13645=DIRECTION('',(0.,0.,-1.));
#13646=DIRECTION('center_axis',(0.,1.,0.));
#13647=DIRECTION('ref_axis',(1.,0.,0.));
#13648=DIRECTION('',(0.,0.,-1.));
#13649=DIRECTION('center_axis',(0.,0.,-1.));
#13650=DIRECTION('ref_axis',(-1.,0.,0.));
#13651=DIRECTION('',(0.,0.,-1.));
#13652=DIRECTION('center_axis',(1.,0.,0.));
#13653=DIRECTION('ref_axis',(0.,-1.,0.));
#13654=DIRECTION('',(0.,0.,-1.));
#13655=DIRECTION('center_axis',(0.,0.,-1.));
#13656=DIRECTION('ref_axis',(0.,1.,0.));
#13657=DIRECTION('center_axis',(0.,-1.,0.));
#13658=DIRECTION('ref_axis',(-1.,0.,0.));
#13659=DIRECTION('',(0.,0.,-1.));
#13660=DIRECTION('',(0.,0.,-1.));
#13661=DIRECTION('center_axis',(0.,0.,-1.));
#13662=DIRECTION('ref_axis',(1.,0.,0.));
#13663=DIRECTION('',(0.,0.,-1.));
#13664=DIRECTION('center_axis',(-1.,0.,0.));
#13665=DIRECTION('ref_axis',(0.,1.,0.));
#13666=DIRECTION('',(0.,0.,-1.));
#13667=DIRECTION('center_axis',(0.,0.,-1.));
#13668=DIRECTION('ref_axis',(0.,-1.,0.));
#13669=DIRECTION('',(0.,0.,-1.));
#13670=DIRECTION('center_axis',(0.,1.,0.));
#13671=DIRECTION('ref_axis',(1.,0.,0.));
#13672=DIRECTION('',(0.,0.,-1.));
#13673=DIRECTION('center_axis',(0.,0.,-1.));
#13674=DIRECTION('ref_axis',(-1.,0.,0.));
#13675=DIRECTION('',(0.,0.,-1.));
#13676=DIRECTION('center_axis',(1.,0.,0.));
#13677=DIRECTION('ref_axis',(0.,-1.,0.));
#13678=DIRECTION('',(0.,0.,-1.));
#13679=DIRECTION('center_axis',(0.,0.,-1.));
#13680=DIRECTION('ref_axis',(0.,1.,0.));
#13681=DIRECTION('center_axis',(0.,-1.,0.));
#13682=DIRECTION('ref_axis',(-1.,0.,0.));
#13683=DIRECTION('',(0.,0.,-1.));
#13684=DIRECTION('',(0.,0.,-1.));
#13685=DIRECTION('center_axis',(0.,0.,-1.));
#13686=DIRECTION('ref_axis',(1.,0.,0.));
#13687=DIRECTION('',(0.,0.,-1.));
#13688=DIRECTION('center_axis',(-1.,0.,0.));
#13689=DIRECTION('ref_axis',(0.,1.,0.));
#13690=DIRECTION('',(0.,0.,-1.));
#13691=DIRECTION('center_axis',(0.,0.,-1.));
#13692=DIRECTION('ref_axis',(0.,-1.,0.));
#13693=DIRECTION('',(0.,0.,-1.));
#13694=DIRECTION('center_axis',(0.,1.,0.));
#13695=DIRECTION('ref_axis',(1.,0.,0.));
#13696=DIRECTION('',(0.,0.,-1.));
#13697=DIRECTION('center_axis',(0.,0.,-1.));
#13698=DIRECTION('ref_axis',(-1.,0.,0.));
#13699=DIRECTION('',(0.,0.,-1.));
#13700=DIRECTION('center_axis',(1.,0.,0.));
#13701=DIRECTION('ref_axis',(0.,-1.,0.));
#13702=DIRECTION('',(0.,0.,-1.));
#13703=DIRECTION('center_axis',(0.,0.,-1.));
#13704=DIRECTION('ref_axis',(0.,1.,0.));
#13705=DIRECTION('center_axis',(0.,0.,-1.));
#13706=DIRECTION('ref_axis',(1.,0.,0.));
#13707=DIRECTION('',(0.,0.,1.));
#13708=DIRECTION('center_axis',(0.,0.,-1.));
#13709=DIRECTION('ref_axis',(1.,0.,0.));
#13710=DIRECTION('center_axis',(0.,0.,1.));
#13711=DIRECTION('ref_axis',(1.,0.,0.));
#13712=DIRECTION('',(0.,0.,1.));
#13713=DIRECTION('center_axis',(0.,-1.,0.));
#13714=DIRECTION('ref_axis',(-1.,0.,0.));
#13715=DIRECTION('',(0.,0.,-1.));
#13716=DIRECTION('',(0.,0.,-1.));
#13717=DIRECTION('center_axis',(0.,0.,-1.));
#13718=DIRECTION('ref_axis',(1.,0.,0.));
#13719=DIRECTION('',(0.,0.,-1.));
#13720=DIRECTION('center_axis',(-1.,0.,0.));
#13721=DIRECTION('ref_axis',(0.,1.,0.));
#13722=DIRECTION('',(0.,0.,-1.));
#13723=DIRECTION('center_axis',(0.,0.,-1.));
#13724=DIRECTION('ref_axis',(0.,-1.,0.));
#13725=DIRECTION('',(0.,0.,-1.));
#13726=DIRECTION('center_axis',(0.,1.,0.));
#13727=DIRECTION('ref_axis',(1.,0.,0.));
#13728=DIRECTION('',(0.,0.,-1.));
#13729=DIRECTION('center_axis',(0.,0.,-1.));
#13730=DIRECTION('ref_axis',(-1.,0.,0.));
#13731=DIRECTION('',(0.,0.,-1.));
#13732=DIRECTION('center_axis',(1.,0.,0.));
#13733=DIRECTION('ref_axis',(0.,-1.,0.));
#13734=DIRECTION('',(0.,0.,-1.));
#13735=DIRECTION('center_axis',(0.,0.,-1.));
#13736=DIRECTION('ref_axis',(0.,1.,0.));
#13737=DIRECTION('center_axis',(0.,-1.,0.));
#13738=DIRECTION('ref_axis',(-1.,0.,0.));
#13739=DIRECTION('',(0.,0.,-1.));
#13740=DIRECTION('',(0.,0.,-1.));
#13741=DIRECTION('center_axis',(0.,0.,-1.));
#13742=DIRECTION('ref_axis',(1.,0.,0.));
#13743=DIRECTION('',(0.,0.,-1.));
#13744=DIRECTION('center_axis',(-1.,0.,0.));
#13745=DIRECTION('ref_axis',(0.,1.,0.));
#13746=DIRECTION('',(0.,0.,-1.));
#13747=DIRECTION('center_axis',(0.,0.,-1.));
#13748=DIRECTION('ref_axis',(4.44089209850064E-15,-1.,0.));
#13749=DIRECTION('',(0.,0.,-1.));
#13750=DIRECTION('center_axis',(0.,1.,0.));
#13751=DIRECTION('ref_axis',(1.,0.,0.));
#13752=DIRECTION('',(0.,0.,-1.));
#13753=DIRECTION('center_axis',(0.,0.,-1.));
#13754=DIRECTION('ref_axis',(-1.,0.,0.));
#13755=DIRECTION('',(0.,0.,-1.));
#13756=DIRECTION('center_axis',(1.,0.,0.));
#13757=DIRECTION('ref_axis',(0.,-1.,0.));
#13758=DIRECTION('',(0.,0.,-1.));
#13759=DIRECTION('center_axis',(0.,0.,-1.));
#13760=DIRECTION('ref_axis',(0.,1.,0.));
#13761=DIRECTION('center_axis',(0.,-1.,0.));
#13762=DIRECTION('ref_axis',(-1.,0.,0.));
#13763=DIRECTION('',(0.,0.,-1.));
#13764=DIRECTION('',(0.,0.,-1.));
#13765=DIRECTION('center_axis',(0.,0.,-1.));
#13766=DIRECTION('ref_axis',(1.,0.,0.));
#13767=DIRECTION('',(0.,0.,-1.));
#13768=DIRECTION('center_axis',(-1.,0.,0.));
#13769=DIRECTION('ref_axis',(0.,1.,0.));
#13770=DIRECTION('',(0.,0.,-1.));
#13771=DIRECTION('center_axis',(0.,0.,-1.));
#13772=DIRECTION('ref_axis',(4.44089209850064E-15,-1.,0.));
#13773=DIRECTION('',(0.,0.,-1.));
#13774=DIRECTION('center_axis',(0.,1.,0.));
#13775=DIRECTION('ref_axis',(1.,0.,0.));
#13776=DIRECTION('',(0.,0.,-1.));
#13777=DIRECTION('center_axis',(0.,0.,-1.));
#13778=DIRECTION('ref_axis',(-1.,0.,0.));
#13779=DIRECTION('',(0.,0.,-1.));
#13780=DIRECTION('center_axis',(1.,0.,0.));
#13781=DIRECTION('ref_axis',(0.,-1.,0.));
#13782=DIRECTION('',(0.,0.,-1.));
#13783=DIRECTION('center_axis',(0.,0.,-1.));
#13784=DIRECTION('ref_axis',(0.,1.,0.));
#13785=DIRECTION('center_axis',(0.,-1.,0.));
#13786=DIRECTION('ref_axis',(-1.,0.,0.));
#13787=DIRECTION('',(0.,0.,-1.));
#13788=DIRECTION('',(0.,0.,-1.));
#13789=DIRECTION('center_axis',(0.,0.,-1.));
#13790=DIRECTION('ref_axis',(1.,0.,0.));
#13791=DIRECTION('',(0.,0.,-1.));
#13792=DIRECTION('center_axis',(-1.,0.,0.));
#13793=DIRECTION('ref_axis',(0.,1.,0.));
#13794=DIRECTION('',(0.,0.,-1.));
#13795=DIRECTION('center_axis',(0.,0.,-1.));
#13796=DIRECTION('ref_axis',(0.,-1.,0.));
#13797=DIRECTION('',(0.,0.,-1.));
#13798=DIRECTION('center_axis',(0.,1.,0.));
#13799=DIRECTION('ref_axis',(1.,0.,0.));
#13800=DIRECTION('',(0.,0.,-1.));
#13801=DIRECTION('center_axis',(0.,0.,-1.));
#13802=DIRECTION('ref_axis',(-1.,0.,0.));
#13803=DIRECTION('',(0.,0.,-1.));
#13804=DIRECTION('center_axis',(1.,0.,0.));
#13805=DIRECTION('ref_axis',(0.,-1.,0.));
#13806=DIRECTION('',(0.,0.,-1.));
#13807=DIRECTION('center_axis',(0.,0.,-1.));
#13808=DIRECTION('ref_axis',(0.,1.,0.));
#13809=DIRECTION('center_axis',(0.,-1.,0.));
#13810=DIRECTION('ref_axis',(-1.,0.,0.));
#13811=DIRECTION('',(0.,0.,-1.));
#13812=DIRECTION('',(0.,0.,-1.));
#13813=DIRECTION('center_axis',(0.,0.,-1.));
#13814=DIRECTION('ref_axis',(1.,0.,0.));
#13815=DIRECTION('',(0.,0.,-1.));
#13816=DIRECTION('center_axis',(-1.,0.,0.));
#13817=DIRECTION('ref_axis',(0.,1.,0.));
#13818=DIRECTION('',(0.,0.,-1.));
#13819=DIRECTION('center_axis',(0.,0.,-1.));
#13820=DIRECTION('ref_axis',(0.,-1.,0.));
#13821=DIRECTION('',(0.,0.,-1.));
#13822=DIRECTION('center_axis',(0.,1.,0.));
#13823=DIRECTION('ref_axis',(1.,0.,0.));
#13824=DIRECTION('',(0.,0.,-1.));
#13825=DIRECTION('center_axis',(0.,0.,-1.));
#13826=DIRECTION('ref_axis',(-1.,0.,0.));
#13827=DIRECTION('',(0.,0.,-1.));
#13828=DIRECTION('center_axis',(1.,0.,0.));
#13829=DIRECTION('ref_axis',(0.,-1.,0.));
#13830=DIRECTION('',(0.,0.,-1.));
#13831=DIRECTION('center_axis',(0.,0.,-1.));
#13832=DIRECTION('ref_axis',(0.,1.,0.));
#13833=DIRECTION('center_axis',(0.,-1.,0.));
#13834=DIRECTION('ref_axis',(-1.,0.,0.));
#13835=DIRECTION('',(0.,0.,-1.));
#13836=DIRECTION('',(0.,0.,-1.));
#13837=DIRECTION('center_axis',(0.,0.,-1.));
#13838=DIRECTION('ref_axis',(1.,0.,0.));
#13839=DIRECTION('',(0.,0.,-1.));
#13840=DIRECTION('center_axis',(-1.,0.,0.));
#13841=DIRECTION('ref_axis',(0.,1.,0.));
#13842=DIRECTION('',(0.,0.,-1.));
#13843=DIRECTION('center_axis',(0.,0.,-1.));
#13844=DIRECTION('ref_axis',(4.4408920985006E-15,-1.,0.));
#13845=DIRECTION('',(0.,0.,-1.));
#13846=DIRECTION('center_axis',(0.,1.,0.));
#13847=DIRECTION('ref_axis',(1.,0.,0.));
#13848=DIRECTION('',(0.,0.,-1.));
#13849=DIRECTION('center_axis',(0.,0.,-1.));
#13850=DIRECTION('ref_axis',(-1.,0.,0.));
#13851=DIRECTION('',(0.,0.,-1.));
#13852=DIRECTION('center_axis',(1.,0.,0.));
#13853=DIRECTION('ref_axis',(0.,-1.,0.));
#13854=DIRECTION('',(0.,0.,-1.));
#13855=DIRECTION('center_axis',(0.,0.,-1.));
#13856=DIRECTION('ref_axis',(0.,1.,0.));
#13857=DIRECTION('center_axis',(0.,-1.,0.));
#13858=DIRECTION('ref_axis',(-1.,0.,0.));
#13859=DIRECTION('',(0.,0.,-1.));
#13860=DIRECTION('',(0.,0.,-1.));
#13861=DIRECTION('center_axis',(0.,0.,-1.));
#13862=DIRECTION('ref_axis',(1.,0.,0.));
#13863=DIRECTION('',(0.,0.,-1.));
#13864=DIRECTION('center_axis',(-1.,0.,0.));
#13865=DIRECTION('ref_axis',(0.,1.,0.));
#13866=DIRECTION('',(0.,0.,-1.));
#13867=DIRECTION('center_axis',(0.,0.,-1.));
#13868=DIRECTION('ref_axis',(0.,-1.,0.));
#13869=DIRECTION('',(0.,0.,-1.));
#13870=DIRECTION('center_axis',(0.,1.,0.));
#13871=DIRECTION('ref_axis',(1.,0.,0.));
#13872=DIRECTION('',(0.,0.,-1.));
#13873=DIRECTION('center_axis',(0.,0.,-1.));
#13874=DIRECTION('ref_axis',(-1.,0.,0.));
#13875=DIRECTION('',(0.,0.,-1.));
#13876=DIRECTION('center_axis',(1.,0.,0.));
#13877=DIRECTION('ref_axis',(0.,-1.,0.));
#13878=DIRECTION('',(0.,0.,-1.));
#13879=DIRECTION('center_axis',(0.,0.,-1.));
#13880=DIRECTION('ref_axis',(0.,1.,0.));
#13881=DIRECTION('center_axis',(0.,-1.,0.));
#13882=DIRECTION('ref_axis',(-1.,0.,0.));
#13883=DIRECTION('',(0.,0.,-1.));
#13884=DIRECTION('',(0.,0.,-1.));
#13885=DIRECTION('center_axis',(0.,0.,-1.));
#13886=DIRECTION('ref_axis',(1.,0.,0.));
#13887=DIRECTION('',(0.,0.,-1.));
#13888=DIRECTION('center_axis',(-1.,0.,0.));
#13889=DIRECTION('ref_axis',(0.,1.,0.));
#13890=DIRECTION('',(0.,0.,-1.));
#13891=DIRECTION('center_axis',(0.,0.,-1.));
#13892=DIRECTION('ref_axis',(0.,-1.,0.));
#13893=DIRECTION('',(0.,0.,-1.));
#13894=DIRECTION('center_axis',(0.,1.,0.));
#13895=DIRECTION('ref_axis',(1.,0.,0.));
#13896=DIRECTION('',(0.,0.,-1.));
#13897=DIRECTION('center_axis',(0.,0.,-1.));
#13898=DIRECTION('ref_axis',(-1.,0.,0.));
#13899=DIRECTION('',(0.,0.,-1.));
#13900=DIRECTION('center_axis',(1.,0.,0.));
#13901=DIRECTION('ref_axis',(0.,-1.,0.));
#13902=DIRECTION('',(0.,0.,-1.));
#13903=DIRECTION('center_axis',(0.,0.,-1.));
#13904=DIRECTION('ref_axis',(0.,1.,0.));
#13905=DIRECTION('center_axis',(0.,-1.,0.));
#13906=DIRECTION('ref_axis',(-1.,0.,0.));
#13907=DIRECTION('',(0.,0.,-1.));
#13908=DIRECTION('',(0.,0.,-1.));
#13909=DIRECTION('center_axis',(0.,0.,-1.));
#13910=DIRECTION('ref_axis',(1.,0.,0.));
#13911=DIRECTION('',(0.,0.,-1.));
#13912=DIRECTION('center_axis',(-1.,0.,0.));
#13913=DIRECTION('ref_axis',(0.,1.,0.));
#13914=DIRECTION('',(0.,0.,-1.));
#13915=DIRECTION('center_axis',(0.,0.,-1.));
#13916=DIRECTION('ref_axis',(0.,-1.,0.));
#13917=DIRECTION('',(0.,0.,-1.));
#13918=DIRECTION('center_axis',(0.,1.,0.));
#13919=DIRECTION('ref_axis',(1.,0.,0.));
#13920=DIRECTION('',(0.,0.,-1.));
#13921=DIRECTION('center_axis',(0.,0.,-1.));
#13922=DIRECTION('ref_axis',(-1.,0.,0.));
#13923=DIRECTION('',(0.,0.,-1.));
#13924=DIRECTION('center_axis',(1.,0.,0.));
#13925=DIRECTION('ref_axis',(0.,-1.,0.));
#13926=DIRECTION('',(0.,0.,-1.));
#13927=DIRECTION('center_axis',(0.,0.,-1.));
#13928=DIRECTION('ref_axis',(0.,1.,0.));
#13929=DIRECTION('center_axis',(0.,-1.,0.));
#13930=DIRECTION('ref_axis',(-1.,0.,0.));
#13931=DIRECTION('',(0.,0.,-1.));
#13932=DIRECTION('',(0.,0.,-1.));
#13933=DIRECTION('center_axis',(0.,0.,-1.));
#13934=DIRECTION('ref_axis',(1.,0.,0.));
#13935=DIRECTION('',(0.,0.,-1.));
#13936=DIRECTION('center_axis',(-1.,0.,0.));
#13937=DIRECTION('ref_axis',(0.,1.,0.));
#13938=DIRECTION('',(0.,0.,-1.));
#13939=DIRECTION('center_axis',(0.,0.,-1.));
#13940=DIRECTION('ref_axis',(0.,-1.,0.));
#13941=DIRECTION('',(0.,0.,-1.));
#13942=DIRECTION('center_axis',(0.,1.,0.));
#13943=DIRECTION('ref_axis',(1.,0.,0.));
#13944=DIRECTION('',(0.,0.,-1.));
#13945=DIRECTION('center_axis',(0.,0.,-1.));
#13946=DIRECTION('ref_axis',(-1.,0.,0.));
#13947=DIRECTION('',(0.,0.,-1.));
#13948=DIRECTION('center_axis',(1.,0.,0.));
#13949=DIRECTION('ref_axis',(0.,-1.,0.));
#13950=DIRECTION('',(0.,0.,-1.));
#13951=DIRECTION('center_axis',(0.,0.,-1.));
#13952=DIRECTION('ref_axis',(0.,1.,0.));
#13953=DIRECTION('center_axis',(0.,-1.,0.));
#13954=DIRECTION('ref_axis',(-1.,0.,0.));
#13955=DIRECTION('',(0.,0.,-1.));
#13956=DIRECTION('',(0.,0.,-1.));
#13957=DIRECTION('center_axis',(0.,0.,-1.));
#13958=DIRECTION('ref_axis',(1.,0.,0.));
#13959=DIRECTION('',(0.,0.,-1.));
#13960=DIRECTION('center_axis',(-1.,0.,0.));
#13961=DIRECTION('ref_axis',(0.,1.,0.));
#13962=DIRECTION('',(0.,0.,-1.));
#13963=DIRECTION('center_axis',(0.,0.,-1.));
#13964=DIRECTION('ref_axis',(4.44089209850064E-15,-1.,0.));
#13965=DIRECTION('',(0.,0.,-1.));
#13966=DIRECTION('center_axis',(0.,1.,0.));
#13967=DIRECTION('ref_axis',(1.,0.,0.));
#13968=DIRECTION('',(0.,0.,-1.));
#13969=DIRECTION('center_axis',(0.,0.,-1.));
#13970=DIRECTION('ref_axis',(-1.,0.,0.));
#13971=DIRECTION('',(0.,0.,-1.));
#13972=DIRECTION('center_axis',(1.,0.,0.));
#13973=DIRECTION('ref_axis',(0.,-1.,0.));
#13974=DIRECTION('',(0.,0.,-1.));
#13975=DIRECTION('center_axis',(0.,0.,-1.));
#13976=DIRECTION('ref_axis',(0.,1.,0.));
#13977=DIRECTION('center_axis',(0.,-1.,0.));
#13978=DIRECTION('ref_axis',(-1.,0.,0.));
#13979=DIRECTION('',(0.,0.,-1.));
#13980=DIRECTION('',(0.,0.,-1.));
#13981=DIRECTION('center_axis',(0.,0.,-1.));
#13982=DIRECTION('ref_axis',(1.,0.,0.));
#13983=DIRECTION('',(0.,0.,-1.));
#13984=DIRECTION('center_axis',(-1.,0.,0.));
#13985=DIRECTION('ref_axis',(0.,1.,0.));
#13986=DIRECTION('',(0.,0.,-1.));
#13987=DIRECTION('center_axis',(0.,0.,-1.));
#13988=DIRECTION('ref_axis',(0.,-1.,0.));
#13989=DIRECTION('',(0.,0.,-1.));
#13990=DIRECTION('center_axis',(0.,1.,0.));
#13991=DIRECTION('ref_axis',(1.,0.,0.));
#13992=DIRECTION('',(0.,0.,-1.));
#13993=DIRECTION('center_axis',(0.,0.,-1.));
#13994=DIRECTION('ref_axis',(-1.,0.,0.));
#13995=DIRECTION('',(0.,0.,-1.));
#13996=DIRECTION('center_axis',(1.,0.,0.));
#13997=DIRECTION('ref_axis',(0.,-1.,0.));
#13998=DIRECTION('',(0.,0.,-1.));
#13999=DIRECTION('center_axis',(0.,0.,-1.));
#14000=DIRECTION('ref_axis',(0.,1.,0.));
#14001=DIRECTION('center_axis',(0.,0.,-1.));
#14002=DIRECTION('ref_axis',(1.,0.,0.));
#14003=DIRECTION('',(0.,0.,1.));
#14004=DIRECTION('center_axis',(0.,-1.,0.));
#14005=DIRECTION('ref_axis',(-1.,0.,0.));
#14006=DIRECTION('',(0.,0.,-1.));
#14007=DIRECTION('',(0.,0.,-1.));
#14008=DIRECTION('center_axis',(0.,0.,-1.));
#14009=DIRECTION('ref_axis',(1.,0.,0.));
#14010=DIRECTION('',(0.,0.,-1.));
#14011=DIRECTION('center_axis',(-1.,0.,0.));
#14012=DIRECTION('ref_axis',(0.,1.,0.));
#14013=DIRECTION('',(0.,0.,-1.));
#14014=DIRECTION('center_axis',(0.,0.,-1.));
#14015=DIRECTION('ref_axis',(0.,-1.,0.));
#14016=DIRECTION('',(0.,0.,-1.));
#14017=DIRECTION('center_axis',(0.,1.,0.));
#14018=DIRECTION('ref_axis',(1.,0.,0.));
#14019=DIRECTION('',(0.,0.,-1.));
#14020=DIRECTION('center_axis',(0.,0.,-1.));
#14021=DIRECTION('ref_axis',(-1.,0.,0.));
#14022=DIRECTION('',(0.,0.,-1.));
#14023=DIRECTION('center_axis',(1.,0.,0.));
#14024=DIRECTION('ref_axis',(0.,-1.,0.));
#14025=DIRECTION('',(0.,0.,-1.));
#14026=DIRECTION('center_axis',(0.,0.,-1.));
#14027=DIRECTION('ref_axis',(0.,1.,0.));
#14028=DIRECTION('center_axis',(0.,1.,0.));
#14029=DIRECTION('ref_axis',(1.,0.,0.));
#14030=DIRECTION('',(0.,0.,-1.));
#14031=DIRECTION('',(0.,0.,-1.));
#14032=DIRECTION('center_axis',(0.,0.,-1.));
#14033=DIRECTION('ref_axis',(-1.,4.44089209850064E-15,0.));
#14034=DIRECTION('',(0.,0.,-1.));
#14035=DIRECTION('center_axis',(1.,0.,0.));
#14036=DIRECTION('ref_axis',(0.,-1.,0.));
#14037=DIRECTION('',(0.,0.,-1.));
#14038=DIRECTION('center_axis',(0.,0.,-1.));
#14039=DIRECTION('ref_axis',(0.,1.,0.));
#14040=DIRECTION('',(0.,0.,-1.));
#14041=DIRECTION('center_axis',(5.82794238648377E-16,-1.,0.));
#14042=DIRECTION('ref_axis',(-1.,-5.82794238648377E-16,0.));
#14043=DIRECTION('',(0.,0.,-1.));
#14044=DIRECTION('center_axis',(0.,0.,-1.));
#14045=DIRECTION('ref_axis',(1.,6.6613381477509E-15,0.));
#14046=DIRECTION('',(0.,0.,-1.));
#14047=DIRECTION('center_axis',(-1.,0.,0.));
#14048=DIRECTION('ref_axis',(0.,1.,0.));
#14049=DIRECTION('',(0.,0.,-1.));
#14050=DIRECTION('center_axis',(0.,0.,-1.));
#14051=DIRECTION('ref_axis',(4.4408920985006E-15,-1.,0.));
#14052=DIRECTION('center_axis',(0.904248647904902,-0.427006302953664,0.));
#14053=DIRECTION('ref_axis',(-0.427006302953664,-0.904248647904902,0.));
#14054=DIRECTION('',(0.,0.,-1.));
#14055=DIRECTION('',(0.,0.,-1.));
#14056=DIRECTION('center_axis',(0.,0.,-1.));
#14057=DIRECTION('ref_axis',(0.90424844920369,-0.42700672373245,0.));
#14058=DIRECTION('',(0.,0.,-1.));
#14059=DIRECTION('center_axis',(1.09760061752365E-16,1.,0.));
#14060=DIRECTION('ref_axis',(1.,-1.09760061752365E-16,0.));
#14061=DIRECTION('',(0.,0.,-1.));
#14062=DIRECTION('center_axis',(0.,0.,-1.));
#14063=DIRECTION('ref_axis',(-1.,-3.1720657846433E-16,0.));
#14064=DIRECTION('',(0.,0.,-1.));
#14065=DIRECTION('center_axis',(1.,0.,0.));
#14066=DIRECTION('ref_axis',(0.,-1.,0.));
#14067=DIRECTION('',(0.,0.,-1.));
#14068=DIRECTION('center_axis',(0.,1.,0.));
#14069=DIRECTION('ref_axis',(1.,0.,0.));
#14070=DIRECTION('',(0.,0.,-1.));
#14071=DIRECTION('center_axis',(0.,0.,-1.));
#14072=DIRECTION('ref_axis',(-5.06987223914214E-7,0.999999999999872,0.));
#14073=DIRECTION('',(0.,0.,-1.));
#14074=DIRECTION('center_axis',(-0.599999948317364,0.800000038761974,0.));
#14075=DIRECTION('ref_axis',(0.800000038761974,0.599999948317364,0.));
#14076=DIRECTION('',(0.,0.,-1.));
#14077=DIRECTION('center_axis',(0.,0.,-1.));
#14078=DIRECTION('ref_axis',(6.33731297181384E-7,-0.999999999999799,0.));
#14079=DIRECTION('center_axis',(0.,0.,-1.));
#14080=DIRECTION('ref_axis',(6.42320068579885E-8,0.999999999999998,0.));
#14081=DIRECTION('',(0.,0.,-1.));
#14082=DIRECTION('center_axis',(-1.,-1.35465327624533E-16,0.));
#14083=DIRECTION('ref_axis',(-1.35465327624533E-16,1.,0.));
#14084=DIRECTION('',(0.,0.,-1.));
#14085=DIRECTION('center_axis',(4.8296981273041E-14,-1.,0.));
#14086=DIRECTION('ref_axis',(-1.,-4.8296981273041E-14,0.));
#14087=DIRECTION('',(0.,0.,-1.));
#14088=DIRECTION('center_axis',(0.,0.,-1.));
#14089=DIRECTION('ref_axis',(1.,4.85326065050435E-14,0.));
#14090=DIRECTION('',(0.,0.,-1.));
#14091=DIRECTION('center_axis',(-1.,-4.88575271770059E-14,0.));
#14092=DIRECTION('ref_axis',(-4.88575271770059E-14,1.,0.));
#14093=DIRECTION('',(0.,0.,-1.));
#14094=DIRECTION('center_axis',(0.,0.,-1.));
#14095=DIRECTION('ref_axis',(-1.,-4.88498130835084E-14,0.));
#14096=DIRECTION('',(0.,0.,-1.));
#14097=DIRECTION('center_axis',(0.,-1.,0.));
#14098=DIRECTION('ref_axis',(-1.,0.,0.));
#14099=DIRECTION('',(0.,0.,-1.));
#14100=DIRECTION('center_axis',(0.,0.,-1.));
#14101=DIRECTION('ref_axis',(1.,0.,0.));
#14102=DIRECTION('',(0.,0.,-1.));
#14103=DIRECTION('center_axis',(-1.,0.,0.));
#14104=DIRECTION('ref_axis',(0.,1.,0.));
#14105=DIRECTION('',(0.,0.,-1.));
#14106=DIRECTION('center_axis',(0.,-1.,0.));
#14107=DIRECTION('ref_axis',(-1.,0.,0.));
#14108=DIRECTION('',(0.,0.,-1.));
#14109=DIRECTION('center_axis',(0.,0.,-1.));
#14110=DIRECTION('ref_axis',(9.71016551207302E-6,-0.999999999952856,0.));
#14111=DIRECTION('center_axis',(0.,0.,1.));
#14112=DIRECTION('ref_axis',(1.,0.,0.));
#14113=DIRECTION('center_axis',(0.,0.,1.));
#14114=DIRECTION('ref_axis',(1.,0.,0.));
#14115=CARTESIAN_POINT('',(0.,0.,0.));
#14116=CARTESIAN_POINT('Origin',(-64.67,38.225,8.32749999999998));
#14117=CARTESIAN_POINT('',(-64.67,38.925,16.655));
#14118=CARTESIAN_POINT('',(-63.97,38.225,16.655));
#14119=CARTESIAN_POINT('Origin',(-64.67,38.225,16.655));
#14120=CARTESIAN_POINT('',(-63.97,38.225,15.945));
#14121=CARTESIAN_POINT('',(-63.97,38.225,8.32749999999998));
#14122=CARTESIAN_POINT('',(-64.67,38.925,15.945));
#14123=CARTESIAN_POINT('Origin',(-64.67,38.225,15.945));
#14124=CARTESIAN_POINT('',(-64.67,38.925,8.32749999999998));
#14125=CARTESIAN_POINT('Origin',(-61.72,38.225,15.945));
#14126=CARTESIAN_POINT('',(-61.72,38.225,13.695));
#14127=CARTESIAN_POINT('',(-61.72,38.925,12.995));
#14128=CARTESIAN_POINT('Origin',(-61.72,38.225,12.995));
#14129=CARTESIAN_POINT('Origin',(-61.72,38.925,15.945));
#14130=CARTESIAN_POINT('Origin',(-61.72,38.225,15.945));
#14131=CARTESIAN_POINT('Origin',(-56.4583335,38.225,12.995));
#14132=CARTESIAN_POINT('',(-55.28,38.225,13.695));
#14133=CARTESIAN_POINT('',(-55.28,38.925,12.995));
#14134=CARTESIAN_POINT('Origin',(-55.28,38.225,12.995));
#14135=CARTESIAN_POINT('',(-56.4583335,38.925,12.995));
#14136=CARTESIAN_POINT('',(-56.4583335,38.225,13.695));
#14137=CARTESIAN_POINT('Origin',(-55.28,38.225,15.945));
#14138=CARTESIAN_POINT('',(-53.03,38.225,15.945));
#14139=CARTESIAN_POINT('',(-52.33,38.925,15.945));
#14140=CARTESIAN_POINT('Origin',(-52.33,38.225,15.945));
#14141=CARTESIAN_POINT('Origin',(-55.28,38.925,15.945));
#14142=CARTESIAN_POINT('Origin',(-55.28,38.225,15.945));
#14143=CARTESIAN_POINT('Origin',(-52.33,38.225,7.97249999999998));
#14144=CARTESIAN_POINT('',(-53.03,38.225,16.655));
#14145=CARTESIAN_POINT('',(-52.33,38.925,16.655));
#14146=CARTESIAN_POINT('Origin',(-52.33,38.225,16.655));
#14147=CARTESIAN_POINT('',(-52.33,38.925,7.97249999999998));
#14148=CARTESIAN_POINT('',(-53.03,38.225,7.97249999999998));
#14149=CARTESIAN_POINT('Origin',(-55.28,38.225,16.655));
#14150=CARTESIAN_POINT('',(-55.28,38.225,18.905));
#14151=CARTESIAN_POINT('',(-55.28,38.925,19.605));
#14152=CARTESIAN_POINT('Origin',(-55.28,38.225,19.605));
#14153=CARTESIAN_POINT('Origin',(-55.28,38.925,16.655));
#14154=CARTESIAN_POINT('Origin',(-55.28,38.225,16.655));
#14155=CARTESIAN_POINT('Origin',(-53.2383335,38.225,19.605));
#14156=CARTESIAN_POINT('',(-61.72,38.225,18.905));
#14157=CARTESIAN_POINT('',(-61.72,38.925,19.605));
#14158=CARTESIAN_POINT('Origin',(-61.72,38.225,19.605));
#14159=CARTESIAN_POINT('',(-53.2383335,38.925,19.605));
#14160=CARTESIAN_POINT('',(-53.2383335,38.225,18.905));
#14161=CARTESIAN_POINT('Origin',(-61.72,38.225,16.655));
#14162=CARTESIAN_POINT('Origin',(-61.72,38.925,16.655));
#14163=CARTESIAN_POINT('Origin',(-61.72,38.225,16.655));
#14164=CARTESIAN_POINT('Origin',(-55.28,38.925,15.945));
#14165=CARTESIAN_POINT('',(-55.28,37.425,13.695));
#14166=CARTESIAN_POINT('',(-55.28,38.925,13.695));
#14167=CARTESIAN_POINT('',(-53.03,37.425,15.945));
#14168=CARTESIAN_POINT('Origin',(-55.28,37.425,15.945));
#14169=CARTESIAN_POINT('',(-53.03,38.925,15.945));
#14170=CARTESIAN_POINT('Origin',(-61.72,38.925,13.695));
#14171=CARTESIAN_POINT('',(-61.72,37.425,13.695));
#14172=CARTESIAN_POINT('',(-61.72,38.925,13.695));
#14173=CARTESIAN_POINT('',(-60.11,37.425,13.695));
#14174=CARTESIAN_POINT('Origin',(-61.72,38.925,15.945));
#14175=CARTESIAN_POINT('',(-63.97,37.425,15.945));
#14176=CARTESIAN_POINT('',(-63.97,38.925,15.945));
#14177=CARTESIAN_POINT('Origin',(-61.72,37.425,15.945));
#14178=CARTESIAN_POINT('Origin',(-63.97,38.925,16.655));
#14179=CARTESIAN_POINT('',(-63.97,37.425,16.655));
#14180=CARTESIAN_POINT('',(-63.97,38.925,16.655));
#14181=CARTESIAN_POINT('',(-63.97,37.425,16.4775));
#14182=CARTESIAN_POINT('Origin',(-51.196667,38.925,0.));
#14183=CARTESIAN_POINT('',(-69.929999743072,38.925,2.));
#14184=CARTESIAN_POINT('',(-51.196667,38.925,2.));
#14185=CARTESIAN_POINT('',(-25.5983335,38.925,2.));
#14186=CARTESIAN_POINT('',(-69.929999743072,38.925,22.));
#14187=CARTESIAN_POINT('',(-69.929999743072,38.925,0.));
#14188=CARTESIAN_POINT('',(-51.196667,38.925,22.));
#14189=CARTESIAN_POINT('',(-69.929999743072,38.925,22.));
#14190=CARTESIAN_POINT('',(-51.196667,38.925,0.));
#14191=CARTESIAN_POINT('Origin',(-55.28,36.925,16.655));
#14192=CARTESIAN_POINT('',(-55.28,36.425,17.905));
#14193=CARTESIAN_POINT('',(-55.28,37.425,18.905));
#14194=CARTESIAN_POINT('',(-55.28,36.425,17.905));
#14195=CARTESIAN_POINT('',(-53.03,37.425,16.655));
#14196=CARTESIAN_POINT('Origin',(-55.28,37.425,16.655));
#14197=CARTESIAN_POINT('',(-54.03,36.425,16.655));
#14198=CARTESIAN_POINT('',(-53.03,37.425,16.655));
#14199=CARTESIAN_POINT('Origin',(-55.28,36.425,16.655));
#14200=CARTESIAN_POINT('Origin',(-56.89,36.925,18.405));
#14201=CARTESIAN_POINT('',(-61.72,36.425,17.905));
#14202=CARTESIAN_POINT('',(-61.72,37.425,18.905));
#14203=CARTESIAN_POINT('',(-61.72,36.425,17.905));
#14204=CARTESIAN_POINT('',(-56.89,37.425,18.905));
#14205=CARTESIAN_POINT('',(-56.89,36.425,17.905));
#14206=CARTESIAN_POINT('Origin',(-61.72,36.925,16.655));
#14207=CARTESIAN_POINT('',(-62.97,36.425,16.655));
#14208=CARTESIAN_POINT('',(-62.97,36.425,16.655));
#14209=CARTESIAN_POINT('Origin',(-61.72,37.425,16.655));
#14210=CARTESIAN_POINT('Origin',(-61.72,36.425,16.655));
#14211=CARTESIAN_POINT('Origin',(-63.47,36.925,16.4775));
#14212=CARTESIAN_POINT('',(-62.97,36.425,15.945));
#14213=CARTESIAN_POINT('',(-62.97,36.425,15.945));
#14214=CARTESIAN_POINT('',(-62.97,36.425,16.4775));
#14215=CARTESIAN_POINT('Origin',(-61.72,36.925,15.945));
#14216=CARTESIAN_POINT('',(-61.72,36.425,14.695));
#14217=CARTESIAN_POINT('',(-61.72,36.425,14.695));
#14218=CARTESIAN_POINT('Origin',(-61.72,36.425,15.945));
#14219=CARTESIAN_POINT('Origin',(-60.11,36.925,14.195));
#14220=CARTESIAN_POINT('',(-55.28,36.425,14.695));
#14221=CARTESIAN_POINT('',(-55.28,36.425,14.695));
#14222=CARTESIAN_POINT('',(-60.11,36.425,14.695));
#14223=CARTESIAN_POINT('Origin',(-55.28,36.925,15.945));
#14224=CARTESIAN_POINT('',(-54.03,36.425,15.945));
#14225=CARTESIAN_POINT('',(-54.03,36.425,15.945));
#14226=CARTESIAN_POINT('Origin',(-55.28,36.425,15.945));
#14227=CARTESIAN_POINT('Origin',(-53.53,36.925,16.1225));
#14228=CARTESIAN_POINT('',(-53.03,37.425,16.1225));
#14229=CARTESIAN_POINT('',(-54.03,36.425,16.1225));
#14230=CARTESIAN_POINT('Origin',(-53.03,38.925,15.945));
#14231=CARTESIAN_POINT('',(-53.03,38.925,16.655));
#14232=CARTESIAN_POINT('Origin',(-55.28,38.925,16.655));
#14233=CARTESIAN_POINT('',(-55.28,38.925,18.905));
#14234=CARTESIAN_POINT('Origin',(-61.72,38.925,16.655));
#14235=CARTESIAN_POINT('',(-61.72,38.925,18.905));
#14236=CARTESIAN_POINT('Origin',(-55.28,38.925,18.905));
#14237=CARTESIAN_POINT('Origin',(-62.97,38.925,16.655));
#14238=CARTESIAN_POINT('',(-62.97,35.925,16.655));
#14239=CARTESIAN_POINT('',(-62.97,38.925,16.655));
#14240=CARTESIAN_POINT('',(-62.97,35.925,15.945));
#14241=CARTESIAN_POINT('',(-62.97,35.925,8.32749999999998));
#14242=CARTESIAN_POINT('',(-62.97,38.925,15.945));
#14243=CARTESIAN_POINT('Origin',(-61.72,38.925,16.655));
#14244=CARTESIAN_POINT('',(-61.72,35.925,17.905));
#14245=CARTESIAN_POINT('',(-61.72,38.925,17.905));
#14246=CARTESIAN_POINT('Origin',(-61.72,35.925,16.655));
#14247=CARTESIAN_POINT('Origin',(-55.28,38.925,17.905));
#14248=CARTESIAN_POINT('',(-55.28,35.925,17.905));
#14249=CARTESIAN_POINT('',(-55.28,38.925,17.905));
#14250=CARTESIAN_POINT('',(-62.604999967884,35.925,17.905));
#14251=CARTESIAN_POINT('Origin',(-55.28,38.925,16.655));
#14252=CARTESIAN_POINT('',(-54.03,35.925,16.655));
#14253=CARTESIAN_POINT('',(-54.03,38.925,16.655));
#14254=CARTESIAN_POINT('Origin',(-55.28,35.925,16.655));
#14255=CARTESIAN_POINT('Origin',(-54.03,38.925,15.945));
#14256=CARTESIAN_POINT('',(-54.03,35.925,15.945));
#14257=CARTESIAN_POINT('',(-54.03,38.925,15.945));
#14258=CARTESIAN_POINT('',(-54.03,35.925,7.97249999999998));
#14259=CARTESIAN_POINT('Origin',(-55.28,38.925,15.945));
#14260=CARTESIAN_POINT('',(-55.28,35.925,14.695));
#14261=CARTESIAN_POINT('',(-55.28,38.925,14.695));
#14262=CARTESIAN_POINT('Origin',(-55.28,35.925,15.945));
#14263=CARTESIAN_POINT('Origin',(-61.72,38.925,14.695));
#14264=CARTESIAN_POINT('',(-61.72,35.925,14.695));
#14265=CARTESIAN_POINT('',(-61.72,38.925,14.695));
#14266=CARTESIAN_POINT('',(-65.824999967884,35.925,14.695));
#14267=CARTESIAN_POINT('Origin',(-61.72,38.925,15.945));
#14268=CARTESIAN_POINT('Origin',(-61.72,35.925,15.945));
#14269=CARTESIAN_POINT('Origin',(-69.93000032116,29.925000321166,2.));
#14270=CARTESIAN_POINT('',(-69.929999871536,36.925,0.));
#14271=CARTESIAN_POINT('Origin',(-69.929999871536,36.925,2.));
#14272=CARTESIAN_POINT('',(-76.929999999994,29.9250000713699,0.));
#14273=CARTESIAN_POINT('Origin',(-69.93000032116,29.925000321166,0.));
#14274=CARTESIAN_POINT('',(-78.929999999994,29.9249999999996,2.));
#14275=CARTESIAN_POINT('Origin',(-76.929999999994,29.9250000713699,2.));
#14276=CARTESIAN_POINT('Origin',(-69.93000032116,29.925000321166,2.));
#14277=CARTESIAN_POINT('Origin',(-76.9299999999986,14.9624999999964,2.));
#14278=CARTESIAN_POINT('',(-76.929999999994,-35.6399997430718,0.));
#14279=CARTESIAN_POINT('',(-78.929999999994,-35.639999743072,2.));
#14280=CARTESIAN_POINT('Origin',(-76.929999999994,-35.6399997430718,2.));
#14281=CARTESIAN_POINT('',(-78.9299999999986,14.9624999999962,2.));
#14282=CARTESIAN_POINT('',(-76.9299999999986,14.9624999999964,0.));
#14283=CARTESIAN_POINT('Origin',(-69.93000032116,-35.64000032116,2.));
#14284=CARTESIAN_POINT('',(-69.9300000713686,-42.639999999994,0.));
#14285=CARTESIAN_POINT('',(-69.9299999999996,-44.639999999994,2.));
#14286=CARTESIAN_POINT('Origin',(-69.9300000713686,-42.639999999994,2.));
#14287=CARTESIAN_POINT('Origin',(-69.93000032116,-35.64000032116,2.));
#14288=CARTESIAN_POINT('Origin',(-69.93000032116,-35.64000032116,0.));
#14289=CARTESIAN_POINT('Origin',(-34.9649999999958,-42.6399999999931,2.));
#14290=CARTESIAN_POINT('',(50.1716788616953,-42.6399999999764,0.));
#14291=CARTESIAN_POINT('',(50.1716788616957,-44.6399999999764,2.));
#14292=CARTESIAN_POINT('Origin',(50.1716788616953,-42.6399999999764,2.));
#14293=CARTESIAN_POINT('',(-34.9649999999954,-44.6399999999931,2.));
#14294=CARTESIAN_POINT('',(-34.9649999999958,-42.6399999999931,0.));
#14295=CARTESIAN_POINT('Origin',(50.17160603465,-35.63991717633,2.));
#14296=CARTESIAN_POINT('',(56.5013977564883,-38.6290468657516,0.));
#14297=CARTESIAN_POINT('',(58.3098882789689,-39.4830738150324,2.));
#14298=CARTESIAN_POINT('Origin',(56.5013977564883,-38.6290468657516,2.));
#14299=CARTESIAN_POINT('Origin',(50.17160603465,-35.63991717633,2.));
#14300=CARTESIAN_POINT('Origin',(50.17160603465,-35.63991717633,0.));
#14301=CARTESIAN_POINT('Origin',(58.8080419446829,-33.7443885504281,2.));
#14302=CARTESIAN_POINT('',(76.2597395010047,3.21214771097732,0.));
#14303=CARTESIAN_POINT('',(78.0682367968147,2.35813510507026,2.));
#14304=CARTESIAN_POINT('Origin',(76.2597395010047,3.21214771097732,2.));
#14305=CARTESIAN_POINT('',(60.6165392404928,-34.5984011563351,2.));
#14306=CARTESIAN_POINT('',(58.8080419446829,-33.7443885504281,0.));
#14307=CARTESIAN_POINT('Origin',(69.9300078743521,6.20119225626099,2.));
#14308=CARTESIAN_POINT('',(76.9299999999999,6.20119361250211,0.));
#14309=CARTESIAN_POINT('',(78.9299999999998,6.20119400000001,2.));
#14310=CARTESIAN_POINT('Origin',(76.9299999999999,6.20119361250211,2.));
#14311=CARTESIAN_POINT('Origin',(69.9300078743521,6.20119225626099,2.));
#14312=CARTESIAN_POINT('Origin',(69.9300078743521,6.20119225626099,0.));
#14313=CARTESIAN_POINT('Origin',(76.93,3.10059700000002,2.));
#14314=CARTESIAN_POINT('',(76.93,35.6399997430672,0.));
#14315=CARTESIAN_POINT('',(78.93,35.6399997430672,2.));
#14316=CARTESIAN_POINT('Origin',(76.93,35.6399997430672,2.));
#14317=CARTESIAN_POINT('',(78.93,3.10059700000002,2.));
#14318=CARTESIAN_POINT('',(76.93,3.10059700000002,0.));
#14319=CARTESIAN_POINT('Origin',(69.930000321166,35.640000321166,2.));
#14320=CARTESIAN_POINT('',(69.9300000713702,42.64,0.));
#14321=CARTESIAN_POINT('',(69.93,44.64,2.));
#14322=CARTESIAN_POINT('Origin',(69.9300000713702,42.64,2.));
#14323=CARTESIAN_POINT('Origin',(69.930000321166,35.640000321166,2.));
#14324=CARTESIAN_POINT('Origin',(69.930000321166,35.640000321166,0.));
#14325=CARTESIAN_POINT('Origin',(34.965,42.6399999999999,2.));
#14326=CARTESIAN_POINT('',(-40.2433350279489,42.6399999999998,0.));
#14327=CARTESIAN_POINT('',(-40.2433350279489,44.6399999999998,2.));
#14328=CARTESIAN_POINT('Origin',(-40.2433350279489,42.6399999999998,2.));
#14329=CARTESIAN_POINT('',(34.965,44.6399999999999,2.));
#14330=CARTESIAN_POINT('',(34.965,42.6399999999999,0.));
#14331=CARTESIAN_POINT('Origin',(-40.24333046506,35.6399923952021,2.));
#14332=CARTESIAN_POINT('',(-44.4433332898621,41.2399997825987,0.));
#14333=CARTESIAN_POINT('',(-45.6433327932692,42.8400001550433,2.));
#14334=CARTESIAN_POINT('Origin',(-44.4433332898621,41.2399997825987,2.));
#14335=CARTESIAN_POINT('Origin',(-40.24333046506,35.6399923952021,2.));
#14336=CARTESIAN_POINT('Origin',(-40.24333046506,35.6399923952021,0.));
#14337=CARTESIAN_POINT('Origin',(-40.1190646371737,44.4832008356213,2.));
#14338=CARTESIAN_POINT('',(-49.396665481007,37.5250011392419,0.));
#14339=CARTESIAN_POINT('',(-50.5966653776414,39.1250012167631,2.));
#14340=CARTESIAN_POINT('Origin',(-49.396665481007,37.5250011392419,2.));
#14341=CARTESIAN_POINT('',(-41.3190645338095,46.0832009131445,2.));
#14342=CARTESIAN_POINT('',(-40.1190646371737,44.4832008356213,0.));
#14343=CARTESIAN_POINT('Origin',(-51.19666953493,39.925007604798,2.));
#14344=CARTESIAN_POINT('',(-51.1966619301785,36.9250000000064,0.));
#14345=CARTESIAN_POINT('Origin',(-51.1966619301785,36.9250000000064,2.));
#14346=CARTESIAN_POINT('Origin',(-51.19666953493,39.925007604798,2.));
#14347=CARTESIAN_POINT('Origin',(-51.19666953493,39.925007604798,0.));
#14348=CARTESIAN_POINT('Origin',(-25.5983335,36.925,2.));
#14349=CARTESIAN_POINT('',(-25.5983335,36.925,0.));
#14350=CARTESIAN_POINT('Origin',(69.930000321166,35.640000321166,0.));
#14351=CARTESIAN_POINT('',(69.93,44.64,22.));
#14352=CARTESIAN_POINT('',(69.93,44.64,0.));
#14353=CARTESIAN_POINT('',(78.93,35.6399997430672,22.));
#14354=CARTESIAN_POINT('Origin',(69.930000321166,35.640000321166,22.));
#14355=CARTESIAN_POINT('',(78.93,35.6399997430672,0.));
#14356=CARTESIAN_POINT('Origin',(69.93,44.64,0.));
#14357=CARTESIAN_POINT('',(-40.2433350279489,44.6399999999998,22.));
#14358=CARTESIAN_POINT('',(-40.2433350279489,44.6399999999998,0.));
#14359=CARTESIAN_POINT('',(-40.2433350279489,44.6399999999998,22.));
#14360=CARTESIAN_POINT('Origin',(-40.24333046506,35.6399923952021,0.));
#14361=CARTESIAN_POINT('',(-45.6433327932692,42.8400001550433,22.));
#14362=CARTESIAN_POINT('',(-45.6433327932692,42.8400001550433,0.));
#14363=CARTESIAN_POINT('Origin',(-40.24333046506,35.6399923952021,22.));
#14364=CARTESIAN_POINT('Origin',(-45.6433327932715,42.8400001550464,0.));
#14365=CARTESIAN_POINT('',(-50.5966653776414,39.1250012167631,22.));
#14366=CARTESIAN_POINT('',(-50.5966653776414,39.1250012167631,0.));
#14367=CARTESIAN_POINT('',(-50.5966653776428,39.125001216765,22.));
#14368=CARTESIAN_POINT('Origin',(-51.19666953493,39.925007604798,0.));
#14369=CARTESIAN_POINT('Origin',(-51.19666953493,39.925007604798,22.));
#14370=CARTESIAN_POINT('Origin',(-69.93000032116,29.925000321166,0.));
#14371=CARTESIAN_POINT('',(-78.929999999994,29.9249999999996,22.));
#14372=CARTESIAN_POINT('',(-78.929999999994,29.9249999999996,0.));
#14373=CARTESIAN_POINT('Origin',(-69.93000032116,29.925000321166,22.));
#14374=CARTESIAN_POINT('Origin',(0.,8.88178419700125E-15,0.));
#14375=CARTESIAN_POINT('Origin',(59.69,-3.92,8.));
#14376=CARTESIAN_POINT('',(63.69,-3.92,8.));
#14377=CARTESIAN_POINT('Origin',(59.69,-3.92,8.));
#14378=CARTESIAN_POINT('',(69.69,-3.92,2.));
#14379=CARTESIAN_POINT('Origin',(69.69,-3.92,8.));
#14380=CARTESIAN_POINT('Origin',(59.69,-3.92,2.));
#14381=CARTESIAN_POINT('Origin',(0.,8.88178419700125E-15,2.));
#14382=CARTESIAN_POINT('',(-75.929999999994,29.9249999999999,2.));
#14383=CARTESIAN_POINT('',(-75.929999999994,-35.639999935768,2.));
#14384=CARTESIAN_POINT('',(-75.9299999999956,-17.8199999678875,2.));
#14385=CARTESIAN_POINT('',(-69.9299999999999,-41.639999999994,2.));
#14386=CARTESIAN_POINT('Origin',(-69.93000032116,-35.64000032116,2.));
#14387=CARTESIAN_POINT('',(50.1716642964473,-41.6399999999881,2.));
#14388=CARTESIAN_POINT('',(25.0858321482257,-41.6399999999906,2.));
#14389=CARTESIAN_POINT('',(55.5971484311982,-38.2020419971399,2.));
#14390=CARTESIAN_POINT('Origin',(50.17160603465,-35.63991717633,2.));
#14391=CARTESIAN_POINT('',(75.3554914492036,3.6391552762676,2.));
#14392=CARTESIAN_POINT('',(67.7829678537444,-12.3967771562512,2.));
#14393=CARTESIAN_POINT('',(75.9299999999997,6.201194,2.));
#14394=CARTESIAN_POINT('Origin',(69.9300078743521,6.20119225626099,2.));
#14395=CARTESIAN_POINT('',(75.93,35.6399999357668,2.));
#14396=CARTESIAN_POINT('',(75.93,17.8199999678834,2.));
#14397=CARTESIAN_POINT('',(69.93,41.64,2.));
#14398=CARTESIAN_POINT('Origin',(69.930000321166,35.640000321166,2.));
#14399=CARTESIAN_POINT('',(-40.2433335069872,41.6400000000002,2.));
#14400=CARTESIAN_POINT('',(-20.1216667534936,41.6400000000002,2.));
#14401=CARTESIAN_POINT('',(-43.8433329483155,40.4400000387584,2.));
#14402=CARTESIAN_POINT('Origin',(-40.24333046506,35.6399923952021,2.));
#14403=CARTESIAN_POINT('',(-48.7966665944099,36.7250003041902,2.));
#14404=CARTESIAN_POINT('',(-41.9957315118999,41.825700929575,2.));
#14405=CARTESIAN_POINT('',(-51.196667,35.925,2.));
#14406=CARTESIAN_POINT('Origin',(-51.19666953493,39.925007604798,2.));
#14407=CARTESIAN_POINT('',(-69.929999935768,35.925,2.));
#14408=CARTESIAN_POINT('',(-34.964999967884,35.925,2.));
#14409=CARTESIAN_POINT('Origin',(-69.93000032116,29.925000321166,2.));
#14410=CARTESIAN_POINT('',(-25.81,28.08,2.));
#14411=CARTESIAN_POINT('Origin',(-35.81,28.08,2.));
#14412=CARTESIAN_POINT('',(-34.56,-5.92,2.));
#14413=CARTESIAN_POINT('Origin',(-44.81,-5.92,2.));
#14414=CARTESIAN_POINT('Origin',(59.69,-3.92,2.));
#14415=CARTESIAN_POINT('',(63.69,-3.92,12.));
#14416=CARTESIAN_POINT('Origin',(59.69,-3.92,12.));
#14417=CARTESIAN_POINT('',(63.69,-3.92,2.));
#14418=CARTESIAN_POINT('Origin',(-35.81,28.08,8.));
#14419=CARTESIAN_POINT('',(-31.81,28.08,8.));
#14420=CARTESIAN_POINT('Origin',(-35.81,28.08,8.));
#14421=CARTESIAN_POINT('Origin',(-25.81,28.08,8.));
#14422=CARTESIAN_POINT('Origin',(-35.81,28.08,2.));
#14423=CARTESIAN_POINT('',(-31.81,28.08,12.));
#14424=CARTESIAN_POINT('Origin',(-35.81,28.08,12.));
#14425=CARTESIAN_POINT('',(-31.81,28.08,2.));
#14426=CARTESIAN_POINT('Origin',(-44.81,-5.92,8.));
#14427=CARTESIAN_POINT('',(-40.56,-5.92,8.));
#14428=CARTESIAN_POINT('Origin',(-44.81,-5.92,8.));
#14429=CARTESIAN_POINT('Origin',(-34.56,-5.92,8.));
#14430=CARTESIAN_POINT('Origin',(-44.81,-5.92,2.));
#14431=CARTESIAN_POINT('',(-40.56,-5.92,12.));
#14432=CARTESIAN_POINT('Origin',(-44.81,-5.92,12.));
#14433=CARTESIAN_POINT('',(-40.56,-5.92,2.));
#14434=CARTESIAN_POINT('Origin',(59.69,-3.92,2.));
#14435=CARTESIAN_POINT('',(61.69,-3.92,12.));
#14436=CARTESIAN_POINT('Origin',(59.69,-3.92,12.));
#14437=CARTESIAN_POINT('',(61.69,-3.92,2.));
#14438=CARTESIAN_POINT('',(61.69,-3.92,2.));
#14439=CARTESIAN_POINT('Origin',(59.69,-3.92,2.));
#14440=CARTESIAN_POINT('Origin',(59.69,-3.92,12.));
#14441=CARTESIAN_POINT('Origin',(-35.81,28.08,2.));
#14442=CARTESIAN_POINT('',(-33.81,28.08,12.));
#14443=CARTESIAN_POINT('Origin',(-35.81,28.08,12.));
#14444=CARTESIAN_POINT('',(-33.81,28.08,2.));
#14445=CARTESIAN_POINT('',(-33.81,28.08,2.));
#14446=CARTESIAN_POINT('Origin',(-35.81,28.08,2.));
#14447=CARTESIAN_POINT('Origin',(-35.81,28.08,12.));
#14448=CARTESIAN_POINT('Origin',(0.,8.88178419700125E-15,2.));
#14449=CARTESIAN_POINT('Origin',(-44.81,-5.92,2.));
#14450=CARTESIAN_POINT('',(-42.56,-5.92,12.));
#14451=CARTESIAN_POINT('Origin',(-44.81,-5.92,12.));
#14452=CARTESIAN_POINT('',(-42.56,-5.92,2.));
#14453=CARTESIAN_POINT('',(-42.56,-5.92,2.));
#14454=CARTESIAN_POINT('Origin',(-44.81,-5.92,2.));
#14455=CARTESIAN_POINT('Origin',(-44.81,-5.92,12.));
#14456=CARTESIAN_POINT('Origin',(0.,8.88178419700125E-15,2.));
#14457=CARTESIAN_POINT('Origin',(75.93,35.6399999357668,0.));
#14458=CARTESIAN_POINT('',(75.9299999999998,6.201194,22.));
#14459=CARTESIAN_POINT('',(75.9299999999997,6.201194,0.));
#14460=CARTESIAN_POINT('',(75.93,35.6399999357668,22.));
#14461=CARTESIAN_POINT('',(75.93,35.6399999357668,22.));
#14462=CARTESIAN_POINT('',(75.93,35.6399999357668,0.));
#14463=CARTESIAN_POINT('Origin',(69.9300078743521,6.20119225626099,0.));
#14464=CARTESIAN_POINT('',(75.3554914492036,3.6391552762676,22.));
#14465=CARTESIAN_POINT('',(75.3554914492036,3.6391552762676,0.));
#14466=CARTESIAN_POINT('Origin',(69.9300078743521,6.20119225626099,22.));
#14467=CARTESIAN_POINT('Origin',(75.3554914492036,3.6391552762676,0.));
#14468=CARTESIAN_POINT('',(55.5971484311982,-38.2020419971399,22.));
#14469=CARTESIAN_POINT('',(55.5971484311982,-38.2020419971399,0.));
#14470=CARTESIAN_POINT('',(75.3554914492036,3.6391552762676,22.));
#14471=CARTESIAN_POINT('Origin',(50.17160603465,-35.63991717633,0.));
#14472=CARTESIAN_POINT('',(50.1716642964473,-41.6399999999881,22.));
#14473=CARTESIAN_POINT('',(50.1716642964473,-41.6399999999881,0.));
#14474=CARTESIAN_POINT('Origin',(50.17160603465,-35.63991717633,22.));
#14475=CARTESIAN_POINT('Origin',(50.1716642964473,-41.6399999999881,0.));
#14476=CARTESIAN_POINT('',(-69.9299999999999,-41.639999999994,22.));
#14477=CARTESIAN_POINT('',(-69.9299999999999,-41.639999999994,0.));
#14478=CARTESIAN_POINT('',(50.1716642964473,-41.6399999999881,22.));
#14479=CARTESIAN_POINT('Origin',(-69.93000032116,-35.64000032116,0.));
#14480=CARTESIAN_POINT('',(-75.929999999994,-35.639999935768,22.));
#14481=CARTESIAN_POINT('',(-75.929999999994,-35.639999935768,0.));
#14482=CARTESIAN_POINT('Origin',(-69.93000032116,-35.64000032116,22.));
#14483=CARTESIAN_POINT('Origin',(-75.929999999994,-35.639999935768,0.));
#14484=CARTESIAN_POINT('',(-75.929999999994,29.9249999999999,22.));
#14485=CARTESIAN_POINT('',(-75.929999999994,29.9249999999999,0.));
#14486=CARTESIAN_POINT('',(-75.929999999994,-35.639999935768,22.));
#14487=CARTESIAN_POINT('Origin',(69.930000321166,35.640000321166,0.));
#14488=CARTESIAN_POINT('',(69.93,41.64,22.));
#14489=CARTESIAN_POINT('Origin',(69.930000321166,35.640000321166,22.));
#14490=CARTESIAN_POINT('',(69.93,41.64,0.));
#14491=CARTESIAN_POINT('Origin',(-40.2433335069872,41.6400000000002,0.));
#14492=CARTESIAN_POINT('',(-40.2433335069872,41.6400000000002,22.));
#14493=CARTESIAN_POINT('',(-40.2433335069872,41.6400000000002,22.));
#14494=CARTESIAN_POINT('',(-40.2433335069872,41.6400000000002,0.));
#14495=CARTESIAN_POINT('Origin',(-40.24333046506,35.6399923952021,0.));
#14496=CARTESIAN_POINT('',(-43.8433329483155,40.4400000387584,22.));
#14497=CARTESIAN_POINT('Origin',(-40.24333046506,35.6399923952021,22.));
#14498=CARTESIAN_POINT('',(-43.8433329483155,40.4400000387584,0.));
#14499=CARTESIAN_POINT('Origin',(-48.79666659441,36.7250003041903,0.));
#14500=CARTESIAN_POINT('',(-48.7966665944099,36.7250003041902,22.));
#14501=CARTESIAN_POINT('',(-48.79666659441,36.7250003041903,22.));
#14502=CARTESIAN_POINT('',(-48.7966665944099,36.7250003041902,0.));
#14503=CARTESIAN_POINT('Origin',(-51.19666953493,39.925007604798,0.));
#14504=CARTESIAN_POINT('',(-51.196667,35.925,22.));
#14505=CARTESIAN_POINT('Origin',(-51.19666953493,39.925007604798,22.));
#14506=CARTESIAN_POINT('',(-51.196667,35.925,0.));
#14507=CARTESIAN_POINT('Origin',(-69.929999935768,35.925,0.));
#14508=CARTESIAN_POINT('',(-69.929999935768,35.925,22.));
#14509=CARTESIAN_POINT('',(-69.929999935768,35.925,22.));
#14510=CARTESIAN_POINT('',(-69.929999935768,35.925,0.));
#14511=CARTESIAN_POINT('Origin',(-69.93000032116,29.925000321166,0.));
#14512=CARTESIAN_POINT('Origin',(-69.93000032116,29.925000321166,22.));
#14513=CARTESIAN_POINT('Origin',(0.,8.88178419700125E-15,22.));
#14514=CARTESIAN_POINT('',(-78.929999999994,-35.639999743072,22.));
#14515=CARTESIAN_POINT('',(-78.929999999994,-35.639999743072,22.));
#14516=CARTESIAN_POINT('',(-69.9299999999996,-44.639999999994,22.));
#14517=CARTESIAN_POINT('Origin',(-69.93000032116,-35.64000032116,22.));
#14518=CARTESIAN_POINT('',(50.1716788616957,-44.6399999999764,22.));
#14519=CARTESIAN_POINT('',(50.1716788616957,-44.6399999999764,22.));
#14520=CARTESIAN_POINT('',(58.3098882789689,-39.4830738150324,22.));
#14521=CARTESIAN_POINT('Origin',(50.17160603465,-35.63991717633,22.));
#14522=CARTESIAN_POINT('',(78.0682367968146,2.35813510507026,22.));
#14523=CARTESIAN_POINT('',(78.0682367968147,2.35813510507026,22.));
#14524=CARTESIAN_POINT('',(78.9299999999998,6.20119400000001,22.));
#14525=CARTESIAN_POINT('Origin',(69.9300078743521,6.20119225626099,22.));
#14526=CARTESIAN_POINT('',(78.93,35.6399997430672,22.));
#14527=CARTESIAN_POINT('Origin',(78.93,6.20119400000001,0.));
#14528=CARTESIAN_POINT('',(78.9299999999998,6.20119400000001,0.));
#14529=CARTESIAN_POINT('Origin',(69.9300078743521,6.20119225626099,0.));
#14530=CARTESIAN_POINT('',(78.0682367968147,2.35813510507026,0.));
#14531=CARTESIAN_POINT('Origin',(58.3098882789854,-39.4830738150402,0.));
#14532=CARTESIAN_POINT('',(58.3098882789689,-39.4830738150324,0.));
#14533=CARTESIAN_POINT('Origin',(50.17160603465,-35.63991717633,0.));
#14534=CARTESIAN_POINT('',(50.1716788616957,-44.6399999999764,0.));
#14535=CARTESIAN_POINT('Origin',(-69.9299999999996,-44.64,0.));
#14536=CARTESIAN_POINT('',(-69.9299999999996,-44.639999999994,0.));
#14537=CARTESIAN_POINT('Origin',(-69.93000032116,-35.64000032116,0.));
#14538=CARTESIAN_POINT('',(-78.929999999994,-35.639999743072,0.));
#14539=CARTESIAN_POINT('Origin',(-78.93,29.9249999999996,0.));
#14540=CARTESIAN_POINT('Origin',(0.,8.88178419700125E-15,2.));
#14541=CARTESIAN_POINT('Origin',(-53.83,35.925,18.51));
#14542=CARTESIAN_POINT('',(-53.83,28.,17.01));
#14543=CARTESIAN_POINT('',(-53.83,35.925,17.01));
#14544=CARTESIAN_POINT('',(-53.83,17.962500000003,17.01));
#14545=CARTESIAN_POINT('',(-53.83,28.,18.51));
#14546=CARTESIAN_POINT('',(-53.83,28.,18.51));
#14547=CARTESIAN_POINT('',(-53.83,35.925,18.51));
#14548=CARTESIAN_POINT('',(-53.83,17.962500000003,18.51));
#14549=CARTESIAN_POINT('',(-53.83,35.925,18.51));
#14550=CARTESIAN_POINT('Origin',(-63.17,28.,18.51));
#14551=CARTESIAN_POINT('',(-63.17,35.925,17.01));
#14552=CARTESIAN_POINT('',(-63.17,28.,17.01));
#14553=CARTESIAN_POINT('',(-63.17,14.000000000003,17.01));
#14554=CARTESIAN_POINT('',(-63.17,35.925,18.51));
#14555=CARTESIAN_POINT('',(-63.17,35.925,18.51));
#14556=CARTESIAN_POINT('',(-63.17,28.,18.51));
#14557=CARTESIAN_POINT('',(-63.17,14.000000000003,18.51));
#14558=CARTESIAN_POINT('',(-63.17,28.,18.51));
#14559=CARTESIAN_POINT('Origin',(-53.83,28.,18.51));
#14560=CARTESIAN_POINT('',(-26.9149999999985,28.,17.01));
#14561=CARTESIAN_POINT('',(-26.9149999999985,28.,18.51));
#14562=CARTESIAN_POINT('Origin',(-69.929999935768,35.925,18.51));
#14563=CARTESIAN_POINT('',(-69.929999935768,35.925,17.01));
#14564=CARTESIAN_POINT('',(-69.929999935768,35.925,17.01));
#14565=CARTESIAN_POINT('',(-69.929999935768,35.925,18.51));
#14566=CARTESIAN_POINT('',(-69.929999935768,35.925,18.51));
#14567=CARTESIAN_POINT('',(-69.929999935768,35.925,18.51));
#14568=CARTESIAN_POINT('Origin',(-69.929999935768,35.925,18.51));
#14569=CARTESIAN_POINT('',(-51.196667,35.925,18.51));
#14570=CARTESIAN_POINT('',(-69.929999935768,35.925,18.51));
#14571=CARTESIAN_POINT('',(-51.196667,35.925,17.01));
#14572=CARTESIAN_POINT('',(-51.196667,35.925,18.51));
#14573=CARTESIAN_POINT('',(-69.929999935768,35.925,17.01));
#14574=CARTESIAN_POINT('Origin',(3.00204305858642E-12,6.01296790136985E-12,
18.51));
#14575=CARTESIAN_POINT('',(-75.929999999994,29.9249999999999,18.51));
#14576=CARTESIAN_POINT('Origin',(-69.93000032116,29.925000321166,18.51));
#14577=CARTESIAN_POINT('',(-75.929999999994,18.2699999999989,18.51));
#14578=CARTESIAN_POINT('',(-75.929999999994,-35.639999935768,18.51));
#14579=CARTESIAN_POINT('',(-54.0000007003564,18.27,18.51));
#14580=CARTESIAN_POINT('',(-54.0000007003564,18.27,18.51));
#14581=CARTESIAN_POINT('',(-47.0000007003565,11.2700000000005,18.51));
#14582=CARTESIAN_POINT('Origin',(-54.0000007003564,11.2700000000001,18.51));
#14583=CARTESIAN_POINT('',(-47.000000700355,-20.2500003427269,18.51));
#14584=CARTESIAN_POINT('',(-47.0000007003557,-6.00000008940697,18.51));
#14585=CARTESIAN_POINT('',(-43.0000007003551,-24.2500003427266,18.51));
#14586=CARTESIAN_POINT('Origin',(-43.0000007003551,-20.2500003427267,18.51));
#14587=CARTESIAN_POINT('',(-31.5,-24.2500003427267,18.51));
#14588=CARTESIAN_POINT('',(-43.0000007003551,-24.2500003427267,18.51));
#14589=CARTESIAN_POINT('',(-27.5,-28.2500003427267,18.51));
#14590=CARTESIAN_POINT('Origin',(-31.5,-28.2500003427267,18.51));
#14591=CARTESIAN_POINT('',(-27.5,-41.6399999999882,18.51));
#14592=CARTESIAN_POINT('',(-27.5,-37.45,18.51));
#14593=CARTESIAN_POINT('',(50.1716642964473,-41.6399999999881,18.51));
#14594=CARTESIAN_POINT('',(48.7,-41.6399999999882,18.51));
#14595=CARTESIAN_POINT('',(55.5971484311982,-38.2020419971399,18.51));
#14596=CARTESIAN_POINT('Origin',(50.17160603465,-35.63991717633,18.51));
#14597=CARTESIAN_POINT('',(75.3554914492036,3.6391552762676,18.51));
#14598=CARTESIAN_POINT('',(75.3554914492036,3.6391552762676,18.51));
#14599=CARTESIAN_POINT('',(75.9299999999998,6.201194,18.51));
#14600=CARTESIAN_POINT('Origin',(69.9300078743522,6.20119225626098,18.51));
#14601=CARTESIAN_POINT('',(55.7,6.201194,18.51));
#14602=CARTESIAN_POINT('',(75.9299999999998,6.201194,18.51));
#14603=CARTESIAN_POINT('',(48.7,13.201194,18.51));
#14604=CARTESIAN_POINT('Origin',(55.7,13.201194,18.51));
#14605=CARTESIAN_POINT('',(48.7,41.64,18.51));
#14606=CARTESIAN_POINT('',(48.7,13.201194,18.51));
#14607=CARTESIAN_POINT('',(-40.2433335069872,41.6400000000002,18.51));
#14608=CARTESIAN_POINT('',(48.7,41.64,18.51));
#14609=CARTESIAN_POINT('',(-43.8433329483155,40.4400000387584,18.51));
#14610=CARTESIAN_POINT('Origin',(-40.24333046506,35.6399923952021,18.51));
#14611=CARTESIAN_POINT('',(-48.7966665944099,36.7250003041902,18.51));
#14612=CARTESIAN_POINT('',(-48.7966665944099,36.7250003041902,18.51));
#14613=CARTESIAN_POINT('Origin',(-51.19666953493,39.925007604798,18.51));
#14614=CARTESIAN_POINT('',(13.125,-21.425,18.51));
#14615=CARTESIAN_POINT('',(13.625,-20.925,18.51));
#14616=CARTESIAN_POINT('Origin',(13.625,-21.425,18.51));
#14617=CARTESIAN_POINT('',(26.625,-20.925,18.51));
#14618=CARTESIAN_POINT('',(13.625,-20.925,18.51));
#14619=CARTESIAN_POINT('',(27.125,-21.425,18.51));
#14620=CARTESIAN_POINT('Origin',(26.625,-21.425,18.51));
#14621=CARTESIAN_POINT('',(27.125,-34.425,18.51));
#14622=CARTESIAN_POINT('',(27.125,-21.425,18.51));
#14623=CARTESIAN_POINT('',(26.625,-34.925,18.51));
#14624=CARTESIAN_POINT('Origin',(26.625,-34.425,18.51));
#14625=CARTESIAN_POINT('',(13.625,-34.925,18.51));
#14626=CARTESIAN_POINT('',(13.625,-34.925,18.51));
#14627=CARTESIAN_POINT('',(13.125,-34.425,18.51));
#14628=CARTESIAN_POINT('Origin',(13.625,-34.425,18.51));
#14629=CARTESIAN_POINT('',(13.125,-21.425,18.51));
#14630=CARTESIAN_POINT('',(-5.925,-21.425,18.51));
#14631=CARTESIAN_POINT('',(-5.425,-20.925,18.51));
#14632=CARTESIAN_POINT('Origin',(-5.425,-21.425,18.51));
#14633=CARTESIAN_POINT('',(7.575,-20.925,18.51));
#14634=CARTESIAN_POINT('',(-5.425,-20.925,18.51));
#14635=CARTESIAN_POINT('',(8.07500000000001,-21.425,18.51));
#14636=CARTESIAN_POINT('Origin',(7.575,-21.425,18.51));
#14637=CARTESIAN_POINT('',(8.075,-34.425,18.51));
#14638=CARTESIAN_POINT('',(8.07500000000001,-21.425,18.51));
#14639=CARTESIAN_POINT('',(7.575,-34.925,18.51));
#14640=CARTESIAN_POINT('Origin',(7.575,-34.425,18.51));
#14641=CARTESIAN_POINT('',(-5.425,-34.925,18.51));
#14642=CARTESIAN_POINT('',(-5.425,-34.925,18.51));
#14643=CARTESIAN_POINT('',(-5.925,-34.425,18.51));
#14644=CARTESIAN_POINT('Origin',(-5.425,-34.425,18.51));
#14645=CARTESIAN_POINT('',(-5.925,-21.425,18.51));
#14646=CARTESIAN_POINT('',(-5.925,-2.375,18.51));
#14647=CARTESIAN_POINT('',(-5.425,-1.875,18.51));
#14648=CARTESIAN_POINT('Origin',(-5.425,-2.375,18.51));
#14649=CARTESIAN_POINT('',(7.575,-1.875,18.51));
#14650=CARTESIAN_POINT('',(-5.425,-1.875,18.51));
#14651=CARTESIAN_POINT('',(8.07500000000001,-2.375,18.51));
#14652=CARTESIAN_POINT('Origin',(7.575,-2.375,18.51));
#14653=CARTESIAN_POINT('',(8.075,-15.375,18.51));
#14654=CARTESIAN_POINT('',(8.07500000000001,-2.375,18.51));
#14655=CARTESIAN_POINT('',(7.575,-15.875,18.51));
#14656=CARTESIAN_POINT('Origin',(7.575,-15.375,18.51));
#14657=CARTESIAN_POINT('',(-5.425,-15.875,18.51));
#14658=CARTESIAN_POINT('',(-5.425,-15.875,18.51));
#14659=CARTESIAN_POINT('',(-5.925,-15.375,18.51));
#14660=CARTESIAN_POINT('Origin',(-5.425,-15.375,18.51));
#14661=CARTESIAN_POINT('',(-5.925,-2.375,18.51));
#14662=CARTESIAN_POINT('',(58.09,-3.92,18.51));
#14663=CARTESIAN_POINT('Origin',(59.69,-3.92,18.51));
#14664=CARTESIAN_POINT('',(-37.41,28.08,18.51));
#14665=CARTESIAN_POINT('Origin',(-35.81,28.08,18.51));
#14666=CARTESIAN_POINT('',(32.175,35.725,18.51));
#14667=CARTESIAN_POINT('',(32.675,36.225,18.51));
#14668=CARTESIAN_POINT('Origin',(32.675,35.725,18.51));
#14669=CARTESIAN_POINT('',(45.675,36.225,18.51));
#14670=CARTESIAN_POINT('',(32.675,36.225,18.51));
#14671=CARTESIAN_POINT('',(46.175,35.725,18.51));
#14672=CARTESIAN_POINT('Origin',(45.675,35.725,18.51));
#14673=CARTESIAN_POINT('',(46.175,22.725,18.51));
#14674=CARTESIAN_POINT('',(46.175,35.725,18.51));
#14675=CARTESIAN_POINT('',(45.675,22.225,18.51));
#14676=CARTESIAN_POINT('Origin',(45.675,22.725,18.51));
#14677=CARTESIAN_POINT('',(32.675,22.225,18.51));
#14678=CARTESIAN_POINT('',(32.675,22.225,18.51));
#14679=CARTESIAN_POINT('',(32.175,22.725,18.51));
#14680=CARTESIAN_POINT('Origin',(32.675,22.725,18.51));
#14681=CARTESIAN_POINT('',(32.175,35.725,18.51));
#14682=CARTESIAN_POINT('',(-24.975,-21.425,18.51));
#14683=CARTESIAN_POINT('',(-24.475,-20.925,18.51));
#14684=CARTESIAN_POINT('Origin',(-24.475,-21.425,18.51));
#14685=CARTESIAN_POINT('',(-11.475,-20.925,18.51));
#14686=CARTESIAN_POINT('',(-24.475,-20.925,18.51));
#14687=CARTESIAN_POINT('',(-10.975,-21.425,18.51));
#14688=CARTESIAN_POINT('Origin',(-11.475,-21.425,18.51));
#14689=CARTESIAN_POINT('',(-10.975,-34.425,18.51));
#14690=CARTESIAN_POINT('',(-10.975,-21.425,18.51));
#14691=CARTESIAN_POINT('',(-11.475,-34.925,18.51));
#14692=CARTESIAN_POINT('Origin',(-11.475,-34.425,18.51));
#14693=CARTESIAN_POINT('',(-24.475,-34.925,18.51));
#14694=CARTESIAN_POINT('',(-24.475,-34.925,18.51));
#14695=CARTESIAN_POINT('',(-24.975,-34.425,18.51));
#14696=CARTESIAN_POINT('Origin',(-24.475,-34.425,18.51));
#14697=CARTESIAN_POINT('',(-24.975,-21.425,18.51));
#14698=CARTESIAN_POINT('',(-24.975,-2.375,18.51));
#14699=CARTESIAN_POINT('',(-24.475,-1.875,18.51));
#14700=CARTESIAN_POINT('Origin',(-24.475,-2.375,18.51));
#14701=CARTESIAN_POINT('',(-11.475,-1.875,18.51));
#14702=CARTESIAN_POINT('',(-24.475,-1.875,18.51));
#14703=CARTESIAN_POINT('',(-10.975,-2.375,18.51));
#14704=CARTESIAN_POINT('Origin',(-11.475,-2.375,18.51));
#14705=CARTESIAN_POINT('',(-10.975,-15.375,18.51));
#14706=CARTESIAN_POINT('',(-10.975,-2.375,18.51));
#14707=CARTESIAN_POINT('',(-11.475,-15.875,18.51));
#14708=CARTESIAN_POINT('Origin',(-11.475,-15.375,18.51));
#14709=CARTESIAN_POINT('',(-24.475,-15.875,18.51));
#14710=CARTESIAN_POINT('',(-24.475,-15.875,18.51));
#14711=CARTESIAN_POINT('',(-24.975,-15.375,18.51));
#14712=CARTESIAN_POINT('Origin',(-24.475,-15.375,18.51));
#14713=CARTESIAN_POINT('',(-24.975,-2.375,18.51));
#14714=CARTESIAN_POINT('',(13.125,16.675,18.51));
#14715=CARTESIAN_POINT('',(13.625,17.175,18.51));
#14716=CARTESIAN_POINT('Origin',(13.625,16.675,18.51));
#14717=CARTESIAN_POINT('',(26.625,17.175,18.51));
#14718=CARTESIAN_POINT('',(13.625,17.175,18.51));
#14719=CARTESIAN_POINT('',(27.125,16.675,18.51));
#14720=CARTESIAN_POINT('Origin',(26.625,16.675,18.51));
#14721=CARTESIAN_POINT('',(27.125,3.675,18.51));
#14722=CARTESIAN_POINT('',(27.125,16.675,18.51));
#14723=CARTESIAN_POINT('',(26.625,3.17499999999999,18.51));
#14724=CARTESIAN_POINT('Origin',(26.625,3.675,18.51));
#14725=CARTESIAN_POINT('',(13.625,3.175,18.51));
#14726=CARTESIAN_POINT('',(13.625,3.17499999999999,18.51));
#14727=CARTESIAN_POINT('',(13.125,3.675,18.51));
#14728=CARTESIAN_POINT('Origin',(13.625,3.675,18.51));
#14729=CARTESIAN_POINT('',(13.125,16.675,18.51));
#14730=CARTESIAN_POINT('',(13.125,-2.375,18.51));
#14731=CARTESIAN_POINT('',(13.625,-1.875,18.51));
#14732=CARTESIAN_POINT('Origin',(13.625,-2.375,18.51));
#14733=CARTESIAN_POINT('',(26.625,-1.875,18.51));
#14734=CARTESIAN_POINT('',(13.625,-1.875,18.51));
#14735=CARTESIAN_POINT('',(27.125,-2.375,18.51));
#14736=CARTESIAN_POINT('Origin',(26.625,-2.375,18.51));
#14737=CARTESIAN_POINT('',(27.125,-15.375,18.51));
#14738=CARTESIAN_POINT('',(27.125,-2.375,18.51));
#14739=CARTESIAN_POINT('',(26.625,-15.875,18.51));
#14740=CARTESIAN_POINT('Origin',(26.625,-15.375,18.51));
#14741=CARTESIAN_POINT('',(13.625,-15.875,18.51));
#14742=CARTESIAN_POINT('',(13.625,-15.875,18.51));
#14743=CARTESIAN_POINT('',(13.125,-15.375,18.51));
#14744=CARTESIAN_POINT('Origin',(13.625,-15.375,18.51));
#14745=CARTESIAN_POINT('',(13.125,-2.375,18.51));
#14746=CARTESIAN_POINT('',(-24.975,16.675,18.51));
#14747=CARTESIAN_POINT('',(-24.475,17.175,18.51));
#14748=CARTESIAN_POINT('Origin',(-24.475,16.675,18.51));
#14749=CARTESIAN_POINT('',(-11.475,17.175,18.51));
#14750=CARTESIAN_POINT('',(-24.475,17.175,18.51));
#14751=CARTESIAN_POINT('',(-10.975,16.675,18.51));
#14752=CARTESIAN_POINT('Origin',(-11.475,16.675,18.51));
#14753=CARTESIAN_POINT('',(-10.975,3.675,18.51));
#14754=CARTESIAN_POINT('',(-10.975,16.675,18.51));
#14755=CARTESIAN_POINT('',(-11.475,3.17499999999999,18.51));
#14756=CARTESIAN_POINT('Origin',(-11.475,3.675,18.51));
#14757=CARTESIAN_POINT('',(-24.475,3.17499999999999,18.51));
#14758=CARTESIAN_POINT('',(-24.475,3.17499999999999,18.51));
#14759=CARTESIAN_POINT('',(-24.975,3.675,18.51));
#14760=CARTESIAN_POINT('Origin',(-24.475,3.675,18.51));
#14761=CARTESIAN_POINT('',(-24.975,16.675,18.51));
#14762=CARTESIAN_POINT('',(32.175,-2.375,18.51));
#14763=CARTESIAN_POINT('',(32.675,-1.875,18.51));
#14764=CARTESIAN_POINT('Origin',(32.675,-2.375,18.51));
#14765=CARTESIAN_POINT('',(45.675,-1.875,18.51));
#14766=CARTESIAN_POINT('',(32.675,-1.875,18.51));
#14767=CARTESIAN_POINT('',(46.175,-2.375,18.51));
#14768=CARTESIAN_POINT('Origin',(45.675,-2.375,18.51));
#14769=CARTESIAN_POINT('',(46.175,-15.375,18.51));
#14770=CARTESIAN_POINT('',(46.175,-2.375,18.51));
#14771=CARTESIAN_POINT('',(45.675,-15.875,18.51));
#14772=CARTESIAN_POINT('Origin',(45.675,-15.375,18.51));
#14773=CARTESIAN_POINT('',(32.675,-15.875,18.51));
#14774=CARTESIAN_POINT('',(32.675,-15.875,18.51));
#14775=CARTESIAN_POINT('',(32.175,-15.375,18.51));
#14776=CARTESIAN_POINT('Origin',(32.675,-15.375,18.51));
#14777=CARTESIAN_POINT('',(32.175,-2.375,18.51));
#14778=CARTESIAN_POINT('',(13.125,35.725,18.51));
#14779=CARTESIAN_POINT('',(13.625,36.225,18.51));
#14780=CARTESIAN_POINT('Origin',(13.625,35.725,18.51));
#14781=CARTESIAN_POINT('',(26.625,36.225,18.51));
#14782=CARTESIAN_POINT('',(13.625,36.225,18.51));
#14783=CARTESIAN_POINT('',(27.125,35.725,18.51));
#14784=CARTESIAN_POINT('Origin',(26.625,35.725,18.51));
#14785=CARTESIAN_POINT('',(27.125,22.725,18.51));
#14786=CARTESIAN_POINT('',(27.125,35.725,18.51));
#14787=CARTESIAN_POINT('',(26.625,22.225,18.51));
#14788=CARTESIAN_POINT('Origin',(26.625,22.725,18.51));
#14789=CARTESIAN_POINT('',(13.625,22.225,18.51));
#14790=CARTESIAN_POINT('',(13.625,22.225,18.51));
#14791=CARTESIAN_POINT('',(13.125,22.725,18.51));
#14792=CARTESIAN_POINT('Origin',(13.625,22.725,18.51));
#14793=CARTESIAN_POINT('',(13.125,35.725,18.51));
#14794=CARTESIAN_POINT('',(-5.925,35.725,18.51));
#14795=CARTESIAN_POINT('',(-5.425,36.225,18.51));
#14796=CARTESIAN_POINT('Origin',(-5.425,35.725,18.51));
#14797=CARTESIAN_POINT('',(7.575,36.225,18.51));
#14798=CARTESIAN_POINT('',(-5.425,36.225,18.51));
#14799=CARTESIAN_POINT('',(8.07500000000001,35.725,18.51));
#14800=CARTESIAN_POINT('Origin',(7.575,35.725,18.51));
#14801=CARTESIAN_POINT('',(8.075,22.725,18.51));
#14802=CARTESIAN_POINT('',(8.07500000000001,35.725,18.51));
#14803=CARTESIAN_POINT('',(7.575,22.225,18.51));
#14804=CARTESIAN_POINT('Origin',(7.575,22.725,18.51));
#14805=CARTESIAN_POINT('',(-5.425,22.225,18.51));
#14806=CARTESIAN_POINT('',(-5.425,22.225,18.51));
#14807=CARTESIAN_POINT('',(-5.925,22.725,18.51));
#14808=CARTESIAN_POINT('Origin',(-5.425,22.725,18.51));
#14809=CARTESIAN_POINT('',(-5.925,35.725,18.51));
#14810=CARTESIAN_POINT('',(-5.925,16.675,18.51));
#14811=CARTESIAN_POINT('',(-5.425,17.175,18.51));
#14812=CARTESIAN_POINT('Origin',(-5.425,16.675,18.51));
#14813=CARTESIAN_POINT('',(7.575,17.175,18.51));
#14814=CARTESIAN_POINT('',(-5.425,17.175,18.51));
#14815=CARTESIAN_POINT('',(8.07500000000001,16.675,18.51));
#14816=CARTESIAN_POINT('Origin',(7.575,16.675,18.51));
#14817=CARTESIAN_POINT('',(8.07500000000001,3.675,18.51));
#14818=CARTESIAN_POINT('',(8.07500000000001,16.675,18.51));
#14819=CARTESIAN_POINT('',(7.575,3.17499999999999,18.51));
#14820=CARTESIAN_POINT('Origin',(7.575,3.675,18.51));
#14821=CARTESIAN_POINT('',(-5.425,3.175,18.51));
#14822=CARTESIAN_POINT('',(-5.425,3.17499999999999,18.51));
#14823=CARTESIAN_POINT('',(-5.925,3.675,18.51));
#14824=CARTESIAN_POINT('Origin',(-5.425,3.675,18.51));
#14825=CARTESIAN_POINT('',(-5.925,16.675,18.51));
#14826=CARTESIAN_POINT('',(-24.975,35.725,18.51));
#14827=CARTESIAN_POINT('',(-24.475,36.225,18.51));
#14828=CARTESIAN_POINT('Origin',(-24.475,35.725,18.51));
#14829=CARTESIAN_POINT('',(-11.475,36.225,18.51));
#14830=CARTESIAN_POINT('',(-24.475,36.225,18.51));
#14831=CARTESIAN_POINT('',(-10.975,35.725,18.51));
#14832=CARTESIAN_POINT('Origin',(-11.475,35.725,18.51));
#14833=CARTESIAN_POINT('',(-10.975,22.725,18.51));
#14834=CARTESIAN_POINT('',(-10.975,35.725,18.51));
#14835=CARTESIAN_POINT('',(-11.475,22.225,18.51));
#14836=CARTESIAN_POINT('Origin',(-11.475,22.725,18.51));
#14837=CARTESIAN_POINT('',(-24.475,22.225,18.51));
#14838=CARTESIAN_POINT('',(-24.475,22.225,18.51));
#14839=CARTESIAN_POINT('',(-24.975,22.725,18.51));
#14840=CARTESIAN_POINT('Origin',(-24.475,22.725,18.51));
#14841=CARTESIAN_POINT('',(-24.975,35.725,18.51));
#14842=CARTESIAN_POINT('',(32.175,-21.425,18.51));
#14843=CARTESIAN_POINT('',(32.675,-20.925,18.51));
#14844=CARTESIAN_POINT('Origin',(32.675,-21.425,18.51));
#14845=CARTESIAN_POINT('',(45.675,-20.925,18.51));
#14846=CARTESIAN_POINT('',(32.675,-20.925,18.51));
#14847=CARTESIAN_POINT('',(46.175,-21.425,18.51));
#14848=CARTESIAN_POINT('Origin',(45.675,-21.425,18.51));
#14849=CARTESIAN_POINT('',(46.175,-34.425,18.51));
#14850=CARTESIAN_POINT('',(46.175,-21.425,18.51));
#14851=CARTESIAN_POINT('',(45.675,-34.925,18.51));
#14852=CARTESIAN_POINT('Origin',(45.675,-34.425,18.51));
#14853=CARTESIAN_POINT('',(32.675,-34.925,18.51));
#14854=CARTESIAN_POINT('',(32.675,-34.925,18.51));
#14855=CARTESIAN_POINT('',(32.175,-34.425,18.51));
#14856=CARTESIAN_POINT('Origin',(32.675,-34.425,18.51));
#14857=CARTESIAN_POINT('',(32.175,-21.425,18.51));
#14858=CARTESIAN_POINT('',(-46.41,-5.92,18.51));
#14859=CARTESIAN_POINT('Origin',(-44.81,-5.92,18.51));
#14860=CARTESIAN_POINT('',(32.175,16.675,18.51));
#14861=CARTESIAN_POINT('',(32.675,17.175,18.51));
#14862=CARTESIAN_POINT('Origin',(32.675,16.675,18.51));
#14863=CARTESIAN_POINT('',(45.675,17.175,18.51));
#14864=CARTESIAN_POINT('',(32.675,17.175,18.51));
#14865=CARTESIAN_POINT('',(46.175,16.675,18.51));
#14866=CARTESIAN_POINT('Origin',(45.675,16.675,18.51));
#14867=CARTESIAN_POINT('',(46.175,3.675,18.51));
#14868=CARTESIAN_POINT('',(46.175,16.675,18.51));
#14869=CARTESIAN_POINT('',(45.675,3.17499999999999,18.51));
#14870=CARTESIAN_POINT('Origin',(45.675,3.675,18.51));
#14871=CARTESIAN_POINT('',(32.675,3.175,18.51));
#14872=CARTESIAN_POINT('',(32.675,3.17499999999999,18.51));
#14873=CARTESIAN_POINT('',(32.175,3.675,18.51));
#14874=CARTESIAN_POINT('Origin',(32.675,3.675,18.51));
#14875=CARTESIAN_POINT('',(32.175,16.675,18.51));
#14876=CARTESIAN_POINT('',(-30.75,-13.97,18.51));
#14877=CARTESIAN_POINT('',(-31.75,-14.97,18.51));
#14878=CARTESIAN_POINT('Origin',(-31.75,-13.97,18.51));
#14879=CARTESIAN_POINT('',(-39.37,-14.97,18.51));
#14880=CARTESIAN_POINT('',(-39.37,-14.97,18.51));
#14881=CARTESIAN_POINT('',(-40.37,-13.97,18.51));
#14882=CARTESIAN_POINT('Origin',(-39.37,-13.97,18.51));
#14883=CARTESIAN_POINT('',(-40.37,19.05,18.51));
#14884=CARTESIAN_POINT('',(-40.37,19.05,18.51));
#14885=CARTESIAN_POINT('',(-39.37,20.05,18.51));
#14886=CARTESIAN_POINT('Origin',(-39.37,19.05,18.51));
#14887=CARTESIAN_POINT('',(-31.75,20.05,18.51));
#14888=CARTESIAN_POINT('',(-31.75,20.05,18.51));
#14889=CARTESIAN_POINT('',(-30.75,19.05,18.51));
#14890=CARTESIAN_POINT('Origin',(-31.75,19.05,18.51));
#14891=CARTESIAN_POINT('',(-30.75,-13.97,18.51));
#14892=CARTESIAN_POINT('',(-46.0333263830297,22.0929855417456,18.51));
#14893=CARTESIAN_POINT('',(-46.0333263830297,22.5404998553686,18.51));
#14894=CARTESIAN_POINT('',(-46.0333263830297,11.0464927708758,18.51));
#14895=CARTESIAN_POINT('',(-45.5932679528809,22.5404998553686,18.51));
#14896=CARTESIAN_POINT('',(-23.0166631915132,22.5404998553683,18.51));
#14897=CARTESIAN_POINT('',(-45.5932679528809,25.7402836545828,18.51));
#14898=CARTESIAN_POINT('',(-45.5932679528809,11.2702499276873,18.51));
#14899=CARTESIAN_POINT('',(-46.0333263830297,25.7402836545828,18.51));
#14900=CARTESIAN_POINT('',(-22.796633976439,25.7402836545828,18.51));
#14901=CARTESIAN_POINT('',(-46.0333263830297,26.1803420847316,18.51));
#14902=CARTESIAN_POINT('',(-46.0333263830297,12.8701418272944,18.51));
#14903=CARTESIAN_POINT('',(-44.0493310249239,26.1803420847316,18.51));
#14904=CARTESIAN_POINT('',(-23.0166631915134,26.1803420847316,18.51));
#14905=CARTESIAN_POINT('',(-43.8926857807786,26.1132032878702,18.51));
#14906=CARTESIAN_POINT('Ctrl Pts',(-44.0493310249239,26.1803420847316,18.51));
#14907=CARTESIAN_POINT('Ctrl Pts',(-43.9598290583392,26.1803420847316,18.51));
#14908=CARTESIAN_POINT('Ctrl Pts',(-43.8926857807786,26.1132032878702,18.51));
#14909=CARTESIAN_POINT('',(-42.9976481921342,25.2032539322775,18.51));
#14910=CARTESIAN_POINT('',(-26.573400305893,8.50536998885877,18.51));
#14911=CARTESIAN_POINT('',(-42.9305093952729,25.0466086881321,18.51));
#14912=CARTESIAN_POINT('Ctrl Pts',(-42.9976481921342,25.2032539322775,18.51));
#14913=CARTESIAN_POINT('Ctrl Pts',(-42.9305093952729,25.1361151354161,18.51));
#14914=CARTESIAN_POINT('Ctrl Pts',(-42.9305093952729,25.0466086881321,18.51));
#14915=CARTESIAN_POINT('',(-42.9305093952729,23.2267010155482,18.51));
#14916=CARTESIAN_POINT('',(-42.9305093952729,12.5233043440691,18.51));
#14917=CARTESIAN_POINT('',(-42.9976481921342,23.0626088493271,18.51));
#14918=CARTESIAN_POINT('Ctrl Pts',(-42.9305093952729,23.2267010155482,18.51));
#14919=CARTESIAN_POINT('Ctrl Pts',(-42.9305093952729,23.1297297233917,18.51));
#14920=CARTESIAN_POINT('Ctrl Pts',(-42.9976481921342,23.0626088493271,18.51));
#14921=CARTESIAN_POINT('',(-43.9001416642528,22.1675712606828,18.51));
#14922=CARTESIAN_POINT('',(-37.9245176732368,28.0938280733877,18.51));
#14923=CARTESIAN_POINT('',(-44.0567869083981,22.0929855417456,18.51));
#14924=CARTESIAN_POINT('Ctrl Pts',(-43.9001416642528,22.1675712606828,18.51));
#14925=CARTESIAN_POINT('Ctrl Pts',(-43.97472738319,22.0929855417456,18.51));
#14926=CARTESIAN_POINT('Ctrl Pts',(-44.0567869083981,22.0929855417456,18.51));
#14927=CARTESIAN_POINT('',(-22.0283934541976,22.0929855417456,18.51));
#14928=CARTESIAN_POINT('',(-59.9214663966896,22.5554385065122,18.51));
#14929=CARTESIAN_POINT('',(-59.9214663966896,23.5474384259147,18.51));
#14930=CARTESIAN_POINT('',(-59.9214663966897,11.2777192532594,18.51));
#14931=CARTESIAN_POINT('',(-60.8165017449844,23.5474384259147,18.51));
#14932=CARTESIAN_POINT('',(-29.9607331983434,23.5474384259148,18.51));
#14933=CARTESIAN_POINT('',(-60.8164905432364,23.9651292056409,18.51));
#14934=CARTESIAN_POINT('',(-60.8168174740044,11.7745347183932,18.51));
#14935=CARTESIAN_POINT('',(-59.0413360942945,23.9651292056409,18.51));
#14936=CARTESIAN_POINT('',(-30.4082452716167,23.9651292056409,18.51));
#14937=CARTESIAN_POINT('',(-59.0413360942945,23.5474473873131,18.51));
#14938=CARTESIAN_POINT('',(-59.0413360942945,11.9825646028234,18.51));
#14939=CARTESIAN_POINT('',(-59.4813967647929,23.5474473873131,18.51));
#14940=CARTESIAN_POINT('',(-29.5206680471459,23.5474473873134,18.51));
#14941=CARTESIAN_POINT('',(-59.4813967647928,22.1079331542876,18.51));
#14942=CARTESIAN_POINT('',(-59.4813967647928,11.7737236936594,18.51));
#14943=CARTESIAN_POINT('',(-61.0253314524003,22.1079331542876,18.51));
#14944=CARTESIAN_POINT('',(-29.740698382395,22.1079331542878,18.51));
#14945=CARTESIAN_POINT('',(-61.181974456196,22.167598144878,18.51));
#14946=CARTESIAN_POINT('Ctrl Pts',(-61.0253314524003,22.1079331542876,18.51));
#14947=CARTESIAN_POINT('Ctrl Pts',(-61.1223049849064,22.1079331542876,18.51));
#14948=CARTESIAN_POINT('Ctrl Pts',(-61.181974456196,22.167598144878,18.51));
#14949=CARTESIAN_POINT('',(-62.0770098044907,23.0551798500481,18.51));
#14950=CARTESIAN_POINT('',(-40.2168674569399,1.37708360829819,18.51));
#14951=CARTESIAN_POINT('',(-62.1441486013521,23.2117982099982,18.51));
#14952=CARTESIAN_POINT('Ctrl Pts',(-62.0770098044907,23.0551798500481,18.51));
#14953=CARTESIAN_POINT('Ctrl Pts',(-62.1441486013521,23.1222917627143,18.51));
#14954=CARTESIAN_POINT('Ctrl Pts',(-62.1441486013521,23.2117982099983,18.51));
#14955=CARTESIAN_POINT('',(-62.1441486013521,25.0615383778773,18.51));
#14956=CARTESIAN_POINT('',(-62.1441486013521,11.6058991050021,18.51));
#14957=CARTESIAN_POINT('',(-62.0844791300625,25.2330774661742,18.51));
#14958=CARTESIAN_POINT('Ctrl Pts',(-62.1441486013521,25.0615383778773,18.51));
#14959=CARTESIAN_POINT('Ctrl Pts',(-62.1441486013521,25.1734035141854,18.51));
#14960=CARTESIAN_POINT('Ctrl Pts',(-62.0844791300625,25.2330774661742,18.51));
#14961=CARTESIAN_POINT('',(-61.1894437817678,26.1206591713444,18.51));
#14962=CARTESIAN_POINT('',(-52.7416137294775,34.4981376889082,18.51));
#14963=CARTESIAN_POINT('',(-61.0328007779721,26.1803241619347,18.51));
#14964=CARTESIAN_POINT('Ctrl Pts',(-61.1894437817678,26.1206591713444,18.51));
#14965=CARTESIAN_POINT('Ctrl Pts',(-61.1446927984754,26.1803241619347,18.51));
#14966=CARTESIAN_POINT('Ctrl Pts',(-61.0328007779721,26.1803241619347,18.51));
#14967=CARTESIAN_POINT('',(-60.1377654296773,26.1803241619347,18.51));
#14968=CARTESIAN_POINT('',(-30.5164003889845,26.1803241619347,18.51));
#14969=CARTESIAN_POINT('',(-59.9736755038058,26.1206591713444,18.51));
#14970=CARTESIAN_POINT('Ctrl Pts',(-60.1377654296773,26.1803241619347,18.51));
#14971=CARTESIAN_POINT('Ctrl Pts',(-60.0333449750954,26.1803241619347,18.51));
#14972=CARTESIAN_POINT('Ctrl Pts',(-59.9736755038058,26.1206591713444,18.51));
#14973=CARTESIAN_POINT('',(-59.4142781310779,25.5538059151423,18.51));
#14974=CARTESIAN_POINT('',(-38.6491711305954,4.51193283445849,18.51));
#14975=CARTESIAN_POINT('',(-59.7349998589971,25.2405423110468,18.51));
#14976=CARTESIAN_POINT('',(-50.597969445348,34.1650984883883,18.51));
#14977=CARTESIAN_POINT('',(-60.2272696366117,25.7402746931844,18.51));
#14978=CARTESIAN_POINT('',(-38.7165021142192,3.90341290641518,18.51));
#14979=CARTESIAN_POINT('',(-60.9358406875635,25.7402746931844,18.51));
#14980=CARTESIAN_POINT('',(-30.1136348183045,25.7402746931848,18.51));
#14981=CARTESIAN_POINT('',(-61.6966208456315,24.9720319305934,18.51));
#14982=CARTESIAN_POINT('',(-52.2853419127419,34.4756274834513,18.51));
#14983=CARTESIAN_POINT('',(-61.6966208456315,23.3087605407564,18.51));
#14984=CARTESIAN_POINT('',(-61.6966208456315,12.4860159652995,18.51));
#14985=CARTESIAN_POINT('',(-60.9358406875635,22.5554385065122,18.51));
#14986=CARTESIAN_POINT('',(-40.293610174822,2.11556909576656,18.51));
#14987=CARTESIAN_POINT('',(-30.4679203437803,22.5554385065123,18.51));
#14988=CARTESIAN_POINT('',(59.3411318161118,-24.0073465485973,18.51));
#14989=CARTESIAN_POINT('',(59.7572165074721,-24.2013700266196,18.51));
#14990=CARTESIAN_POINT('',(30.3722391886447,-10.4989300681395,18.51));
#14991=CARTESIAN_POINT('',(58.4119755982529,-27.0862484661928,18.51));
#14992=CARTESIAN_POINT('',(59.0555432268848,-25.7061132327757,18.51));
#14993=CARTESIAN_POINT('',(54.6047648445967,-25.3109169355528,18.51));
#14994=CARTESIAN_POINT('',(29.2350406251057,-13.4808202467238,18.51));
#14995=CARTESIAN_POINT('',(55.9500057538159,-22.4260384959797,18.51));
#14996=CARTESIAN_POINT('',(54.575712018619,-25.3732209219224,18.51));
#14997=CARTESIAN_POINT('',(56.37303102245,-22.6232984183368,18.51));
#14998=CARTESIAN_POINT('',(28.6766761574968,-9.70827604183065,18.51));
#14999=CARTESIAN_POINT('',(55.2185820035275,-25.0990223287917,18.51));
#15000=CARTESIAN_POINT('',(55.6713577418627,-24.128041624493,18.51));
#15001=CARTESIAN_POINT('',(56.4737849869077,-25.6843330924809,18.51));
#15002=CARTESIAN_POINT('',(27.7337397728913,-12.2826299134641,18.51));
#15003=CARTESIAN_POINT('',(57.2434176661894,-24.033850485511,18.51));
#15004=CARTESIAN_POINT('',(56.3493362157817,-25.9512143434094,18.51));
#15005=CARTESIAN_POINT('',(57.6664429348235,-24.2311104078682,18.51));
#15006=CARTESIAN_POINT('',(29.130973943863,-10.924802688339,18.51));
#15007=CARTESIAN_POINT('',(56.8968102555418,-25.8815930148381,18.51));
#15008=CARTESIAN_POINT('',(57.1571778240565,-25.323232962282,18.51));
#15009=CARTESIAN_POINT('',(58.1866827971893,-26.4830704590521,18.51));
#15010=CARTESIAN_POINT('',(28.5728538988984,-12.6739152564875,18.51));
#15011=CARTESIAN_POINT('',(58.0622340260632,-26.7499517099809,18.51));
#15012=CARTESIAN_POINT('',(67.1431989183222,-8.36214489191082,18.51));
#15013=CARTESIAN_POINT('',(66.727114226962,-8.16812141388847,18.51));
#15014=CARTESIAN_POINT('',(37.9662514471369,5.24328915548928,18.51));
#15015=CARTESIAN_POINT('',(66.9179051459368,-7.75896896777656,18.51));
#15016=CARTESIAN_POINT('',(62.3324622389877,-17.5924830153301,18.51));
#15017=CARTESIAN_POINT('',(63.94284711095,-6.37167662260667,18.51));
#15018=CARTESIAN_POINT('',(37.9490000204314,5.7494533406122,18.51));
#15019=CARTESIAN_POINT('',(63.7520561919752,-6.78082906871859,18.51));
#15020=CARTESIAN_POINT('',(59.4527996634885,-16.0006144471042,18.51));
#15021=CARTESIAN_POINT('',(63.3429037458633,-6.59003814974375,18.51));
#15022=CARTESIAN_POINT('',(36.2706800839634,6.03394706708543,18.51));
#15023=CARTESIAN_POINT('',(64.2030811034175,-4.74538185360318,18.51));
#15024=CARTESIAN_POINT('',(58.9482517578892,-16.0143997511853,18.51));
#15025=CARTESIAN_POINT('',(64.333419461051,-4.62884661976053,18.51));
#15026=CARTESIAN_POINT('Ctrl Pts',(64.2030811034175,-4.74538185360318,18.51));
#15027=CARTESIAN_POINT('Ctrl Pts',(64.2418854104932,-4.66216574853368,18.51));
#15028=CARTESIAN_POINT('Ctrl Pts',(64.333419461051,-4.62884661976053,18.51));
#15029=CARTESIAN_POINT('',(65.5675125076257,-4.19118486444151,18.51));
#15030=CARTESIAN_POINT('',(36.4894707335074,-14.5034922219966,18.51));
#15031=CARTESIAN_POINT('',(65.7422648866221,-4.19667615140053,18.51));
#15032=CARTESIAN_POINT('Ctrl Pts',(65.5675125076257,-4.19118486444151,18.51));
#15033=CARTESIAN_POINT('Ctrl Pts',(65.6590446155398,-4.15786990168113,18.51));
#15034=CARTESIAN_POINT('Ctrl Pts',(65.7422648866221,-4.19667615140053,18.51));
#15035=CARTESIAN_POINT('',(67.4343576291331,-4.98571195554191,18.51));
#15036=CARTESIAN_POINT('',(37.9384102281663,8.76847420206593,18.51));
#15037=CARTESIAN_POINT('',(67.5578167761986,-5.11927898693561,18.51));
#15038=CARTESIAN_POINT('Ctrl Pts',(67.4343576291331,-4.98571195554191,18.51));
#15039=CARTESIAN_POINT('Ctrl Pts',(67.5245184774893,-5.02775464959614,18.51));
#15040=CARTESIAN_POINT('Ctrl Pts',(67.5578167761986,-5.11927898693561,18.51));
#15041=CARTESIAN_POINT('',(67.9987110905651,-6.34643978826202,18.51));
#15042=CARTESIAN_POINT('',(62.881558165354,7.89636008370763,18.51));
#15043=CARTESIAN_POINT('',(68.0001437168289,-6.52442084101859,18.51));
#15044=CARTESIAN_POINT('Ctrl Pts',(67.9987110905651,-6.34643978826202,18.51));
#15045=CARTESIAN_POINT('Ctrl Pts',(68.0357212927881,-6.44812448315913,18.51));
#15046=CARTESIAN_POINT('Ctrl Pts',(68.0001437168289,-6.52442084101859,18.51));
#15047=CARTESIAN_POINT('',(63.1770193296016,-16.8676444679061,18.51));
#15048=CARTESIAN_POINT('',(62.7786206633658,-12.0005495687831,18.51));
#15049=CARTESIAN_POINT('',(63.2403190741811,-13.2374140155457,18.51));
#15050=CARTESIAN_POINT('',(56.9739000996366,3.54997501714925,18.51));
#15051=CARTESIAN_POINT('',(63.2486765849895,-13.4186216590561,18.51));
#15052=CARTESIAN_POINT('Ctrl Pts',(63.2403190741811,-13.2374140155457,18.51));
#15053=CARTESIAN_POINT('Ctrl Pts',(63.2810245158667,-13.3492512974258,18.51));
#15054=CARTESIAN_POINT('Ctrl Pts',(63.2486765849895,-13.4186216590561,18.51));
#15055=CARTESIAN_POINT('',(62.579336511567,-14.8540913388062,18.51));
#15056=CARTESIAN_POINT('',(60.1705357305817,-20.0200161399057,18.51));
#15057=CARTESIAN_POINT('',(63.8484039854439,-15.4458672205905,18.51));
#15058=CARTESIAN_POINT('',(34.0334733187469,-1.54293672334929,18.51));
#15059=CARTESIAN_POINT('',(63.6575868407797,-15.8550759078748,18.51));
#15060=CARTESIAN_POINT('',(61.1045989224822,-21.329976166641,18.51));
#15061=CARTESIAN_POINT('',(59.8503760871235,-14.0797443772348,18.51));
#15062=CARTESIAN_POINT('',(34.4771899110211,-2.24803335152569,18.51));
#15063=CARTESIAN_POINT('',(60.7105544159995,-12.2350859980879,18.51));
#15064=CARTESIAN_POINT('',(57.2019795964937,-19.7592489796435,18.51));
#15065=CARTESIAN_POINT('',(60.8339428930117,-12.1153125176295,18.51));
#15066=CARTESIAN_POINT('Ctrl Pts',(60.7105544159995,-12.2350859980879,18.51));
#15067=CARTESIAN_POINT('Ctrl Pts',(60.7525980813755,-12.1449230667253,18.51));
#15068=CARTESIAN_POINT('Ctrl Pts',(60.8339428930117,-12.1153125176295,18.51));
#15069=CARTESIAN_POINT('',(62.0472382325196,-11.6679551681743,18.51));
#15070=CARTESIAN_POINT('',(36.0234660945863,-21.2632493618972,18.51));
#15071=CARTESIAN_POINT('',(62.2150417022166,-11.6702061255112,18.51));
#15072=CARTESIAN_POINT('Ctrl Pts',(62.0472382325196,-11.6679551681743,18.51));
#15073=CARTESIAN_POINT('Ctrl Pts',(62.1387453443571,-11.634628549552,18.51));
#15074=CARTESIAN_POINT('Ctrl Pts',(62.2150417022166,-11.6702061255112,18.51));
#15075=CARTESIAN_POINT('',(62.6588720386213,-11.8771676102982,18.51));
#15076=CARTESIAN_POINT('',(34.4285426529583,1.28685117447463,18.51));
#15077=CARTESIAN_POINT('Ctrl Pts',(62.6588720386213,-11.8771676102982,18.51));
#15078=CARTESIAN_POINT('Ctrl Pts',(62.7490162229264,-11.9192025337778,18.51));
#15079=CARTESIAN_POINT('Ctrl Pts',(62.7786206633658,-12.0005495687831,18.51));
#15080=CARTESIAN_POINT('',(58.0041211611121,-27.9429703492343,18.51));
#15081=CARTESIAN_POINT('',(57.8100957404461,-28.3590592066073,18.51));
#15082=CARTESIAN_POINT('',(58.1755627591827,-27.5753126557088,18.51));
#15083=CARTESIAN_POINT('',(54.7171728721865,-26.9168055870551,18.51));
#15084=CARTESIAN_POINT('',(28.6365935618209,-14.7552317255129,18.51));
#15085=CARTESIAN_POINT('',(55.2093038962941,-28.1425294778848,18.51));
#15086=CARTESIAN_POINT('',(46.2656892889451,-5.86715654345462,18.51));
#15087=CARTESIAN_POINT('',(55.7363461717556,-28.3882933271039,18.51));
#15088=CARTESIAN_POINT('',(27.1454067207701,-15.0561193072636,18.51));
#15089=CARTESIAN_POINT('',(55.5390872207202,-28.8113165127317,18.51));
#15090=CARTESIAN_POINT('',(56.195591399134,-27.4034387587799,18.51));
#15091=CARTESIAN_POINT('',(55.0120449452588,-28.5655526635126,18.51));
#15092=CARTESIAN_POINT('',(27.2116689074654,-15.6020244175009,18.51));
#15093=CARTESIAN_POINT('',(53.7737806385917,-28.9759403476787,18.51));
#15094=CARTESIAN_POINT('',(34.4934180184286,-35.3658712557807,18.51));
#15095=CARTESIAN_POINT('',(56.8528306843291,-30.4117249638486,18.51));
#15096=CARTESIAN_POINT('',(26.1398409769501,-16.0900226584622,18.51));
#15097=CARTESIAN_POINT('',(56.658805749324,-30.8278127797184,18.51));
#15098=CARTESIAN_POINT('',(57.5998800266763,-28.809672479223,18.51));
#15099=CARTESIAN_POINT('',(53.080450741144,-29.1591984358068,18.51));
#15100=CARTESIAN_POINT('',(27.4853410648137,-17.2240027824168,18.51));
#15101=CARTESIAN_POINT('',(52.9477143339263,-28.9368902045221,18.51));
#15102=CARTESIAN_POINT('Ctrl Pts',(53.080450741144,-29.1591984358068,18.51));
#15103=CARTESIAN_POINT('Ctrl Pts',(52.941755844024,-29.0945239431327,18.51));
#15104=CARTESIAN_POINT('Ctrl Pts',(52.9477143339263,-28.9368902045221,18.51));
#15105=CARTESIAN_POINT('',(52.9625388527018,-28.8509330207855,18.51));
#15106=CARTESIAN_POINT('Ctrl Pts',(52.9477143339263,-28.9368902045221,18.51));
#15107=CARTESIAN_POINT('Ctrl Pts',(52.9463702295333,-28.8856067450655,18.51));
#15108=CARTESIAN_POINT('Ctrl Pts',(52.9625388527018,-28.8509330207855,18.51));
#15109=CARTESIAN_POINT('',(53.0997952956271,-28.7376389587414,18.51));
#15110=CARTESIAN_POINT('Ctrl Pts',(52.9625388527018,-28.8509330207855,18.51));
#15111=CARTESIAN_POINT('Ctrl Pts',(52.9981101150691,-28.7746502024675,18.51));
#15112=CARTESIAN_POINT('Ctrl Pts',(53.0997952956271,-28.7376389587414,18.51));
#15113=CARTESIAN_POINT('',(54.7175267390343,-28.1833765182597,18.51));
#15114=CARTESIAN_POINT('',(33.7449032428984,-35.3689557623574,18.51));
#15115=CARTESIAN_POINT('',(54.1013204585884,-26.5536419484181,18.51));
#15116=CARTESIAN_POINT('',(46.6338382054771,-6.80373941777868,18.51));
#15117=CARTESIAN_POINT('',(54.1137548269159,-26.3821423970822,18.51));
#15118=CARTESIAN_POINT('Ctrl Pts',(54.1013204585884,-26.5536419484181,18.51));
#15119=CARTESIAN_POINT('Ctrl Pts',(54.071716018149,-26.4722949134128,18.51));
#15120=CARTESIAN_POINT('Ctrl Pts',(54.1137548269159,-26.3821423970822,18.51));
#15121=CARTESIAN_POINT('',(54.1215815501687,-26.3562432713017,18.51));
#15122=CARTESIAN_POINT('Ctrl Pts',(54.1137548269159,-26.3821423970822,18.51));
#15123=CARTESIAN_POINT('Ctrl Pts',(54.1169932138944,-26.3751976537955,18.51));
#15124=CARTESIAN_POINT('Ctrl Pts',(54.1215815501687,-26.3562432713017,18.51));
#15125=CARTESIAN_POINT('',(54.1310255242671,-26.3268759398907,18.51));
#15126=CARTESIAN_POINT('Ctrl Pts',(54.1215815501687,-26.3562432713017,18.51));
#15127=CARTESIAN_POINT('Ctrl Pts',(54.1261776570177,-26.3372722247569,18.51));
#15128=CARTESIAN_POINT('Ctrl Pts',(54.1310255242671,-26.3268759398907,18.51));
#15129=CARTESIAN_POINT('',(54.1493339356478,-26.3058645055547,18.51));
#15130=CARTESIAN_POINT('Ctrl Pts',(54.1310255242671,-26.3268759398907,18.51));
#15131=CARTESIAN_POINT('Ctrl Pts',(54.1326447177564,-26.3234035682474,18.51));
#15132=CARTESIAN_POINT('Ctrl Pts',(54.1493339356478,-26.3058645055547,18.51));
#15133=CARTESIAN_POINT('',(54.41189333041,-26.2678870019404,18.51));
#15134=CARTESIAN_POINT('Ctrl Pts',(54.1493339356478,-26.3058645055547,18.51));
#15135=CARTESIAN_POINT('Ctrl Pts',(54.2662495239905,-26.1999721796441,18.51));
#15136=CARTESIAN_POINT('Ctrl Pts',(54.41189333041,-26.2678870019404,18.51));
#15137=CARTESIAN_POINT('',(27.0345050671358,-13.5016011944929,18.51));
#15138=CARTESIAN_POINT('',(-55.0136602243461,22.0930034645424,18.51));
#15139=CARTESIAN_POINT('',(-55.4611790186683,22.0930034645424,18.51));
#15140=CARTESIAN_POINT('',(-27.5068301121717,22.0930034645427,18.51));
#15141=CARTESIAN_POINT('',(-55.4611790186683,23.5474384259147,18.51));
#15142=CARTESIAN_POINT('',(-55.4611790186683,11.0465017322742,18.51));
#15143=CARTESIAN_POINT('',(-57.6763963784582,23.5474473873131,18.51));
#15144=CARTESIAN_POINT('',(-27.7305418806055,23.5473262449197,18.51));
#15145=CARTESIAN_POINT('',(-57.6763963784582,22.0930124259408,18.51));
#15146=CARTESIAN_POINT('',(-57.6763963784582,11.7737236936596,18.51));
#15147=CARTESIAN_POINT('',(-58.1164548086069,22.0930124259408,18.51));
#15148=CARTESIAN_POINT('',(-28.8381981892278,22.0930124259414,18.51));
#15149=CARTESIAN_POINT('',(-58.1164548086069,24.6140330256527,18.51));
#15150=CARTESIAN_POINT('',(-58.1164548086069,11.0465062129734,18.51));
#15151=CARTESIAN_POINT('',(-58.0493160117456,24.7632044635271,18.51));
#15152=CARTESIAN_POINT('Ctrl Pts',(-58.1164548086069,24.6140330256527,18.51));
#15153=CARTESIAN_POINT('Ctrl Pts',(-58.1164548086069,24.6960656666657,18.51));
#15154=CARTESIAN_POINT('Ctrl Pts',(-58.0493160117456,24.7632044635271,18.51));
#15155=CARTESIAN_POINT('',(-56.7291362406,26.113221210667,18.51));
#15156=CARTESIAN_POINT('',(-50.0505255650695,32.9427731070502,18.51));
#15157=CARTESIAN_POINT('',(-56.5799625623761,26.1803600075284,18.51));
#15158=CARTESIAN_POINT('Ctrl Pts',(-56.7291362406,26.113221210667,18.51));
#15159=CARTESIAN_POINT('Ctrl Pts',(-56.6732014320964,26.1803600075284,18.51));
#15160=CARTESIAN_POINT('Ctrl Pts',(-56.5799625623761,26.1803600075284,18.51));
#15161=CARTESIAN_POINT('',(-56.4084257144288,26.113221210667,18.51));
#15162=CARTESIAN_POINT('Ctrl Pts',(-56.5799625623761,26.1803600075284,18.51));
#15163=CARTESIAN_POINT('Ctrl Pts',(-56.4755421077941,26.1803600075284,18.51));
#15164=CARTESIAN_POINT('Ctrl Pts',(-56.4084257144288,26.113221210667,18.51));
#15165=CARTESIAN_POINT('',(-55.0733296956357,24.7557485800529,18.51));
#15166=CARTESIAN_POINT('',(-36.0132908036758,5.37625768945404,18.51));
#15167=CARTESIAN_POINT('',(-55.0136602243461,24.5991033359076,18.51));
#15168=CARTESIAN_POINT('Ctrl Pts',(-55.0733296956357,24.7557485800529,18.51));
#15169=CARTESIAN_POINT('Ctrl Pts',(-55.0136602243461,24.6960835894625,18.51));
#15170=CARTESIAN_POINT('Ctrl Pts',(-55.0136602243461,24.5991033359076,18.51));
#15171=CARTESIAN_POINT('',(-55.0136602243461,12.2995516679568,18.51));
#15172=CARTESIAN_POINT('',(-46.9582636774573,22.0930034645424,18.51));
#15173=CARTESIAN_POINT('',(-47.4057824717795,22.0930034645424,18.51));
#15174=CARTESIAN_POINT('',(-23.4791318387273,22.0930034645427,18.51));
#15175=CARTESIAN_POINT('',(-47.4057824717795,23.5474384259147,18.51));
#15176=CARTESIAN_POINT('',(-47.4057824717795,11.0465017322742,18.51));
#15177=CARTESIAN_POINT('',(-49.6209998315694,23.5474473873131,18.51));
#15178=CARTESIAN_POINT('',(-23.7028436070951,23.5473425384942,18.51));
#15179=CARTESIAN_POINT('',(-49.6209998315694,22.0930124259408,18.51));
#15180=CARTESIAN_POINT('',(-49.6209998315694,11.7737236936596,18.51));
#15181=CARTESIAN_POINT('',(-50.0610582617181,22.0930124259408,18.51));
#15182=CARTESIAN_POINT('',(-24.8104999157834,22.0930124259413,18.51));
#15183=CARTESIAN_POINT('',(-50.0610582617181,24.6140330256527,18.51));
#15184=CARTESIAN_POINT('',(-50.0610582617181,11.0465062129734,18.51));
#15185=CARTESIAN_POINT('',(-49.9939194648568,24.7632044635271,18.51));
#15186=CARTESIAN_POINT('Ctrl Pts',(-50.0610582617181,24.6140330256527,18.51));
#15187=CARTESIAN_POINT('Ctrl Pts',(-50.0610582617181,24.6960656666657,18.51));
#15188=CARTESIAN_POINT('Ctrl Pts',(-49.9939194648568,24.7632044635271,18.51));
#15189=CARTESIAN_POINT('',(-48.6737396937112,26.113221210667,18.51));
#15190=CARTESIAN_POINT('',(-43.9639779712887,30.9294268057519,18.51));
#15191=CARTESIAN_POINT('',(-48.5245682558369,26.1803600075284,18.51));
#15192=CARTESIAN_POINT('Ctrl Pts',(-48.6737396937112,26.113221210667,18.51));
#15193=CARTESIAN_POINT('Ctrl Pts',(-48.6178071255572,26.1803600075284,18.51));
#15194=CARTESIAN_POINT('Ctrl Pts',(-48.5245682558369,26.1803600075284,18.51));
#15195=CARTESIAN_POINT('',(-48.35302916754,26.113221210667,18.51));
#15196=CARTESIAN_POINT('Ctrl Pts',(-48.5245682558369,26.1803600075284,18.51));
#15197=CARTESIAN_POINT('Ctrl Pts',(-48.4201455609054,26.1803600075284,18.51));
#15198=CARTESIAN_POINT('Ctrl Pts',(-48.35302916754,26.113221210667,18.51));
#15199=CARTESIAN_POINT('',(-47.0179331487469,24.7557485800529,18.51));
#15200=CARTESIAN_POINT('',(-29.9382734885841,7.389828674282,18.51));
#15201=CARTESIAN_POINT('',(-46.9582636774573,24.5991033359076,18.51));
#15202=CARTESIAN_POINT('Ctrl Pts',(-47.0179331487469,24.7557485800529,18.51));
#15203=CARTESIAN_POINT('Ctrl Pts',(-46.9582636774573,24.6960835894625,18.51));
#15204=CARTESIAN_POINT('Ctrl Pts',(-46.9582636774573,24.5991033359076,18.51));
#15205=CARTESIAN_POINT('',(-46.9582636774573,12.2995516679568,18.51));
#15206=CARTESIAN_POINT('',(-63.069005243194,22.5405267395638,18.51));
#15207=CARTESIAN_POINT('',(-63.069005243194,22.0930124259408,18.51));
#15208=CARTESIAN_POINT('',(-63.069005243194,11.2702633697849,18.51));
#15209=CARTESIAN_POINT('',(-66.1717975871053,22.0930124259408,18.51));
#15210=CARTESIAN_POINT('',(-31.5345026215956,22.093012425941,18.51));
#15211=CARTESIAN_POINT('',(-66.1717975871053,26.1878069296042,18.51));
#15212=CARTESIAN_POINT('',(-66.1717975871053,11.0465062129735,18.51));
#15213=CARTESIAN_POINT('',(-63.069005243194,26.1878069296042,18.51));
#15214=CARTESIAN_POINT('',(-33.0858987935511,26.1878069296042,18.51));
#15215=CARTESIAN_POINT('',(-63.069005243194,25.7328277711086,18.51));
#15216=CARTESIAN_POINT('',(-63.0690052431943,13.0939034648057,18.51));
#15217=CARTESIAN_POINT('',(-65.7317369166069,25.7328277711086,18.51));
#15218=CARTESIAN_POINT('',(-31.5345026215955,25.7328277711086,18.51));
#15219=CARTESIAN_POINT('',(-65.7317369166069,24.3828110239687,18.51));
#15220=CARTESIAN_POINT('',(-65.7317369166069,12.8664138855573,18.51));
#15221=CARTESIAN_POINT('',(-63.956582467665,24.3828110239687,18.51));
#15222=CARTESIAN_POINT('',(-32.8658684583019,24.3828110239687,18.51));
#15223=CARTESIAN_POINT('',(-63.956582467665,23.9278318654731,18.51));
#15224=CARTESIAN_POINT('',(-63.956582467665,12.1914055119873,18.51));
#15225=CARTESIAN_POINT('',(-65.7317369166069,23.9278318654731,18.51));
#15226=CARTESIAN_POINT('',(-31.978291233831,23.9278318654731,18.51));
#15227=CARTESIAN_POINT('',(-65.7317369166069,22.5405267395638,18.51));
#15228=CARTESIAN_POINT('',(-65.7317369166069,11.9639159327395,18.51));
#15229=CARTESIAN_POINT('',(-32.865868458302,22.540526739564,18.51));
#15230=CARTESIAN_POINT('',(60.6919084457285,-21.0743991044071,18.51));
#15231=CARTESIAN_POINT('',(59.7695782146519,-20.6443094543082,18.51));
#15232=CARTESIAN_POINT('',(31.7299480635098,-7.5692151829968,18.51));
#15233=CARTESIAN_POINT('',(59.3815283446417,-21.4764850860479,18.51));
#15234=CARTESIAN_POINT('',(58.3855843740078,-23.612293823512,18.51));
#15235=CARTESIAN_POINT('',(58.9931774908839,-21.2953814291837,18.51));
#15236=CARTESIAN_POINT('',(30.8811579537407,-8.18561357171143,18.51));
#15237=CARTESIAN_POINT('',(59.7628101701656,-19.6448988222138,18.51));
#15238=CARTESIAN_POINT('',(57.8032061569405,-23.8472831900334,18.51));
#15239=CARTESIAN_POINT('',(60.151157548507,-19.8259881787587,18.51));
#15240=CARTESIAN_POINT('',(31.4561927586686,-6.44530634676915,18.51));
#15241=CARTESIAN_POINT('',(59.9603656582103,-20.235142707877,18.51));
#15242=CARTESIAN_POINT('',(58.5763698749225,-23.2031312430938,18.51));
#15243=CARTESIAN_POINT('',(61.2987805806472,-20.8592558359983,18.51));
#15244=CARTESIAN_POINT('',(31.4595745575426,-6.94500555415999,18.51));
#15245=CARTESIAN_POINT('',(60.6293951133897,-22.2947576030206,18.51));
#15246=CARTESIAN_POINT('',(59.8193888522113,-24.0318216357738,18.51));
#15247=CARTESIAN_POINT('',(60.5060066363775,-22.414531083479,18.51));
#15248=CARTESIAN_POINT('Ctrl Pts',(60.6293951133897,-22.2947576030206,18.51));
#15249=CARTESIAN_POINT('Ctrl Pts',(60.5873514480137,-22.3849205343831,18.51));
#15250=CARTESIAN_POINT('Ctrl Pts',(60.5060066363775,-22.414531083479,18.51));
#15251=CARTESIAN_POINT('',(59.2927112968696,-22.8618884329342,18.51));
#15252=CARTESIAN_POINT('',(37.5113633044551,-30.8929471439973,18.51));
#15253=CARTESIAN_POINT('',(59.1179839139498,-22.8564088018371,18.51));
#15254=CARTESIAN_POINT('Ctrl Pts',(59.2927112968696,-22.8618884329342,18.51));
#15255=CARTESIAN_POINT('Ctrl Pts',(59.2012041850321,-22.8952150515565,18.51));
#15256=CARTESIAN_POINT('Ctrl Pts',(59.1179839139498,-22.8564088018371,18.51));
#15257=CARTESIAN_POINT('',(57.3981538584199,-22.0544388762183,18.51));
#15258=CARTESIAN_POINT('',(30.4611548050029,-9.49350992989609,18.51));
#15259=CARTESIAN_POINT('',(57.2645324111531,-21.9245879143511,18.51));
#15260=CARTESIAN_POINT('Ctrl Pts',(57.3981538584199,-22.0544388762183,18.51));
#15261=CARTESIAN_POINT('Ctrl Pts',(57.2941451836181,-22.0059388346437,18.51));
#15262=CARTESIAN_POINT('Ctrl Pts',(57.2645324111531,-21.9245879143511,18.51));
#15263=CARTESIAN_POINT('',(56.8273368116656,-20.7075940003269,18.51));
#15264=CARTESIAN_POINT('',(50.5037852167247,-3.10512083938549,18.51));
#15265=CARTESIAN_POINT('',(56.8397760366022,-20.5360840339591,18.51));
#15266=CARTESIAN_POINT('Ctrl Pts',(56.8273368116656,-20.7075940003269,18.51));
#15267=CARTESIAN_POINT('Ctrl Pts',(56.7912643391657,-20.6401177048375,18.51));
#15268=CARTESIAN_POINT('Ctrl Pts',(56.8397760366022,-20.5360840339591,18.51));
#15269=CARTESIAN_POINT('',(57.2278259066124,-19.7039084022194,18.51));
#15270=CARTESIAN_POINT('',(55.6966962352842,-22.9874265785803,18.51));
#15271=CARTESIAN_POINT('',(57.3544430573848,-19.5772110085382,18.51));
#15272=CARTESIAN_POINT('Ctrl Pts',(57.2278259066124,-19.7039084022194,18.51));
#15273=CARTESIAN_POINT('Ctrl Pts',(57.2730982457487,-19.6068215576341,18.51));
#15274=CARTESIAN_POINT('Ctrl Pts',(57.3544430573848,-19.5772110085382,18.51));
#15275=CARTESIAN_POINT('',(58.1240166230179,-19.3028648275442,18.51));
#15276=CARTESIAN_POINT('',(35.0068394891307,-27.5439343565198,18.51));
#15277=CARTESIAN_POINT('',(58.2762277206804,-19.7368797612919,18.51));
#15278=CARTESIAN_POINT('',(51.9269650847579,-1.63258352668333,18.51));
#15279=CARTESIAN_POINT('',(57.5981647423012,-19.9779136239828,18.51));
#15280=CARTESIAN_POINT('',(35.5214282505909,-27.825622821919,18.51));
#15281=CARTESIAN_POINT('',(57.2909579881337,-20.6367206343224,18.51));
#15282=CARTESIAN_POINT('',(56.2804626451768,-22.803734890436,18.51));
#15283=CARTESIAN_POINT('',(57.6754034354555,-21.6771479365392,18.51));
#15284=CARTESIAN_POINT('',(50.4950096817932,-2.24479998178799,18.51));
#15285=CARTESIAN_POINT('',(59.2218607035725,-22.3982728036716,18.51));
#15286=CARTESIAN_POINT('',(29.8368792187324,-8.69583090254774,18.51));
#15287=CARTESIAN_POINT('',(60.2521182045216,-22.017532320248,18.51));
#15288=CARTESIAN_POINT('',(36.8104699394136,-30.6805942096127,18.51));
#15289=CARTESIAN_POINT('',(59.0880194844812,-24.513950081531,18.51));
#15290=CARTESIAN_POINT('',(66.7421681518069,-9.2221146392927,18.51));
#15291=CARTESIAN_POINT('',(66.5481427311409,-9.63820349666573,18.51));
#15292=CARTESIAN_POINT('',(62.5480232150655,-18.2164874817553,18.51));
#15293=CARTESIAN_POINT('',(65.1958549861817,-9.00762136516212,18.51));
#15294=CARTESIAN_POINT('',(37.3712035919809,3.96722666544691,18.51));
#15295=CARTESIAN_POINT('',(64.235421113256,-11.0672566989694,18.51));
#15296=CARTESIAN_POINT('',(61.0986334516493,-17.7940485006945,18.51));
#15297=CARTESIAN_POINT('',(65.5877088582152,-11.697838830473,18.51));
#15298=CARTESIAN_POINT('',(35.7346300125883,2.22288045474773,18.51));
#15299=CARTESIAN_POINT('',(65.3969179392403,-12.1069912765849,18.51));
#15300=CARTESIAN_POINT('',(61.9707894022563,-19.4543476347024,18.51));
#15301=CARTESIAN_POINT('',(63.0529525146445,-11.0139822486453,18.51));
#15302=CARTESIAN_POINT('',(36.2199829660931,1.49843694288408,18.51));
#15303=CARTESIAN_POINT('',(62.9433661901012,-10.886884220634,18.51));
#15304=CARTESIAN_POINT('Ctrl Pts',(63.0529525146445,-11.0139822486453,18.51));
#15305=CARTESIAN_POINT('Ctrl Pts',(62.9766811528616,-10.9784163285481,18.51));
#15306=CARTESIAN_POINT('Ctrl Pts',(62.9433661901012,-10.886884220634,18.51));
#15307=CARTESIAN_POINT('',(62.2605379062892,-9.07411195259625,18.51));
#15308=CARTESIAN_POINT('',(57.2372089378139,4.26181988145953,18.51));
#15309=CARTESIAN_POINT('',(62.2627888636261,-8.90630848289931,18.51));
#15310=CARTESIAN_POINT('Ctrl Pts',(62.2605379062892,-9.07411195259625,18.51));
#15311=CARTESIAN_POINT('Ctrl Pts',(62.2223643917393,-8.99299904261851,18.51));
#15312=CARTESIAN_POINT('Ctrl Pts',(62.2627888636261,-8.90630848289931,18.51));
#15313=CARTESIAN_POINT('',(62.39958456878,-8.77592542261105,18.51));
#15314=CARTESIAN_POINT('Ctrl Pts',(62.2627888636261,-8.90630848289931,18.51));
#15315=CARTESIAN_POINT('Ctrl Pts',(62.3080621740842,-8.80921955530758,18.51));
#15316=CARTESIAN_POINT('Ctrl Pts',(62.39958456878,-8.77592542261105,18.51));
#15317=CARTESIAN_POINT('',(64.2405615577154,-8.12313858448977,18.51));
#15318=CARTESIAN_POINT('',(36.0666072930199,-18.1132615639516,18.51));
#15319=CARTESIAN_POINT('',(64.4120755497332,-8.13557461473545,18.51));
#15320=CARTESIAN_POINT('Ctrl Pts',(64.2405615577154,-8.12313858448977,18.51));
#15321=CARTESIAN_POINT('Ctrl Pts',(64.3219063693516,-8.09352803539391,18.51));
#15322=CARTESIAN_POINT('Ctrl Pts',(64.4120755497332,-8.13557461473545,18.51));
#15323=CARTESIAN_POINT('',(36.4001827116101,4.92658553509854,18.51));
#15324=CARTESIAN_POINT('',(63.2496853254512,-16.7117682301732,18.51));
#15325=CARTESIAN_POINT('',(63.0556599047852,-17.1278570875463,18.51));
#15326=CARTESIAN_POINT('',(60.8017818018882,-21.9613142771946,18.51));
#15327=CARTESIAN_POINT('',(61.7033721598261,-16.4972749560427,18.51));
#15328=CARTESIAN_POINT('',(33.8787207656252,-3.52242692543365,18.51));
#15329=CARTESIAN_POINT('',(60.7429382869003,-18.5569102898499,18.51));
#15330=CARTESIAN_POINT('',(59.3524071876944,-21.538882360408,18.51));
#15331=CARTESIAN_POINT('',(62.0952260318595,-19.1874924213535,18.51));
#15332=CARTESIAN_POINT('',(32.2421471862327,-5.26677313613282,18.51));
#15333=CARTESIAN_POINT('',(61.9044351128846,-19.5966448674655,18.51));
#15334=CARTESIAN_POINT('',(60.2245479890785,-23.1991744301427,18.51));
#15335=CARTESIAN_POINT('',(59.5604696882888,-18.5036358395259,18.51));
#15336=CARTESIAN_POINT('',(32.7275001397375,-5.99121664799646,18.51));
#15337=CARTESIAN_POINT('',(59.4508833637455,-18.3765378115145,18.51));
#15338=CARTESIAN_POINT('Ctrl Pts',(59.5604696882888,-18.5036358395259,18.51));
#15339=CARTESIAN_POINT('Ctrl Pts',(59.4841983265059,-18.4680699194286,18.51));
#15340=CARTESIAN_POINT('Ctrl Pts',(59.4508833637455,-18.3765378115145,18.51));
#15341=CARTESIAN_POINT('',(58.7680550799335,-16.5637655434768,18.51));
#15342=CARTESIAN_POINT('',(52.7263907444731,-0.524357364640873,18.51));
#15343=CARTESIAN_POINT('',(58.7703070085922,-16.3959599907735,18.51));
#15344=CARTESIAN_POINT('Ctrl Pts',(58.7680550799335,-16.5637655434768,18.51));
#15345=CARTESIAN_POINT('Ctrl Pts',(58.7298825367054,-16.4826505504927,18.51));
#15346=CARTESIAN_POINT('Ctrl Pts',(58.7703070085922,-16.3959599907735,18.51));
#15347=CARTESIAN_POINT('',(58.9071017424243,-16.2655790134916,18.51));
#15348=CARTESIAN_POINT('Ctrl Pts',(58.7703070085922,-16.3959599907735,18.51));
#15349=CARTESIAN_POINT('Ctrl Pts',(58.8155793477285,-16.2988731461881,18.51));
#15350=CARTESIAN_POINT('Ctrl Pts',(58.9071017424243,-16.2655790134916,18.51));
#15351=CARTESIAN_POINT('',(60.7480787313597,-15.6127921753703,18.51));
#15352=CARTESIAN_POINT('',(35.3048888040485,-24.634621130426,18.51));
#15353=CARTESIAN_POINT('',(60.9195927233775,-15.625228205616,18.51));
#15354=CARTESIAN_POINT('Ctrl Pts',(60.7480787313597,-15.6127921753703,18.51));
#15355=CARTESIAN_POINT('Ctrl Pts',(60.8294235429959,-15.5831816262745,18.51));
#15356=CARTESIAN_POINT('Ctrl Pts',(60.9195927233775,-15.625228205616,18.51));
#15357=CARTESIAN_POINT('',(32.9076998852544,-2.563068055782,18.51));
#15358=CARTESIAN_POINT('',(-67.0966766324432,22.1003966182278,18.51));
#15359=CARTESIAN_POINT('',(-67.5441954267654,22.1003966182278,18.51));
#15360=CARTESIAN_POINT('',(-33.5483383162201,22.1003966182278,18.51));
#15361=CARTESIAN_POINT('',(-67.5441954267654,25.4269483593001,18.51));
#15362=CARTESIAN_POINT('',(-67.5441954267654,11.0501983091169,18.51));
#15363=CARTESIAN_POINT('',(-68.4243122870629,24.4872381995994,18.51));
#15364=CARTESIAN_POINT('',(-58.1060045616448,35.5042054205378,18.51));
#15365=CARTESIAN_POINT('',(-68.4243122870629,23.9203849433973,18.51));
#15366=CARTESIAN_POINT('',(-68.4243122870629,12.2436190998027,18.51));
#15367=CARTESIAN_POINT('',(-68.8792892052089,23.9203849433973,18.51));
#15368=CARTESIAN_POINT('',(-34.2121561435296,23.9203849433963,18.51));
#15369=CARTESIAN_POINT('',(-68.8792892052089,24.4872381995994,18.51));
#15370=CARTESIAN_POINT('',(-68.8792892052087,11.9601924717011,18.51));
#15371=CARTESIAN_POINT('',(-69.7519501820323,25.4121082835389,18.51));
#15372=CARTESIAN_POINT('',(-46.5474302755124,0.819320426974275,18.51));
#15373=CARTESIAN_POINT('',(-69.7519501820323,22.1004772708134,18.51));
#15374=CARTESIAN_POINT('',(-69.7519501820323,12.7060541417725,18.51));
#15375=CARTESIAN_POINT('',(-70.1994678561797,22.1004772708134,18.51));
#15376=CARTESIAN_POINT('',(-34.8759750910148,22.1004772708138,18.51));
#15377=CARTESIAN_POINT('',(-70.1994678561797,25.9491290444459,18.51));
#15378=CARTESIAN_POINT('',(-70.1994678561797,11.0502386354097,18.51));
#15379=CARTESIAN_POINT('',(-70.0577534219543,26.157974434309,18.51));
#15380=CARTESIAN_POINT('Ctrl Pts',(-70.1994678561797,25.9491290444459,18.51));
#15381=CARTESIAN_POINT('Ctrl Pts',(-70.1994678561797,26.0983004823202,18.51));
#15382=CARTESIAN_POINT('Ctrl Pts',(-70.0577534219543,26.157974434309,18.51));
#15383=CARTESIAN_POINT('',(-69.9757084590186,26.1802883163411,18.51));
#15384=CARTESIAN_POINT('Ctrl Pts',(-70.0577534219543,26.157974434309,18.51));
#15385=CARTESIAN_POINT('Ctrl Pts',(-70.0130013184871,26.1802883163411,18.51));
#15386=CARTESIAN_POINT('Ctrl Pts',(-69.9757084590186,26.1802883163411,18.51));
#15387=CARTESIAN_POINT('',(-69.8190766569708,26.105702597404,18.51));
#15388=CARTESIAN_POINT('Ctrl Pts',(-69.9757084590186,26.1802883163411,18.51));
#15389=CARTESIAN_POINT('Ctrl Pts',(-69.8936634960828,26.1802883163411,18.51));
#15390=CARTESIAN_POINT('Ctrl Pts',(-69.8190766569709,26.105702597404,18.51));
#15391=CARTESIAN_POINT('',(-68.6629879318716,24.9048662495368,18.51));
#15392=CARTESIAN_POINT('',(-46.5051245955027,1.88935964721946,18.51));
#15393=CARTESIAN_POINT('',(-67.4770655913024,26.1206233257507,18.51));
#15394=CARTESIAN_POINT('',(-58.1479515496641,35.6844337228847,18.51));
#15395=CARTESIAN_POINT('',(-67.3204337892547,26.1802883163411,18.51));
#15396=CARTESIAN_POINT('Ctrl Pts',(-67.4770655913024,26.1206233257507,18.51));
#15397=CARTESIAN_POINT('Ctrl Pts',(-67.4173961200129,26.1802883163411,18.51));
#15398=CARTESIAN_POINT('Ctrl Pts',(-67.3204337892547,26.1802883163411,18.51));
#15399=CARTESIAN_POINT('',(-67.2943292356966,26.1840431422734,18.51));
#15400=CARTESIAN_POINT('Ctrl Pts',(-67.3204337892547,26.1802883163411,18.51));
#15401=CARTESIAN_POINT('Ctrl Pts',(-67.3129644636829,26.1802883163411,18.51));
#15402=CARTESIAN_POINT('Ctrl Pts',(-67.2943292356966,26.1840431422734,18.51));
#15403=CARTESIAN_POINT('',(-67.2644945000518,26.1877979682058,18.51));
#15404=CARTESIAN_POINT('Ctrl Pts',(-67.2943292356966,26.1840431422734,18.51));
#15405=CARTESIAN_POINT('Ctrl Pts',(-67.2756760849135,26.1877979682058,18.51));
#15406=CARTESIAN_POINT('Ctrl Pts',(-67.2644945000518,26.1877979682058,18.51));
#15407=CARTESIAN_POINT('',(-67.2383899464938,26.1802793549427,18.51));
#15408=CARTESIAN_POINT('Ctrl Pts',(-67.2644945000518,26.1877979682058,18.51));
#15409=CARTESIAN_POINT('Ctrl Pts',(-67.2607598372659,26.1877979682058,18.51));
#15410=CARTESIAN_POINT('Ctrl Pts',(-67.2383899464938,26.1802793549427,18.51));
#15411=CARTESIAN_POINT('',(-67.0966766324432,25.963969120207,18.51));
#15412=CARTESIAN_POINT('Ctrl Pts',(-67.2383899464938,26.1802793549427,18.51));
#15413=CARTESIAN_POINT('Ctrl Pts',(-67.0966766324432,26.1206143643524,18.51));
#15414=CARTESIAN_POINT('Ctrl Pts',(-67.0966766324432,25.963969120207,18.51));
#15415=CARTESIAN_POINT('',(-67.0966766324432,12.9819845601065,18.51));
#15416=CARTESIAN_POINT('',(-51.0456426239393,24.4499677436269,18.51));
#15417=CARTESIAN_POINT('',(-51.9481383364074,23.5325535431615,18.51));
#15418=CARTESIAN_POINT('',(-44.6051086119751,30.99696545179,18.51));
#15419=CARTESIAN_POINT('',(-52.1047813402031,23.4505209021486,18.51));
#15420=CARTESIAN_POINT('Ctrl Pts',(-51.9481383364074,23.5325535431615,18.51));
#15421=CARTESIAN_POINT('Ctrl Pts',(-52.0301709774204,23.4505209021486,18.51));
#15422=CARTESIAN_POINT('Ctrl Pts',(-52.1047813402031,23.4505209021486,18.51));
#15423=CARTESIAN_POINT('',(-53.6486689804689,23.4504940179533,18.51));
#15424=CARTESIAN_POINT('',(-26.0525948536034,23.4509745569673,18.51));
#15425=CARTESIAN_POINT('',(-53.6486689804689,22.085565503865,18.51));
#15426=CARTESIAN_POINT('',(-53.6486689804689,11.7252470089797,18.51));
#15427=CARTESIAN_POINT('',(-54.088787900057,22.085565503865,18.51));
#15428=CARTESIAN_POINT('',(-26.8243344902327,22.0855655038645,18.51));
#15429=CARTESIAN_POINT('',(-54.088787900057,26.1803600075284,18.51));
#15430=CARTESIAN_POINT('',(-54.088787900057,11.0427827519355,18.51));
#15431=CARTESIAN_POINT('',(-52.1047903016016,26.1803600075284,18.51));
#15432=CARTESIAN_POINT('',(-27.044393950027,26.1803600075284,18.51));
#15433=CARTESIAN_POINT('',(-51.9481472978058,26.120695016938,18.51));
#15434=CARTESIAN_POINT('Ctrl Pts',(-52.1047903016016,26.1803600075284,18.51));
#15435=CARTESIAN_POINT('Ctrl Pts',(-52.0078167690954,26.1803600075284,18.51));
#15436=CARTESIAN_POINT('Ctrl Pts',(-51.9481472978058,26.120695016938,18.51));
#15437=CARTESIAN_POINT('',(-51.0531119495111,25.2331133117679,18.51));
#15438=CARTESIAN_POINT('',(-32.3225617540562,6.65854671735171,18.51));
#15439=CARTESIAN_POINT('',(-50.9859731526497,25.0839418738935,18.51));
#15440=CARTESIAN_POINT('Ctrl Pts',(-51.0531119495111,25.2331133117679,18.51));
#15441=CARTESIAN_POINT('Ctrl Pts',(-50.9859731526497,25.1660013991017,18.51));
#15442=CARTESIAN_POINT('Ctrl Pts',(-50.9859731526497,25.0839418738935,18.51));
#15443=CARTESIAN_POINT('',(-50.9859731526497,24.606586103577,18.51));
#15444=CARTESIAN_POINT('',(-50.9859731526497,12.5419709369498,18.51));
#15445=CARTESIAN_POINT('Ctrl Pts',(-50.9859731526497,24.606586103577,18.51));
#15446=CARTESIAN_POINT('Ctrl Pts',(-50.9859731526497,24.5096327342172,18.51));
#15447=CARTESIAN_POINT('Ctrl Pts',(-51.0456426239393,24.4499677436269,18.51));
#15448=CARTESIAN_POINT('Origin',(59.69,-3.92,15.01));
#15449=CARTESIAN_POINT('',(55.69,-3.92,15.01));
#15450=CARTESIAN_POINT('Origin',(59.69,-3.92,15.01));
#15451=CARTESIAN_POINT('',(53.69,-3.92,17.01));
#15452=CARTESIAN_POINT('Origin',(53.69,-3.92,15.01));
#15453=CARTESIAN_POINT('Origin',(59.69,-3.92,17.01));
#15454=CARTESIAN_POINT('Origin',(3.00204305858642E-12,6.01296790136985E-12,
17.01));
#15455=CARTESIAN_POINT('',(-48.7966665944099,36.7250003041902,17.01));
#15456=CARTESIAN_POINT('Origin',(-51.19666953493,39.925007604798,17.01));
#15457=CARTESIAN_POINT('',(-43.8433329483155,40.4400000387584,17.01));
#15458=CARTESIAN_POINT('',(-48.7966665944099,36.7250003041902,17.01));
#15459=CARTESIAN_POINT('',(-40.2433335069872,41.6400000000002,17.01));
#15460=CARTESIAN_POINT('Origin',(-40.24333046506,35.6399923952021,17.01));
#15461=CARTESIAN_POINT('',(48.7,41.64,17.01));
#15462=CARTESIAN_POINT('',(48.7,41.64,17.01));
#15463=CARTESIAN_POINT('',(48.7,13.201194,17.01));
#15464=CARTESIAN_POINT('',(48.7,13.201194,17.01));
#15465=CARTESIAN_POINT('',(55.7,6.201194,17.01));
#15466=CARTESIAN_POINT('Origin',(55.7,13.201194,17.01));
#15467=CARTESIAN_POINT('',(75.9299999999997,6.201194,17.01));
#15468=CARTESIAN_POINT('',(75.9299999999998,6.201194,17.01));
#15469=CARTESIAN_POINT('',(75.3554914492036,3.6391552762676,17.01));
#15470=CARTESIAN_POINT('Origin',(69.9300078743522,6.20119225626098,17.01));
#15471=CARTESIAN_POINT('',(55.5971484311982,-38.2020419971399,17.01));
#15472=CARTESIAN_POINT('',(75.3554914492036,3.6391552762676,17.01));
#15473=CARTESIAN_POINT('',(50.1716642964473,-41.6399999999881,17.01));
#15474=CARTESIAN_POINT('Origin',(50.17160603465,-35.63991717633,17.01));
#15475=CARTESIAN_POINT('',(-27.5,-41.6399999999882,17.01));
#15476=CARTESIAN_POINT('',(48.7,-41.6399999999882,17.01));
#15477=CARTESIAN_POINT('',(-27.5,-28.2500003427267,17.01));
#15478=CARTESIAN_POINT('',(-27.5,-37.45,17.01));
#15479=CARTESIAN_POINT('',(-31.5,-24.2500003427267,17.01));
#15480=CARTESIAN_POINT('Origin',(-31.5,-28.2500003427267,17.01));
#15481=CARTESIAN_POINT('',(-43.0000007003551,-24.2500003427266,17.01));
#15482=CARTESIAN_POINT('',(-43.0000007003551,-24.2500003427267,17.01));
#15483=CARTESIAN_POINT('',(-47.000000700355,-20.2500003427269,17.01));
#15484=CARTESIAN_POINT('Origin',(-43.0000007003551,-20.2500003427267,17.01));
#15485=CARTESIAN_POINT('',(-47.0000007003554,-11.7737506722137,17.01));
#15486=CARTESIAN_POINT('',(-47.0000007003557,-6.00000008940697,17.01));
#15487=CARTESIAN_POINT('',(-40.37,-10.318738455512,17.01));
#15488=CARTESIAN_POINT('Origin',(-44.81,-5.92,17.01));
#15489=CARTESIAN_POINT('',(-40.37,-13.97,17.01));
#15490=CARTESIAN_POINT('',(-40.37,19.05,17.01));
#15491=CARTESIAN_POINT('',(-39.37,-14.97,17.01));
#15492=CARTESIAN_POINT('Origin',(-39.37,-13.97,17.01));
#15493=CARTESIAN_POINT('',(-31.75,-14.97,17.01));
#15494=CARTESIAN_POINT('',(-39.37,-14.97,17.01));
#15495=CARTESIAN_POINT('',(-30.75,-13.97,17.01));
#15496=CARTESIAN_POINT('Origin',(-31.75,-13.97,17.01));
#15497=CARTESIAN_POINT('',(-30.75,19.05,17.01));
#15498=CARTESIAN_POINT('',(-30.75,-13.97,17.01));
#15499=CARTESIAN_POINT('',(-31.75,20.05,17.01));
#15500=CARTESIAN_POINT('Origin',(-31.75,19.05,17.01));
#15501=CARTESIAN_POINT('',(-39.37,20.05,17.01));
#15502=CARTESIAN_POINT('',(-31.75,20.05,17.01));
#15503=CARTESIAN_POINT('',(-40.37,19.05,17.01));
#15504=CARTESIAN_POINT('Origin',(-39.37,19.05,17.01));
#15505=CARTESIAN_POINT('',(-40.37,-1.52126154448802,17.01));
#15506=CARTESIAN_POINT('',(-40.37,19.05,17.01));
#15507=CARTESIAN_POINT('',(-47.000000700356,-0.0662493277864729,17.01));
#15508=CARTESIAN_POINT('Origin',(-44.81,-5.92,17.01));
#15509=CARTESIAN_POINT('',(-47.0000007003565,11.2700000000005,17.01));
#15510=CARTESIAN_POINT('',(-47.0000007003557,-6.00000008940697,17.01));
#15511=CARTESIAN_POINT('',(-54.0000007003564,18.27,17.01));
#15512=CARTESIAN_POINT('Origin',(-54.0000007003564,11.2700000000001,17.01));
#15513=CARTESIAN_POINT('',(-75.929999999994,18.2699999999989,17.01));
#15514=CARTESIAN_POINT('',(-54.0000007003564,18.27,17.01));
#15515=CARTESIAN_POINT('',(-75.929999999994,29.9249999999999,17.01));
#15516=CARTESIAN_POINT('',(-75.929999999994,-35.639999935768,17.01));
#15517=CARTESIAN_POINT('Origin',(-69.93000032116,29.925000321166,17.01));
#15518=CARTESIAN_POINT('',(-41.81,28.08,17.01));
#15519=CARTESIAN_POINT('Origin',(-35.81,28.08,17.01));
#15520=CARTESIAN_POINT('',(32.675,17.175,17.01));
#15521=CARTESIAN_POINT('',(32.175,16.675,17.01));
#15522=CARTESIAN_POINT('Origin',(32.675,16.675,17.01));
#15523=CARTESIAN_POINT('',(32.175,3.675,17.01));
#15524=CARTESIAN_POINT('',(32.175,16.675,17.01));
#15525=CARTESIAN_POINT('',(32.675,3.175,17.01));
#15526=CARTESIAN_POINT('Origin',(32.675,3.675,17.01));
#15527=CARTESIAN_POINT('',(45.675,3.17499999999999,17.01));
#15528=CARTESIAN_POINT('',(32.675,3.17499999999999,17.01));
#15529=CARTESIAN_POINT('',(46.175,3.675,17.01));
#15530=CARTESIAN_POINT('Origin',(45.675,3.675,17.01));
#15531=CARTESIAN_POINT('',(46.175,16.675,17.01));
#15532=CARTESIAN_POINT('',(46.175,16.675,17.01));
#15533=CARTESIAN_POINT('',(45.675,17.175,17.01));
#15534=CARTESIAN_POINT('Origin',(45.675,16.675,17.01));
#15535=CARTESIAN_POINT('',(32.675,17.175,17.01));
#15536=CARTESIAN_POINT('',(32.675,-20.925,17.01));
#15537=CARTESIAN_POINT('',(32.175,-21.425,17.01));
#15538=CARTESIAN_POINT('Origin',(32.675,-21.425,17.01));
#15539=CARTESIAN_POINT('',(32.175,-34.425,17.01));
#15540=CARTESIAN_POINT('',(32.175,-21.425,17.01));
#15541=CARTESIAN_POINT('',(32.675,-34.925,17.01));
#15542=CARTESIAN_POINT('Origin',(32.675,-34.425,17.01));
#15543=CARTESIAN_POINT('',(45.675,-34.925,17.01));
#15544=CARTESIAN_POINT('',(32.675,-34.925,17.01));
#15545=CARTESIAN_POINT('',(46.175,-34.425,17.01));
#15546=CARTESIAN_POINT('Origin',(45.675,-34.425,17.01));
#15547=CARTESIAN_POINT('',(46.175,-21.425,17.01));
#15548=CARTESIAN_POINT('',(46.175,-21.425,17.01));
#15549=CARTESIAN_POINT('',(45.675,-20.925,17.01));
#15550=CARTESIAN_POINT('Origin',(45.675,-21.425,17.01));
#15551=CARTESIAN_POINT('',(32.675,-20.925,17.01));
#15552=CARTESIAN_POINT('',(-24.475,36.225,17.01));
#15553=CARTESIAN_POINT('',(-24.975,35.725,17.01));
#15554=CARTESIAN_POINT('Origin',(-24.475,35.725,17.01));
#15555=CARTESIAN_POINT('',(-24.975,22.725,17.01));
#15556=CARTESIAN_POINT('',(-24.975,35.725,17.01));
#15557=CARTESIAN_POINT('',(-24.475,22.225,17.01));
#15558=CARTESIAN_POINT('Origin',(-24.475,22.725,17.01));
#15559=CARTESIAN_POINT('',(-11.475,22.225,17.01));
#15560=CARTESIAN_POINT('',(-24.475,22.225,17.01));
#15561=CARTESIAN_POINT('',(-10.975,22.725,17.01));
#15562=CARTESIAN_POINT('Origin',(-11.475,22.725,17.01));
#15563=CARTESIAN_POINT('',(-10.975,35.725,17.01));
#15564=CARTESIAN_POINT('',(-10.975,35.725,17.01));
#15565=CARTESIAN_POINT('',(-11.475,36.225,17.01));
#15566=CARTESIAN_POINT('Origin',(-11.475,35.725,17.01));
#15567=CARTESIAN_POINT('',(-24.475,36.225,17.01));
#15568=CARTESIAN_POINT('',(-5.425,17.175,17.01));
#15569=CARTESIAN_POINT('',(-5.925,16.675,17.01));
#15570=CARTESIAN_POINT('Origin',(-5.425,16.675,17.01));
#15571=CARTESIAN_POINT('',(-5.925,3.675,17.01));
#15572=CARTESIAN_POINT('',(-5.925,16.675,17.01));
#15573=CARTESIAN_POINT('',(-5.425,3.175,17.01));
#15574=CARTESIAN_POINT('Origin',(-5.425,3.675,17.01));
#15575=CARTESIAN_POINT('',(7.575,3.17499999999999,17.01));
#15576=CARTESIAN_POINT('',(-5.425,3.17499999999999,17.01));
#15577=CARTESIAN_POINT('',(8.07500000000001,3.675,17.01));
#15578=CARTESIAN_POINT('Origin',(7.575,3.675,17.01));
#15579=CARTESIAN_POINT('',(8.07500000000001,16.675,17.01));
#15580=CARTESIAN_POINT('',(8.07500000000001,16.675,17.01));
#15581=CARTESIAN_POINT('',(7.575,17.175,17.01));
#15582=CARTESIAN_POINT('Origin',(7.575,16.675,17.01));
#15583=CARTESIAN_POINT('',(-5.425,17.175,17.01));
#15584=CARTESIAN_POINT('',(-5.425,36.225,17.01));
#15585=CARTESIAN_POINT('',(-5.925,35.725,17.01));
#15586=CARTESIAN_POINT('Origin',(-5.425,35.725,17.01));
#15587=CARTESIAN_POINT('',(-5.925,22.725,17.01));
#15588=CARTESIAN_POINT('',(-5.925,35.725,17.01));
#15589=CARTESIAN_POINT('',(-5.425,22.225,17.01));
#15590=CARTESIAN_POINT('Origin',(-5.425,22.725,17.01));
#15591=CARTESIAN_POINT('',(7.575,22.225,17.01));
#15592=CARTESIAN_POINT('',(-5.425,22.225,17.01));
#15593=CARTESIAN_POINT('',(8.075,22.725,17.01));
#15594=CARTESIAN_POINT('Origin',(7.575,22.725,17.01));
#15595=CARTESIAN_POINT('',(8.07500000000001,35.725,17.01));
#15596=CARTESIAN_POINT('',(8.07500000000001,35.725,17.01));
#15597=CARTESIAN_POINT('',(7.575,36.225,17.01));
#15598=CARTESIAN_POINT('Origin',(7.575,35.725,17.01));
#15599=CARTESIAN_POINT('',(-5.425,36.225,17.01));
#15600=CARTESIAN_POINT('',(13.625,36.225,17.01));
#15601=CARTESIAN_POINT('',(13.125,35.725,17.01));
#15602=CARTESIAN_POINT('Origin',(13.625,35.725,17.01));
#15603=CARTESIAN_POINT('',(13.125,22.725,17.01));
#15604=CARTESIAN_POINT('',(13.125,35.725,17.01));
#15605=CARTESIAN_POINT('',(13.625,22.225,17.01));
#15606=CARTESIAN_POINT('Origin',(13.625,22.725,17.01));
#15607=CARTESIAN_POINT('',(26.625,22.225,17.01));
#15608=CARTESIAN_POINT('',(13.625,22.225,17.01));
#15609=CARTESIAN_POINT('',(27.125,22.725,17.01));
#15610=CARTESIAN_POINT('Origin',(26.625,22.725,17.01));
#15611=CARTESIAN_POINT('',(27.125,35.725,17.01));
#15612=CARTESIAN_POINT('',(27.125,35.725,17.01));
#15613=CARTESIAN_POINT('',(26.625,36.225,17.01));
#15614=CARTESIAN_POINT('Origin',(26.625,35.725,17.01));
#15615=CARTESIAN_POINT('',(13.625,36.225,17.01));
#15616=CARTESIAN_POINT('',(32.675,-1.875,17.01));
#15617=CARTESIAN_POINT('',(32.175,-2.375,17.01));
#15618=CARTESIAN_POINT('Origin',(32.675,-2.375,17.01));
#15619=CARTESIAN_POINT('',(32.175,-15.375,17.01));
#15620=CARTESIAN_POINT('',(32.175,-2.375,17.01));
#15621=CARTESIAN_POINT('',(32.675,-15.875,17.01));
#15622=CARTESIAN_POINT('Origin',(32.675,-15.375,17.01));
#15623=CARTESIAN_POINT('',(45.675,-15.875,17.01));
#15624=CARTESIAN_POINT('',(32.675,-15.875,17.01));
#15625=CARTESIAN_POINT('',(46.175,-15.375,17.01));
#15626=CARTESIAN_POINT('Origin',(45.675,-15.375,17.01));
#15627=CARTESIAN_POINT('',(46.175,-2.375,17.01));
#15628=CARTESIAN_POINT('',(46.175,-2.375,17.01));
#15629=CARTESIAN_POINT('',(45.675,-1.875,17.01));
#15630=CARTESIAN_POINT('Origin',(45.675,-2.375,17.01));
#15631=CARTESIAN_POINT('',(32.675,-1.875,17.01));
#15632=CARTESIAN_POINT('',(-24.475,17.175,17.01));
#15633=CARTESIAN_POINT('',(-24.975,16.675,17.01));
#15634=CARTESIAN_POINT('Origin',(-24.475,16.675,17.01));
#15635=CARTESIAN_POINT('',(-24.975,3.675,17.01));
#15636=CARTESIAN_POINT('',(-24.975,16.675,17.01));
#15637=CARTESIAN_POINT('',(-24.475,3.17499999999999,17.01));
#15638=CARTESIAN_POINT('Origin',(-24.475,3.675,17.01));
#15639=CARTESIAN_POINT('',(-11.475,3.17499999999999,17.01));
#15640=CARTESIAN_POINT('',(-24.475,3.17499999999999,17.01));
#15641=CARTESIAN_POINT('',(-10.975,3.675,17.01));
#15642=CARTESIAN_POINT('Origin',(-11.475,3.675,17.01));
#15643=CARTESIAN_POINT('',(-10.975,16.675,17.01));
#15644=CARTESIAN_POINT('',(-10.975,16.675,17.01));
#15645=CARTESIAN_POINT('',(-11.475,17.175,17.01));
#15646=CARTESIAN_POINT('Origin',(-11.475,16.675,17.01));
#15647=CARTESIAN_POINT('',(-24.475,17.175,17.01));
#15648=CARTESIAN_POINT('',(13.625,-1.875,17.01));
#15649=CARTESIAN_POINT('',(13.125,-2.375,17.01));
#15650=CARTESIAN_POINT('Origin',(13.625,-2.375,17.01));
#15651=CARTESIAN_POINT('',(13.125,-15.375,17.01));
#15652=CARTESIAN_POINT('',(13.125,-2.375,17.01));
#15653=CARTESIAN_POINT('',(13.625,-15.875,17.01));
#15654=CARTESIAN_POINT('Origin',(13.625,-15.375,17.01));
#15655=CARTESIAN_POINT('',(26.625,-15.875,17.01));
#15656=CARTESIAN_POINT('',(13.625,-15.875,17.01));
#15657=CARTESIAN_POINT('',(27.125,-15.375,17.01));
#15658=CARTESIAN_POINT('Origin',(26.625,-15.375,17.01));
#15659=CARTESIAN_POINT('',(27.125,-2.375,17.01));
#15660=CARTESIAN_POINT('',(27.125,-2.375,17.01));
#15661=CARTESIAN_POINT('',(26.625,-1.875,17.01));
#15662=CARTESIAN_POINT('Origin',(26.625,-2.375,17.01));
#15663=CARTESIAN_POINT('',(13.625,-1.875,17.01));
#15664=CARTESIAN_POINT('',(13.625,17.175,17.01));
#15665=CARTESIAN_POINT('',(13.125,16.675,17.01));
#15666=CARTESIAN_POINT('Origin',(13.625,16.675,17.01));
#15667=CARTESIAN_POINT('',(13.125,3.675,17.01));
#15668=CARTESIAN_POINT('',(13.125,16.675,17.01));
#15669=CARTESIAN_POINT('',(13.625,3.175,17.01));
#15670=CARTESIAN_POINT('Origin',(13.625,3.675,17.01));
#15671=CARTESIAN_POINT('',(26.625,3.17499999999999,17.01));
#15672=CARTESIAN_POINT('',(13.625,3.17499999999999,17.01));
#15673=CARTESIAN_POINT('',(27.125,3.675,17.01));
#15674=CARTESIAN_POINT('Origin',(26.625,3.675,17.01));
#15675=CARTESIAN_POINT('',(27.125,16.675,17.01));
#15676=CARTESIAN_POINT('',(27.125,16.675,17.01));
#15677=CARTESIAN_POINT('',(26.625,17.175,17.01));
#15678=CARTESIAN_POINT('Origin',(26.625,16.675,17.01));
#15679=CARTESIAN_POINT('',(13.625,17.175,17.01));
#15680=CARTESIAN_POINT('',(-24.475,-1.875,17.01));
#15681=CARTESIAN_POINT('',(-24.975,-2.375,17.01));
#15682=CARTESIAN_POINT('Origin',(-24.475,-2.375,17.01));
#15683=CARTESIAN_POINT('',(-24.975,-15.375,17.01));
#15684=CARTESIAN_POINT('',(-24.975,-2.375,17.01));
#15685=CARTESIAN_POINT('',(-24.475,-15.875,17.01));
#15686=CARTESIAN_POINT('Origin',(-24.475,-15.375,17.01));
#15687=CARTESIAN_POINT('',(-11.475,-15.875,17.01));
#15688=CARTESIAN_POINT('',(-24.475,-15.875,17.01));
#15689=CARTESIAN_POINT('',(-10.975,-15.375,17.01));
#15690=CARTESIAN_POINT('Origin',(-11.475,-15.375,17.01));
#15691=CARTESIAN_POINT('',(-10.975,-2.375,17.01));
#15692=CARTESIAN_POINT('',(-10.975,-2.375,17.01));
#15693=CARTESIAN_POINT('',(-11.475,-1.875,17.01));
#15694=CARTESIAN_POINT('Origin',(-11.475,-2.375,17.01));
#15695=CARTESIAN_POINT('',(-24.475,-1.875,17.01));
#15696=CARTESIAN_POINT('',(-24.475,-20.925,17.01));
#15697=CARTESIAN_POINT('',(-24.975,-21.425,17.01));
#15698=CARTESIAN_POINT('Origin',(-24.475,-21.425,17.01));
#15699=CARTESIAN_POINT('',(-24.975,-34.425,17.01));
#15700=CARTESIAN_POINT('',(-24.975,-21.425,17.01));
#15701=CARTESIAN_POINT('',(-24.475,-34.925,17.01));
#15702=CARTESIAN_POINT('Origin',(-24.475,-34.425,17.01));
#15703=CARTESIAN_POINT('',(-11.475,-34.925,17.01));
#15704=CARTESIAN_POINT('',(-24.475,-34.925,17.01));
#15705=CARTESIAN_POINT('',(-10.975,-34.425,17.01));
#15706=CARTESIAN_POINT('Origin',(-11.475,-34.425,17.01));
#15707=CARTESIAN_POINT('',(-10.975,-21.425,17.01));
#15708=CARTESIAN_POINT('',(-10.975,-21.425,17.01));
#15709=CARTESIAN_POINT('',(-11.475,-20.925,17.01));
#15710=CARTESIAN_POINT('Origin',(-11.475,-21.425,17.01));
#15711=CARTESIAN_POINT('',(-24.475,-20.925,17.01));
#15712=CARTESIAN_POINT('',(32.675,36.225,17.01));
#15713=CARTESIAN_POINT('',(32.175,35.725,17.01));
#15714=CARTESIAN_POINT('Origin',(32.675,35.725,17.01));
#15715=CARTESIAN_POINT('',(32.175,22.725,17.01));
#15716=CARTESIAN_POINT('',(32.175,35.725,17.01));
#15717=CARTESIAN_POINT('',(32.675,22.225,17.01));
#15718=CARTESIAN_POINT('Origin',(32.675,22.725,17.01));
#15719=CARTESIAN_POINT('',(45.675,22.225,17.01));
#15720=CARTESIAN_POINT('',(32.675,22.225,17.01));
#15721=CARTESIAN_POINT('',(46.175,22.725,17.01));
#15722=CARTESIAN_POINT('Origin',(45.675,22.725,17.01));
#15723=CARTESIAN_POINT('',(46.175,35.725,17.01));
#15724=CARTESIAN_POINT('',(46.175,35.725,17.01));
#15725=CARTESIAN_POINT('',(45.675,36.225,17.01));
#15726=CARTESIAN_POINT('Origin',(45.675,35.725,17.01));
#15727=CARTESIAN_POINT('',(32.675,36.225,17.01));
#15728=CARTESIAN_POINT('',(-5.425,-1.875,17.01));
#15729=CARTESIAN_POINT('',(-5.925,-2.375,17.01));
#15730=CARTESIAN_POINT('Origin',(-5.425,-2.375,17.01));
#15731=CARTESIAN_POINT('',(-5.925,-15.375,17.01));
#15732=CARTESIAN_POINT('',(-5.925,-2.375,17.01));
#15733=CARTESIAN_POINT('',(-5.425,-15.875,17.01));
#15734=CARTESIAN_POINT('Origin',(-5.425,-15.375,17.01));
#15735=CARTESIAN_POINT('',(7.575,-15.875,17.01));
#15736=CARTESIAN_POINT('',(-5.425,-15.875,17.01));
#15737=CARTESIAN_POINT('',(8.075,-15.375,17.01));
#15738=CARTESIAN_POINT('Origin',(7.575,-15.375,17.01));
#15739=CARTESIAN_POINT('',(8.07500000000001,-2.375,17.01));
#15740=CARTESIAN_POINT('',(8.07500000000001,-2.375,17.01));
#15741=CARTESIAN_POINT('',(7.575,-1.875,17.01));
#15742=CARTESIAN_POINT('Origin',(7.575,-2.375,17.01));
#15743=CARTESIAN_POINT('',(-5.425,-1.875,17.01));
#15744=CARTESIAN_POINT('',(-5.425,-20.925,17.01));
#15745=CARTESIAN_POINT('',(-5.925,-21.425,17.01));
#15746=CARTESIAN_POINT('Origin',(-5.425,-21.425,17.01));
#15747=CARTESIAN_POINT('',(-5.925,-34.425,17.01));
#15748=CARTESIAN_POINT('',(-5.925,-21.425,17.01));
#15749=CARTESIAN_POINT('',(-5.425,-34.925,17.01));
#15750=CARTESIAN_POINT('Origin',(-5.425,-34.425,17.01));
#15751=CARTESIAN_POINT('',(7.575,-34.925,17.01));
#15752=CARTESIAN_POINT('',(-5.425,-34.925,17.01));
#15753=CARTESIAN_POINT('',(8.075,-34.425,17.01));
#15754=CARTESIAN_POINT('Origin',(7.575,-34.425,17.01));
#15755=CARTESIAN_POINT('',(8.07500000000001,-21.425,17.01));
#15756=CARTESIAN_POINT('',(8.07500000000001,-21.425,17.01));
#15757=CARTESIAN_POINT('',(7.575,-20.925,17.01));
#15758=CARTESIAN_POINT('Origin',(7.575,-21.425,17.01));
#15759=CARTESIAN_POINT('',(-5.425,-20.925,17.01));
#15760=CARTESIAN_POINT('',(13.625,-20.925,17.01));
#15761=CARTESIAN_POINT('',(13.125,-21.425,17.01));
#15762=CARTESIAN_POINT('Origin',(13.625,-21.425,17.01));
#15763=CARTESIAN_POINT('',(13.125,-34.425,17.01));
#15764=CARTESIAN_POINT('',(13.125,-21.425,17.01));
#15765=CARTESIAN_POINT('',(13.625,-34.925,17.01));
#15766=CARTESIAN_POINT('Origin',(13.625,-34.425,17.01));
#15767=CARTESIAN_POINT('',(26.625,-34.925,17.01));
#15768=CARTESIAN_POINT('',(13.625,-34.925,17.01));
#15769=CARTESIAN_POINT('',(27.125,-34.425,17.01));
#15770=CARTESIAN_POINT('Origin',(26.625,-34.425,17.01));
#15771=CARTESIAN_POINT('',(27.125,-21.425,17.01));
#15772=CARTESIAN_POINT('',(27.125,-21.425,17.01));
#15773=CARTESIAN_POINT('',(26.625,-20.925,17.01));
#15774=CARTESIAN_POINT('Origin',(26.625,-21.425,17.01));
#15775=CARTESIAN_POINT('',(13.625,-20.925,17.01));
#15776=CARTESIAN_POINT('Origin',(59.69,-3.92,17.01));
#15777=CARTESIAN_POINT('',(55.69,-3.92,14.01));
#15778=CARTESIAN_POINT('Origin',(59.69,-3.92,14.01));
#15779=CARTESIAN_POINT('',(55.69,-3.92,17.01));
#15780=CARTESIAN_POINT('Origin',(-35.81,28.08,15.01));
#15781=CARTESIAN_POINT('',(-39.81,28.08,15.01));
#15782=CARTESIAN_POINT('Origin',(-35.81,28.08,15.01));
#15783=CARTESIAN_POINT('Origin',(-41.81,28.08,15.01));
#15784=CARTESIAN_POINT('Origin',(-35.81,28.08,17.01));
#15785=CARTESIAN_POINT('',(-39.81,28.08,14.01));
#15786=CARTESIAN_POINT('Origin',(-35.81,28.08,14.01));
#15787=CARTESIAN_POINT('',(-39.81,28.08,17.01));
#15788=CARTESIAN_POINT('Origin',(-44.81,-5.92,15.01));
#15789=CARTESIAN_POINT('Ctrl Pts',(-40.37,-1.52126154448802,17.01));
#15790=CARTESIAN_POINT('Ctrl Pts',(-40.37,-2.07646478483584,17.01));
#15791=CARTESIAN_POINT('Ctrl Pts',(-40.37,-2.72801403065277,16.870843616284));
#15792=CARTESIAN_POINT('Ctrl Pts',(-40.37,-3.47818968126203,16.6257790279591));
#15793=CARTESIAN_POINT('Ctrl Pts',(-40.37,-3.74129910936692,16.5277338922855));
#15794=CARTESIAN_POINT('Ctrl Pts',(-40.37,-4.07785914962146,16.3951529641951));
#15795=CARTESIAN_POINT('Ctrl Pts',(-40.37,-4.21999734044883,16.3377404180903));
#15796=CARTESIAN_POINT('Ctrl Pts',(-40.37,-4.46959934965301,16.2371888467604));
#15797=CARTESIAN_POINT('Ctrl Pts',(-40.37,-4.62708173015301,16.1741846453619));
#15798=CARTESIAN_POINT('Ctrl Pts',(-40.37,-5.11147030388308,15.991599641213));
#15799=CARTESIAN_POINT('Ctrl Pts',(-40.37,-5.54369046699821,15.8608231308563));
#15800=CARTESIAN_POINT('Ctrl Pts',(-40.37,-6.29630953300179,15.8608231308563));
#15801=CARTESIAN_POINT('Ctrl Pts',(-40.37,-6.72852969611692,15.991599641213));
#15802=CARTESIAN_POINT('Ctrl Pts',(-40.37,-7.21291826984699,16.1741846453619));
#15803=CARTESIAN_POINT('Ctrl Pts',(-40.37,-7.37040065034699,16.2371888467604));
#15804=CARTESIAN_POINT('Ctrl Pts',(-40.37,-7.62000265955117,16.3377404180903));
#15805=CARTESIAN_POINT('Ctrl Pts',(-40.37,-7.76214085037854,16.3951529641951));
#15806=CARTESIAN_POINT('Ctrl Pts',(-40.37,-8.09870089063308,16.5277338922855));
#15807=CARTESIAN_POINT('Ctrl Pts',(-40.37,-8.36181031873797,16.6257790279591));
#15808=CARTESIAN_POINT('Ctrl Pts',(-40.37,-9.11198596934723,16.870843616284));
#15809=CARTESIAN_POINT('Ctrl Pts',(-40.37,-9.76353521516416,17.01));
#15810=CARTESIAN_POINT('Ctrl Pts',(-40.37,-10.318738455512,17.01));
#15811=CARTESIAN_POINT('',(-47.0000007003555,-9.56230654015314,15.01));
#15812=CARTESIAN_POINT('Ctrl Pts',(-47.0000007003554,-11.7737506722137,
17.01));
#15813=CARTESIAN_POINT('Ctrl Pts',(-47.0000007003554,-11.501514735618,17.01));
#15814=CARTESIAN_POINT('Ctrl Pts',(-47.0000007003554,-11.1806422013791,
16.9486593102259));
#15815=CARTESIAN_POINT('Ctrl Pts',(-47.0000007003555,-10.6750530718185,
16.7510057628696));
#15816=CARTESIAN_POINT('Ctrl Pts',(-47.0000007003555,-10.3990311313281,
16.5799304370805));
#15817=CARTESIAN_POINT('Ctrl Pts',(-47.0000007003555,-10.012308307286,16.2218000918063));
#15818=CARTESIAN_POINT('Ctrl Pts',(-47.0000007003555,-9.82879955520169,
15.9747405615476));
#15819=CARTESIAN_POINT('Ctrl Pts',(-47.0000007003555,-9.62497741999775,
15.5250314303692));
#15820=CARTESIAN_POINT('Ctrl Pts',(-47.0000007003555,-9.56230654015314,
15.2472791173857));
#15821=CARTESIAN_POINT('Ctrl Pts',(-47.0000007003555,-9.56230654015314,
15.01));
#15822=CARTESIAN_POINT('',(-47.0000007003559,-2.27769345984707,15.01));
#15823=CARTESIAN_POINT('Origin',(-44.81,-5.92,15.01));
#15824=CARTESIAN_POINT('Ctrl Pts',(-47.0000007003559,-2.27769345984707,
15.01));
#15825=CARTESIAN_POINT('Ctrl Pts',(-47.0000007003559,-2.27769345984707,
15.2472791173857));
#15826=CARTESIAN_POINT('Ctrl Pts',(-47.0000007003559,-2.21502258000246,
15.5250314303692));
#15827=CARTESIAN_POINT('Ctrl Pts',(-47.0000007003559,-2.01120044479852,
15.9747405615476));
#15828=CARTESIAN_POINT('Ctrl Pts',(-47.0000007003559,-1.82769169271422,
16.2218000918063));
#15829=CARTESIAN_POINT('Ctrl Pts',(-47.0000007003559,-1.44096886867214,
16.5799304370805));
#15830=CARTESIAN_POINT('Ctrl Pts',(-47.0000007003559,-1.16494692818171,
16.7510057628696));
#15831=CARTESIAN_POINT('Ctrl Pts',(-47.000000700356,-0.65935779862109,16.9486593102259));
#15832=CARTESIAN_POINT('Ctrl Pts',(-47.000000700356,-0.338485264382251,
17.01));
#15833=CARTESIAN_POINT('Ctrl Pts',(-47.000000700356,-0.0662493277864741,
17.01));
#15834=CARTESIAN_POINT('Origin',(-44.81,-5.92,17.01));
#15835=CARTESIAN_POINT('',(-47.0000007003555,-9.56230654015314,14.01));
#15836=CARTESIAN_POINT('',(-47.0000007003555,-9.56230654015314,17.01));
#15837=CARTESIAN_POINT('',(-47.0000007003559,-2.27769345984707,14.01));
#15838=CARTESIAN_POINT('Origin',(-44.81,-5.92,14.01));
#15839=CARTESIAN_POINT('',(-47.0000007003559,-2.27769345984707,17.01));
#15840=CARTESIAN_POINT('Origin',(59.69,-3.92,17.01));
#15841=CARTESIAN_POINT('',(57.69,-3.92,14.01));
#15842=CARTESIAN_POINT('Origin',(59.69,-3.92,14.01));
#15843=CARTESIAN_POINT('',(57.69,-3.92,17.01));
#15844=CARTESIAN_POINT('',(57.69,-3.92,17.01));
#15845=CARTESIAN_POINT('Origin',(59.69,-3.92,17.01));
#15846=CARTESIAN_POINT('Origin',(59.69,-3.92,14.01));
#15847=CARTESIAN_POINT('Origin',(-35.81,28.08,17.01));
#15848=CARTESIAN_POINT('',(-37.81,28.08,14.01));
#15849=CARTESIAN_POINT('Origin',(-35.81,28.08,14.01));
#15850=CARTESIAN_POINT('',(-37.81,28.08,17.01));
#15851=CARTESIAN_POINT('',(-37.81,28.08,17.01));
#15852=CARTESIAN_POINT('Origin',(-35.81,28.08,17.01));
#15853=CARTESIAN_POINT('Origin',(-35.81,28.08,14.01));
#15854=CARTESIAN_POINT('Origin',(3.00204305858642E-12,6.01296790136985E-12,
17.01));
#15855=CARTESIAN_POINT('',(58.09,-3.92,17.01));
#15856=CARTESIAN_POINT('Origin',(59.69,-3.92,17.01));
#15857=CARTESIAN_POINT('Origin',(-44.81,-5.92,17.01));
#15858=CARTESIAN_POINT('',(-47.0000007003557,-5.40386345562297,17.01));
#15859=CARTESIAN_POINT('',(-47.0000007003557,-6.43613654437724,17.01));
#15860=CARTESIAN_POINT('Origin',(-44.81,-5.92,17.01));
#15861=CARTESIAN_POINT('',(-47.0000007003557,-5.40386345562297,14.01));
#15862=CARTESIAN_POINT('',(-47.0000007003557,-5.40386345562297,17.01));
#15863=CARTESIAN_POINT('',(-47.0000007003557,-6.43613654437724,14.01));
#15864=CARTESIAN_POINT('Origin',(-44.81,-5.92,14.01));
#15865=CARTESIAN_POINT('',(-47.0000007003557,-6.43613654437724,17.01));
#15866=CARTESIAN_POINT('Origin',(-43.7800003501779,-5.92,14.01));
#15867=CARTESIAN_POINT('',(-47.000000700355,-20.2500003427269,14.01));
#15868=CARTESIAN_POINT('',(-47.000000700355,-20.2500003427269,14.01));
#15869=CARTESIAN_POINT('Origin',(3.00204305858642E-12,6.01296790136985E-12,
17.01));
#15870=CARTESIAN_POINT('',(-47.0000007003557,-6.00000008940697,17.01));
#15871=CARTESIAN_POINT('',(-46.41,-5.92,17.01));
#15872=CARTESIAN_POINT('Origin',(-44.81,-5.92,17.01));
#15873=CARTESIAN_POINT('Origin',(-52.1942362594463,25.732836732507,18.51));
#15874=CARTESIAN_POINT('',(-52.1942362594463,25.732836732507,18.51));
#15875=CARTESIAN_POINT('',(-53.6486712208185,25.732836732507,18.51));
#15876=CARTESIAN_POINT('',(-26.0971181297216,25.732836732507,18.51));
#15877=CARTESIAN_POINT('',(-52.1942362594463,25.732836732507,18.01));
#15878=CARTESIAN_POINT('',(-52.1942362594463,25.732836732507,18.51));
#15879=CARTESIAN_POINT('',(-53.6486712208185,25.732836732507,18.01));
#15880=CARTESIAN_POINT('',(-52.1942362594463,25.732836732507,18.01));
#15881=CARTESIAN_POINT('',(-53.6486712208185,25.732836732507,18.51));
#15882=CARTESIAN_POINT('Origin',(-51.4259957372049,24.986970581737,18.51));
#15883=CARTESIAN_POINT('',(-51.4259957372049,24.986970581737,18.51));
#15884=CARTESIAN_POINT('',(-31.9455966384393,6.07392203690346,18.51));
#15885=CARTESIAN_POINT('',(-51.4259957372049,24.986970581737,18.01));
#15886=CARTESIAN_POINT('',(-51.4259957372049,24.986970581737,18.51));
#15887=CARTESIAN_POINT('',(-51.4259957372049,24.986970581737,18.01));
#15888=CARTESIAN_POINT('Origin',(-51.4259957372049,24.6960835894625,18.51));
#15889=CARTESIAN_POINT('',(-51.4259957372049,24.6960835894625,18.51));
#15890=CARTESIAN_POINT('',(-51.4259957372049,12.3480417947343,18.51));
#15891=CARTESIAN_POINT('',(-51.4259957372049,24.6960835894625,18.01));
#15892=CARTESIAN_POINT('',(-51.4259957372049,24.6960835894625,18.51));
#15893=CARTESIAN_POINT('',(-51.4259957372049,24.6960835894625,18.01));
#15894=CARTESIAN_POINT('Origin',(-52.2016943832701,23.9129290599231,18.51));
#15895=CARTESIAN_POINT('',(-52.2016943832701,23.9129290599231,18.51));
#15896=CARTESIAN_POINT('',(-45.2540651711011,30.9273377025972,18.51));
#15897=CARTESIAN_POINT('',(-52.2016943832701,23.9129290599231,18.01));
#15898=CARTESIAN_POINT('',(-52.2016943832701,23.9129290599231,18.51));
#15899=CARTESIAN_POINT('',(-52.2016943832701,23.9129290599231,18.01));
#15900=CARTESIAN_POINT('Origin',(-53.6486689804689,23.9129290599231,18.51));
#15901=CARTESIAN_POINT('',(-53.6486689804689,23.9129290599231,18.51));
#15902=CARTESIAN_POINT('',(-26.824334490233,23.9129290599231,18.51));
#15903=CARTESIAN_POINT('',(-53.6486689804689,23.9129290599231,18.01));
#15904=CARTESIAN_POINT('',(-53.6486689804689,23.9129290599231,18.51));
#15905=CARTESIAN_POINT('',(-53.6486689804689,23.9129290599231,18.01));
#15906=CARTESIAN_POINT('Origin',(-53.6486712208185,25.732836732507,18.51));
#15907=CARTESIAN_POINT('',(-53.6486553819111,12.8663853448814,18.51));
#15908=CARTESIAN_POINT('',(-53.6486712208185,25.732836732507,18.01));
#15909=CARTESIAN_POINT('Origin',(-51.0456426239393,24.4499677436269,18.51));
#15910=CARTESIAN_POINT('',(-51.0456426239393,24.4499677436269,18.01));
#15911=CARTESIAN_POINT('',(-51.0456426239393,24.4499677436269,18.51));
#15912=CARTESIAN_POINT('',(-51.9481383364074,23.5325535431615,18.01));
#15913=CARTESIAN_POINT('',(-51.0456426239393,24.4499677436269,18.01));
#15914=CARTESIAN_POINT('',(-51.9481383364074,23.5325535431615,18.51));
#15915=CARTESIAN_POINT('Ctrl Pts',(-50.9859731526497,24.606586103577,18.51));
#15916=CARTESIAN_POINT('Ctrl Pts',(-50.9859731526497,24.606586103577,18.01));
#15917=CARTESIAN_POINT('Ctrl Pts',(-50.9859731526497,24.5096327342172,18.51));
#15918=CARTESIAN_POINT('Ctrl Pts',(-50.9859731526497,24.5096327342172,18.01));
#15919=CARTESIAN_POINT('Ctrl Pts',(-51.0456426239393,24.4499677436269,18.51));
#15920=CARTESIAN_POINT('Ctrl Pts',(-51.0456426239393,24.4499677436269,18.01));
#15921=CARTESIAN_POINT('',(-50.9859731526497,24.606586103577,18.01));
#15922=CARTESIAN_POINT('',(-50.9859731526497,24.606586103577,18.51));
#15923=CARTESIAN_POINT('Ctrl Pts',(-50.9859731526497,24.606586103577,18.01));
#15924=CARTESIAN_POINT('Ctrl Pts',(-50.9859731526497,24.5096327342172,18.01));
#15925=CARTESIAN_POINT('Ctrl Pts',(-51.0456426239393,24.4499677436269,18.01));
#15926=CARTESIAN_POINT('Origin',(-50.9859731526497,25.0839418738935,18.51));
#15927=CARTESIAN_POINT('',(-50.9859731526497,25.0839418738935,18.01));
#15928=CARTESIAN_POINT('',(-50.9859731526497,25.0839418738935,18.51));
#15929=CARTESIAN_POINT('',(-50.9859731526497,25.0839418738935,18.01));
#15930=CARTESIAN_POINT('Ctrl Pts',(-51.0531119495111,25.2331133117679,18.51));
#15931=CARTESIAN_POINT('Ctrl Pts',(-51.0531119495111,25.2331133117679,18.01));
#15932=CARTESIAN_POINT('Ctrl Pts',(-50.9859731526497,25.1660013991017,18.51));
#15933=CARTESIAN_POINT('Ctrl Pts',(-50.9859731526497,25.1660013991017,18.01));
#15934=CARTESIAN_POINT('Ctrl Pts',(-50.9859731526497,25.0839418738935,18.51));
#15935=CARTESIAN_POINT('Ctrl Pts',(-50.9859731526497,25.0839418738935,18.01));
#15936=CARTESIAN_POINT('',(-51.0531119495111,25.2331133117679,18.01));
#15937=CARTESIAN_POINT('',(-51.0531119495111,25.2331133117679,18.51));
#15938=CARTESIAN_POINT('Ctrl Pts',(-51.0531119495111,25.2331133117679,18.01));
#15939=CARTESIAN_POINT('Ctrl Pts',(-50.9859731526497,25.1660013991017,18.01));
#15940=CARTESIAN_POINT('Ctrl Pts',(-50.9859731526497,25.0839418738935,18.01));
#15941=CARTESIAN_POINT('Origin',(-51.9481472978058,26.120695016938,18.51));
#15942=CARTESIAN_POINT('',(-51.9481472978058,26.120695016938,18.01));
#15943=CARTESIAN_POINT('',(-51.9481472978058,26.120695016938,18.51));
#15944=CARTESIAN_POINT('',(-51.9481472978058,26.120695016938,18.01));
#15945=CARTESIAN_POINT('Ctrl Pts',(-52.1047903016016,26.1803600075284,18.51));
#15946=CARTESIAN_POINT('Ctrl Pts',(-52.1047903016016,26.1803600075284,18.01));
#15947=CARTESIAN_POINT('Ctrl Pts',(-52.0078167690954,26.1803600075284,18.51));
#15948=CARTESIAN_POINT('Ctrl Pts',(-52.0078167690954,26.1803600075284,18.01));
#15949=CARTESIAN_POINT('Ctrl Pts',(-51.9481472978058,26.120695016938,18.51));
#15950=CARTESIAN_POINT('Ctrl Pts',(-51.9481472978058,26.120695016938,18.01));
#15951=CARTESIAN_POINT('',(-52.1047903016016,26.1803600075284,18.01));
#15952=CARTESIAN_POINT('',(-52.1047903016016,26.1803600075284,18.51));
#15953=CARTESIAN_POINT('Ctrl Pts',(-52.1047903016016,26.1803600075284,18.01));
#15954=CARTESIAN_POINT('Ctrl Pts',(-52.0078167690954,26.1803600075284,18.01));
#15955=CARTESIAN_POINT('Ctrl Pts',(-51.9481472978058,26.120695016938,18.01));
#15956=CARTESIAN_POINT('Origin',(-54.088787900057,26.1803600075284,18.51));
#15957=CARTESIAN_POINT('',(-54.088787900057,26.1803600075284,18.01));
#15958=CARTESIAN_POINT('',(-54.088787900057,26.1803600075284,18.51));
#15959=CARTESIAN_POINT('',(-54.088787900057,26.1803600075284,18.01));
#15960=CARTESIAN_POINT('Origin',(-54.088787900057,22.085565503865,18.51));
#15961=CARTESIAN_POINT('',(-54.088787900057,22.085565503865,18.01));
#15962=CARTESIAN_POINT('',(-54.088787900057,22.085565503865,18.51));
#15963=CARTESIAN_POINT('',(-54.088787900057,22.085565503865,18.01));
#15964=CARTESIAN_POINT('Origin',(-53.6486689804689,22.085565503865,18.51));
#15965=CARTESIAN_POINT('',(-53.6486689804689,22.085565503865,18.01));
#15966=CARTESIAN_POINT('',(-53.6486689804689,22.085565503865,18.51));
#15967=CARTESIAN_POINT('',(-53.6486689804689,22.085565503865,18.01));
#15968=CARTESIAN_POINT('Origin',(-53.6486689804689,23.4504940179533,18.51));
#15969=CARTESIAN_POINT('',(-53.6486689804689,23.4504940179533,18.01));
#15970=CARTESIAN_POINT('',(-53.6486689804689,23.4504940179533,18.51));
#15971=CARTESIAN_POINT('',(-53.6486689804689,23.4504940179533,18.01));
#15972=CARTESIAN_POINT('Origin',(-52.1047813402031,23.4505209021486,18.51));
#15973=CARTESIAN_POINT('',(-52.1047813402031,23.4505209021486,18.01));
#15974=CARTESIAN_POINT('',(-52.1047813402031,23.4505209021486,18.51));
#15975=CARTESIAN_POINT('',(-52.1047813402031,23.4505209021486,18.01));
#15976=CARTESIAN_POINT('Ctrl Pts',(-51.9481383364074,23.5325535431615,18.51));
#15977=CARTESIAN_POINT('Ctrl Pts',(-51.9481383364074,23.5325535431615,18.01));
#15978=CARTESIAN_POINT('Ctrl Pts',(-52.0301709774204,23.4505209021486,18.51));
#15979=CARTESIAN_POINT('Ctrl Pts',(-52.0301709774204,23.4505209021486,18.01));
#15980=CARTESIAN_POINT('Ctrl Pts',(-52.1047813402031,23.4505209021486,18.51));
#15981=CARTESIAN_POINT('Ctrl Pts',(-52.1047813402031,23.4505209021486,18.01));
#15982=CARTESIAN_POINT('Ctrl Pts',(-51.9481383364074,23.5325535431615,18.01));
#15983=CARTESIAN_POINT('Ctrl Pts',(-52.0301709774204,23.4505209021486,18.01));
#15984=CARTESIAN_POINT('Ctrl Pts',(-52.1047813402031,23.4505209021486,18.01));
#15985=CARTESIAN_POINT('Origin',(-52.5373805263533,24.1329627556967,18.01));
#15986=CARTESIAN_POINT('Origin',(-67.0966766324432,22.1003966182278,18.51));
#15987=CARTESIAN_POINT('',(-67.0966766324432,22.1003966182278,18.01));
#15988=CARTESIAN_POINT('',(-67.0966766324432,22.1003966182278,18.51));
#15989=CARTESIAN_POINT('',(-67.5441954267654,22.1003966182278,18.01));
#15990=CARTESIAN_POINT('',(-67.0966766324432,22.1003966182278,18.01));
#15991=CARTESIAN_POINT('',(-67.5441954267654,22.1003966182278,18.51));
#15992=CARTESIAN_POINT('Origin',(-67.0966766324432,25.963969120207,18.51));
#15993=CARTESIAN_POINT('',(-67.0966766324432,25.963969120207,18.01));
#15994=CARTESIAN_POINT('',(-67.0966766324432,25.963969120207,18.51));
#15995=CARTESIAN_POINT('',(-67.0966766324432,25.963969120207,18.01));
#15996=CARTESIAN_POINT('Ctrl Pts',(-67.2383899464938,26.1802793549427,18.51));
#15997=CARTESIAN_POINT('Ctrl Pts',(-67.2383899464938,26.1802793549427,18.01));
#15998=CARTESIAN_POINT('Ctrl Pts',(-67.0966766324432,26.1206143643524,18.51));
#15999=CARTESIAN_POINT('Ctrl Pts',(-67.0966766324432,26.1206143643524,18.01));
#16000=CARTESIAN_POINT('Ctrl Pts',(-67.0966766324432,25.963969120207,18.51));
#16001=CARTESIAN_POINT('Ctrl Pts',(-67.0966766324432,25.963969120207,18.01));
#16002=CARTESIAN_POINT('',(-67.2383899464938,26.1802793549427,18.01));
#16003=CARTESIAN_POINT('',(-67.2383899464938,26.1802793549427,18.51));
#16004=CARTESIAN_POINT('Ctrl Pts',(-67.2383899464938,26.1802793549427,18.01));
#16005=CARTESIAN_POINT('Ctrl Pts',(-67.0966766324432,26.1206143643524,18.01));
#16006=CARTESIAN_POINT('Ctrl Pts',(-67.0966766324432,25.963969120207,18.01));
#16007=CARTESIAN_POINT('Ctrl Pts',(-67.2644945000518,26.1877979682058,18.51));
#16008=CARTESIAN_POINT('Ctrl Pts',(-67.2644945000518,26.1877979682058,18.01));
#16009=CARTESIAN_POINT('Ctrl Pts',(-67.2607598372659,26.1877979682058,18.51));
#16010=CARTESIAN_POINT('Ctrl Pts',(-67.2607598372659,26.1877979682058,18.01));
#16011=CARTESIAN_POINT('Ctrl Pts',(-67.2383899464938,26.1802793549427,18.51));
#16012=CARTESIAN_POINT('Ctrl Pts',(-67.2383899464938,26.1802793549427,18.01));
#16013=CARTESIAN_POINT('',(-67.2644945000518,26.1877979682058,18.01));
#16014=CARTESIAN_POINT('',(-67.2644945000518,26.1877979682058,18.51));
#16015=CARTESIAN_POINT('Ctrl Pts',(-67.2644945000518,26.1877979682058,18.01));
#16016=CARTESIAN_POINT('Ctrl Pts',(-67.2607598372659,26.1877979682058,18.01));
#16017=CARTESIAN_POINT('Ctrl Pts',(-67.2383899464938,26.1802793549427,18.01));
#16018=CARTESIAN_POINT('Ctrl Pts',(-67.2943292356966,26.1840431422734,18.51));
#16019=CARTESIAN_POINT('Ctrl Pts',(-67.2943292356966,26.1840431422734,18.01));
#16020=CARTESIAN_POINT('Ctrl Pts',(-67.2756760849135,26.1877979682058,18.51));
#16021=CARTESIAN_POINT('Ctrl Pts',(-67.2756760849135,26.1877979682058,18.01));
#16022=CARTESIAN_POINT('Ctrl Pts',(-67.2644945000518,26.1877979682058,18.51));
#16023=CARTESIAN_POINT('Ctrl Pts',(-67.2644945000518,26.1877979682058,18.01));
#16024=CARTESIAN_POINT('',(-67.2943292356966,26.1840431422734,18.01));
#16025=CARTESIAN_POINT('',(-67.2943292356966,26.1840431422734,18.51));
#16026=CARTESIAN_POINT('Ctrl Pts',(-67.2943292356966,26.1840431422734,18.01));
#16027=CARTESIAN_POINT('Ctrl Pts',(-67.2756760849135,26.1877979682058,18.01));
#16028=CARTESIAN_POINT('Ctrl Pts',(-67.2644945000518,26.1877979682058,18.01));
#16029=CARTESIAN_POINT('Ctrl Pts',(-67.3204337892547,26.1802883163411,18.51));
#16030=CARTESIAN_POINT('Ctrl Pts',(-67.3204337892547,26.1802883163411,18.01));
#16031=CARTESIAN_POINT('Ctrl Pts',(-67.3129644636829,26.1802883163411,18.51));
#16032=CARTESIAN_POINT('Ctrl Pts',(-67.3129644636829,26.1802883163411,18.01));
#16033=CARTESIAN_POINT('Ctrl Pts',(-67.2943292356966,26.1840431422734,18.51));
#16034=CARTESIAN_POINT('Ctrl Pts',(-67.2943292356966,26.1840431422734,18.01));
#16035=CARTESIAN_POINT('',(-67.3204337892547,26.1802883163411,18.01));
#16036=CARTESIAN_POINT('',(-67.3204337892547,26.1802883163411,18.51));
#16037=CARTESIAN_POINT('Ctrl Pts',(-67.3204337892547,26.1802883163411,18.01));
#16038=CARTESIAN_POINT('Ctrl Pts',(-67.3129644636829,26.1802883163411,18.01));
#16039=CARTESIAN_POINT('Ctrl Pts',(-67.2943292356966,26.1840431422734,18.01));
#16040=CARTESIAN_POINT('Ctrl Pts',(-67.4770655913024,26.1206233257507,18.51));
#16041=CARTESIAN_POINT('Ctrl Pts',(-67.4770655913024,26.1206233257507,18.01));
#16042=CARTESIAN_POINT('Ctrl Pts',(-67.4173961200129,26.1802883163411,18.51));
#16043=CARTESIAN_POINT('Ctrl Pts',(-67.4173961200129,26.1802883163411,18.01));
#16044=CARTESIAN_POINT('Ctrl Pts',(-67.3204337892547,26.1802883163411,18.51));
#16045=CARTESIAN_POINT('Ctrl Pts',(-67.3204337892547,26.1802883163411,18.01));
#16046=CARTESIAN_POINT('',(-67.4770655913024,26.1206233257507,18.01));
#16047=CARTESIAN_POINT('',(-67.4770655913024,26.1206233257507,18.51));
#16048=CARTESIAN_POINT('Ctrl Pts',(-67.4770655913024,26.1206233257507,18.01));
#16049=CARTESIAN_POINT('Ctrl Pts',(-67.4173961200129,26.1802883163411,18.01));
#16050=CARTESIAN_POINT('Ctrl Pts',(-67.3204337892547,26.1802883163411,18.01));
#16051=CARTESIAN_POINT('Origin',(-68.6629879318716,24.9048662495368,18.51));
#16052=CARTESIAN_POINT('',(-68.6629879318716,24.9048662495368,18.01));
#16053=CARTESIAN_POINT('',(-68.6629879318716,24.9048662495368,18.51));
#16054=CARTESIAN_POINT('',(-68.6629879318716,24.9048662495368,18.01));
#16055=CARTESIAN_POINT('Origin',(-69.8190766569708,26.105702597404,18.51));
#16056=CARTESIAN_POINT('',(-69.8190766569708,26.105702597404,18.01));
#16057=CARTESIAN_POINT('',(-69.8190766569708,26.105702597404,18.51));
#16058=CARTESIAN_POINT('',(-69.8190766569708,26.105702597404,18.01));
#16059=CARTESIAN_POINT('Ctrl Pts',(-69.9757084590186,26.1802883163411,18.51));
#16060=CARTESIAN_POINT('Ctrl Pts',(-69.9757084590186,26.1802883163411,18.01));
#16061=CARTESIAN_POINT('Ctrl Pts',(-69.8936634960828,26.1802883163411,18.51));
#16062=CARTESIAN_POINT('Ctrl Pts',(-69.8936634960828,26.1802883163411,18.01));
#16063=CARTESIAN_POINT('Ctrl Pts',(-69.8190766569709,26.105702597404,18.51));
#16064=CARTESIAN_POINT('Ctrl Pts',(-69.8190766569709,26.105702597404,18.01));
#16065=CARTESIAN_POINT('',(-69.9757084590186,26.1802883163411,18.01));
#16066=CARTESIAN_POINT('',(-69.9757084590186,26.1802883163411,18.51));
#16067=CARTESIAN_POINT('Ctrl Pts',(-69.9757084590186,26.1802883163411,18.01));
#16068=CARTESIAN_POINT('Ctrl Pts',(-69.8936634960828,26.1802883163411,18.01));
#16069=CARTESIAN_POINT('Ctrl Pts',(-69.8190766569709,26.105702597404,18.01));
#16070=CARTESIAN_POINT('Ctrl Pts',(-70.0577534219543,26.157974434309,18.51));
#16071=CARTESIAN_POINT('Ctrl Pts',(-70.0577534219543,26.157974434309,18.01));
#16072=CARTESIAN_POINT('Ctrl Pts',(-70.0130013184871,26.1802883163411,18.51));
#16073=CARTESIAN_POINT('Ctrl Pts',(-70.0130013184871,26.1802883163411,18.01));
#16074=CARTESIAN_POINT('Ctrl Pts',(-69.9757084590186,26.1802883163411,18.51));
#16075=CARTESIAN_POINT('Ctrl Pts',(-69.9757084590186,26.1802883163411,18.01));
#16076=CARTESIAN_POINT('',(-70.0577534219543,26.157974434309,18.01));
#16077=CARTESIAN_POINT('',(-70.0577534219543,26.157974434309,18.51));
#16078=CARTESIAN_POINT('Ctrl Pts',(-70.0577534219543,26.157974434309,18.01));
#16079=CARTESIAN_POINT('Ctrl Pts',(-70.0130013184871,26.1802883163411,18.01));
#16080=CARTESIAN_POINT('Ctrl Pts',(-69.9757084590186,26.1802883163411,18.01));
#16081=CARTESIAN_POINT('Ctrl Pts',(-70.1994678561797,25.9491290444459,18.51));
#16082=CARTESIAN_POINT('Ctrl Pts',(-70.1994678561797,25.9491290444459,18.01));
#16083=CARTESIAN_POINT('Ctrl Pts',(-70.1994678561797,26.0983004823202,18.51));
#16084=CARTESIAN_POINT('Ctrl Pts',(-70.1994678561797,26.0983004823202,18.01));
#16085=CARTESIAN_POINT('Ctrl Pts',(-70.0577534219543,26.157974434309,18.51));
#16086=CARTESIAN_POINT('Ctrl Pts',(-70.0577534219543,26.157974434309,18.01));
#16087=CARTESIAN_POINT('',(-70.1994678561797,25.9491290444459,18.01));
#16088=CARTESIAN_POINT('',(-70.1994678561797,25.9491290444459,18.51));
#16089=CARTESIAN_POINT('Ctrl Pts',(-70.1994678561797,25.9491290444459,18.01));
#16090=CARTESIAN_POINT('Ctrl Pts',(-70.1994678561797,26.0983004823202,18.01));
#16091=CARTESIAN_POINT('Ctrl Pts',(-70.0577534219543,26.157974434309,18.01));
#16092=CARTESIAN_POINT('Origin',(-70.1994678561797,22.1004772708134,18.51));
#16093=CARTESIAN_POINT('',(-70.1994678561797,22.1004772708134,18.01));
#16094=CARTESIAN_POINT('',(-70.1994678561797,22.1004772708134,18.51));
#16095=CARTESIAN_POINT('',(-70.1994678561797,22.1004772708134,18.01));
#16096=CARTESIAN_POINT('Origin',(-69.7519501820323,22.1004772708134,18.51));
#16097=CARTESIAN_POINT('',(-69.7519501820323,22.1004772708134,18.01));
#16098=CARTESIAN_POINT('',(-69.7519501820323,22.1004772708134,18.51));
#16099=CARTESIAN_POINT('',(-69.7519501820323,22.1004772708134,18.01));
#16100=CARTESIAN_POINT('Origin',(-69.7519501820323,25.4121082835389,18.51));
#16101=CARTESIAN_POINT('',(-69.7519501820323,25.4121082835389,18.01));
#16102=CARTESIAN_POINT('',(-69.7519501820323,25.4121082835389,18.51));
#16103=CARTESIAN_POINT('',(-69.7519501820323,25.4121082835389,18.01));
#16104=CARTESIAN_POINT('Origin',(-68.8792892052089,24.4872381995994,18.51));
#16105=CARTESIAN_POINT('',(-68.8792892052089,24.4872381995994,18.01));
#16106=CARTESIAN_POINT('',(-68.8792892052089,24.4872381995994,18.51));
#16107=CARTESIAN_POINT('',(-68.8792892052089,24.4872381995994,18.01));
#16108=CARTESIAN_POINT('Origin',(-68.8792892052089,23.9203849433973,18.51));
#16109=CARTESIAN_POINT('',(-68.8792892052089,23.9203849433973,18.01));
#16110=CARTESIAN_POINT('',(-68.8792892052089,23.9203849433973,18.51));
#16111=CARTESIAN_POINT('',(-68.8792892052089,23.9203849433973,18.01));
#16112=CARTESIAN_POINT('Origin',(-68.4243122870629,23.9203849433973,18.51));
#16113=CARTESIAN_POINT('',(-68.4243122870629,23.9203849433973,18.01));
#16114=CARTESIAN_POINT('',(-68.4243122870629,23.9203849433973,18.51));
#16115=CARTESIAN_POINT('',(-68.4243122870629,23.9203849433973,18.01));
#16116=CARTESIAN_POINT('Origin',(-68.4243122870629,24.4872381995994,18.51));
#16117=CARTESIAN_POINT('',(-68.4243122870629,24.4872381995994,18.01));
#16118=CARTESIAN_POINT('',(-68.4243122870629,24.4872381995994,18.51));
#16119=CARTESIAN_POINT('',(-68.4243122870629,24.4872381995994,18.01));
#16120=CARTESIAN_POINT('Origin',(-67.5441954267654,25.4269483593001,18.51));
#16121=CARTESIAN_POINT('',(-67.5441954267654,25.4269483593001,18.01));
#16122=CARTESIAN_POINT('',(-67.5441954267654,25.4269483593001,18.51));
#16123=CARTESIAN_POINT('',(-67.5441954267654,25.4269483593001,18.01));
#16124=CARTESIAN_POINT('Origin',(-67.5441954267654,22.1003966182278,18.51));
#16125=CARTESIAN_POINT('',(-67.5441954267654,22.1003966182278,18.01));
#16126=CARTESIAN_POINT('Origin',(-68.6480722443114,24.1440972932168,18.01));
#16127=CARTESIAN_POINT('Origin',(59.286754414414,-16.6282905040898,18.51));
#16128=CARTESIAN_POINT('',(59.286754414414,-16.6282905040898,18.51));
#16129=CARTESIAN_POINT('',(59.8446802403567,-18.1295376010474,18.51));
#16130=CARTESIAN_POINT('',(52.9744447486445,0.356649285752396,18.51));
#16131=CARTESIAN_POINT('',(59.286754414414,-16.6282905040898,18.01));
#16132=CARTESIAN_POINT('',(59.286754414414,-16.6282905040898,18.51));
#16133=CARTESIAN_POINT('',(59.8446802403567,-18.1295376010474,18.01));
#16134=CARTESIAN_POINT('',(59.286754414414,-16.6282905040898,18.01));
#16135=CARTESIAN_POINT('',(59.8446802403567,-18.1295376010474,18.51));
#16136=CARTESIAN_POINT('Origin',(60.808803524814,-16.0800673522615,18.51));
#16137=CARTESIAN_POINT('',(60.808803524814,-16.0800673522615,18.51));
#16138=CARTESIAN_POINT('',(36.4593058109883,-24.8504534658873,18.51));
#16139=CARTESIAN_POINT('',(60.808803524814,-16.0800673522615,18.01));
#16140=CARTESIAN_POINT('',(60.808803524814,-16.0800673522615,18.51));
#16141=CARTESIAN_POINT('',(60.808803524814,-16.0800673522615,18.01));
#16142=CARTESIAN_POINT('Origin',(61.3150407325049,-16.3161296390507,18.51));
#16143=CARTESIAN_POINT('',(61.3150407325049,-16.3161296390507,18.51));
#16144=CARTESIAN_POINT('',(33.0084233210079,-3.11653716360613,18.51));
#16145=CARTESIAN_POINT('',(61.3150407325049,-16.3161296390507,18.01));
#16146=CARTESIAN_POINT('',(61.3150407325049,-16.3161296390507,18.51));
#16147=CARTESIAN_POINT('',(61.3150407325049,-16.3161296390507,18.01));
#16148=CARTESIAN_POINT('Origin',(60.3578496932959,-18.3688324468842,18.51));
#16149=CARTESIAN_POINT('',(60.3578496932959,-18.3688324468842,18.51));
#16150=CARTESIAN_POINT('',(58.4855422581464,-22.3840086988838,18.51));
#16151=CARTESIAN_POINT('',(60.3578496932959,-18.3688324468842,18.01));
#16152=CARTESIAN_POINT('',(60.3578496932959,-18.3688324468842,18.51));
#16153=CARTESIAN_POINT('',(60.3578496932959,-18.3688324468842,18.01));
#16154=CARTESIAN_POINT('Origin',(59.8446802403567,-18.1295376010474,18.51));
#16155=CARTESIAN_POINT('',(31.7946475553295,-5.04959254852089,18.51));
#16156=CARTESIAN_POINT('',(59.8446802403567,-18.1295376010474,18.01));
#16157=CARTESIAN_POINT('Origin',(63.2496853254512,-16.7117682301732,18.51));
#16158=CARTESIAN_POINT('',(63.2496853254512,-16.7117682301732,18.01));
#16159=CARTESIAN_POINT('',(63.2496853254512,-16.7117682301732,18.51));
#16160=CARTESIAN_POINT('',(63.0556599047852,-17.1278570875463,18.01));
#16161=CARTESIAN_POINT('',(63.2496853254512,-16.7117682301732,18.01));
#16162=CARTESIAN_POINT('',(63.0556599047852,-17.1278570875463,18.51));
#16163=CARTESIAN_POINT('Origin',(60.9195927233775,-15.625228205616,18.51));
#16164=CARTESIAN_POINT('',(60.9195927233775,-15.625228205616,18.01));
#16165=CARTESIAN_POINT('',(60.9195927233775,-15.625228205616,18.51));
#16166=CARTESIAN_POINT('',(60.9195927233775,-15.625228205616,18.01));
#16167=CARTESIAN_POINT('Ctrl Pts',(60.7480787313597,-15.6127921753703,18.51));
#16168=CARTESIAN_POINT('Ctrl Pts',(60.7480787313597,-15.6127921753703,18.01));
#16169=CARTESIAN_POINT('Ctrl Pts',(60.8294235429959,-15.5831816262745,18.51));
#16170=CARTESIAN_POINT('Ctrl Pts',(60.8294235429959,-15.5831816262745,18.01));
#16171=CARTESIAN_POINT('Ctrl Pts',(60.9195927233775,-15.625228205616,18.51));
#16172=CARTESIAN_POINT('Ctrl Pts',(60.9195927233775,-15.625228205616,18.01));
#16173=CARTESIAN_POINT('',(60.7480787313597,-15.6127921753703,18.01));
#16174=CARTESIAN_POINT('',(60.7480787313597,-15.6127921753703,18.51));
#16175=CARTESIAN_POINT('Ctrl Pts',(60.7480787313597,-15.6127921753703,18.01));
#16176=CARTESIAN_POINT('Ctrl Pts',(60.8294235429959,-15.5831816262745,18.01));
#16177=CARTESIAN_POINT('Ctrl Pts',(60.9195927233775,-15.625228205616,18.01));
#16178=CARTESIAN_POINT('Origin',(58.9071017424243,-16.2655790134916,18.51));
#16179=CARTESIAN_POINT('',(58.9071017424243,-16.2655790134916,18.01));
#16180=CARTESIAN_POINT('',(58.9071017424243,-16.2655790134916,18.51));
#16181=CARTESIAN_POINT('',(58.9071017424243,-16.2655790134916,18.01));
#16182=CARTESIAN_POINT('Ctrl Pts',(58.7703070085922,-16.3959599907735,18.51));
#16183=CARTESIAN_POINT('Ctrl Pts',(58.7703070085922,-16.3959599907735,18.01));
#16184=CARTESIAN_POINT('Ctrl Pts',(58.8155793477285,-16.2988731461881,18.51));
#16185=CARTESIAN_POINT('Ctrl Pts',(58.8155793477285,-16.2988731461881,18.01));
#16186=CARTESIAN_POINT('Ctrl Pts',(58.9071017424243,-16.2655790134916,18.51));
#16187=CARTESIAN_POINT('Ctrl Pts',(58.9071017424243,-16.2655790134916,18.01));
#16188=CARTESIAN_POINT('',(58.7703070085922,-16.3959599907735,18.01));
#16189=CARTESIAN_POINT('',(58.7703070085922,-16.3959599907735,18.51));
#16190=CARTESIAN_POINT('Ctrl Pts',(58.7703070085922,-16.3959599907735,18.01));
#16191=CARTESIAN_POINT('Ctrl Pts',(58.8155793477285,-16.2988731461881,18.01));
#16192=CARTESIAN_POINT('Ctrl Pts',(58.9071017424243,-16.2655790134916,18.01));
#16193=CARTESIAN_POINT('Ctrl Pts',(58.7680550799335,-16.5637655434768,18.51));
#16194=CARTESIAN_POINT('Ctrl Pts',(58.7680550799335,-16.5637655434768,18.01));
#16195=CARTESIAN_POINT('Ctrl Pts',(58.7298825367054,-16.4826505504927,18.51));
#16196=CARTESIAN_POINT('Ctrl Pts',(58.7298825367054,-16.4826505504927,18.01));
#16197=CARTESIAN_POINT('Ctrl Pts',(58.7703070085922,-16.3959599907735,18.51));
#16198=CARTESIAN_POINT('Ctrl Pts',(58.7703070085922,-16.3959599907735,18.01));
#16199=CARTESIAN_POINT('',(58.7680550799335,-16.5637655434768,18.01));
#16200=CARTESIAN_POINT('',(58.7680550799335,-16.5637655434768,18.51));
#16201=CARTESIAN_POINT('Ctrl Pts',(58.7680550799335,-16.5637655434768,18.01));
#16202=CARTESIAN_POINT('Ctrl Pts',(58.7298825367054,-16.4826505504927,18.01));
#16203=CARTESIAN_POINT('Ctrl Pts',(58.7703070085922,-16.3959599907735,18.01));
#16204=CARTESIAN_POINT('Origin',(59.4508833637455,-18.3765378115145,18.51));
#16205=CARTESIAN_POINT('',(59.4508833637455,-18.3765378115145,18.01));
#16206=CARTESIAN_POINT('',(59.4508833637455,-18.3765378115145,18.51));
#16207=CARTESIAN_POINT('',(59.4508833637455,-18.3765378115145,18.01));
#16208=CARTESIAN_POINT('Ctrl Pts',(59.5604696882888,-18.5036358395259,18.51));
#16209=CARTESIAN_POINT('Ctrl Pts',(59.5604696882888,-18.5036358395259,18.01));
#16210=CARTESIAN_POINT('Ctrl Pts',(59.4841983265059,-18.4680699194286,18.51));
#16211=CARTESIAN_POINT('Ctrl Pts',(59.4841983265059,-18.4680699194286,18.01));
#16212=CARTESIAN_POINT('Ctrl Pts',(59.4508833637455,-18.3765378115145,18.51));
#16213=CARTESIAN_POINT('Ctrl Pts',(59.4508833637455,-18.3765378115145,18.01));
#16214=CARTESIAN_POINT('',(59.5604696882888,-18.5036358395259,18.01));
#16215=CARTESIAN_POINT('',(59.5604696882888,-18.5036358395259,18.51));
#16216=CARTESIAN_POINT('Ctrl Pts',(59.5604696882888,-18.5036358395259,18.01));
#16217=CARTESIAN_POINT('Ctrl Pts',(59.4841983265059,-18.4680699194286,18.01));
#16218=CARTESIAN_POINT('Ctrl Pts',(59.4508833637455,-18.3765378115145,18.01));
#16219=CARTESIAN_POINT('Origin',(61.9044351128846,-19.5966448674655,18.51));
#16220=CARTESIAN_POINT('',(61.9044351128846,-19.5966448674655,18.01));
#16221=CARTESIAN_POINT('',(61.9044351128846,-19.5966448674655,18.51));
#16222=CARTESIAN_POINT('',(61.9044351128846,-19.5966448674655,18.01));
#16223=CARTESIAN_POINT('Origin',(62.0952260318595,-19.1874924213535,18.51));
#16224=CARTESIAN_POINT('',(62.0952260318595,-19.1874924213535,18.01));
#16225=CARTESIAN_POINT('',(62.0952260318595,-19.1874924213535,18.51));
#16226=CARTESIAN_POINT('',(62.0952260318595,-19.1874924213535,18.01));
#16227=CARTESIAN_POINT('Origin',(60.7429382869003,-18.5569102898499,18.51));
#16228=CARTESIAN_POINT('',(60.7429382869003,-18.5569102898499,18.01));
#16229=CARTESIAN_POINT('',(60.7429382869003,-18.5569102898499,18.51));
#16230=CARTESIAN_POINT('',(60.7429382869003,-18.5569102898499,18.01));
#16231=CARTESIAN_POINT('Origin',(61.7033721598261,-16.4972749560427,18.51));
#16232=CARTESIAN_POINT('',(61.7033721598261,-16.4972749560427,18.01));
#16233=CARTESIAN_POINT('',(61.7033721598261,-16.4972749560427,18.51));
#16234=CARTESIAN_POINT('',(61.7033721598261,-16.4972749560427,18.01));
#16235=CARTESIAN_POINT('Origin',(63.0556599047852,-17.1278570875463,18.51));
#16236=CARTESIAN_POINT('',(63.0556599047852,-17.1278570875463,18.01));
#16237=CARTESIAN_POINT('Origin',(60.9897839310783,-17.58991324687,18.01));
#16238=CARTESIAN_POINT('Origin',(62.7792372407697,-9.13863691320922,18.51));
#16239=CARTESIAN_POINT('',(62.7792372407697,-9.13863691320922,18.51));
#16240=CARTESIAN_POINT('',(63.3371640380342,-10.6398819271605,18.51));
#16241=CARTESIAN_POINT('',(57.4778241394873,5.12617349600141,18.51));
#16242=CARTESIAN_POINT('',(62.7792372407697,-9.13863691320922,18.01));
#16243=CARTESIAN_POINT('',(62.7792372407697,-9.13863691320922,18.51));
#16244=CARTESIAN_POINT('',(63.3371640380342,-10.6398819271605,18.01));
#16245=CARTESIAN_POINT('',(62.7792372407697,-9.13863691320922,18.01));
#16246=CARTESIAN_POINT('',(63.3371640380342,-10.6398819271605,18.51));
#16247=CARTESIAN_POINT('Origin',(64.3012873224915,-8.59041167837456,18.51));
#16248=CARTESIAN_POINT('',(64.3012873224915,-8.59041167837456,18.51));
#16249=CARTESIAN_POINT('',(37.2121604305768,-18.3476089809661,18.51));
#16250=CARTESIAN_POINT('',(64.3012873224915,-8.59041167837456,18.01));
#16251=CARTESIAN_POINT('',(64.3012873224915,-8.59041167837456,18.51));
#16252=CARTESIAN_POINT('',(64.3012873224915,-8.59041167837456,18.01));
#16253=CARTESIAN_POINT('Origin',(64.8075245301824,-8.82647396516382,18.51));
#16254=CARTESIAN_POINT('',(64.8075245301824,-8.82647396516382,18.51));
#16255=CARTESIAN_POINT('',(36.5009071186854,4.37311851028076,18.51));
#16256=CARTESIAN_POINT('',(64.8075245301824,-8.82647396516382,18.01));
#16257=CARTESIAN_POINT('',(64.8075245301824,-8.82647396516382,18.51));
#16258=CARTESIAN_POINT('',(64.8075245301824,-8.82647396516382,18.01));
#16259=CARTESIAN_POINT('Origin',(63.8503334909734,-10.8791767729973,18.51));
#16260=CARTESIAN_POINT('',(63.8503334909734,-10.8791767729973,18.51));
#16261=CARTESIAN_POINT('',(60.2317841569851,-18.6391808619403,18.51));
#16262=CARTESIAN_POINT('',(63.8503334909734,-10.8791767729973,18.01));
#16263=CARTESIAN_POINT('',(63.8503334909734,-10.8791767729973,18.51));
#16264=CARTESIAN_POINT('',(63.8503334909734,-10.8791767729973,18.01));
#16265=CARTESIAN_POINT('Origin',(63.3371640380342,-10.6398819271605,18.51));
#16266=CARTESIAN_POINT('',(35.2871313530069,2.44006312536586,18.51));
#16267=CARTESIAN_POINT('',(63.3371640380342,-10.6398819271605,18.01));
#16268=CARTESIAN_POINT('Origin',(66.7421681518069,-9.2221146392927,18.51));
#16269=CARTESIAN_POINT('',(66.7421681518069,-9.2221146392927,18.01));
#16270=CARTESIAN_POINT('',(66.7421681518069,-9.2221146392927,18.51));
#16271=CARTESIAN_POINT('',(66.5481427311409,-9.63820349666573,18.01));
#16272=CARTESIAN_POINT('',(66.7421681518069,-9.2221146392927,18.01));
#16273=CARTESIAN_POINT('',(66.5481427311409,-9.63820349666573,18.51));
#16274=CARTESIAN_POINT('Origin',(64.4120755497332,-8.13557461473545,18.51));
#16275=CARTESIAN_POINT('',(64.4120755497332,-8.13557461473545,18.01));
#16276=CARTESIAN_POINT('',(64.4120755497332,-8.13557461473545,18.51));
#16277=CARTESIAN_POINT('',(64.4120755497332,-8.13557461473545,18.01));
#16278=CARTESIAN_POINT('Ctrl Pts',(64.2405615577154,-8.12313858448977,18.51));
#16279=CARTESIAN_POINT('Ctrl Pts',(64.2405615577154,-8.12313858448977,18.01));
#16280=CARTESIAN_POINT('Ctrl Pts',(64.3219063693516,-8.09352803539391,18.51));
#16281=CARTESIAN_POINT('Ctrl Pts',(64.3219063693516,-8.09352803539391,18.01));
#16282=CARTESIAN_POINT('Ctrl Pts',(64.4120755497332,-8.13557461473545,18.51));
#16283=CARTESIAN_POINT('Ctrl Pts',(64.4120755497332,-8.13557461473545,18.01));
#16284=CARTESIAN_POINT('',(64.2405615577154,-8.12313858448977,18.01));
#16285=CARTESIAN_POINT('',(64.2405615577154,-8.12313858448977,18.51));
#16286=CARTESIAN_POINT('Ctrl Pts',(64.2405615577154,-8.12313858448977,18.01));
#16287=CARTESIAN_POINT('Ctrl Pts',(64.3219063693516,-8.09352803539391,18.01));
#16288=CARTESIAN_POINT('Ctrl Pts',(64.4120755497332,-8.13557461473545,18.01));
#16289=CARTESIAN_POINT('Origin',(62.39958456878,-8.77592542261105,18.51));
#16290=CARTESIAN_POINT('',(62.39958456878,-8.77592542261105,18.01));
#16291=CARTESIAN_POINT('',(62.39958456878,-8.77592542261105,18.51));
#16292=CARTESIAN_POINT('',(62.39958456878,-8.77592542261105,18.01));
#16293=CARTESIAN_POINT('Ctrl Pts',(62.2627888636261,-8.90630848289931,18.51));
#16294=CARTESIAN_POINT('Ctrl Pts',(62.2627888636261,-8.90630848289931,18.01));
#16295=CARTESIAN_POINT('Ctrl Pts',(62.3080621740842,-8.80921955530758,18.51));
#16296=CARTESIAN_POINT('Ctrl Pts',(62.3080621740842,-8.80921955530758,18.01));
#16297=CARTESIAN_POINT('Ctrl Pts',(62.39958456878,-8.77592542261105,18.51));
#16298=CARTESIAN_POINT('Ctrl Pts',(62.39958456878,-8.77592542261105,18.01));
#16299=CARTESIAN_POINT('',(62.2627888636261,-8.90630848289931,18.01));
#16300=CARTESIAN_POINT('',(62.2627888636261,-8.90630848289931,18.51));
#16301=CARTESIAN_POINT('Ctrl Pts',(62.2627888636261,-8.90630848289931,18.01));
#16302=CARTESIAN_POINT('Ctrl Pts',(62.3080621740842,-8.80921955530758,18.01));
#16303=CARTESIAN_POINT('Ctrl Pts',(62.39958456878,-8.77592542261105,18.01));
#16304=CARTESIAN_POINT('Ctrl Pts',(62.2605379062892,-9.07411195259625,18.51));
#16305=CARTESIAN_POINT('Ctrl Pts',(62.2605379062892,-9.07411195259625,18.01));
#16306=CARTESIAN_POINT('Ctrl Pts',(62.2223643917393,-8.99299904261851,18.51));
#16307=CARTESIAN_POINT('Ctrl Pts',(62.2223643917393,-8.99299904261851,18.01));
#16308=CARTESIAN_POINT('Ctrl Pts',(62.2627888636261,-8.90630848289931,18.51));
#16309=CARTESIAN_POINT('Ctrl Pts',(62.2627888636261,-8.90630848289931,18.01));
#16310=CARTESIAN_POINT('',(62.2605379062892,-9.07411195259625,18.01));
#16311=CARTESIAN_POINT('',(62.2605379062892,-9.07411195259625,18.51));
#16312=CARTESIAN_POINT('Ctrl Pts',(62.2605379062892,-9.07411195259625,18.01));
#16313=CARTESIAN_POINT('Ctrl Pts',(62.2223643917393,-8.99299904261851,18.01));
#16314=CARTESIAN_POINT('Ctrl Pts',(62.2627888636261,-8.90630848289931,18.01));
#16315=CARTESIAN_POINT('Origin',(62.9433661901012,-10.886884220634,18.51));
#16316=CARTESIAN_POINT('',(62.9433661901012,-10.886884220634,18.01));
#16317=CARTESIAN_POINT('',(62.9433661901012,-10.886884220634,18.51));
#16318=CARTESIAN_POINT('',(62.9433661901012,-10.886884220634,18.01));
#16319=CARTESIAN_POINT('Ctrl Pts',(63.0529525146445,-11.0139822486453,18.51));
#16320=CARTESIAN_POINT('Ctrl Pts',(63.0529525146445,-11.0139822486453,18.01));
#16321=CARTESIAN_POINT('Ctrl Pts',(62.9766811528616,-10.9784163285481,18.51));
#16322=CARTESIAN_POINT('Ctrl Pts',(62.9766811528616,-10.9784163285481,18.01));
#16323=CARTESIAN_POINT('Ctrl Pts',(62.9433661901012,-10.886884220634,18.51));
#16324=CARTESIAN_POINT('Ctrl Pts',(62.9433661901012,-10.886884220634,18.01));
#16325=CARTESIAN_POINT('',(63.0529525146445,-11.0139822486453,18.01));
#16326=CARTESIAN_POINT('',(63.0529525146445,-11.0139822486453,18.51));
#16327=CARTESIAN_POINT('Ctrl Pts',(63.0529525146445,-11.0139822486453,18.01));
#16328=CARTESIAN_POINT('Ctrl Pts',(62.9766811528616,-10.9784163285481,18.01));
#16329=CARTESIAN_POINT('Ctrl Pts',(62.9433661901012,-10.886884220634,18.01));
#16330=CARTESIAN_POINT('Origin',(65.3969179392403,-12.1069912765849,18.51));
#16331=CARTESIAN_POINT('',(65.3969179392403,-12.1069912765849,18.01));
#16332=CARTESIAN_POINT('',(65.3969179392403,-12.1069912765849,18.51));
#16333=CARTESIAN_POINT('',(65.3969179392403,-12.1069912765849,18.01));
#16334=CARTESIAN_POINT('Origin',(65.5877088582152,-11.697838830473,18.51));
#16335=CARTESIAN_POINT('',(65.5877088582152,-11.697838830473,18.01));
#16336=CARTESIAN_POINT('',(65.5877088582152,-11.697838830473,18.51));
#16337=CARTESIAN_POINT('',(65.5877088582152,-11.697838830473,18.01));
#16338=CARTESIAN_POINT('Origin',(64.235421113256,-11.0672566989694,18.51));
#16339=CARTESIAN_POINT('',(64.235421113256,-11.0672566989694,18.01));
#16340=CARTESIAN_POINT('',(64.235421113256,-11.0672566989694,18.51));
#16341=CARTESIAN_POINT('',(64.235421113256,-11.0672566989694,18.01));
#16342=CARTESIAN_POINT('Origin',(65.1958549861817,-9.00762136516212,18.51));
#16343=CARTESIAN_POINT('',(65.1958549861817,-9.00762136516212,18.01));
#16344=CARTESIAN_POINT('',(65.1958549861817,-9.00762136516212,18.51));
#16345=CARTESIAN_POINT('',(65.1958549861817,-9.00762136516212,18.01));
#16346=CARTESIAN_POINT('Origin',(66.5481427311409,-9.63820349666573,18.51));
#16347=CARTESIAN_POINT('',(66.5481427311409,-9.63820349666573,18.01));
#16348=CARTESIAN_POINT('Origin',(64.4822662717731,-10.1002596559894,18.01));
#16349=CARTESIAN_POINT('Origin',(60.6919084457285,-21.0743991044071,18.51));
#16350=CARTESIAN_POINT('',(60.6919084457285,-21.0743991044071,18.01));
#16351=CARTESIAN_POINT('',(60.6919084457285,-21.0743991044071,18.51));
#16352=CARTESIAN_POINT('',(59.7695782146519,-20.6443094543082,18.01));
#16353=CARTESIAN_POINT('',(60.6919084457285,-21.0743991044071,18.01));
#16354=CARTESIAN_POINT('',(59.7695782146519,-20.6443094543082,18.51));
#16355=CARTESIAN_POINT('Origin',(60.2521182045216,-22.017532320248,18.51));
#16356=CARTESIAN_POINT('',(60.2521182045216,-22.017532320248,18.01));
#16357=CARTESIAN_POINT('',(60.2521182045216,-22.017532320248,18.51));
#16358=CARTESIAN_POINT('',(60.2521182045216,-22.017532320248,18.01));
#16359=CARTESIAN_POINT('Origin',(59.2218607035725,-22.3982728036716,18.51));
#16360=CARTESIAN_POINT('',(59.2218607035725,-22.3982728036716,18.01));
#16361=CARTESIAN_POINT('',(59.2218607035725,-22.3982728036716,18.51));
#16362=CARTESIAN_POINT('',(59.2218607035725,-22.3982728036716,18.01));
#16363=CARTESIAN_POINT('Origin',(57.6754034354555,-21.6771479365392,18.51));
#16364=CARTESIAN_POINT('',(57.6754034354555,-21.6771479365392,18.01));
#16365=CARTESIAN_POINT('',(57.6754034354555,-21.6771479365392,18.51));
#16366=CARTESIAN_POINT('',(57.6754034354555,-21.6771479365392,18.01));
#16367=CARTESIAN_POINT('Origin',(57.2909579881337,-20.6367206343224,18.51));
#16368=CARTESIAN_POINT('',(57.2909579881337,-20.6367206343224,18.01));
#16369=CARTESIAN_POINT('',(57.2909579881337,-20.6367206343224,18.51));
#16370=CARTESIAN_POINT('',(57.2909579881337,-20.6367206343224,18.01));
#16371=CARTESIAN_POINT('Origin',(57.5981647423012,-19.9779136239828,18.51));
#16372=CARTESIAN_POINT('',(57.5981647423012,-19.9779136239828,18.01));
#16373=CARTESIAN_POINT('',(57.5981647423012,-19.9779136239828,18.51));
#16374=CARTESIAN_POINT('',(57.5981647423012,-19.9779136239828,18.01));
#16375=CARTESIAN_POINT('Origin',(58.2762277206804,-19.7368797612919,18.51));
#16376=CARTESIAN_POINT('',(58.2762277206804,-19.7368797612919,18.01));
#16377=CARTESIAN_POINT('',(58.2762277206804,-19.7368797612919,18.51));
#16378=CARTESIAN_POINT('',(58.2762277206804,-19.7368797612919,18.01));
#16379=CARTESIAN_POINT('Origin',(58.1240166230179,-19.3028648275442,18.51));
#16380=CARTESIAN_POINT('',(58.1240166230179,-19.3028648275442,18.01));
#16381=CARTESIAN_POINT('',(58.1240166230179,-19.3028648275442,18.51));
#16382=CARTESIAN_POINT('',(58.1240166230179,-19.3028648275442,18.01));
#16383=CARTESIAN_POINT('Origin',(57.3544430573848,-19.5772110085382,18.51));
#16384=CARTESIAN_POINT('',(57.3544430573848,-19.5772110085382,18.01));
#16385=CARTESIAN_POINT('',(57.3544430573848,-19.5772110085382,18.51));
#16386=CARTESIAN_POINT('',(57.3544430573848,-19.5772110085382,18.01));
#16387=CARTESIAN_POINT('Ctrl Pts',(57.2278259066124,-19.7039084022194,18.51));
#16388=CARTESIAN_POINT('Ctrl Pts',(57.2278259066124,-19.7039084022194,18.01));
#16389=CARTESIAN_POINT('Ctrl Pts',(57.2730982457487,-19.6068215576341,18.51));
#16390=CARTESIAN_POINT('Ctrl Pts',(57.2730982457487,-19.6068215576341,18.01));
#16391=CARTESIAN_POINT('Ctrl Pts',(57.3544430573848,-19.5772110085382,18.51));
#16392=CARTESIAN_POINT('Ctrl Pts',(57.3544430573848,-19.5772110085382,18.01));
#16393=CARTESIAN_POINT('',(57.2278259066124,-19.7039084022194,18.01));
#16394=CARTESIAN_POINT('',(57.2278259066124,-19.7039084022194,18.51));
#16395=CARTESIAN_POINT('Ctrl Pts',(57.2278259066124,-19.7039084022194,18.01));
#16396=CARTESIAN_POINT('Ctrl Pts',(57.2730982457487,-19.6068215576341,18.01));
#16397=CARTESIAN_POINT('Ctrl Pts',(57.3544430573848,-19.5772110085382,18.01));
#16398=CARTESIAN_POINT('Origin',(56.8397760366022,-20.5360840339591,18.51));
#16399=CARTESIAN_POINT('',(56.8397760366022,-20.5360840339591,18.01));
#16400=CARTESIAN_POINT('',(56.8397760366022,-20.5360840339591,18.51));
#16401=CARTESIAN_POINT('',(56.8397760366022,-20.5360840339591,18.01));
#16402=CARTESIAN_POINT('Ctrl Pts',(56.8273368116656,-20.7075940003269,18.51));
#16403=CARTESIAN_POINT('Ctrl Pts',(56.8273368116656,-20.7075940003269,18.01));
#16404=CARTESIAN_POINT('Ctrl Pts',(56.7912643391657,-20.6401177048375,18.51));
#16405=CARTESIAN_POINT('Ctrl Pts',(56.7912643391657,-20.6401177048375,18.01));
#16406=CARTESIAN_POINT('Ctrl Pts',(56.8397760366022,-20.5360840339591,18.51));
#16407=CARTESIAN_POINT('Ctrl Pts',(56.8397760366022,-20.5360840339591,18.01));
#16408=CARTESIAN_POINT('',(56.8273368116656,-20.7075940003269,18.01));
#16409=CARTESIAN_POINT('',(56.8273368116656,-20.7075940003269,18.51));
#16410=CARTESIAN_POINT('Ctrl Pts',(56.8273368116656,-20.7075940003269,18.01));
#16411=CARTESIAN_POINT('Ctrl Pts',(56.7912643391657,-20.6401177048375,18.01));
#16412=CARTESIAN_POINT('Ctrl Pts',(56.8397760366022,-20.5360840339591,18.01));
#16413=CARTESIAN_POINT('Origin',(57.2645324111531,-21.9245879143511,18.51));
#16414=CARTESIAN_POINT('',(57.2645324111531,-21.9245879143511,18.01));
#16415=CARTESIAN_POINT('',(57.2645324111531,-21.9245879143511,18.51));
#16416=CARTESIAN_POINT('',(57.2645324111531,-21.9245879143511,18.01));
#16417=CARTESIAN_POINT('Ctrl Pts',(57.3981538584199,-22.0544388762183,18.51));
#16418=CARTESIAN_POINT('Ctrl Pts',(57.3981538584199,-22.0544388762183,18.01));
#16419=CARTESIAN_POINT('Ctrl Pts',(57.2941451836181,-22.0059388346437,18.51));
#16420=CARTESIAN_POINT('Ctrl Pts',(57.2941451836181,-22.0059388346437,18.01));
#16421=CARTESIAN_POINT('Ctrl Pts',(57.2645324111531,-21.9245879143511,18.51));
#16422=CARTESIAN_POINT('Ctrl Pts',(57.2645324111531,-21.9245879143511,18.01));
#16423=CARTESIAN_POINT('',(57.3981538584199,-22.0544388762183,18.01));
#16424=CARTESIAN_POINT('',(57.3981538584199,-22.0544388762183,18.51));
#16425=CARTESIAN_POINT('Ctrl Pts',(57.3981538584199,-22.0544388762183,18.01));
#16426=CARTESIAN_POINT('Ctrl Pts',(57.2941451836181,-22.0059388346437,18.01));
#16427=CARTESIAN_POINT('Ctrl Pts',(57.2645324111531,-21.9245879143511,18.01));
#16428=CARTESIAN_POINT('Origin',(59.1179839139498,-22.8564088018371,18.51));
#16429=CARTESIAN_POINT('',(59.1179839139498,-22.8564088018371,18.01));
#16430=CARTESIAN_POINT('',(59.1179839139498,-22.8564088018371,18.51));
#16431=CARTESIAN_POINT('',(59.1179839139498,-22.8564088018371,18.01));
#16432=CARTESIAN_POINT('Ctrl Pts',(59.2927112968696,-22.8618884329342,18.51));
#16433=CARTESIAN_POINT('Ctrl Pts',(59.2927112968696,-22.8618884329342,18.01));
#16434=CARTESIAN_POINT('Ctrl Pts',(59.2012041850321,-22.8952150515565,18.51));
#16435=CARTESIAN_POINT('Ctrl Pts',(59.2012041850321,-22.8952150515565,18.01));
#16436=CARTESIAN_POINT('Ctrl Pts',(59.1179839139498,-22.8564088018371,18.51));
#16437=CARTESIAN_POINT('Ctrl Pts',(59.1179839139498,-22.8564088018371,18.01));
#16438=CARTESIAN_POINT('',(59.2927112968696,-22.8618884329342,18.01));
#16439=CARTESIAN_POINT('',(59.2927112968696,-22.8618884329342,18.51));
#16440=CARTESIAN_POINT('Ctrl Pts',(59.2927112968696,-22.8618884329342,18.01));
#16441=CARTESIAN_POINT('Ctrl Pts',(59.2012041850321,-22.8952150515565,18.01));
#16442=CARTESIAN_POINT('Ctrl Pts',(59.1179839139498,-22.8564088018371,18.01));
#16443=CARTESIAN_POINT('Origin',(60.5060066363775,-22.414531083479,18.51));
#16444=CARTESIAN_POINT('',(60.5060066363775,-22.414531083479,18.01));
#16445=CARTESIAN_POINT('',(60.5060066363775,-22.414531083479,18.51));
#16446=CARTESIAN_POINT('',(60.5060066363775,-22.414531083479,18.01));
#16447=CARTESIAN_POINT('Ctrl Pts',(60.6293951133897,-22.2947576030206,18.51));
#16448=CARTESIAN_POINT('Ctrl Pts',(60.6293951133897,-22.2947576030206,18.01));
#16449=CARTESIAN_POINT('Ctrl Pts',(60.5873514480137,-22.3849205343831,18.51));
#16450=CARTESIAN_POINT('Ctrl Pts',(60.5873514480137,-22.3849205343831,18.01));
#16451=CARTESIAN_POINT('Ctrl Pts',(60.5060066363775,-22.414531083479,18.51));
#16452=CARTESIAN_POINT('Ctrl Pts',(60.5060066363775,-22.414531083479,18.01));
#16453=CARTESIAN_POINT('',(60.6293951133897,-22.2947576030206,18.01));
#16454=CARTESIAN_POINT('',(60.6293951133897,-22.2947576030206,18.51));
#16455=CARTESIAN_POINT('Ctrl Pts',(60.6293951133897,-22.2947576030206,18.01));
#16456=CARTESIAN_POINT('Ctrl Pts',(60.5873514480137,-22.3849205343831,18.01));
#16457=CARTESIAN_POINT('Ctrl Pts',(60.5060066363775,-22.414531083479,18.01));
#16458=CARTESIAN_POINT('Origin',(61.2987805806472,-20.8592558359983,18.51));
#16459=CARTESIAN_POINT('',(61.2987805806472,-20.8592558359983,18.01));
#16460=CARTESIAN_POINT('',(61.2987805806472,-20.8592558359983,18.51));
#16461=CARTESIAN_POINT('',(61.2987805806472,-20.8592558359983,18.01));
#16462=CARTESIAN_POINT('Origin',(59.9603656582103,-20.235142707877,18.51));
#16463=CARTESIAN_POINT('',(59.9603656582103,-20.235142707877,18.01));
#16464=CARTESIAN_POINT('',(59.9603656582103,-20.235142707877,18.51));
#16465=CARTESIAN_POINT('',(59.9603656582103,-20.235142707877,18.01));
#16466=CARTESIAN_POINT('Origin',(60.151157548507,-19.8259881787587,18.51));
#16467=CARTESIAN_POINT('',(60.151157548507,-19.8259881787587,18.01));
#16468=CARTESIAN_POINT('',(60.151157548507,-19.8259881787587,18.51));
#16469=CARTESIAN_POINT('',(60.151157548507,-19.8259881787587,18.01));
#16470=CARTESIAN_POINT('Origin',(59.7628101701656,-19.6448988222138,18.51));
#16471=CARTESIAN_POINT('',(59.7628101701656,-19.6448988222138,18.01));
#16472=CARTESIAN_POINT('',(59.7628101701656,-19.6448988222138,18.51));
#16473=CARTESIAN_POINT('',(59.7628101701656,-19.6448988222138,18.01));
#16474=CARTESIAN_POINT('Origin',(58.9931774908839,-21.2953814291837,18.51));
#16475=CARTESIAN_POINT('',(58.9931774908839,-21.2953814291837,18.01));
#16476=CARTESIAN_POINT('',(58.9931774908839,-21.2953814291837,18.51));
#16477=CARTESIAN_POINT('',(58.9931774908839,-21.2953814291837,18.01));
#16478=CARTESIAN_POINT('Origin',(59.3815283446417,-21.4764850860479,18.51));
#16479=CARTESIAN_POINT('',(59.3815283446417,-21.4764850860479,18.01));
#16480=CARTESIAN_POINT('',(59.3815283446417,-21.4764850860479,18.51));
#16481=CARTESIAN_POINT('',(59.3815283446417,-21.4764850860479,18.01));
#16482=CARTESIAN_POINT('Origin',(59.7695782146519,-20.6443094543082,18.51));
#16483=CARTESIAN_POINT('',(59.7695782146519,-20.6443094543082,18.01));
#16484=CARTESIAN_POINT('Origin',(59.0450224599064,-21.0990399395503,18.01));
#16485=CARTESIAN_POINT('Origin',(-63.069005243194,22.5405267395638,18.51));
#16486=CARTESIAN_POINT('',(-63.069005243194,22.5405267395638,18.01));
#16487=CARTESIAN_POINT('',(-63.069005243194,22.5405267395638,18.51));
#16488=CARTESIAN_POINT('',(-63.069005243194,22.0930124259408,18.01));
#16489=CARTESIAN_POINT('',(-63.069005243194,22.5405267395638,18.01));
#16490=CARTESIAN_POINT('',(-63.069005243194,22.0930124259408,18.51));
#16491=CARTESIAN_POINT('Origin',(-65.7317369166069,22.5405267395638,18.51));
#16492=CARTESIAN_POINT('',(-65.7317369166069,22.5405267395638,18.01));
#16493=CARTESIAN_POINT('',(-65.7317369166069,22.5405267395638,18.51));
#16494=CARTESIAN_POINT('',(-65.7317369166069,22.5405267395638,18.01));
#16495=CARTESIAN_POINT('Origin',(-65.7317369166069,23.9278318654731,18.51));
#16496=CARTESIAN_POINT('',(-65.7317369166069,23.9278318654731,18.01));
#16497=CARTESIAN_POINT('',(-65.7317369166069,23.9278318654731,18.51));
#16498=CARTESIAN_POINT('',(-65.7317369166069,23.9278318654731,18.01));
#16499=CARTESIAN_POINT('Origin',(-63.956582467665,23.9278318654731,18.51));
#16500=CARTESIAN_POINT('',(-63.956582467665,23.9278318654731,18.01));
#16501=CARTESIAN_POINT('',(-63.956582467665,23.9278318654731,18.51));
#16502=CARTESIAN_POINT('',(-63.956582467665,23.9278318654731,18.01));
#16503=CARTESIAN_POINT('Origin',(-63.956582467665,24.3828110239687,18.51));
#16504=CARTESIAN_POINT('',(-63.956582467665,24.3828110239687,18.01));
#16505=CARTESIAN_POINT('',(-63.956582467665,24.3828110239687,18.51));
#16506=CARTESIAN_POINT('',(-63.956582467665,24.3828110239687,18.01));
#16507=CARTESIAN_POINT('Origin',(-65.7317369166069,24.3828110239687,18.51));
#16508=CARTESIAN_POINT('',(-65.7317369166069,24.3828110239687,18.01));
#16509=CARTESIAN_POINT('',(-65.7317369166069,24.3828110239687,18.51));
#16510=CARTESIAN_POINT('',(-65.7317369166069,24.3828110239687,18.01));
#16511=CARTESIAN_POINT('Origin',(-65.7317369166069,25.7328277711086,18.51));
#16512=CARTESIAN_POINT('',(-65.7317369166069,25.7328277711086,18.01));
#16513=CARTESIAN_POINT('',(-65.7317369166069,25.7328277711086,18.51));
#16514=CARTESIAN_POINT('',(-65.7317369166069,25.7328277711086,18.01));
#16515=CARTESIAN_POINT('Origin',(-63.069005243194,25.7328277711086,18.51));
#16516=CARTESIAN_POINT('',(-63.069005243194,25.7328277711086,18.01));
#16517=CARTESIAN_POINT('',(-63.069005243194,25.7328277711086,18.51));
#16518=CARTESIAN_POINT('',(-63.069005243194,25.7328277711086,18.01));
#16519=CARTESIAN_POINT('Origin',(-63.069005243194,26.1878069296042,18.51));
#16520=CARTESIAN_POINT('',(-63.069005243194,26.1878069296042,18.01));
#16521=CARTESIAN_POINT('',(-63.069005243194,26.1878069296042,18.51));
#16522=CARTESIAN_POINT('',(-63.069005243194,26.1878069296042,18.01));
#16523=CARTESIAN_POINT('Origin',(-66.1717975871053,26.1878069296042,18.51));
#16524=CARTESIAN_POINT('',(-66.1717975871053,26.1878069296042,18.01));
#16525=CARTESIAN_POINT('',(-66.1717975871053,26.1878069296042,18.51));
#16526=CARTESIAN_POINT('',(-66.1717975871053,26.1878069296042,18.01));
#16527=CARTESIAN_POINT('Origin',(-66.1717975871053,22.0930124259408,18.51));
#16528=CARTESIAN_POINT('',(-66.1717975871053,22.0930124259408,18.01));
#16529=CARTESIAN_POINT('',(-66.1717975871053,22.0930124259408,18.51));
#16530=CARTESIAN_POINT('',(-66.1717975871053,22.0930124259408,18.01));
#16531=CARTESIAN_POINT('Origin',(-63.069005243194,22.0930124259408,18.51));
#16532=CARTESIAN_POINT('',(-63.069005243194,22.0930124259408,18.01));
#16533=CARTESIAN_POINT('Origin',(-64.6204014151497,24.1404096777725,18.01));
#16534=CARTESIAN_POINT('Origin',(-48.5170630846715,25.6284005954778,18.51));
#16535=CARTESIAN_POINT('',(-48.5170630846715,25.6284005954778,18.51));
#16536=CARTESIAN_POINT('',(-49.6134812183063,24.5170617334962,18.51));
#16537=CARTESIAN_POINT('',(-42.9582516338631,31.2628597513397,18.51));
#16538=CARTESIAN_POINT('',(-48.5170630846715,25.6284005954778,18.01));
#16539=CARTESIAN_POINT('',(-48.5170630846715,25.6284005954778,18.51));
#16540=CARTESIAN_POINT('',(-49.6134812183063,24.5170617334962,18.01));
#16541=CARTESIAN_POINT('',(-48.5170630846715,25.6284005954778,18.01));
#16542=CARTESIAN_POINT('',(-49.6134812183063,24.5170617334962,18.51));
#16543=CARTESIAN_POINT('Origin',(-47.4057242226898,24.509605850022,18.51));
#16544=CARTESIAN_POINT('',(-47.4057242226898,24.509605850022,18.51));
#16545=CARTESIAN_POINT('',(-29.5062722726553,6.4900679095154,18.51));
#16546=CARTESIAN_POINT('',(-47.4057242226898,24.509605850022,18.01));
#16547=CARTESIAN_POINT('',(-47.4057242226898,24.509605850022,18.51));
#16548=CARTESIAN_POINT('',(-47.4057242226898,24.509605850022,18.01));
#16549=CARTESIAN_POINT('Origin',(-47.4057242226898,23.9651292056409,18.51));
#16550=CARTESIAN_POINT('',(-47.4057242226898,23.9651292056409,18.51));
#16551=CARTESIAN_POINT('',(-47.40572422269,11.9825646028238,18.51));
#16552=CARTESIAN_POINT('',(-47.4057242226898,23.9651292056409,18.01));
#16553=CARTESIAN_POINT('',(-47.4057242226898,23.9651292056409,18.51));
#16554=CARTESIAN_POINT('',(-47.4057242226898,23.9651292056409,18.01));
#16555=CARTESIAN_POINT('Origin',(-49.6134812183063,23.9651292056409,18.51));
#16556=CARTESIAN_POINT('',(-49.6134812183063,23.9651292056409,18.51));
#16557=CARTESIAN_POINT('',(-24.8067406091517,23.9651292056409,18.51));
#16558=CARTESIAN_POINT('',(-49.6134812183063,23.9651292056409,18.01));
#16559=CARTESIAN_POINT('',(-49.6134812183063,23.9651292056409,18.51));
#16560=CARTESIAN_POINT('',(-49.6134812183063,23.9651292056409,18.01));
#16561=CARTESIAN_POINT('Origin',(-49.6134812183063,24.5170617334962,18.51));
#16562=CARTESIAN_POINT('',(-49.6134812183063,12.2585308667511,18.51));
#16563=CARTESIAN_POINT('',(-49.6134812183063,24.5170617334962,18.01));
#16564=CARTESIAN_POINT('Origin',(-46.9582636774573,22.0930034645424,18.51));
#16565=CARTESIAN_POINT('',(-46.9582636774573,22.0930034645424,18.01));
#16566=CARTESIAN_POINT('',(-46.9582636774573,22.0930034645424,18.51));
#16567=CARTESIAN_POINT('',(-47.4057824717795,22.0930034645424,18.01));
#16568=CARTESIAN_POINT('',(-46.9582636774573,22.0930034645424,18.01));
#16569=CARTESIAN_POINT('',(-47.4057824717795,22.0930034645424,18.51));
#16570=CARTESIAN_POINT('Origin',(-46.9582636774573,24.5991033359076,18.51));
#16571=CARTESIAN_POINT('',(-46.9582636774573,24.5991033359076,18.01));
#16572=CARTESIAN_POINT('',(-46.9582636774573,24.5991033359076,18.51));
#16573=CARTESIAN_POINT('',(-46.9582636774573,24.5991033359076,18.01));
#16574=CARTESIAN_POINT('Ctrl Pts',(-47.0179331487469,24.7557485800529,18.51));
#16575=CARTESIAN_POINT('Ctrl Pts',(-47.0179331487469,24.7557485800529,18.01));
#16576=CARTESIAN_POINT('Ctrl Pts',(-46.9582636774573,24.6960835894625,18.51));
#16577=CARTESIAN_POINT('Ctrl Pts',(-46.9582636774573,24.6960835894625,18.01));
#16578=CARTESIAN_POINT('Ctrl Pts',(-46.9582636774573,24.5991033359076,18.51));
#16579=CARTESIAN_POINT('Ctrl Pts',(-46.9582636774573,24.5991033359076,18.01));
#16580=CARTESIAN_POINT('',(-47.0179331487469,24.7557485800529,18.01));
#16581=CARTESIAN_POINT('',(-47.0179331487469,24.7557485800529,18.51));
#16582=CARTESIAN_POINT('Ctrl Pts',(-47.0179331487469,24.7557485800529,18.01));
#16583=CARTESIAN_POINT('Ctrl Pts',(-46.9582636774573,24.6960835894625,18.01));
#16584=CARTESIAN_POINT('Ctrl Pts',(-46.9582636774573,24.5991033359076,18.01));
#16585=CARTESIAN_POINT('Origin',(-48.35302916754,26.113221210667,18.51));
#16586=CARTESIAN_POINT('',(-48.35302916754,26.113221210667,18.01));
#16587=CARTESIAN_POINT('',(-48.35302916754,26.113221210667,18.51));
#16588=CARTESIAN_POINT('',(-48.35302916754,26.113221210667,18.01));
#16589=CARTESIAN_POINT('Ctrl Pts',(-48.5245682558369,26.1803600075284,18.51));
#16590=CARTESIAN_POINT('Ctrl Pts',(-48.5245682558369,26.1803600075284,18.01));
#16591=CARTESIAN_POINT('Ctrl Pts',(-48.4201455609054,26.1803600075284,18.51));
#16592=CARTESIAN_POINT('Ctrl Pts',(-48.4201455609054,26.1803600075284,18.01));
#16593=CARTESIAN_POINT('Ctrl Pts',(-48.35302916754,26.113221210667,18.51));
#16594=CARTESIAN_POINT('Ctrl Pts',(-48.35302916754,26.113221210667,18.01));
#16595=CARTESIAN_POINT('',(-48.5245682558369,26.1803600075284,18.01));
#16596=CARTESIAN_POINT('',(-48.5245682558369,26.1803600075284,18.51));
#16597=CARTESIAN_POINT('Ctrl Pts',(-48.5245682558369,26.1803600075284,18.01));
#16598=CARTESIAN_POINT('Ctrl Pts',(-48.4201455609054,26.1803600075284,18.01));
#16599=CARTESIAN_POINT('Ctrl Pts',(-48.35302916754,26.113221210667,18.01));
#16600=CARTESIAN_POINT('Ctrl Pts',(-48.6737396937112,26.113221210667,18.51));
#16601=CARTESIAN_POINT('Ctrl Pts',(-48.6737396937112,26.113221210667,18.01));
#16602=CARTESIAN_POINT('Ctrl Pts',(-48.6178071255572,26.1803600075284,18.51));
#16603=CARTESIAN_POINT('Ctrl Pts',(-48.6178071255572,26.1803600075284,18.01));
#16604=CARTESIAN_POINT('Ctrl Pts',(-48.5245682558369,26.1803600075284,18.51));
#16605=CARTESIAN_POINT('Ctrl Pts',(-48.5245682558369,26.1803600075284,18.01));
#16606=CARTESIAN_POINT('',(-48.6737396937112,26.113221210667,18.01));
#16607=CARTESIAN_POINT('',(-48.6737396937112,26.113221210667,18.51));
#16608=CARTESIAN_POINT('Ctrl Pts',(-48.6737396937112,26.113221210667,18.01));
#16609=CARTESIAN_POINT('Ctrl Pts',(-48.6178071255572,26.1803600075284,18.01));
#16610=CARTESIAN_POINT('Ctrl Pts',(-48.5245682558369,26.1803600075284,18.01));
#16611=CARTESIAN_POINT('Origin',(-49.9939194648568,24.7632044635271,18.51));
#16612=CARTESIAN_POINT('',(-49.9939194648568,24.7632044635271,18.01));
#16613=CARTESIAN_POINT('',(-49.9939194648568,24.7632044635271,18.51));
#16614=CARTESIAN_POINT('',(-49.9939194648568,24.7632044635271,18.01));
#16615=CARTESIAN_POINT('Ctrl Pts',(-50.0610582617181,24.6140330256527,18.51));
#16616=CARTESIAN_POINT('Ctrl Pts',(-50.0610582617181,24.6140330256527,18.01));
#16617=CARTESIAN_POINT('Ctrl Pts',(-50.0610582617181,24.6960656666657,18.51));
#16618=CARTESIAN_POINT('Ctrl Pts',(-50.0610582617181,24.6960656666657,18.01));
#16619=CARTESIAN_POINT('Ctrl Pts',(-49.9939194648568,24.7632044635271,18.51));
#16620=CARTESIAN_POINT('Ctrl Pts',(-49.9939194648568,24.7632044635271,18.01));
#16621=CARTESIAN_POINT('',(-50.0610582617181,24.6140330256527,18.01));
#16622=CARTESIAN_POINT('',(-50.0610582617181,24.6140330256527,18.51));
#16623=CARTESIAN_POINT('Ctrl Pts',(-50.0610582617181,24.6140330256527,18.01));
#16624=CARTESIAN_POINT('Ctrl Pts',(-50.0610582617181,24.6960656666657,18.01));
#16625=CARTESIAN_POINT('Ctrl Pts',(-49.9939194648568,24.7632044635271,18.01));
#16626=CARTESIAN_POINT('Origin',(-50.0610582617181,22.0930124259408,18.51));
#16627=CARTESIAN_POINT('',(-50.0610582617181,22.0930124259408,18.01));
#16628=CARTESIAN_POINT('',(-50.0610582617181,22.0930124259408,18.51));
#16629=CARTESIAN_POINT('',(-50.0610582617181,22.0930124259408,18.01));
#16630=CARTESIAN_POINT('Origin',(-49.6209998315694,22.0930124259408,18.51));
#16631=CARTESIAN_POINT('',(-49.6209998315694,22.0930124259408,18.01));
#16632=CARTESIAN_POINT('',(-49.6209998315694,22.0930124259408,18.51));
#16633=CARTESIAN_POINT('',(-49.6209998315694,22.0930124259408,18.01));
#16634=CARTESIAN_POINT('Origin',(-49.6209998315694,23.5474473873131,18.51));
#16635=CARTESIAN_POINT('',(-49.6209998315694,23.5474473873131,18.01));
#16636=CARTESIAN_POINT('',(-49.6209998315694,23.5474473873131,18.51));
#16637=CARTESIAN_POINT('',(-49.6209998315694,23.5474473873131,18.01));
#16638=CARTESIAN_POINT('Origin',(-47.4057824717795,23.5474384259147,18.51));
#16639=CARTESIAN_POINT('',(-47.4057824717795,23.5474384259147,18.01));
#16640=CARTESIAN_POINT('',(-47.4057824717795,23.5474384259147,18.51));
#16641=CARTESIAN_POINT('',(-47.4057824717795,23.5474384259147,18.01));
#16642=CARTESIAN_POINT('Origin',(-47.4057824717795,22.0930034645424,18.51));
#16643=CARTESIAN_POINT('',(-47.4057824717795,22.0930034645424,18.01));
#16644=CARTESIAN_POINT('Origin',(-48.5096609695877,24.1366817360354,18.01));
#16645=CARTESIAN_POINT('Origin',(-56.5724596315603,25.6284005954778,18.51));
#16646=CARTESIAN_POINT('',(-56.5724596315603,25.6284005954778,18.51));
#16647=CARTESIAN_POINT('',(-57.6688800055447,24.5170617334962,18.51));
#16648=CARTESIAN_POINT('',(-49.0269895578564,33.2765384117727,18.51));
#16649=CARTESIAN_POINT('',(-56.5724596315603,25.6284005954778,18.01));
#16650=CARTESIAN_POINT('',(-56.5724596315603,25.6284005954778,18.51));
#16651=CARTESIAN_POINT('',(-57.6688800055447,24.5170617334962,18.01));
#16652=CARTESIAN_POINT('',(-56.5724596315603,25.6284005954778,18.01));
#16653=CARTESIAN_POINT('',(-57.6688800055447,24.5170617334962,18.51));
#16654=CARTESIAN_POINT('Origin',(-55.4611230099282,24.509605850022,18.51));
#16655=CARTESIAN_POINT('',(-55.4611230099282,24.509605850022,18.51));
#16656=CARTESIAN_POINT('',(-35.5613148316545,4.47625106617958,18.51));
#16657=CARTESIAN_POINT('',(-55.4611230099282,24.509605850022,18.01));
#16658=CARTESIAN_POINT('',(-55.4611230099282,24.509605850022,18.51));
#16659=CARTESIAN_POINT('',(-55.4611230099282,24.509605850022,18.01));
#16660=CARTESIAN_POINT('Origin',(-55.4611230099282,23.9651292056409,18.51));
#16661=CARTESIAN_POINT('',(-55.4611230099282,23.9651292056409,18.51));
#16662=CARTESIAN_POINT('',(-55.4611230099284,11.9825646028239,18.51));
#16663=CARTESIAN_POINT('',(-55.4611230099282,23.9651292056409,18.01));
#16664=CARTESIAN_POINT('',(-55.4611230099282,23.9651292056409,18.51));
#16665=CARTESIAN_POINT('',(-55.4611230099282,23.9651292056409,18.01));
#16666=CARTESIAN_POINT('Origin',(-57.6688800055447,23.9651292056409,18.51));
#16667=CARTESIAN_POINT('',(-57.6688800055447,23.9651292056409,18.51));
#16668=CARTESIAN_POINT('',(-28.8344400027709,23.9651292056409,18.51));
#16669=CARTESIAN_POINT('',(-57.6688800055447,23.9651292056409,18.01));
#16670=CARTESIAN_POINT('',(-57.6688800055447,23.9651292056409,18.51));
#16671=CARTESIAN_POINT('',(-57.6688800055447,23.9651292056409,18.01));
#16672=CARTESIAN_POINT('Origin',(-57.6688800055447,24.5170617334962,18.51));
#16673=CARTESIAN_POINT('',(-57.6688800055449,12.2585308667516,18.51));
#16674=CARTESIAN_POINT('',(-57.6688800055447,24.5170617334962,18.01));
#16675=CARTESIAN_POINT('Origin',(-55.0136602243461,22.0930034645424,18.51));
#16676=CARTESIAN_POINT('',(-55.0136602243461,22.0930034645424,18.01));
#16677=CARTESIAN_POINT('',(-55.0136602243461,22.0930034645424,18.51));
#16678=CARTESIAN_POINT('',(-55.4611790186683,22.0930034645424,18.01));
#16679=CARTESIAN_POINT('',(-55.0136602243461,22.0930034645424,18.01));
#16680=CARTESIAN_POINT('',(-55.4611790186683,22.0930034645424,18.51));
#16681=CARTESIAN_POINT('Origin',(-55.0136602243461,24.5991033359076,18.51));
#16682=CARTESIAN_POINT('',(-55.0136602243461,24.5991033359076,18.01));
#16683=CARTESIAN_POINT('',(-55.0136602243461,24.5991033359076,18.51));
#16684=CARTESIAN_POINT('',(-55.0136602243461,24.5991033359076,18.01));
#16685=CARTESIAN_POINT('Ctrl Pts',(-55.0733296956357,24.7557485800529,18.51));
#16686=CARTESIAN_POINT('Ctrl Pts',(-55.0733296956357,24.7557485800529,18.01));
#16687=CARTESIAN_POINT('Ctrl Pts',(-55.0136602243461,24.6960835894625,18.51));
#16688=CARTESIAN_POINT('Ctrl Pts',(-55.0136602243461,24.6960835894625,18.01));
#16689=CARTESIAN_POINT('Ctrl Pts',(-55.0136602243461,24.5991033359076,18.51));
#16690=CARTESIAN_POINT('Ctrl Pts',(-55.0136602243461,24.5991033359076,18.01));
#16691=CARTESIAN_POINT('',(-55.0733296956357,24.7557485800529,18.01));
#16692=CARTESIAN_POINT('',(-55.0733296956357,24.7557485800529,18.51));
#16693=CARTESIAN_POINT('Ctrl Pts',(-55.0733296956357,24.7557485800529,18.01));
#16694=CARTESIAN_POINT('Ctrl Pts',(-55.0136602243461,24.6960835894625,18.01));
#16695=CARTESIAN_POINT('Ctrl Pts',(-55.0136602243461,24.5991033359076,18.01));
#16696=CARTESIAN_POINT('Origin',(-56.4084257144288,26.113221210667,18.51));
#16697=CARTESIAN_POINT('',(-56.4084257144288,26.113221210667,18.01));
#16698=CARTESIAN_POINT('',(-56.4084257144288,26.113221210667,18.51));
#16699=CARTESIAN_POINT('',(-56.4084257144288,26.113221210667,18.01));
#16700=CARTESIAN_POINT('Ctrl Pts',(-56.5799625623761,26.1803600075284,18.51));
#16701=CARTESIAN_POINT('Ctrl Pts',(-56.5799625623761,26.1803600075284,18.01));
#16702=CARTESIAN_POINT('Ctrl Pts',(-56.4755421077941,26.1803600075284,18.51));
#16703=CARTESIAN_POINT('Ctrl Pts',(-56.4755421077941,26.1803600075284,18.01));
#16704=CARTESIAN_POINT('Ctrl Pts',(-56.4084257144288,26.113221210667,18.51));
#16705=CARTESIAN_POINT('Ctrl Pts',(-56.4084257144288,26.113221210667,18.01));
#16706=CARTESIAN_POINT('',(-56.5799625623761,26.1803600075284,18.01));
#16707=CARTESIAN_POINT('',(-56.5799625623761,26.1803600075284,18.51));
#16708=CARTESIAN_POINT('Ctrl Pts',(-56.5799625623761,26.1803600075284,18.01));
#16709=CARTESIAN_POINT('Ctrl Pts',(-56.4755421077941,26.1803600075284,18.01));
#16710=CARTESIAN_POINT('Ctrl Pts',(-56.4084257144288,26.113221210667,18.01));
#16711=CARTESIAN_POINT('Ctrl Pts',(-56.7291362406,26.113221210667,18.51));
#16712=CARTESIAN_POINT('Ctrl Pts',(-56.7291362406,26.113221210667,18.01));
#16713=CARTESIAN_POINT('Ctrl Pts',(-56.6732014320964,26.1803600075284,18.51));
#16714=CARTESIAN_POINT('Ctrl Pts',(-56.6732014320964,26.1803600075284,18.01));
#16715=CARTESIAN_POINT('Ctrl Pts',(-56.5799625623761,26.1803600075284,18.51));
#16716=CARTESIAN_POINT('Ctrl Pts',(-56.5799625623761,26.1803600075284,18.01));
#16717=CARTESIAN_POINT('',(-56.7291362406,26.113221210667,18.01));
#16718=CARTESIAN_POINT('',(-56.7291362406,26.113221210667,18.51));
#16719=CARTESIAN_POINT('Ctrl Pts',(-56.7291362406,26.113221210667,18.01));
#16720=CARTESIAN_POINT('Ctrl Pts',(-56.6732014320964,26.1803600075284,18.01));
#16721=CARTESIAN_POINT('Ctrl Pts',(-56.5799625623761,26.1803600075284,18.01));
#16722=CARTESIAN_POINT('Origin',(-58.0493160117456,24.7632044635271,18.51));
#16723=CARTESIAN_POINT('',(-58.0493160117456,24.7632044635271,18.01));
#16724=CARTESIAN_POINT('',(-58.0493160117456,24.7632044635271,18.51));
#16725=CARTESIAN_POINT('',(-58.0493160117456,24.7632044635271,18.01));
#16726=CARTESIAN_POINT('Ctrl Pts',(-58.1164548086069,24.6140330256527,18.51));
#16727=CARTESIAN_POINT('Ctrl Pts',(-58.1164548086069,24.6140330256527,18.01));
#16728=CARTESIAN_POINT('Ctrl Pts',(-58.1164548086069,24.6960656666657,18.51));
#16729=CARTESIAN_POINT('Ctrl Pts',(-58.1164548086069,24.6960656666657,18.01));
#16730=CARTESIAN_POINT('Ctrl Pts',(-58.0493160117456,24.7632044635271,18.51));
#16731=CARTESIAN_POINT('Ctrl Pts',(-58.0493160117456,24.7632044635271,18.01));
#16732=CARTESIAN_POINT('',(-58.1164548086069,24.6140330256527,18.01));
#16733=CARTESIAN_POINT('',(-58.1164548086069,24.6140330256527,18.51));
#16734=CARTESIAN_POINT('Ctrl Pts',(-58.1164548086069,24.6140330256527,18.01));
#16735=CARTESIAN_POINT('Ctrl Pts',(-58.1164548086069,24.6960656666657,18.01));
#16736=CARTESIAN_POINT('Ctrl Pts',(-58.0493160117456,24.7632044635271,18.01));
#16737=CARTESIAN_POINT('Origin',(-58.1164548086069,22.0930124259408,18.51));
#16738=CARTESIAN_POINT('',(-58.1164548086069,22.0930124259408,18.01));
#16739=CARTESIAN_POINT('',(-58.1164548086069,22.0930124259408,18.51));
#16740=CARTESIAN_POINT('',(-58.1164548086069,22.0930124259408,18.01));
#16741=CARTESIAN_POINT('Origin',(-57.6763963784582,22.0930124259408,18.51));
#16742=CARTESIAN_POINT('',(-57.6763963784582,22.0930124259408,18.01));
#16743=CARTESIAN_POINT('',(-57.6763963784582,22.0930124259408,18.51));
#16744=CARTESIAN_POINT('',(-57.6763963784582,22.0930124259408,18.01));
#16745=CARTESIAN_POINT('Origin',(-57.6763963784582,23.5474473873131,18.51));
#16746=CARTESIAN_POINT('',(-57.6763963784582,23.5474473873131,18.01));
#16747=CARTESIAN_POINT('',(-57.6763963784582,23.5474473873131,18.51));
#16748=CARTESIAN_POINT('',(-57.6763963784582,23.5474473873131,18.01));
#16749=CARTESIAN_POINT('Origin',(-55.4611790186683,23.5474384259147,18.51));
#16750=CARTESIAN_POINT('',(-55.4611790186683,23.5474384259147,18.01));
#16751=CARTESIAN_POINT('',(-55.4611790186683,23.5474384259147,18.51));
#16752=CARTESIAN_POINT('',(-55.4611790186683,23.5474384259147,18.01));
#16753=CARTESIAN_POINT('Origin',(-55.4611790186683,22.0930034645424,18.51));
#16754=CARTESIAN_POINT('',(-55.4611790186683,22.0930034645424,18.01));
#16755=CARTESIAN_POINT('Origin',(-56.5650575164765,24.1366817360354,18.01));
#16756=CARTESIAN_POINT('Origin',(58.0041211611121,-27.9429703492343,18.51));
#16757=CARTESIAN_POINT('',(58.0041211611121,-27.9429703492343,18.01));
#16758=CARTESIAN_POINT('',(58.0041211611121,-27.9429703492343,18.51));
#16759=CARTESIAN_POINT('',(57.8100957404461,-28.3590592066073,18.01));
#16760=CARTESIAN_POINT('',(58.0041211611121,-27.9429703492343,18.01));
#16761=CARTESIAN_POINT('',(57.8100957404461,-28.3590592066073,18.51));
#16762=CARTESIAN_POINT('Origin',(54.41189333041,-26.2678870019404,18.51));
#16763=CARTESIAN_POINT('',(54.41189333041,-26.2678870019404,18.01));
#16764=CARTESIAN_POINT('',(54.41189333041,-26.2678870019404,18.51));
#16765=CARTESIAN_POINT('',(54.41189333041,-26.2678870019404,18.01));
#16766=CARTESIAN_POINT('Ctrl Pts',(54.1493339356478,-26.3058645055547,18.51));
#16767=CARTESIAN_POINT('Ctrl Pts',(54.1493339356478,-26.3058645055547,18.01));
#16768=CARTESIAN_POINT('Ctrl Pts',(54.2662495239905,-26.1999721796441,18.51));
#16769=CARTESIAN_POINT('Ctrl Pts',(54.2662495239905,-26.1999721796441,18.01));
#16770=CARTESIAN_POINT('Ctrl Pts',(54.41189333041,-26.2678870019404,18.51));
#16771=CARTESIAN_POINT('Ctrl Pts',(54.41189333041,-26.2678870019404,18.01));
#16772=CARTESIAN_POINT('',(54.1493339356478,-26.3058645055547,18.01));
#16773=CARTESIAN_POINT('',(54.1493339356478,-26.3058645055547,18.51));
#16774=CARTESIAN_POINT('Ctrl Pts',(54.1493339356478,-26.3058645055547,18.01));
#16775=CARTESIAN_POINT('Ctrl Pts',(54.2662495239905,-26.1999721796441,18.01));
#16776=CARTESIAN_POINT('Ctrl Pts',(54.41189333041,-26.2678870019404,18.01));
#16777=CARTESIAN_POINT('Ctrl Pts',(54.1310255242671,-26.3268759398907,18.51));
#16778=CARTESIAN_POINT('Ctrl Pts',(54.1310255242671,-26.3268759398907,18.01));
#16779=CARTESIAN_POINT('Ctrl Pts',(54.1326447177564,-26.3234035682474,18.51));
#16780=CARTESIAN_POINT('Ctrl Pts',(54.1326447177564,-26.3234035682474,18.01));
#16781=CARTESIAN_POINT('Ctrl Pts',(54.1493339356478,-26.3058645055547,18.51));
#16782=CARTESIAN_POINT('Ctrl Pts',(54.1493339356478,-26.3058645055547,18.01));
#16783=CARTESIAN_POINT('',(54.1310255242671,-26.3268759398907,18.01));
#16784=CARTESIAN_POINT('',(54.1310255242671,-26.3268759398907,18.51));
#16785=CARTESIAN_POINT('Ctrl Pts',(54.1310255242671,-26.3268759398907,18.01));
#16786=CARTESIAN_POINT('Ctrl Pts',(54.1326447177564,-26.3234035682474,18.01));
#16787=CARTESIAN_POINT('Ctrl Pts',(54.1493339356478,-26.3058645055547,18.01));
#16788=CARTESIAN_POINT('Ctrl Pts',(54.1215815501687,-26.3562432713017,18.51));
#16789=CARTESIAN_POINT('Ctrl Pts',(54.1215815501687,-26.3562432713017,18.01));
#16790=CARTESIAN_POINT('Ctrl Pts',(54.1261776570177,-26.3372722247569,18.51));
#16791=CARTESIAN_POINT('Ctrl Pts',(54.1261776570177,-26.3372722247569,18.01));
#16792=CARTESIAN_POINT('Ctrl Pts',(54.1310255242671,-26.3268759398907,18.51));
#16793=CARTESIAN_POINT('Ctrl Pts',(54.1310255242671,-26.3268759398907,18.01));
#16794=CARTESIAN_POINT('',(54.1215815501687,-26.3562432713017,18.01));
#16795=CARTESIAN_POINT('',(54.1215815501687,-26.3562432713017,18.51));
#16796=CARTESIAN_POINT('Ctrl Pts',(54.1215815501687,-26.3562432713017,18.01));
#16797=CARTESIAN_POINT('Ctrl Pts',(54.1261776570177,-26.3372722247569,18.01));
#16798=CARTESIAN_POINT('Ctrl Pts',(54.1310255242671,-26.3268759398907,18.01));
#16799=CARTESIAN_POINT('Ctrl Pts',(54.1137548269159,-26.3821423970822,18.51));
#16800=CARTESIAN_POINT('Ctrl Pts',(54.1137548269159,-26.3821423970822,18.01));
#16801=CARTESIAN_POINT('Ctrl Pts',(54.1169932138944,-26.3751976537955,18.51));
#16802=CARTESIAN_POINT('Ctrl Pts',(54.1169932138944,-26.3751976537955,18.01));
#16803=CARTESIAN_POINT('Ctrl Pts',(54.1215815501687,-26.3562432713017,18.51));
#16804=CARTESIAN_POINT('Ctrl Pts',(54.1215815501687,-26.3562432713017,18.01));
#16805=CARTESIAN_POINT('',(54.1137548269159,-26.3821423970822,18.01));
#16806=CARTESIAN_POINT('',(54.1137548269159,-26.3821423970822,18.51));
#16807=CARTESIAN_POINT('Ctrl Pts',(54.1137548269159,-26.3821423970822,18.01));
#16808=CARTESIAN_POINT('Ctrl Pts',(54.1169932138944,-26.3751976537955,18.01));
#16809=CARTESIAN_POINT('Ctrl Pts',(54.1215815501687,-26.3562432713017,18.01));
#16810=CARTESIAN_POINT('Ctrl Pts',(54.1013204585884,-26.5536419484181,18.51));
#16811=CARTESIAN_POINT('Ctrl Pts',(54.1013204585884,-26.5536419484181,18.01));
#16812=CARTESIAN_POINT('Ctrl Pts',(54.071716018149,-26.4722949134128,18.51));
#16813=CARTESIAN_POINT('Ctrl Pts',(54.071716018149,-26.4722949134128,18.01));
#16814=CARTESIAN_POINT('Ctrl Pts',(54.1137548269159,-26.3821423970822,18.51));
#16815=CARTESIAN_POINT('Ctrl Pts',(54.1137548269159,-26.3821423970822,18.01));
#16816=CARTESIAN_POINT('',(54.1013204585884,-26.5536419484181,18.01));
#16817=CARTESIAN_POINT('',(54.1013204585884,-26.5536419484181,18.51));
#16818=CARTESIAN_POINT('Ctrl Pts',(54.1013204585884,-26.5536419484181,18.01));
#16819=CARTESIAN_POINT('Ctrl Pts',(54.071716018149,-26.4722949134128,18.01));
#16820=CARTESIAN_POINT('Ctrl Pts',(54.1137548269159,-26.3821423970822,18.01));
#16821=CARTESIAN_POINT('Origin',(54.7175267390343,-28.1833765182597,18.51));
#16822=CARTESIAN_POINT('',(54.7175267390343,-28.1833765182597,18.01));
#16823=CARTESIAN_POINT('',(54.7175267390343,-28.1833765182597,18.51));
#16824=CARTESIAN_POINT('',(54.7175267390343,-28.1833765182597,18.01));
#16825=CARTESIAN_POINT('Origin',(53.0997952956271,-28.7376389587414,18.51));
#16826=CARTESIAN_POINT('',(53.0997952956271,-28.7376389587414,18.01));
#16827=CARTESIAN_POINT('',(53.0997952956271,-28.7376389587414,18.51));
#16828=CARTESIAN_POINT('',(53.0997952956271,-28.7376389587414,18.01));
#16829=CARTESIAN_POINT('Ctrl Pts',(52.9625388527018,-28.8509330207855,18.51));
#16830=CARTESIAN_POINT('Ctrl Pts',(52.9625388527018,-28.8509330207855,18.01));
#16831=CARTESIAN_POINT('Ctrl Pts',(52.9981101150691,-28.7746502024675,18.51));
#16832=CARTESIAN_POINT('Ctrl Pts',(52.9981101150691,-28.7746502024675,18.01));
#16833=CARTESIAN_POINT('Ctrl Pts',(53.0997952956271,-28.7376389587414,18.51));
#16834=CARTESIAN_POINT('Ctrl Pts',(53.0997952956271,-28.7376389587414,18.01));
#16835=CARTESIAN_POINT('',(52.9625388527018,-28.8509330207855,18.01));
#16836=CARTESIAN_POINT('',(52.9625388527018,-28.8509330207855,18.51));
#16837=CARTESIAN_POINT('Ctrl Pts',(52.9625388527018,-28.8509330207855,18.01));
#16838=CARTESIAN_POINT('Ctrl Pts',(52.9981101150691,-28.7746502024675,18.01));
#16839=CARTESIAN_POINT('Ctrl Pts',(53.0997952956271,-28.7376389587414,18.01));
#16840=CARTESIAN_POINT('Ctrl Pts',(52.9477143339263,-28.9368902045221,18.51));
#16841=CARTESIAN_POINT('Ctrl Pts',(52.9477143339263,-28.9368902045221,18.01));
#16842=CARTESIAN_POINT('Ctrl Pts',(52.9463702295333,-28.8856067450655,18.51));
#16843=CARTESIAN_POINT('Ctrl Pts',(52.9463702295333,-28.8856067450655,18.01));
#16844=CARTESIAN_POINT('Ctrl Pts',(52.9625388527018,-28.8509330207855,18.51));
#16845=CARTESIAN_POINT('Ctrl Pts',(52.9625388527018,-28.8509330207855,18.01));
#16846=CARTESIAN_POINT('',(52.9477143339263,-28.9368902045221,18.01));
#16847=CARTESIAN_POINT('',(52.9477143339263,-28.9368902045221,18.51));
#16848=CARTESIAN_POINT('Ctrl Pts',(52.9477143339263,-28.9368902045221,18.01));
#16849=CARTESIAN_POINT('Ctrl Pts',(52.9463702295333,-28.8856067450655,18.01));
#16850=CARTESIAN_POINT('Ctrl Pts',(52.9625388527018,-28.8509330207855,18.01));
#16851=CARTESIAN_POINT('Ctrl Pts',(53.080450741144,-29.1591984358068,18.51));
#16852=CARTESIAN_POINT('Ctrl Pts',(53.080450741144,-29.1591984358068,18.01));
#16853=CARTESIAN_POINT('Ctrl Pts',(52.941755844024,-29.0945239431327,18.51));
#16854=CARTESIAN_POINT('Ctrl Pts',(52.941755844024,-29.0945239431327,18.01));
#16855=CARTESIAN_POINT('Ctrl Pts',(52.9477143339263,-28.9368902045221,18.51));
#16856=CARTESIAN_POINT('Ctrl Pts',(52.9477143339263,-28.9368902045221,18.01));
#16857=CARTESIAN_POINT('',(53.080450741144,-29.1591984358068,18.01));
#16858=CARTESIAN_POINT('',(53.080450741144,-29.1591984358068,18.51));
#16859=CARTESIAN_POINT('Ctrl Pts',(53.080450741144,-29.1591984358068,18.01));
#16860=CARTESIAN_POINT('Ctrl Pts',(52.941755844024,-29.0945239431327,18.01));
#16861=CARTESIAN_POINT('Ctrl Pts',(52.9477143339263,-28.9368902045221,18.01));
#16862=CARTESIAN_POINT('Origin',(56.658805749324,-30.8278127797184,18.51));
#16863=CARTESIAN_POINT('',(56.658805749324,-30.8278127797184,18.01));
#16864=CARTESIAN_POINT('',(56.658805749324,-30.8278127797184,18.51));
#16865=CARTESIAN_POINT('',(56.658805749324,-30.8278127797184,18.01));
#16866=CARTESIAN_POINT('Origin',(56.8528306843291,-30.4117249638486,18.51));
#16867=CARTESIAN_POINT('',(56.8528306843291,-30.4117249638486,18.01));
#16868=CARTESIAN_POINT('',(56.8528306843291,-30.4117249638486,18.51));
#16869=CARTESIAN_POINT('',(56.8528306843291,-30.4117249638486,18.01));
#16870=CARTESIAN_POINT('Origin',(53.7737806385917,-28.9759403476787,18.51));
#16871=CARTESIAN_POINT('',(53.7737806385917,-28.9759403476787,18.01));
#16872=CARTESIAN_POINT('',(53.7737806385917,-28.9759403476787,18.51));
#16873=CARTESIAN_POINT('',(53.7737806385917,-28.9759403476787,18.01));
#16874=CARTESIAN_POINT('Origin',(55.0120449452588,-28.5655526635126,18.51));
#16875=CARTESIAN_POINT('',(55.0120449452588,-28.5655526635126,18.01));
#16876=CARTESIAN_POINT('',(55.0120449452588,-28.5655526635126,18.51));
#16877=CARTESIAN_POINT('',(55.0120449452588,-28.5655526635126,18.01));
#16878=CARTESIAN_POINT('Origin',(55.5390872207202,-28.8113165127317,18.51));
#16879=CARTESIAN_POINT('',(55.5390872207202,-28.8113165127317,18.01));
#16880=CARTESIAN_POINT('',(55.5390872207202,-28.8113165127317,18.51));
#16881=CARTESIAN_POINT('',(55.5390872207202,-28.8113165127317,18.01));
#16882=CARTESIAN_POINT('Origin',(55.7363461717556,-28.3882933271039,18.51));
#16883=CARTESIAN_POINT('',(55.7363461717556,-28.3882933271039,18.01));
#16884=CARTESIAN_POINT('',(55.7363461717556,-28.3882933271039,18.51));
#16885=CARTESIAN_POINT('',(55.7363461717556,-28.3882933271039,18.01));
#16886=CARTESIAN_POINT('Origin',(55.2093038962941,-28.1425294778848,18.51));
#16887=CARTESIAN_POINT('',(55.2093038962941,-28.1425294778848,18.01));
#16888=CARTESIAN_POINT('',(55.2093038962941,-28.1425294778848,18.51));
#16889=CARTESIAN_POINT('',(55.2093038962941,-28.1425294778848,18.01));
#16890=CARTESIAN_POINT('Origin',(54.7171728721865,-26.9168055870551,18.51));
#16891=CARTESIAN_POINT('',(54.7171728721865,-26.9168055870551,18.01));
#16892=CARTESIAN_POINT('',(54.7171728721865,-26.9168055870551,18.51));
#16893=CARTESIAN_POINT('',(54.7171728721865,-26.9168055870551,18.01));
#16894=CARTESIAN_POINT('Origin',(57.8100957404461,-28.3590592066073,18.51));
#16895=CARTESIAN_POINT('',(57.8100957404461,-28.3590592066073,18.01));
#16896=CARTESIAN_POINT('Origin',(55.4729385025681,-28.5138924796812,18.01));
#16897=CARTESIAN_POINT('Origin',(61.0878674153553,-12.5122773913074,18.51));
#16898=CARTESIAN_POINT('',(61.0878674153553,-12.5122773913074,18.51));
#16899=CARTESIAN_POINT('',(60.4572852838517,-13.8645651362666,18.51));
#16900=CARTESIAN_POINT('',(58.0287717723026,-19.0725291683346,18.51));
#16901=CARTESIAN_POINT('',(61.0878674153553,-12.5122773913074,18.01));
#16902=CARTESIAN_POINT('',(61.0878674153553,-12.5122773913074,18.51));
#16903=CARTESIAN_POINT('',(60.4572852838517,-13.8645651362666,18.01));
#16904=CARTESIAN_POINT('',(61.0878674153553,-12.5122773913074,18.01));
#16905=CARTESIAN_POINT('',(60.4572852838517,-13.8645651362666,18.51));
#16906=CARTESIAN_POINT('Origin',(62.1144271727472,-12.1213679375751,18.51));
#16907=CARTESIAN_POINT('',(62.1144271727472,-12.1213679375751,18.51));
#16908=CARTESIAN_POINT('',(37.0059567514432,-21.6825633631404,18.51));
#16909=CARTESIAN_POINT('',(62.1144271727472,-12.1213679375751,18.01));
#16910=CARTESIAN_POINT('',(62.1144271727472,-12.1213679375751,18.51));
#16911=CARTESIAN_POINT('',(62.1144271727472,-12.1213679375751,18.01));
#16912=CARTESIAN_POINT('Origin',(62.384884721739,-12.2474843638759,18.51));
#16913=CARTESIAN_POINT('',(62.384884721739,-12.2474843638759,18.51));
#16914=CARTESIAN_POINT('',(34.4180764738074,0.793652496288262,18.51));
#16915=CARTESIAN_POINT('',(62.384884721739,-12.2474843638759,18.01));
#16916=CARTESIAN_POINT('',(62.384884721739,-12.2474843638759,18.51));
#16917=CARTESIAN_POINT('',(62.384884721739,-12.2474843638759,18.01));
#16918=CARTESIAN_POINT('Origin',(62.776726627497,-13.3082475237035,18.51));
#16919=CARTESIAN_POINT('',(62.776726627497,-13.3082475237035,18.51));
#16920=CARTESIAN_POINT('',(56.8450611314086,2.74948428652742,18.51));
#16921=CARTESIAN_POINT('',(62.776726627497,-13.3082475237035,18.01));
#16922=CARTESIAN_POINT('',(62.776726627497,-13.3082475237035,18.51));
#16923=CARTESIAN_POINT('',(62.776726627497,-13.3082475237035,18.01));
#16924=CARTESIAN_POINT('Origin',(62.1493789976845,-14.6535988574016,18.51));
#16925=CARTESIAN_POINT('',(62.1493789976845,-14.6535988574016,18.51));
#16926=CARTESIAN_POINT('',(59.4055739347226,-20.5377078034524,18.51));
#16927=CARTESIAN_POINT('',(62.1493789976845,-14.6535988574016,18.01));
#16928=CARTESIAN_POINT('',(62.1493789976845,-14.6535988574016,18.51));
#16929=CARTESIAN_POINT('',(62.1493789976845,-14.6535988574016,18.01));
#16930=CARTESIAN_POINT('Origin',(60.4572852838517,-13.8645651362666,18.51));
#16931=CARTESIAN_POINT('',(32.9724241985079,-1.04820512041112,18.51));
#16932=CARTESIAN_POINT('',(60.4572852838517,-13.8645651362666,18.01));
#16933=CARTESIAN_POINT('Origin',(62.7786206633658,-12.0005495687831,18.51));
#16934=CARTESIAN_POINT('',(62.7786206633658,-12.0005495687831,18.01));
#16935=CARTESIAN_POINT('',(62.7786206633658,-12.0005495687831,18.51));
#16936=CARTESIAN_POINT('',(63.2403190741811,-13.2374140155457,18.01));
#16937=CARTESIAN_POINT('',(62.7786206633658,-12.0005495687831,18.01));
#16938=CARTESIAN_POINT('',(63.2403190741811,-13.2374140155457,18.51));
#16939=CARTESIAN_POINT('Ctrl Pts',(62.6588720386213,-11.8771676102982,18.51));
#16940=CARTESIAN_POINT('Ctrl Pts',(62.6588720386213,-11.8771676102982,18.01));
#16941=CARTESIAN_POINT('Ctrl Pts',(62.7490162229264,-11.9192025337778,18.51));
#16942=CARTESIAN_POINT('Ctrl Pts',(62.7490162229264,-11.9192025337778,18.01));
#16943=CARTESIAN_POINT('Ctrl Pts',(62.7786206633658,-12.0005495687831,18.51));
#16944=CARTESIAN_POINT('Ctrl Pts',(62.7786206633658,-12.0005495687831,18.01));
#16945=CARTESIAN_POINT('',(62.6588720386213,-11.8771676102982,18.01));
#16946=CARTESIAN_POINT('',(62.6588720386213,-11.8771676102982,18.51));
#16947=CARTESIAN_POINT('Ctrl Pts',(62.6588720386213,-11.8771676102982,18.01));
#16948=CARTESIAN_POINT('Ctrl Pts',(62.7490162229264,-11.9192025337778,18.01));
#16949=CARTESIAN_POINT('Ctrl Pts',(62.7786206633658,-12.0005495687831,18.01));
#16950=CARTESIAN_POINT('Origin',(62.2150417022166,-11.6702061255112,18.51));
#16951=CARTESIAN_POINT('',(62.2150417022166,-11.6702061255112,18.01));
#16952=CARTESIAN_POINT('',(62.2150417022166,-11.6702061255112,18.51));
#16953=CARTESIAN_POINT('',(62.2150417022166,-11.6702061255112,18.01));
#16954=CARTESIAN_POINT('Ctrl Pts',(62.0472382325196,-11.6679551681743,18.51));
#16955=CARTESIAN_POINT('Ctrl Pts',(62.0472382325196,-11.6679551681743,18.01));
#16956=CARTESIAN_POINT('Ctrl Pts',(62.1387453443571,-11.634628549552,18.51));
#16957=CARTESIAN_POINT('Ctrl Pts',(62.1387453443571,-11.634628549552,18.01));
#16958=CARTESIAN_POINT('Ctrl Pts',(62.2150417022166,-11.6702061255112,18.51));
#16959=CARTESIAN_POINT('Ctrl Pts',(62.2150417022166,-11.6702061255112,18.01));
#16960=CARTESIAN_POINT('',(62.0472382325196,-11.6679551681743,18.01));
#16961=CARTESIAN_POINT('',(62.0472382325196,-11.6679551681743,18.51));
#16962=CARTESIAN_POINT('Ctrl Pts',(62.0472382325196,-11.6679551681743,18.01));
#16963=CARTESIAN_POINT('Ctrl Pts',(62.1387453443571,-11.634628549552,18.01));
#16964=CARTESIAN_POINT('Ctrl Pts',(62.2150417022166,-11.6702061255112,18.01));
#16965=CARTESIAN_POINT('Origin',(60.8339428930117,-12.1153125176295,18.51));
#16966=CARTESIAN_POINT('',(60.8339428930117,-12.1153125176295,18.01));
#16967=CARTESIAN_POINT('',(60.8339428930117,-12.1153125176295,18.51));
#16968=CARTESIAN_POINT('',(60.8339428930117,-12.1153125176295,18.01));
#16969=CARTESIAN_POINT('Ctrl Pts',(60.7105544159995,-12.2350859980879,18.51));
#16970=CARTESIAN_POINT('Ctrl Pts',(60.7105544159995,-12.2350859980879,18.01));
#16971=CARTESIAN_POINT('Ctrl Pts',(60.7525980813755,-12.1449230667253,18.51));
#16972=CARTESIAN_POINT('Ctrl Pts',(60.7525980813755,-12.1449230667253,18.01));
#16973=CARTESIAN_POINT('Ctrl Pts',(60.8339428930117,-12.1153125176295,18.51));
#16974=CARTESIAN_POINT('Ctrl Pts',(60.8339428930117,-12.1153125176295,18.01));
#16975=CARTESIAN_POINT('',(60.7105544159995,-12.2350859980879,18.01));
#16976=CARTESIAN_POINT('',(60.7105544159995,-12.2350859980879,18.51));
#16977=CARTESIAN_POINT('Ctrl Pts',(60.7105544159995,-12.2350859980879,18.01));
#16978=CARTESIAN_POINT('Ctrl Pts',(60.7525980813755,-12.1449230667253,18.01));
#16979=CARTESIAN_POINT('Ctrl Pts',(60.8339428930117,-12.1153125176295,18.01));
#16980=CARTESIAN_POINT('Origin',(59.8503760871235,-14.0797443772348,18.51));
#16981=CARTESIAN_POINT('',(59.8503760871235,-14.0797443772348,18.01));
#16982=CARTESIAN_POINT('',(59.8503760871235,-14.0797443772348,18.51));
#16983=CARTESIAN_POINT('',(59.8503760871235,-14.0797443772348,18.01));
#16984=CARTESIAN_POINT('Origin',(63.6575868407797,-15.8550759078748,18.51));
#16985=CARTESIAN_POINT('',(63.6575868407797,-15.8550759078748,18.01));
#16986=CARTESIAN_POINT('',(63.6575868407797,-15.8550759078748,18.51));
#16987=CARTESIAN_POINT('',(63.6575868407797,-15.8550759078748,18.01));
#16988=CARTESIAN_POINT('Origin',(63.8484039854439,-15.4458672205905,18.51));
#16989=CARTESIAN_POINT('',(63.8484039854439,-15.4458672205905,18.01));
#16990=CARTESIAN_POINT('',(63.8484039854439,-15.4458672205905,18.51));
#16991=CARTESIAN_POINT('',(63.8484039854439,-15.4458672205905,18.01));
#16992=CARTESIAN_POINT('Origin',(62.579336511567,-14.8540913388062,18.51));
#16993=CARTESIAN_POINT('',(62.579336511567,-14.8540913388062,18.01));
#16994=CARTESIAN_POINT('',(62.579336511567,-14.8540913388062,18.51));
#16995=CARTESIAN_POINT('',(62.579336511567,-14.8540913388062,18.01));
#16996=CARTESIAN_POINT('Origin',(63.2486765849895,-13.4186216590561,18.51));
#16997=CARTESIAN_POINT('',(63.2486765849895,-13.4186216590561,18.01));
#16998=CARTESIAN_POINT('',(63.2486765849895,-13.4186216590561,18.51));
#16999=CARTESIAN_POINT('',(63.2486765849895,-13.4186216590561,18.01));
#17000=CARTESIAN_POINT('Ctrl Pts',(63.2403190741811,-13.2374140155457,18.51));
#17001=CARTESIAN_POINT('Ctrl Pts',(63.2403190741811,-13.2374140155457,18.01));
#17002=CARTESIAN_POINT('Ctrl Pts',(63.2810245158667,-13.3492512974258,18.51));
#17003=CARTESIAN_POINT('Ctrl Pts',(63.2810245158667,-13.3492512974258,18.01));
#17004=CARTESIAN_POINT('Ctrl Pts',(63.2486765849895,-13.4186216590561,18.51));
#17005=CARTESIAN_POINT('Ctrl Pts',(63.2486765849895,-13.4186216590561,18.01));
#17006=CARTESIAN_POINT('Ctrl Pts',(63.2403190741811,-13.2374140155457,18.01));
#17007=CARTESIAN_POINT('Ctrl Pts',(63.2810245158667,-13.3492512974258,18.01));
#17008=CARTESIAN_POINT('Ctrl Pts',(63.2486765849895,-13.4186216590561,18.01));
#17009=CARTESIAN_POINT('Origin',(61.8493900362837,-13.7448522287134,18.01));
#17010=CARTESIAN_POINT('Origin',(64.5701864087369,-5.02632140362131,18.51));
#17011=CARTESIAN_POINT('',(64.5701864087369,-5.02632140362131,18.51));
#17012=CARTESIAN_POINT('',(64.1368641995905,-5.95558387994632,18.51));
#17013=CARTESIAN_POINT('',(59.766465146369,-15.327934894968,18.51));
#17014=CARTESIAN_POINT('',(64.5701864087369,-5.02632140362131,18.01));
#17015=CARTESIAN_POINT('',(64.5701864087369,-5.02632140362131,18.51));
#17016=CARTESIAN_POINT('',(64.1368641995905,-5.95558387994632,18.01));
#17017=CARTESIAN_POINT('',(64.5701864087369,-5.02632140362131,18.01));
#17018=CARTESIAN_POINT('',(64.1368641995905,-5.95558387994632,18.51));
#17019=CARTESIAN_POINT('Origin',(65.6314147530743,-4.6515807134203,18.51));
#17020=CARTESIAN_POINT('',(65.6314147530743,-4.6515807134203,18.51));
#17021=CARTESIAN_POINT('',(37.1841772009353,-14.6968621945302,18.51));
#17022=CARTESIAN_POINT('',(65.6314147530743,-4.6515807134203,18.01));
#17023=CARTESIAN_POINT('',(65.6314147530743,-4.6515807134203,18.51));
#17024=CARTESIAN_POINT('',(65.6314147530743,-4.6515807134203,18.01));
#17025=CARTESIAN_POINT('Origin',(67.1570752854463,-5.36300790341021,18.51));
#17026=CARTESIAN_POINT('',(67.1570752854463,-5.36300790341021,18.51));
#17027=CARTESIAN_POINT('',(38.5487968893144,7.97725139933628,18.51));
#17028=CARTESIAN_POINT('',(67.1570752854463,-5.36300790341021,18.01));
#17029=CARTESIAN_POINT('',(67.1570752854463,-5.36300790341021,18.51));
#17030=CARTESIAN_POINT('',(67.1570752854463,-5.36300790341021,18.01));
#17031=CARTESIAN_POINT('Origin',(67.5382872023987,-6.41036953388173,18.51));
#17032=CARTESIAN_POINT('',(67.5382872023987,-6.41036953388173,18.51));
#17033=CARTESIAN_POINT('',(62.5578508158557,7.27314281791064,18.51));
#17034=CARTESIAN_POINT('',(67.5382872023987,-6.41036953388173,18.01));
#17035=CARTESIAN_POINT('',(67.5382872023987,-6.41036953388173,18.51));
#17036=CARTESIAN_POINT('',(67.5382872023987,-6.41036953388173,18.01));
#17037=CARTESIAN_POINT('Origin',(67.1049649932523,-7.33963201020674,18.51));
#17038=CARTESIAN_POINT('',(67.1049649932523,-7.33963201020674,18.51));
#17039=CARTESIAN_POINT('',(62.5179048354578,-17.1766142633908,18.51));
#17040=CARTESIAN_POINT('',(67.1049649932523,-7.33963201020674,18.01));
#17041=CARTESIAN_POINT('',(67.1049649932523,-7.33963201020674,18.51));
#17042=CARTESIAN_POINT('',(67.1049649932523,-7.33963201020674,18.01));
#17043=CARTESIAN_POINT('Origin',(64.1368641995905,-5.95558387994632,18.51));
#17044=CARTESIAN_POINT('',(36.6554922575912,6.8591903132138,18.51));
#17045=CARTESIAN_POINT('',(64.1368641995905,-5.95558387994632,18.01));
#17046=CARTESIAN_POINT('Origin',(67.1431989183222,-8.36214489191082,18.51));
#17047=CARTESIAN_POINT('',(67.1431989183222,-8.36214489191082,18.01));
#17048=CARTESIAN_POINT('',(67.1431989183222,-8.36214489191082,18.51));
#17049=CARTESIAN_POINT('',(66.727114226962,-8.16812141388847,18.01));
#17050=CARTESIAN_POINT('',(67.1431989183222,-8.36214489191082,18.01));
#17051=CARTESIAN_POINT('',(66.727114226962,-8.16812141388847,18.51));
#17052=CARTESIAN_POINT('Origin',(68.0001437168289,-6.52442084101859,18.51));
#17053=CARTESIAN_POINT('',(68.0001437168289,-6.52442084101859,18.01));
#17054=CARTESIAN_POINT('',(68.0001437168289,-6.52442084101859,18.51));
#17055=CARTESIAN_POINT('',(68.0001437168289,-6.52442084101859,18.01));
#17056=CARTESIAN_POINT('Ctrl Pts',(67.9987110905651,-6.34643978826202,18.51));
#17057=CARTESIAN_POINT('Ctrl Pts',(67.9987110905651,-6.34643978826202,18.01));
#17058=CARTESIAN_POINT('Ctrl Pts',(68.0357212927881,-6.44812448315913,18.51));
#17059=CARTESIAN_POINT('Ctrl Pts',(68.0357212927881,-6.44812448315913,18.01));
#17060=CARTESIAN_POINT('Ctrl Pts',(68.0001437168289,-6.52442084101859,18.51));
#17061=CARTESIAN_POINT('Ctrl Pts',(68.0001437168289,-6.52442084101859,18.01));
#17062=CARTESIAN_POINT('',(67.9987110905651,-6.34643978826202,18.01));
#17063=CARTESIAN_POINT('',(67.9987110905651,-6.34643978826202,18.51));
#17064=CARTESIAN_POINT('Ctrl Pts',(67.9987110905651,-6.34643978826202,18.01));
#17065=CARTESIAN_POINT('Ctrl Pts',(68.0357212927881,-6.44812448315913,18.01));
#17066=CARTESIAN_POINT('Ctrl Pts',(68.0001437168289,-6.52442084101859,18.01));
#17067=CARTESIAN_POINT('Origin',(67.5578167761986,-5.11927898693561,18.51));
#17068=CARTESIAN_POINT('',(67.5578167761986,-5.11927898693561,18.01));
#17069=CARTESIAN_POINT('',(67.5578167761986,-5.11927898693561,18.51));
#17070=CARTESIAN_POINT('',(67.5578167761986,-5.11927898693561,18.01));
#17071=CARTESIAN_POINT('Ctrl Pts',(67.4343576291331,-4.98571195554191,18.51));
#17072=CARTESIAN_POINT('Ctrl Pts',(67.4343576291331,-4.98571195554191,18.01));
#17073=CARTESIAN_POINT('Ctrl Pts',(67.5245184774893,-5.02775464959614,18.51));
#17074=CARTESIAN_POINT('Ctrl Pts',(67.5245184774893,-5.02775464959614,18.01));
#17075=CARTESIAN_POINT('Ctrl Pts',(67.5578167761986,-5.11927898693561,18.51));
#17076=CARTESIAN_POINT('Ctrl Pts',(67.5578167761986,-5.11927898693561,18.01));
#17077=CARTESIAN_POINT('',(67.4343576291331,-4.98571195554191,18.01));
#17078=CARTESIAN_POINT('',(67.4343576291331,-4.98571195554191,18.51));
#17079=CARTESIAN_POINT('Ctrl Pts',(67.4343576291331,-4.98571195554191,18.01));
#17080=CARTESIAN_POINT('Ctrl Pts',(67.5245184774893,-5.02775464959614,18.01));
#17081=CARTESIAN_POINT('Ctrl Pts',(67.5578167761986,-5.11927898693561,18.01));
#17082=CARTESIAN_POINT('Origin',(65.7422648866221,-4.19667615140053,18.51));
#17083=CARTESIAN_POINT('',(65.7422648866221,-4.19667615140053,18.01));
#17084=CARTESIAN_POINT('',(65.7422648866221,-4.19667615140053,18.51));
#17085=CARTESIAN_POINT('',(65.7422648866221,-4.19667615140053,18.01));
#17086=CARTESIAN_POINT('Ctrl Pts',(65.5675125076257,-4.19118486444151,18.51));
#17087=CARTESIAN_POINT('Ctrl Pts',(65.5675125076257,-4.19118486444151,18.01));
#17088=CARTESIAN_POINT('Ctrl Pts',(65.6590446155398,-4.15786990168113,18.51));
#17089=CARTESIAN_POINT('Ctrl Pts',(65.6590446155398,-4.15786990168113,18.01));
#17090=CARTESIAN_POINT('Ctrl Pts',(65.7422648866221,-4.19667615140053,18.51));
#17091=CARTESIAN_POINT('Ctrl Pts',(65.7422648866221,-4.19667615140053,18.01));
#17092=CARTESIAN_POINT('',(65.5675125076257,-4.19118486444151,18.01));
#17093=CARTESIAN_POINT('',(65.5675125076257,-4.19118486444151,18.51));
#17094=CARTESIAN_POINT('Ctrl Pts',(65.5675125076257,-4.19118486444151,18.01));
#17095=CARTESIAN_POINT('Ctrl Pts',(65.6590446155398,-4.15786990168113,18.01));
#17096=CARTESIAN_POINT('Ctrl Pts',(65.7422648866221,-4.19667615140053,18.01));
#17097=CARTESIAN_POINT('Origin',(64.333419461051,-4.62884661976053,18.51));
#17098=CARTESIAN_POINT('',(64.333419461051,-4.62884661976053,18.01));
#17099=CARTESIAN_POINT('',(64.333419461051,-4.62884661976053,18.51));
#17100=CARTESIAN_POINT('',(64.333419461051,-4.62884661976053,18.01));
#17101=CARTESIAN_POINT('Ctrl Pts',(64.2030811034175,-4.74538185360318,18.51));
#17102=CARTESIAN_POINT('Ctrl Pts',(64.2030811034175,-4.74538185360318,18.01));
#17103=CARTESIAN_POINT('Ctrl Pts',(64.2418854104932,-4.66216574853368,18.51));
#17104=CARTESIAN_POINT('Ctrl Pts',(64.2418854104932,-4.66216574853368,18.01));
#17105=CARTESIAN_POINT('Ctrl Pts',(64.333419461051,-4.62884661976053,18.51));
#17106=CARTESIAN_POINT('Ctrl Pts',(64.333419461051,-4.62884661976053,18.01));
#17107=CARTESIAN_POINT('',(64.2030811034175,-4.74538185360318,18.01));
#17108=CARTESIAN_POINT('',(64.2030811034175,-4.74538185360318,18.51));
#17109=CARTESIAN_POINT('Ctrl Pts',(64.2030811034175,-4.74538185360318,18.01));
#17110=CARTESIAN_POINT('Ctrl Pts',(64.2418854104932,-4.66216574853368,18.01));
#17111=CARTESIAN_POINT('Ctrl Pts',(64.333419461051,-4.62884661976053,18.01));
#17112=CARTESIAN_POINT('Origin',(63.3429037458633,-6.59003814974375,18.51));
#17113=CARTESIAN_POINT('',(63.3429037458633,-6.59003814974375,18.01));
#17114=CARTESIAN_POINT('',(63.3429037458633,-6.59003814974375,18.51));
#17115=CARTESIAN_POINT('',(63.3429037458633,-6.59003814974375,18.01));
#17116=CARTESIAN_POINT('Origin',(63.7520561919752,-6.78082906871859,18.51));
#17117=CARTESIAN_POINT('',(63.7520561919752,-6.78082906871859,18.01));
#17118=CARTESIAN_POINT('',(63.7520561919752,-6.78082906871859,18.51));
#17119=CARTESIAN_POINT('',(63.7520561919752,-6.78082906871859,18.01));
#17120=CARTESIAN_POINT('Origin',(63.94284711095,-6.37167662260667,18.51));
#17121=CARTESIAN_POINT('',(63.94284711095,-6.37167662260667,18.01));
#17122=CARTESIAN_POINT('',(63.94284711095,-6.37167662260667,18.51));
#17123=CARTESIAN_POINT('',(63.94284711095,-6.37167662260667,18.01));
#17124=CARTESIAN_POINT('Origin',(66.9179051459368,-7.75896896777656,18.51));
#17125=CARTESIAN_POINT('',(66.9179051459368,-7.75896896777656,18.01));
#17126=CARTESIAN_POINT('',(66.9179051459368,-7.75896896777656,18.51));
#17127=CARTESIAN_POINT('',(66.9179051459368,-7.75896896777656,18.01));
#17128=CARTESIAN_POINT('Origin',(66.727114226962,-8.16812141388847,18.51));
#17129=CARTESIAN_POINT('',(66.727114226962,-8.16812141388847,18.01));
#17130=CARTESIAN_POINT('Origin',(65.6893125193257,-6.26000739679597,18.01));
#17131=CARTESIAN_POINT('Origin',(59.3411318161118,-24.0073465485973,18.51));
#17132=CARTESIAN_POINT('',(59.3411318161118,-24.0073465485973,18.01));
#17133=CARTESIAN_POINT('',(59.3411318161118,-24.0073465485973,18.51));
#17134=CARTESIAN_POINT('',(59.7572165074721,-24.2013700266196,18.01));
#17135=CARTESIAN_POINT('',(59.3411318161118,-24.0073465485973,18.01));
#17136=CARTESIAN_POINT('',(59.7572165074721,-24.2013700266196,18.51));
#17137=CARTESIAN_POINT('Origin',(58.1866827971893,-26.4830704590521,18.51));
#17138=CARTESIAN_POINT('',(58.1866827971893,-26.4830704590521,18.01));
#17139=CARTESIAN_POINT('',(58.1866827971893,-26.4830704590521,18.51));
#17140=CARTESIAN_POINT('',(58.1866827971893,-26.4830704590521,18.01));
#17141=CARTESIAN_POINT('Origin',(56.8968102555418,-25.8815930148381,18.51));
#17142=CARTESIAN_POINT('',(56.8968102555418,-25.8815930148381,18.01));
#17143=CARTESIAN_POINT('',(56.8968102555418,-25.8815930148381,18.51));
#17144=CARTESIAN_POINT('',(56.8968102555418,-25.8815930148381,18.01));
#17145=CARTESIAN_POINT('Origin',(57.6664429348235,-24.2311104078682,18.51));
#17146=CARTESIAN_POINT('',(57.6664429348235,-24.2311104078682,18.01));
#17147=CARTESIAN_POINT('',(57.6664429348235,-24.2311104078682,18.51));
#17148=CARTESIAN_POINT('',(57.6664429348235,-24.2311104078682,18.01));
#17149=CARTESIAN_POINT('Origin',(57.2434176661894,-24.033850485511,18.51));
#17150=CARTESIAN_POINT('',(57.2434176661894,-24.033850485511,18.01));
#17151=CARTESIAN_POINT('',(57.2434176661894,-24.033850485511,18.51));
#17152=CARTESIAN_POINT('',(57.2434176661894,-24.033850485511,18.01));
#17153=CARTESIAN_POINT('Origin',(56.4737849869077,-25.6843330924809,18.51));
#17154=CARTESIAN_POINT('',(56.4737849869077,-25.6843330924809,18.01));
#17155=CARTESIAN_POINT('',(56.4737849869077,-25.6843330924809,18.51));
#17156=CARTESIAN_POINT('',(56.4737849869077,-25.6843330924809,18.01));
#17157=CARTESIAN_POINT('Origin',(55.2185820035275,-25.0990223287917,18.51));
#17158=CARTESIAN_POINT('',(55.2185820035275,-25.0990223287917,18.01));
#17159=CARTESIAN_POINT('',(55.2185820035275,-25.0990223287917,18.51));
#17160=CARTESIAN_POINT('',(55.2185820035275,-25.0990223287917,18.01));
#17161=CARTESIAN_POINT('Origin',(56.37303102245,-22.6232984183368,18.51));
#17162=CARTESIAN_POINT('',(56.37303102245,-22.6232984183368,18.01));
#17163=CARTESIAN_POINT('',(56.37303102245,-22.6232984183368,18.51));
#17164=CARTESIAN_POINT('',(56.37303102245,-22.6232984183368,18.01));
#17165=CARTESIAN_POINT('Origin',(55.9500057538159,-22.4260384959797,18.51));
#17166=CARTESIAN_POINT('',(55.9500057538159,-22.4260384959797,18.01));
#17167=CARTESIAN_POINT('',(55.9500057538159,-22.4260384959797,18.51));
#17168=CARTESIAN_POINT('',(55.9500057538159,-22.4260384959797,18.01));
#17169=CARTESIAN_POINT('Origin',(54.6047648445967,-25.3109169355528,18.51));
#17170=CARTESIAN_POINT('',(54.6047648445967,-25.3109169355528,18.01));
#17171=CARTESIAN_POINT('',(54.6047648445967,-25.3109169355528,18.51));
#17172=CARTESIAN_POINT('',(54.6047648445967,-25.3109169355528,18.01));
#17173=CARTESIAN_POINT('Origin',(58.4119755982529,-27.0862484661928,18.51));
#17174=CARTESIAN_POINT('',(58.4119755982529,-27.0862484661928,18.01));
#17175=CARTESIAN_POINT('',(58.4119755982529,-27.0862484661928,18.51));
#17176=CARTESIAN_POINT('',(58.4119755982529,-27.0862484661928,18.01));
#17177=CARTESIAN_POINT('Origin',(59.7572165074721,-24.2013700266196,18.51));
#17178=CARTESIAN_POINT('',(59.7572165074721,-24.2013700266196,18.01));
#17179=CARTESIAN_POINT('Origin',(57.1809906760344,-24.7561434810862,18.01));
#17180=CARTESIAN_POINT('Origin',(-59.9214663966896,22.5554385065122,18.51));
#17181=CARTESIAN_POINT('',(-59.9214663966896,22.5554385065122,18.01));
#17182=CARTESIAN_POINT('',(-59.9214663966896,22.5554385065122,18.51));
#17183=CARTESIAN_POINT('',(-59.9214663966896,23.5474384259147,18.01));
#17184=CARTESIAN_POINT('',(-59.9214663966896,22.5554385065122,18.01));
#17185=CARTESIAN_POINT('',(-59.9214663966896,23.5474384259147,18.51));
#17186=CARTESIAN_POINT('Origin',(-60.9358406875635,22.5554385065122,18.51));
#17187=CARTESIAN_POINT('',(-60.9358406875635,22.5554385065122,18.01));
#17188=CARTESIAN_POINT('',(-60.9358406875635,22.5554385065122,18.51));
#17189=CARTESIAN_POINT('',(-60.9358406875635,22.5554385065122,18.01));
#17190=CARTESIAN_POINT('Origin',(-61.6966208456315,23.3087605407564,18.51));
#17191=CARTESIAN_POINT('',(-61.6966208456315,23.3087605407564,18.01));
#17192=CARTESIAN_POINT('',(-61.6966208456315,23.3087605407564,18.51));
#17193=CARTESIAN_POINT('',(-61.6966208456315,23.3087605407564,18.01));
#17194=CARTESIAN_POINT('Origin',(-61.6966208456315,24.9720319305934,18.51));
#17195=CARTESIAN_POINT('',(-61.6966208456315,24.9720319305934,18.01));
#17196=CARTESIAN_POINT('',(-61.6966208456315,24.9720319305934,18.51));
#17197=CARTESIAN_POINT('',(-61.6966208456315,24.9720319305934,18.01));
#17198=CARTESIAN_POINT('Origin',(-60.9358406875635,25.7402746931844,18.51));
#17199=CARTESIAN_POINT('',(-60.9358406875635,25.7402746931844,18.01));
#17200=CARTESIAN_POINT('',(-60.9358406875635,25.7402746931844,18.51));
#17201=CARTESIAN_POINT('',(-60.9358406875635,25.7402746931844,18.01));
#17202=CARTESIAN_POINT('Origin',(-60.2272696366117,25.7402746931844,18.51));
#17203=CARTESIAN_POINT('',(-60.2272696366117,25.7402746931844,18.01));
#17204=CARTESIAN_POINT('',(-60.2272696366117,25.7402746931844,18.51));
#17205=CARTESIAN_POINT('',(-60.2272696366117,25.7402746931844,18.01));
#17206=CARTESIAN_POINT('Origin',(-59.7349998589971,25.2405423110468,18.51));
#17207=CARTESIAN_POINT('',(-59.7349998589971,25.2405423110468,18.01));
#17208=CARTESIAN_POINT('',(-59.7349998589971,25.2405423110468,18.51));
#17209=CARTESIAN_POINT('',(-59.7349998589971,25.2405423110468,18.01));
#17210=CARTESIAN_POINT('Origin',(-59.4142781310779,25.5538059151423,18.51));
#17211=CARTESIAN_POINT('',(-59.4142781310779,25.5538059151423,18.01));
#17212=CARTESIAN_POINT('',(-59.4142781310779,25.5538059151423,18.51));
#17213=CARTESIAN_POINT('',(-59.4142781310779,25.5538059151423,18.01));
#17214=CARTESIAN_POINT('Origin',(-59.9736755038058,26.1206591713444,18.51));
#17215=CARTESIAN_POINT('',(-59.9736755038058,26.1206591713444,18.01));
#17216=CARTESIAN_POINT('',(-59.9736755038058,26.1206591713444,18.51));
#17217=CARTESIAN_POINT('',(-59.9736755038058,26.1206591713444,18.01));
#17218=CARTESIAN_POINT('Ctrl Pts',(-60.1377654296773,26.1803241619347,18.51));
#17219=CARTESIAN_POINT('Ctrl Pts',(-60.1377654296773,26.1803241619347,18.01));
#17220=CARTESIAN_POINT('Ctrl Pts',(-60.0333449750954,26.1803241619347,18.51));
#17221=CARTESIAN_POINT('Ctrl Pts',(-60.0333449750954,26.1803241619347,18.01));
#17222=CARTESIAN_POINT('Ctrl Pts',(-59.9736755038058,26.1206591713444,18.51));
#17223=CARTESIAN_POINT('Ctrl Pts',(-59.9736755038058,26.1206591713444,18.01));
#17224=CARTESIAN_POINT('',(-60.1377654296773,26.1803241619347,18.01));
#17225=CARTESIAN_POINT('',(-60.1377654296773,26.1803241619347,18.51));
#17226=CARTESIAN_POINT('Ctrl Pts',(-60.1377654296773,26.1803241619347,18.01));
#17227=CARTESIAN_POINT('Ctrl Pts',(-60.0333449750954,26.1803241619347,18.01));
#17228=CARTESIAN_POINT('Ctrl Pts',(-59.9736755038058,26.1206591713444,18.01));
#17229=CARTESIAN_POINT('Origin',(-61.0328007779721,26.1803241619347,18.51));
#17230=CARTESIAN_POINT('',(-61.0328007779721,26.1803241619347,18.01));
#17231=CARTESIAN_POINT('',(-61.0328007779721,26.1803241619347,18.51));
#17232=CARTESIAN_POINT('',(-61.0328007779721,26.1803241619347,18.01));
#17233=CARTESIAN_POINT('Ctrl Pts',(-61.1894437817678,26.1206591713444,18.51));
#17234=CARTESIAN_POINT('Ctrl Pts',(-61.1894437817678,26.1206591713444,18.01));
#17235=CARTESIAN_POINT('Ctrl Pts',(-61.1446927984754,26.1803241619347,18.51));
#17236=CARTESIAN_POINT('Ctrl Pts',(-61.1446927984754,26.1803241619347,18.01));
#17237=CARTESIAN_POINT('Ctrl Pts',(-61.0328007779721,26.1803241619347,18.51));
#17238=CARTESIAN_POINT('Ctrl Pts',(-61.0328007779721,26.1803241619347,18.01));
#17239=CARTESIAN_POINT('',(-61.1894437817678,26.1206591713444,18.01));
#17240=CARTESIAN_POINT('',(-61.1894437817678,26.1206591713444,18.51));
#17241=CARTESIAN_POINT('Ctrl Pts',(-61.1894437817678,26.1206591713444,18.01));
#17242=CARTESIAN_POINT('Ctrl Pts',(-61.1446927984754,26.1803241619347,18.01));
#17243=CARTESIAN_POINT('Ctrl Pts',(-61.0328007779721,26.1803241619347,18.01));
#17244=CARTESIAN_POINT('Origin',(-62.0844791300625,25.2330774661742,18.51));
#17245=CARTESIAN_POINT('',(-62.0844791300625,25.2330774661742,18.01));
#17246=CARTESIAN_POINT('',(-62.0844791300625,25.2330774661742,18.51));
#17247=CARTESIAN_POINT('',(-62.0844791300625,25.2330774661742,18.01));
#17248=CARTESIAN_POINT('Ctrl Pts',(-62.1441486013521,25.0615383778773,18.51));
#17249=CARTESIAN_POINT('Ctrl Pts',(-62.1441486013521,25.0615383778773,18.01));
#17250=CARTESIAN_POINT('Ctrl Pts',(-62.1441486013521,25.1734035141854,18.51));
#17251=CARTESIAN_POINT('Ctrl Pts',(-62.1441486013521,25.1734035141854,18.01));
#17252=CARTESIAN_POINT('Ctrl Pts',(-62.0844791300625,25.2330774661742,18.51));
#17253=CARTESIAN_POINT('Ctrl Pts',(-62.0844791300625,25.2330774661742,18.01));
#17254=CARTESIAN_POINT('',(-62.1441486013521,25.0615383778773,18.01));
#17255=CARTESIAN_POINT('',(-62.1441486013521,25.0615383778773,18.51));
#17256=CARTESIAN_POINT('Ctrl Pts',(-62.1441486013521,25.0615383778773,18.01));
#17257=CARTESIAN_POINT('Ctrl Pts',(-62.1441486013521,25.1734035141854,18.01));
#17258=CARTESIAN_POINT('Ctrl Pts',(-62.0844791300625,25.2330774661742,18.01));
#17259=CARTESIAN_POINT('Origin',(-62.1441486013521,23.2117982099982,18.51));
#17260=CARTESIAN_POINT('',(-62.1441486013521,23.2117982099982,18.01));
#17261=CARTESIAN_POINT('',(-62.1441486013521,23.2117982099982,18.51));
#17262=CARTESIAN_POINT('',(-62.1441486013521,23.2117982099982,18.01));
#17263=CARTESIAN_POINT('Ctrl Pts',(-62.0770098044907,23.0551798500481,18.51));
#17264=CARTESIAN_POINT('Ctrl Pts',(-62.0770098044907,23.0551798500481,18.01));
#17265=CARTESIAN_POINT('Ctrl Pts',(-62.1441486013521,23.1222917627143,18.51));
#17266=CARTESIAN_POINT('Ctrl Pts',(-62.1441486013521,23.1222917627143,18.01));
#17267=CARTESIAN_POINT('Ctrl Pts',(-62.1441486013521,23.2117982099983,18.51));
#17268=CARTESIAN_POINT('Ctrl Pts',(-62.1441486013521,23.2117982099983,18.01));
#17269=CARTESIAN_POINT('',(-62.0770098044907,23.0551798500481,18.01));
#17270=CARTESIAN_POINT('',(-62.0770098044907,23.0551798500481,18.51));
#17271=CARTESIAN_POINT('Ctrl Pts',(-62.0770098044907,23.0551798500481,18.01));
#17272=CARTESIAN_POINT('Ctrl Pts',(-62.1441486013521,23.1222917627143,18.01));
#17273=CARTESIAN_POINT('Ctrl Pts',(-62.1441486013521,23.2117982099983,18.01));
#17274=CARTESIAN_POINT('Origin',(-61.181974456196,22.167598144878,18.51));
#17275=CARTESIAN_POINT('',(-61.181974456196,22.167598144878,18.01));
#17276=CARTESIAN_POINT('',(-61.181974456196,22.167598144878,18.51));
#17277=CARTESIAN_POINT('',(-61.181974456196,22.167598144878,18.01));
#17278=CARTESIAN_POINT('Ctrl Pts',(-61.0253314524003,22.1079331542876,18.51));
#17279=CARTESIAN_POINT('Ctrl Pts',(-61.0253314524003,22.1079331542876,18.01));
#17280=CARTESIAN_POINT('Ctrl Pts',(-61.1223049849064,22.1079331542876,18.51));
#17281=CARTESIAN_POINT('Ctrl Pts',(-61.1223049849064,22.1079331542876,18.01));
#17282=CARTESIAN_POINT('Ctrl Pts',(-61.181974456196,22.167598144878,18.51));
#17283=CARTESIAN_POINT('Ctrl Pts',(-61.181974456196,22.167598144878,18.01));
#17284=CARTESIAN_POINT('',(-61.0253314524003,22.1079331542876,18.01));
#17285=CARTESIAN_POINT('',(-61.0253314524003,22.1079331542876,18.51));
#17286=CARTESIAN_POINT('Ctrl Pts',(-61.0253314524003,22.1079331542876,18.01));
#17287=CARTESIAN_POINT('Ctrl Pts',(-61.1223049849064,22.1079331542876,18.01));
#17288=CARTESIAN_POINT('Ctrl Pts',(-61.181974456196,22.167598144878,18.01));
#17289=CARTESIAN_POINT('Origin',(-59.4813967647928,22.1079331542876,18.51));
#17290=CARTESIAN_POINT('',(-59.4813967647928,22.1079331542876,18.01));
#17291=CARTESIAN_POINT('',(-59.4813967647928,22.1079331542876,18.51));
#17292=CARTESIAN_POINT('',(-59.4813967647928,22.1079331542876,18.01));
#17293=CARTESIAN_POINT('Origin',(-59.4813967647929,23.5474473873131,18.51));
#17294=CARTESIAN_POINT('',(-59.4813967647929,23.5474473873131,18.01));
#17295=CARTESIAN_POINT('',(-59.4813967647929,23.5474473873131,18.51));
#17296=CARTESIAN_POINT('',(-59.4813967647929,23.5474473873131,18.01));
#17297=CARTESIAN_POINT('Origin',(-59.0413360942945,23.5474473873131,18.51));
#17298=CARTESIAN_POINT('',(-59.0413360942945,23.5474473873131,18.01));
#17299=CARTESIAN_POINT('',(-59.0413360942945,23.5474473873131,18.51));
#17300=CARTESIAN_POINT('',(-59.0413360942945,23.5474473873131,18.01));
#17301=CARTESIAN_POINT('Origin',(-59.0413360942945,23.9651292056409,18.51));
#17302=CARTESIAN_POINT('',(-59.0413360942945,23.9651292056409,18.01));
#17303=CARTESIAN_POINT('',(-59.0413360942945,23.9651292056409,18.51));
#17304=CARTESIAN_POINT('',(-59.0413360942945,23.9651292056409,18.01));
#17305=CARTESIAN_POINT('Origin',(-60.8164905432364,23.9651292056409,18.51));
#17306=CARTESIAN_POINT('',(-60.8164905432364,23.9651292056409,18.01));
#17307=CARTESIAN_POINT('',(-60.8164905432364,23.9651292056409,18.51));
#17308=CARTESIAN_POINT('',(-60.8164905432364,23.9651292056409,18.01));
#17309=CARTESIAN_POINT('Origin',(-60.8165017449844,23.5474384259147,18.51));
#17310=CARTESIAN_POINT('',(-60.8165017449844,23.5474384259147,18.01));
#17311=CARTESIAN_POINT('',(-60.8165017449844,23.5474384259147,18.51));
#17312=CARTESIAN_POINT('',(-60.8165017449844,23.5474384259147,18.01));
#17313=CARTESIAN_POINT('Origin',(-59.9214663966896,23.5474384259147,18.51));
#17314=CARTESIAN_POINT('',(-59.9214663966896,23.5474384259147,18.01));
#17315=CARTESIAN_POINT('Origin',(-60.5927423478233,24.1441286581112,18.01));
#17316=CARTESIAN_POINT('Origin',(-44.1462933556821,25.7402926159812,18.51));
#17317=CARTESIAN_POINT('',(-44.1462933556821,25.7402926159812,18.51));
#17318=CARTESIAN_POINT('',(-45.1457491585588,25.7402926159812,18.51));
#17319=CARTESIAN_POINT('',(-22.0731466778397,25.7402926159815,18.51));
#17320=CARTESIAN_POINT('',(-44.1462933556821,25.7402926159812,18.01));
#17321=CARTESIAN_POINT('',(-44.1462933556821,25.7402926159812,18.51));
#17322=CARTESIAN_POINT('',(-45.1457491585588,25.7402926159812,18.01));
#17323=CARTESIAN_POINT('',(-44.1462933556821,25.7402926159812,18.01));
#17324=CARTESIAN_POINT('',(-45.1457491585588,25.7402926159812,18.51));
#17325=CARTESIAN_POINT('Origin',(-43.3780550737903,24.9571380864418,18.51));
#17326=CARTESIAN_POINT('',(-43.3780550737903,24.9571380864418,18.51));
#17327=CARTESIAN_POINT('',(-26.5039254500726,7.75537743698935,18.51));
#17328=CARTESIAN_POINT('',(-43.3780550737903,24.9571380864418,18.01));
#17329=CARTESIAN_POINT('',(-43.3780550737903,24.9571380864418,18.51));
#17330=CARTESIAN_POINT('',(-43.3780550737903,24.9571380864418,18.01));
#17331=CARTESIAN_POINT('Origin',(-43.3780550737903,23.3162343470274,18.51));
#17332=CARTESIAN_POINT('',(-43.3780550737903,23.3162343470274,18.51));
#17333=CARTESIAN_POINT('',(-43.3780550737903,11.6581171735167,18.51));
#17334=CARTESIAN_POINT('',(-43.3780550737903,23.3162343470274,18.01));
#17335=CARTESIAN_POINT('',(-43.3780550737903,23.3162343470274,18.51));
#17336=CARTESIAN_POINT('',(-43.3780550737903,23.3162343470274,18.01));
#17337=CARTESIAN_POINT('Origin',(-44.1462933556821,22.5479915844364,18.51));
#17338=CARTESIAN_POINT('',(-44.1462933556821,22.5479915844364,18.51));
#17339=CARTESIAN_POINT('',(-38.7467822826722,27.9475341497391,18.51));
#17340=CARTESIAN_POINT('',(-44.1462933556821,22.5479915844364,18.01));
#17341=CARTESIAN_POINT('',(-44.1462933556821,22.5479915844364,18.51));
#17342=CARTESIAN_POINT('',(-44.1462933556821,22.5479915844364,18.01));
#17343=CARTESIAN_POINT('Origin',(-45.1457491585588,22.5479915844364,18.51));
#17344=CARTESIAN_POINT('',(-45.1457491585588,22.5479915844364,18.51));
#17345=CARTESIAN_POINT('',(-22.5728745792779,22.5479915844364,18.51));
#17346=CARTESIAN_POINT('',(-45.1457491585588,22.5479915844364,18.01));
#17347=CARTESIAN_POINT('',(-45.1457491585588,22.5479915844364,18.51));
#17348=CARTESIAN_POINT('',(-45.1457491585588,22.5479915844364,18.01));
#17349=CARTESIAN_POINT('Origin',(-45.1457491585588,25.7402926159812,18.51));
#17350=CARTESIAN_POINT('',(-45.1457491585588,12.8701463079936,18.51));
#17351=CARTESIAN_POINT('',(-45.1457491585588,25.7402926159812,18.01));
#17352=CARTESIAN_POINT('Origin',(-46.0333263830297,22.0929855417456,18.51));
#17353=CARTESIAN_POINT('',(-46.0333263830297,22.0929855417456,18.01));
#17354=CARTESIAN_POINT('',(-46.0333263830297,22.0929855417456,18.51));
#17355=CARTESIAN_POINT('',(-46.0333263830297,22.5404998553686,18.01));
#17356=CARTESIAN_POINT('',(-46.0333263830297,22.0929855417456,18.01));
#17357=CARTESIAN_POINT('',(-46.0333263830297,22.5404998553686,18.51));
#17358=CARTESIAN_POINT('Origin',(-44.0567869083981,22.0929855417456,18.51));
#17359=CARTESIAN_POINT('',(-44.0567869083981,22.0929855417456,18.01));
#17360=CARTESIAN_POINT('',(-44.0567869083981,22.0929855417456,18.51));
#17361=CARTESIAN_POINT('',(-44.0567869083981,22.0929855417456,18.01));
#17362=CARTESIAN_POINT('Ctrl Pts',(-43.9001416642528,22.1675712606828,18.51));
#17363=CARTESIAN_POINT('Ctrl Pts',(-43.9001416642528,22.1675712606828,18.01));
#17364=CARTESIAN_POINT('Ctrl Pts',(-43.97472738319,22.0929855417456,18.51));
#17365=CARTESIAN_POINT('Ctrl Pts',(-43.97472738319,22.0929855417456,18.01));
#17366=CARTESIAN_POINT('Ctrl Pts',(-44.0567869083981,22.0929855417456,18.51));
#17367=CARTESIAN_POINT('Ctrl Pts',(-44.0567869083981,22.0929855417456,18.01));
#17368=CARTESIAN_POINT('',(-43.9001416642528,22.1675712606828,18.01));
#17369=CARTESIAN_POINT('',(-43.9001416642528,22.1675712606828,18.51));
#17370=CARTESIAN_POINT('Ctrl Pts',(-43.9001416642528,22.1675712606828,18.01));
#17371=CARTESIAN_POINT('Ctrl Pts',(-43.97472738319,22.0929855417456,18.01));
#17372=CARTESIAN_POINT('Ctrl Pts',(-44.0567869083981,22.0929855417456,18.01));
#17373=CARTESIAN_POINT('Origin',(-42.9976481921342,23.0626088493271,18.51));
#17374=CARTESIAN_POINT('',(-42.9976481921342,23.0626088493271,18.01));
#17375=CARTESIAN_POINT('',(-42.9976481921342,23.0626088493271,18.51));
#17376=CARTESIAN_POINT('',(-42.9976481921342,23.0626088493271,18.01));
#17377=CARTESIAN_POINT('Ctrl Pts',(-42.9305093952729,23.2267010155482,18.51));
#17378=CARTESIAN_POINT('Ctrl Pts',(-42.9305093952729,23.2267010155482,18.01));
#17379=CARTESIAN_POINT('Ctrl Pts',(-42.9305093952729,23.1297297233917,18.51));
#17380=CARTESIAN_POINT('Ctrl Pts',(-42.9305093952729,23.1297297233917,18.01));
#17381=CARTESIAN_POINT('Ctrl Pts',(-42.9976481921342,23.0626088493271,18.51));
#17382=CARTESIAN_POINT('Ctrl Pts',(-42.9976481921342,23.0626088493271,18.01));
#17383=CARTESIAN_POINT('',(-42.9305093952729,23.2267010155482,18.01));
#17384=CARTESIAN_POINT('',(-42.9305093952729,23.2267010155482,18.51));
#17385=CARTESIAN_POINT('Ctrl Pts',(-42.9305093952729,23.2267010155482,18.01));
#17386=CARTESIAN_POINT('Ctrl Pts',(-42.9305093952729,23.1297297233917,18.01));
#17387=CARTESIAN_POINT('Ctrl Pts',(-42.9976481921342,23.0626088493271,18.01));
#17388=CARTESIAN_POINT('Origin',(-42.9305093952729,25.0466086881321,18.51));
#17389=CARTESIAN_POINT('',(-42.9305093952729,25.0466086881321,18.01));
#17390=CARTESIAN_POINT('',(-42.9305093952729,25.0466086881321,18.51));
#17391=CARTESIAN_POINT('',(-42.9305093952729,25.0466086881321,18.01));
#17392=CARTESIAN_POINT('Ctrl Pts',(-42.9976481921342,25.2032539322775,18.51));
#17393=CARTESIAN_POINT('Ctrl Pts',(-42.9976481921342,25.2032539322775,18.01));
#17394=CARTESIAN_POINT('Ctrl Pts',(-42.9305093952729,25.1361151354161,18.51));
#17395=CARTESIAN_POINT('Ctrl Pts',(-42.9305093952729,25.1361151354161,18.01));
#17396=CARTESIAN_POINT('Ctrl Pts',(-42.9305093952729,25.0466086881321,18.51));
#17397=CARTESIAN_POINT('Ctrl Pts',(-42.9305093952729,25.0466086881321,18.01));
#17398=CARTESIAN_POINT('',(-42.9976481921342,25.2032539322775,18.01));
#17399=CARTESIAN_POINT('',(-42.9976481921342,25.2032539322775,18.51));
#17400=CARTESIAN_POINT('Ctrl Pts',(-42.9976481921342,25.2032539322775,18.01));
#17401=CARTESIAN_POINT('Ctrl Pts',(-42.9305093952729,25.1361151354161,18.01));
#17402=CARTESIAN_POINT('Ctrl Pts',(-42.9305093952729,25.0466086881321,18.01));
#17403=CARTESIAN_POINT('Origin',(-43.8926857807786,26.1132032878702,18.51));
#17404=CARTESIAN_POINT('',(-43.8926857807786,26.1132032878702,18.01));
#17405=CARTESIAN_POINT('',(-43.8926857807786,26.1132032878702,18.51));
#17406=CARTESIAN_POINT('',(-43.8926857807786,26.1132032878702,18.01));
#17407=CARTESIAN_POINT('Ctrl Pts',(-44.0493310249239,26.1803420847316,18.51));
#17408=CARTESIAN_POINT('Ctrl Pts',(-44.0493310249239,26.1803420847316,18.01));
#17409=CARTESIAN_POINT('Ctrl Pts',(-43.9598290583392,26.1803420847316,18.51));
#17410=CARTESIAN_POINT('Ctrl Pts',(-43.9598290583392,26.1803420847316,18.01));
#17411=CARTESIAN_POINT('Ctrl Pts',(-43.8926857807786,26.1132032878702,18.51));
#17412=CARTESIAN_POINT('Ctrl Pts',(-43.8926857807786,26.1132032878702,18.01));
#17413=CARTESIAN_POINT('',(-44.0493310249239,26.1803420847316,18.01));
#17414=CARTESIAN_POINT('',(-44.0493310249239,26.1803420847316,18.51));
#17415=CARTESIAN_POINT('Ctrl Pts',(-44.0493310249239,26.1803420847316,18.01));
#17416=CARTESIAN_POINT('Ctrl Pts',(-43.9598290583392,26.1803420847316,18.01));
#17417=CARTESIAN_POINT('Ctrl Pts',(-43.8926857807786,26.1132032878702,18.01));
#17418=CARTESIAN_POINT('Origin',(-46.0333263830297,26.1803420847316,18.51));
#17419=CARTESIAN_POINT('',(-46.0333263830297,26.1803420847316,18.01));
#17420=CARTESIAN_POINT('',(-46.0333263830297,26.1803420847316,18.51));
#17421=CARTESIAN_POINT('',(-46.0333263830297,26.1803420847316,18.01));
#17422=CARTESIAN_POINT('Origin',(-46.0333263830297,25.7402836545828,18.51));
#17423=CARTESIAN_POINT('',(-46.0333263830297,25.7402836545828,18.01));
#17424=CARTESIAN_POINT('',(-46.0333263830297,25.7402836545828,18.51));
#17425=CARTESIAN_POINT('',(-46.0333263830297,25.7402836545828,18.01));
#17426=CARTESIAN_POINT('Origin',(-45.5932679528809,25.7402836545828,18.51));
#17427=CARTESIAN_POINT('',(-45.5932679528809,25.7402836545828,18.01));
#17428=CARTESIAN_POINT('',(-45.5932679528809,25.7402836545828,18.51));
#17429=CARTESIAN_POINT('',(-45.5932679528809,25.7402836545828,18.01));
#17430=CARTESIAN_POINT('Origin',(-45.5932679528809,22.5404998553686,18.51));
#17431=CARTESIAN_POINT('',(-45.5932679528809,22.5404998553686,18.01));
#17432=CARTESIAN_POINT('',(-45.5932679528809,22.5404998553686,18.51));
#17433=CARTESIAN_POINT('',(-45.5932679528809,22.5404998553686,18.01));
#17434=CARTESIAN_POINT('Origin',(-46.0333263830297,22.5404998553686,18.51));
#17435=CARTESIAN_POINT('',(-46.0333263830297,22.5404998553686,18.01));
#17436=CARTESIAN_POINT('Origin',(-44.4819178891513,24.1366638132386,18.01));
#17437=CARTESIAN_POINT('Origin',(3.00204305858642E-12,6.01296790136985E-12,
18.51));
#17438=CARTESIAN_POINT('Origin',(3.00204305858642E-12,6.01296790136985E-12,
18.51));
#17439=CARTESIAN_POINT('Origin',(3.00204305858642E-12,6.01296790136985E-12,
18.51));
#17440=CARTESIAN_POINT('Origin',(3.00204305858642E-12,6.01296790136985E-12,
18.51));
#17441=CARTESIAN_POINT('Origin',(3.00204305858642E-12,6.01296790136985E-12,
18.51));
#17442=CARTESIAN_POINT('Origin',(3.00204305858642E-12,6.01296790136985E-12,
18.51));
#17443=CARTESIAN_POINT('Origin',(3.00204305858642E-12,6.01296790136985E-12,
18.51));
#17444=CARTESIAN_POINT('Origin',(26.625,-20.925,18.51));
#17445=CARTESIAN_POINT('',(13.625,-20.925,18.51));
#17446=CARTESIAN_POINT('',(26.625,-20.925,18.51));
#17447=CARTESIAN_POINT('Origin',(26.625,-21.425,18.51));
#17448=CARTESIAN_POINT('',(27.125,-21.425,18.51));
#17449=CARTESIAN_POINT('Origin',(27.125,-34.425,18.51));
#17450=CARTESIAN_POINT('',(27.125,-34.425,18.51));
#17451=CARTESIAN_POINT('Origin',(26.625,-34.425,18.51));
#17452=CARTESIAN_POINT('',(26.625,-34.925,18.51));
#17453=CARTESIAN_POINT('Origin',(13.625,-34.925,18.51));
#17454=CARTESIAN_POINT('',(13.625,-34.925,18.51));
#17455=CARTESIAN_POINT('Origin',(13.625,-34.425,18.51));
#17456=CARTESIAN_POINT('',(13.125,-34.425,18.51));
#17457=CARTESIAN_POINT('Origin',(13.125,-21.425,18.51));
#17458=CARTESIAN_POINT('',(13.125,-21.425,18.51));
#17459=CARTESIAN_POINT('Origin',(13.625,-21.425,18.51));
#17460=CARTESIAN_POINT('Origin',(7.575,-20.925,18.51));
#17461=CARTESIAN_POINT('',(-5.425,-20.925,18.51));
#17462=CARTESIAN_POINT('',(7.575,-20.925,18.51));
#17463=CARTESIAN_POINT('Origin',(7.575,-21.425,18.51));
#17464=CARTESIAN_POINT('',(8.07500000000001,-21.425,18.51));
#17465=CARTESIAN_POINT('Origin',(8.07500000000001,-34.425,18.51));
#17466=CARTESIAN_POINT('',(8.075,-34.425,18.51));
#17467=CARTESIAN_POINT('Origin',(7.575,-34.425,18.51));
#17468=CARTESIAN_POINT('',(7.575,-34.925,18.51));
#17469=CARTESIAN_POINT('Origin',(-5.425,-34.925,18.51));
#17470=CARTESIAN_POINT('',(-5.425,-34.925,18.51));
#17471=CARTESIAN_POINT('Origin',(-5.425,-34.425,18.51));
#17472=CARTESIAN_POINT('',(-5.925,-34.425,18.51));
#17473=CARTESIAN_POINT('Origin',(-5.925,-21.425,18.51));
#17474=CARTESIAN_POINT('',(-5.925,-21.425,18.51));
#17475=CARTESIAN_POINT('Origin',(-5.425,-21.425,18.51));
#17476=CARTESIAN_POINT('Origin',(7.575,-1.875,18.51));
#17477=CARTESIAN_POINT('',(-5.425,-1.875,18.51));
#17478=CARTESIAN_POINT('',(7.575,-1.875,18.51));
#17479=CARTESIAN_POINT('Origin',(7.575,-2.375,18.51));
#17480=CARTESIAN_POINT('',(8.07500000000001,-2.375,18.51));
#17481=CARTESIAN_POINT('Origin',(8.07500000000001,-15.375,18.51));
#17482=CARTESIAN_POINT('',(8.075,-15.375,18.51));
#17483=CARTESIAN_POINT('Origin',(7.575,-15.375,18.51));
#17484=CARTESIAN_POINT('',(7.575,-15.875,18.51));
#17485=CARTESIAN_POINT('Origin',(-5.425,-15.875,18.51));
#17486=CARTESIAN_POINT('',(-5.425,-15.875,18.51));
#17487=CARTESIAN_POINT('Origin',(-5.425,-15.375,18.51));
#17488=CARTESIAN_POINT('',(-5.925,-15.375,18.51));
#17489=CARTESIAN_POINT('Origin',(-5.925,-2.375,18.51));
#17490=CARTESIAN_POINT('',(-5.925,-2.375,18.51));
#17491=CARTESIAN_POINT('Origin',(-5.425,-2.375,18.51));
#17492=CARTESIAN_POINT('Origin',(59.69,-3.92,18.51));
#17493=CARTESIAN_POINT('',(58.09,-3.92,18.51));
#17494=CARTESIAN_POINT('Origin',(-35.81,28.08,18.51));
#17495=CARTESIAN_POINT('',(-37.41,28.08,17.01));
#17496=CARTESIAN_POINT('Origin',(-35.81,28.08,17.01));
#17497=CARTESIAN_POINT('',(-37.41,28.08,18.51));
#17498=CARTESIAN_POINT('Origin',(45.675,36.225,18.51));
#17499=CARTESIAN_POINT('',(32.675,36.225,18.51));
#17500=CARTESIAN_POINT('',(45.675,36.225,18.51));
#17501=CARTESIAN_POINT('Origin',(45.675,35.725,18.51));
#17502=CARTESIAN_POINT('',(46.175,35.725,18.51));
#17503=CARTESIAN_POINT('Origin',(46.175,22.725,18.51));
#17504=CARTESIAN_POINT('',(46.175,22.725,18.51));
#17505=CARTESIAN_POINT('Origin',(45.675,22.725,18.51));
#17506=CARTESIAN_POINT('',(45.675,22.225,18.51));
#17507=CARTESIAN_POINT('Origin',(32.675,22.225,18.51));
#17508=CARTESIAN_POINT('',(32.675,22.225,18.51));
#17509=CARTESIAN_POINT('Origin',(32.675,22.725,18.51));
#17510=CARTESIAN_POINT('',(32.175,22.725,18.51));
#17511=CARTESIAN_POINT('Origin',(32.175,35.725,18.51));
#17512=CARTESIAN_POINT('',(32.175,35.725,18.51));
#17513=CARTESIAN_POINT('Origin',(32.675,35.725,18.51));
#17514=CARTESIAN_POINT('Origin',(-11.475,-20.925,18.51));
#17515=CARTESIAN_POINT('',(-24.475,-20.925,18.51));
#17516=CARTESIAN_POINT('',(-11.475,-20.925,18.51));
#17517=CARTESIAN_POINT('Origin',(-11.475,-21.425,18.51));
#17518=CARTESIAN_POINT('',(-10.975,-21.425,18.51));
#17519=CARTESIAN_POINT('Origin',(-10.975,-34.425,18.51));
#17520=CARTESIAN_POINT('',(-10.975,-34.425,18.51));
#17521=CARTESIAN_POINT('Origin',(-11.475,-34.425,18.51));
#17522=CARTESIAN_POINT('',(-11.475,-34.925,18.51));
#17523=CARTESIAN_POINT('Origin',(-24.475,-34.925,18.51));
#17524=CARTESIAN_POINT('',(-24.475,-34.925,18.51));
#17525=CARTESIAN_POINT('Origin',(-24.475,-34.425,18.51));
#17526=CARTESIAN_POINT('',(-24.975,-34.425,18.51));
#17527=CARTESIAN_POINT('Origin',(-24.975,-21.425,18.51));
#17528=CARTESIAN_POINT('',(-24.975,-21.425,18.51));
#17529=CARTESIAN_POINT('Origin',(-24.475,-21.425,18.51));
#17530=CARTESIAN_POINT('Origin',(-11.475,-1.875,18.51));
#17531=CARTESIAN_POINT('',(-24.475,-1.875,18.51));
#17532=CARTESIAN_POINT('',(-11.475,-1.875,18.51));
#17533=CARTESIAN_POINT('Origin',(-11.475,-2.375,18.51));
#17534=CARTESIAN_POINT('',(-10.975,-2.375,18.51));
#17535=CARTESIAN_POINT('Origin',(-10.975,-15.375,18.51));
#17536=CARTESIAN_POINT('',(-10.975,-15.375,18.51));
#17537=CARTESIAN_POINT('Origin',(-11.475,-15.375,18.51));
#17538=CARTESIAN_POINT('',(-11.475,-15.875,18.51));
#17539=CARTESIAN_POINT('Origin',(-24.475,-15.875,18.51));
#17540=CARTESIAN_POINT('',(-24.475,-15.875,18.51));
#17541=CARTESIAN_POINT('Origin',(-24.475,-15.375,18.51));
#17542=CARTESIAN_POINT('',(-24.975,-15.375,18.51));
#17543=CARTESIAN_POINT('Origin',(-24.975,-2.375,18.51));
#17544=CARTESIAN_POINT('',(-24.975,-2.375,18.51));
#17545=CARTESIAN_POINT('Origin',(-24.475,-2.375,18.51));
#17546=CARTESIAN_POINT('Origin',(26.625,17.175,18.51));
#17547=CARTESIAN_POINT('',(13.625,17.175,18.51));
#17548=CARTESIAN_POINT('',(26.625,17.175,18.51));
#17549=CARTESIAN_POINT('Origin',(26.625,16.675,18.51));
#17550=CARTESIAN_POINT('',(27.125,16.675,18.51));
#17551=CARTESIAN_POINT('Origin',(27.125,3.675,18.51));
#17552=CARTESIAN_POINT('',(27.125,3.675,18.51));
#17553=CARTESIAN_POINT('Origin',(26.625,3.675,18.51));
#17554=CARTESIAN_POINT('',(26.625,3.17499999999999,18.51));
#17555=CARTESIAN_POINT('Origin',(13.625,3.17499999999999,18.51));
#17556=CARTESIAN_POINT('',(13.625,3.175,18.51));
#17557=CARTESIAN_POINT('Origin',(13.625,3.675,18.51));
#17558=CARTESIAN_POINT('',(13.125,3.675,18.51));
#17559=CARTESIAN_POINT('Origin',(13.125,16.675,18.51));
#17560=CARTESIAN_POINT('',(13.125,16.675,18.51));
#17561=CARTESIAN_POINT('Origin',(13.625,16.675,18.51));
#17562=CARTESIAN_POINT('Origin',(26.625,-1.875,18.51));
#17563=CARTESIAN_POINT('',(13.625,-1.875,18.51));
#17564=CARTESIAN_POINT('',(26.625,-1.875,18.51));
#17565=CARTESIAN_POINT('Origin',(26.625,-2.375,18.51));
#17566=CARTESIAN_POINT('',(27.125,-2.375,18.51));
#17567=CARTESIAN_POINT('Origin',(27.125,-15.375,18.51));
#17568=CARTESIAN_POINT('',(27.125,-15.375,18.51));
#17569=CARTESIAN_POINT('Origin',(26.625,-15.375,18.51));
#17570=CARTESIAN_POINT('',(26.625,-15.875,18.51));
#17571=CARTESIAN_POINT('Origin',(13.625,-15.875,18.51));
#17572=CARTESIAN_POINT('',(13.625,-15.875,18.51));
#17573=CARTESIAN_POINT('Origin',(13.625,-15.375,18.51));
#17574=CARTESIAN_POINT('',(13.125,-15.375,18.51));
#17575=CARTESIAN_POINT('Origin',(13.125,-2.375,18.51));
#17576=CARTESIAN_POINT('',(13.125,-2.375,18.51));
#17577=CARTESIAN_POINT('Origin',(13.625,-2.375,18.51));
#17578=CARTESIAN_POINT('Origin',(-11.475,17.175,18.51));
#17579=CARTESIAN_POINT('',(-24.475,17.175,18.51));
#17580=CARTESIAN_POINT('',(-11.475,17.175,18.51));
#17581=CARTESIAN_POINT('Origin',(-11.475,16.675,18.51));
#17582=CARTESIAN_POINT('',(-10.975,16.675,18.51));
#17583=CARTESIAN_POINT('Origin',(-10.975,3.675,18.51));
#17584=CARTESIAN_POINT('',(-10.975,3.675,18.51));
#17585=CARTESIAN_POINT('Origin',(-11.475,3.675,18.51));
#17586=CARTESIAN_POINT('',(-11.475,3.17499999999999,18.51));
#17587=CARTESIAN_POINT('Origin',(-24.475,3.17499999999999,18.51));
#17588=CARTESIAN_POINT('',(-24.475,3.17499999999999,18.51));
#17589=CARTESIAN_POINT('Origin',(-24.475,3.675,18.51));
#17590=CARTESIAN_POINT('',(-24.975,3.675,18.51));
#17591=CARTESIAN_POINT('Origin',(-24.975,16.675,18.51));
#17592=CARTESIAN_POINT('',(-24.975,16.675,18.51));
#17593=CARTESIAN_POINT('Origin',(-24.475,16.675,18.51));
#17594=CARTESIAN_POINT('Origin',(45.675,-1.875,18.51));
#17595=CARTESIAN_POINT('',(32.675,-1.875,18.51));
#17596=CARTESIAN_POINT('',(45.675,-1.875,18.51));
#17597=CARTESIAN_POINT('Origin',(45.675,-2.375,18.51));
#17598=CARTESIAN_POINT('',(46.175,-2.375,18.51));
#17599=CARTESIAN_POINT('Origin',(46.175,-15.375,18.51));
#17600=CARTESIAN_POINT('',(46.175,-15.375,18.51));
#17601=CARTESIAN_POINT('Origin',(45.675,-15.375,18.51));
#17602=CARTESIAN_POINT('',(45.675,-15.875,18.51));
#17603=CARTESIAN_POINT('Origin',(32.675,-15.875,18.51));
#17604=CARTESIAN_POINT('',(32.675,-15.875,18.51));
#17605=CARTESIAN_POINT('Origin',(32.675,-15.375,18.51));
#17606=CARTESIAN_POINT('',(32.175,-15.375,18.51));
#17607=CARTESIAN_POINT('Origin',(32.175,-2.375,18.51));
#17608=CARTESIAN_POINT('',(32.175,-2.375,18.51));
#17609=CARTESIAN_POINT('Origin',(32.675,-2.375,18.51));
#17610=CARTESIAN_POINT('Origin',(26.625,36.225,18.51));
#17611=CARTESIAN_POINT('',(13.625,36.225,18.51));
#17612=CARTESIAN_POINT('',(26.625,36.225,18.51));
#17613=CARTESIAN_POINT('Origin',(26.625,35.725,18.51));
#17614=CARTESIAN_POINT('',(27.125,35.725,18.51));
#17615=CARTESIAN_POINT('Origin',(27.125,22.725,18.51));
#17616=CARTESIAN_POINT('',(27.125,22.725,18.51));
#17617=CARTESIAN_POINT('Origin',(26.625,22.725,18.51));
#17618=CARTESIAN_POINT('',(26.625,22.225,18.51));
#17619=CARTESIAN_POINT('Origin',(13.625,22.225,18.51));
#17620=CARTESIAN_POINT('',(13.625,22.225,18.51));
#17621=CARTESIAN_POINT('Origin',(13.625,22.725,18.51));
#17622=CARTESIAN_POINT('',(13.125,22.725,18.51));
#17623=CARTESIAN_POINT('Origin',(13.125,35.725,18.51));
#17624=CARTESIAN_POINT('',(13.125,35.725,18.51));
#17625=CARTESIAN_POINT('Origin',(13.625,35.725,18.51));
#17626=CARTESIAN_POINT('Origin',(7.575,36.225,18.51));
#17627=CARTESIAN_POINT('',(-5.425,36.225,18.51));
#17628=CARTESIAN_POINT('',(7.575,36.225,18.51));
#17629=CARTESIAN_POINT('Origin',(7.575,35.725,18.51));
#17630=CARTESIAN_POINT('',(8.07500000000001,35.725,18.51));
#17631=CARTESIAN_POINT('Origin',(8.07500000000001,22.725,18.51));
#17632=CARTESIAN_POINT('',(8.075,22.725,18.51));
#17633=CARTESIAN_POINT('Origin',(7.575,22.725,18.51));
#17634=CARTESIAN_POINT('',(7.575,22.225,18.51));
#17635=CARTESIAN_POINT('Origin',(-5.425,22.225,18.51));
#17636=CARTESIAN_POINT('',(-5.425,22.225,18.51));
#17637=CARTESIAN_POINT('Origin',(-5.425,22.725,18.51));
#17638=CARTESIAN_POINT('',(-5.925,22.725,18.51));
#17639=CARTESIAN_POINT('Origin',(-5.925,35.725,18.51));
#17640=CARTESIAN_POINT('',(-5.925,35.725,18.51));
#17641=CARTESIAN_POINT('Origin',(-5.425,35.725,18.51));
#17642=CARTESIAN_POINT('Origin',(7.575,17.175,18.51));
#17643=CARTESIAN_POINT('',(-5.425,17.175,18.51));
#17644=CARTESIAN_POINT('',(7.575,17.175,18.51));
#17645=CARTESIAN_POINT('Origin',(7.575,16.675,18.51));
#17646=CARTESIAN_POINT('',(8.07500000000001,16.675,18.51));
#17647=CARTESIAN_POINT('Origin',(8.07500000000001,3.675,18.51));
#17648=CARTESIAN_POINT('',(8.07500000000001,3.675,18.51));
#17649=CARTESIAN_POINT('Origin',(7.575,3.675,18.51));
#17650=CARTESIAN_POINT('',(7.575,3.17499999999999,18.51));
#17651=CARTESIAN_POINT('Origin',(-5.425,3.17499999999999,18.51));
#17652=CARTESIAN_POINT('',(-5.425,3.175,18.51));
#17653=CARTESIAN_POINT('Origin',(-5.425,3.675,18.51));
#17654=CARTESIAN_POINT('',(-5.925,3.675,18.51));
#17655=CARTESIAN_POINT('Origin',(-5.925,16.675,18.51));
#17656=CARTESIAN_POINT('',(-5.925,16.675,18.51));
#17657=CARTESIAN_POINT('Origin',(-5.425,16.675,18.51));
#17658=CARTESIAN_POINT('Origin',(-11.475,36.225,18.51));
#17659=CARTESIAN_POINT('',(-24.475,36.225,18.51));
#17660=CARTESIAN_POINT('',(-11.475,36.225,18.51));
#17661=CARTESIAN_POINT('Origin',(-11.475,35.725,18.51));
#17662=CARTESIAN_POINT('',(-10.975,35.725,18.51));
#17663=CARTESIAN_POINT('Origin',(-10.975,22.725,18.51));
#17664=CARTESIAN_POINT('',(-10.975,22.725,18.51));
#17665=CARTESIAN_POINT('Origin',(-11.475,22.725,18.51));
#17666=CARTESIAN_POINT('',(-11.475,22.225,18.51));
#17667=CARTESIAN_POINT('Origin',(-24.475,22.225,18.51));
#17668=CARTESIAN_POINT('',(-24.475,22.225,18.51));
#17669=CARTESIAN_POINT('Origin',(-24.475,22.725,18.51));
#17670=CARTESIAN_POINT('',(-24.975,22.725,18.51));
#17671=CARTESIAN_POINT('Origin',(-24.975,35.725,18.51));
#17672=CARTESIAN_POINT('',(-24.975,35.725,18.51));
#17673=CARTESIAN_POINT('Origin',(-24.475,35.725,18.51));
#17674=CARTESIAN_POINT('Origin',(45.675,-20.925,18.51));
#17675=CARTESIAN_POINT('',(32.675,-20.925,18.51));
#17676=CARTESIAN_POINT('',(45.675,-20.925,18.51));
#17677=CARTESIAN_POINT('Origin',(45.675,-21.425,18.51));
#17678=CARTESIAN_POINT('',(46.175,-21.425,18.51));
#17679=CARTESIAN_POINT('Origin',(46.175,-34.425,18.51));
#17680=CARTESIAN_POINT('',(46.175,-34.425,18.51));
#17681=CARTESIAN_POINT('Origin',(45.675,-34.425,18.51));
#17682=CARTESIAN_POINT('',(45.675,-34.925,18.51));
#17683=CARTESIAN_POINT('Origin',(32.675,-34.925,18.51));
#17684=CARTESIAN_POINT('',(32.675,-34.925,18.51));
#17685=CARTESIAN_POINT('Origin',(32.675,-34.425,18.51));
#17686=CARTESIAN_POINT('',(32.175,-34.425,18.51));
#17687=CARTESIAN_POINT('Origin',(32.175,-21.425,18.51));
#17688=CARTESIAN_POINT('',(32.175,-21.425,18.51));
#17689=CARTESIAN_POINT('Origin',(32.675,-21.425,18.51));
#17690=CARTESIAN_POINT('Origin',(-44.81,-5.92,18.51));
#17691=CARTESIAN_POINT('',(-46.41,-5.92,18.51));
#17692=CARTESIAN_POINT('Origin',(45.675,17.175,18.51));
#17693=CARTESIAN_POINT('',(32.675,17.175,18.51));
#17694=CARTESIAN_POINT('',(45.675,17.175,18.51));
#17695=CARTESIAN_POINT('Origin',(45.675,16.675,18.51));
#17696=CARTESIAN_POINT('',(46.175,16.675,18.51));
#17697=CARTESIAN_POINT('Origin',(46.175,3.675,18.51));
#17698=CARTESIAN_POINT('',(46.175,3.675,18.51));
#17699=CARTESIAN_POINT('Origin',(45.675,3.675,18.51));
#17700=CARTESIAN_POINT('',(45.675,3.17499999999999,18.51));
#17701=CARTESIAN_POINT('Origin',(32.675,3.17499999999999,18.51));
#17702=CARTESIAN_POINT('',(32.675,3.175,18.51));
#17703=CARTESIAN_POINT('Origin',(32.675,3.675,18.51));
#17704=CARTESIAN_POINT('',(32.175,3.675,18.51));
#17705=CARTESIAN_POINT('Origin',(32.175,16.675,18.51));
#17706=CARTESIAN_POINT('',(32.175,16.675,18.51));
#17707=CARTESIAN_POINT('Origin',(32.675,16.675,18.51));
#17708=CARTESIAN_POINT('Origin',(-39.37,-14.97,18.51));
#17709=CARTESIAN_POINT('',(-31.75,-14.97,18.51));
#17710=CARTESIAN_POINT('',(-39.37,-14.97,18.51));
#17711=CARTESIAN_POINT('Origin',(-39.37,-13.97,18.51));
#17712=CARTESIAN_POINT('',(-40.37,-13.97,18.51));
#17713=CARTESIAN_POINT('Origin',(-40.37,19.05,18.51));
#17714=CARTESIAN_POINT('',(-40.37,19.05,18.51));
#17715=CARTESIAN_POINT('Origin',(-39.37,19.05,18.51));
#17716=CARTESIAN_POINT('',(-39.37,20.05,18.51));
#17717=CARTESIAN_POINT('Origin',(-31.75,20.05,18.51));
#17718=CARTESIAN_POINT('',(-31.75,20.05,18.51));
#17719=CARTESIAN_POINT('Origin',(-31.75,19.05,18.51));
#17720=CARTESIAN_POINT('',(-30.75,19.05,18.51));
#17721=CARTESIAN_POINT('Origin',(-30.75,-13.97,18.51));
#17722=CARTESIAN_POINT('',(-30.75,-13.97,18.51));
#17723=CARTESIAN_POINT('Origin',(-31.75,-13.97,18.51));
#17724=CARTESIAN_POINT('Origin',(75.3554914492036,3.6391552762676,18.51));
#17725=CARTESIAN_POINT('',(55.5971484311982,-38.2020419971399,18.51));
#17726=CARTESIAN_POINT('',(75.3554914492036,3.6391552762676,18.51));
#17727=CARTESIAN_POINT('Origin',(69.9300078743522,6.20119225626098,18.51));
#17728=CARTESIAN_POINT('',(75.9299999999998,6.201194,18.51));
#17729=CARTESIAN_POINT('Origin',(55.7,6.201194,18.51));
#17730=CARTESIAN_POINT('',(55.7,6.201194,18.51));
#17731=CARTESIAN_POINT('Origin',(55.7,13.201194,18.51));
#17732=CARTESIAN_POINT('',(48.7,13.201194,18.51));
#17733=CARTESIAN_POINT('Origin',(48.7,41.64,18.51));
#17734=CARTESIAN_POINT('',(48.7,41.64,18.51));
#17735=CARTESIAN_POINT('Origin',(-40.2433335069872,41.64,18.51));
#17736=CARTESIAN_POINT('',(-40.2433335069872,41.6400000000002,18.51));
#17737=CARTESIAN_POINT('Origin',(-40.24333046506,35.6399923952021,18.51));
#17738=CARTESIAN_POINT('',(-43.8433329483155,40.4400000387584,18.51));
#17739=CARTESIAN_POINT('Origin',(-48.7966665944099,36.7250003041902,18.51));
#17740=CARTESIAN_POINT('',(-48.7966665944099,36.7250003041902,18.51));
#17741=CARTESIAN_POINT('Origin',(-51.19666953493,39.925007604798,18.51));
#17742=CARTESIAN_POINT('Origin',(-69.93000032116,29.925000321166,18.51));
#17743=CARTESIAN_POINT('',(-75.929999999994,29.9249999999999,18.51));
#17744=CARTESIAN_POINT('Origin',(-75.929999999994,18.2699999999989,18.51));
#17745=CARTESIAN_POINT('',(-75.929999999994,18.2699999999989,18.51));
#17746=CARTESIAN_POINT('Origin',(-54.0000007003564,18.27,18.51));
#17747=CARTESIAN_POINT('',(-54.0000007003564,18.27,18.51));
#17748=CARTESIAN_POINT('Origin',(-54.0000007003564,11.2700000000001,18.51));
#17749=CARTESIAN_POINT('',(-47.0000007003565,11.2700000000005,18.51));
#17750=CARTESIAN_POINT('Origin',(-47.000000700355,-20.2500003427269,18.51));
#17751=CARTESIAN_POINT('',(-47.000000700355,-20.2500003427269,18.51));
#17752=CARTESIAN_POINT('Origin',(-43.0000007003551,-20.2500003427267,18.51));
#17753=CARTESIAN_POINT('',(-43.0000007003551,-24.2500003427266,18.51));
#17754=CARTESIAN_POINT('Origin',(-31.5,-24.2500003427267,18.51));
#17755=CARTESIAN_POINT('',(-31.5,-24.2500003427267,18.51));
#17756=CARTESIAN_POINT('Origin',(-31.5,-28.2500003427267,18.51));
#17757=CARTESIAN_POINT('',(-27.5,-28.2500003427267,18.51));
#17758=CARTESIAN_POINT('Origin',(-27.5,-41.6399999999882,18.51));
#17759=CARTESIAN_POINT('',(-27.5,-41.6399999999882,18.51));
#17760=CARTESIAN_POINT('Origin',(50.1716642964473,-41.6399999999882,18.51));
#17761=CARTESIAN_POINT('',(50.1716642964473,-41.6399999999881,18.51));
#17762=CARTESIAN_POINT('Origin',(50.17160603465,-35.63991717633,18.51));
#17763=CARTESIAN_POINT('Origin',(3.00204305858642E-12,6.01296790136985E-12,
18.51));
#17764=CARTESIAN_POINT('Origin',(3.00204305858642E-12,6.01296790136985E-12,
17.01));
#17765=UNCERTAINTY_MEASURE_WITH_UNIT(LENGTH_MEASURE(0.01),#17769,
'DISTANCE_ACCURACY_VALUE',
'Maximum model space distance between geometric entities at asserted c
onnectivities');
#17766=UNCERTAINTY_MEASURE_WITH_UNIT(LENGTH_MEASURE(0.01),#17769,
'DISTANCE_ACCURACY_VALUE',
'Maximum model space distance between geometric entities at asserted c
onnectivities');
#17767=(
GEOMETRIC_REPRESENTATION_CONTEXT(3)
GLOBAL_UNCERTAINTY_ASSIGNED_CONTEXT((#17765))
GLOBAL_UNIT_ASSIGNED_CONTEXT((#17769,#17771,#17772))
REPRESENTATION_CONTEXT('','3D')
);
#17768=(
GEOMETRIC_REPRESENTATION_CONTEXT(3)
GLOBAL_UNCERTAINTY_ASSIGNED_CONTEXT((#17766))
GLOBAL_UNIT_ASSIGNED_CONTEXT((#17769,#17771,#17772))
REPRESENTATION_CONTEXT('','3D')
);
#17769=(
LENGTH_UNIT()
NAMED_UNIT(*)
SI_UNIT(.MILLI.,.METRE.)
);
#17770=(
LENGTH_UNIT()
NAMED_UNIT(*)
SI_UNIT($,.METRE.)
);
#17771=(
NAMED_UNIT(*)
PLANE_ANGLE_UNIT()
SI_UNIT($,.RADIAN.)
);
#17772=(
NAMED_UNIT(*)
SI_UNIT($,.STERADIAN.)
SOLID_ANGLE_UNIT()
);
#17773=SHAPE_DEFINITION_REPRESENTATION(#17774,#17775);
#17774=PRODUCT_DEFINITION_SHAPE('',$,#17777);
#17775=SHAPE_REPRESENTATION('',(#10656),#17767);
#17776=PRODUCT_DEFINITION_CONTEXT('part definition',#17781,'design');
#17777=PRODUCT_DEFINITION('megapad','megapad v13',#17778,#17776);
#17778=PRODUCT_DEFINITION_FORMATION('',$,#17783);
#17779=PRODUCT_RELATED_PRODUCT_CATEGORY('megapad v13','megapad v13',(#17783));
#17780=APPLICATION_PROTOCOL_DEFINITION('international standard',
'automotive_design',2009,#17781);
#17781=APPLICATION_CONTEXT(
'Core Data for Automotive Mechanical Design Process');
#17782=PRODUCT_CONTEXT('part definition',#17781,'mechanical');
#17783=PRODUCT('megapad','megapad v13',$,(#17782));
#17784=PRESENTATION_STYLE_ASSIGNMENT((#17791));
#17785=PRESENTATION_STYLE_ASSIGNMENT((#17792));
#17786=PRESENTATION_STYLE_ASSIGNMENT((#17793));
#17787=PRESENTATION_STYLE_ASSIGNMENT((#17794));
#17788=PRESENTATION_STYLE_ASSIGNMENT((#17795));
#17789=PRESENTATION_STYLE_ASSIGNMENT((#17796));
#17790=PRESENTATION_STYLE_ASSIGNMENT((#17797));
#17791=SURFACE_STYLE_USAGE(.BOTH.,#17798);
#17792=SURFACE_STYLE_USAGE(.BOTH.,#17799);
#17793=SURFACE_STYLE_USAGE(.BOTH.,#17800);
#17794=SURFACE_STYLE_USAGE(.BOTH.,#17801);
#17795=SURFACE_STYLE_USAGE(.BOTH.,#17802);
#17796=SURFACE_STYLE_USAGE(.BOTH.,#17803);
#17797=SURFACE_STYLE_USAGE(.BOTH.,#17804);
#17798=SURFACE_SIDE_STYLE('',(#17805));
#17799=SURFACE_SIDE_STYLE('',(#17806));
#17800=SURFACE_SIDE_STYLE('',(#17807));
#17801=SURFACE_SIDE_STYLE('',(#17808));
#17802=SURFACE_SIDE_STYLE('',(#17809));
#17803=SURFACE_SIDE_STYLE('',(#17810));
#17804=SURFACE_SIDE_STYLE('',(#17811));
#17805=SURFACE_STYLE_FILL_AREA(#17812);
#17806=SURFACE_STYLE_FILL_AREA(#17813);
#17807=SURFACE_STYLE_FILL_AREA(#17814);
#17808=SURFACE_STYLE_FILL_AREA(#17815);
#17809=SURFACE_STYLE_FILL_AREA(#17816);
#17810=SURFACE_STYLE_FILL_AREA(#17817);
#17811=SURFACE_STYLE_FILL_AREA(#17818);
#17812=FILL_AREA_STYLE('Steel - Satin',(#17819));
#17813=FILL_AREA_STYLE('Opaque(80,124,105)',(#17820));
#17814=FILL_AREA_STYLE(
'PA 11 - Nylon- HP 11-30 (with EOS P 396 3D Printer)',(#17821));
#17815=FILL_AREA_STYLE('Opaque(25,25,25)',(#17822));
#17816=FILL_AREA_STYLE('Opaque(160,160,160)',(#17823));
#17817=FILL_AREA_STYLE('Opaque(246,246,243)',(#17824));
#17818=FILL_AREA_STYLE('Plastic - Translucent Matte (Red)',(#17825));
#17819=FILL_AREA_STYLE_COLOUR('Steel - Satin',#17826);
#17820=FILL_AREA_STYLE_COLOUR('Opaque(80,124,105)',#17827);
#17821=FILL_AREA_STYLE_COLOUR(
'PA 11 - Nylon- HP 11-30 (with EOS P 396 3D Printer)',#17828);
#17822=FILL_AREA_STYLE_COLOUR('Opaque(25,25,25)',#17829);
#17823=FILL_AREA_STYLE_COLOUR('Opaque(160,160,160)',#17830);
#17824=FILL_AREA_STYLE_COLOUR('Opaque(246,246,243)',#17831);
#17825=FILL_AREA_STYLE_COLOUR('Plastic - Translucent Matte (Red)',#17832);
#17826=COLOUR_RGB('Steel - Satin',0.627450980392157,0.627450980392157,0.627450980392157);
#17827=COLOUR_RGB('Opaque(80,124,105)',0.313725490196078,0.486274509803922,
0.411764705882353);
#17828=COLOUR_RGB('PA 11 - Nylon- HP 11-30 (with EOS P 396 3D Printer)',
0.247058823529412,0.247058823529412,0.247058823529412);
#17829=COLOUR_RGB('Opaque(25,25,25)',0.0980392156862745,0.0980392156862745,
0.0980392156862745);
#17830=COLOUR_RGB('Opaque(160,160,160)',0.627450980392157,0.627450980392157,
0.627450980392157);
#17831=COLOUR_RGB('Opaque(246,246,243)',0.964705882352941,0.964705882352941,
0.952941176470588);
#17832=COLOUR_RGB('Plastic - Translucent Matte (Red)',0.768627450980392,
0.207843137254902,0.152941176470588);
ENDSEC;
END-ISO-10303-21;
