ISO-10303-21;
HEADER;
/* Generated by software containing ST-Developer
 * from STEP Tools, Inc. (www.steptools.com) 
 */

FILE_DESCRIPTION(
/* description */ (''),
/* implementation_level */ '2;1');

FILE_NAME(
/* name */ 'top.step',
/* time_stamp */ '2026-03-26T19:11:33Z',
/* author */ (''),
/* organization */ (''),
/* preprocessor_version */ 'ST-DEVELOPER v20.1',
/* originating_system */ 'Autodesk Translation Framework v14.24.0.0',
/* authorisation */ '');

FILE_SCHEMA (('AUTOMOTIVE_DESIGN { 1 0 10303 214 3 1 1 }'));
ENDSEC;

DATA;
#10=MECHANICAL_DESIGN_GEOMETRIC_PRESENTATION_REPRESENTATION('',(#13),#15210);
#11=SHAPE_REPRESENTATION_RELATIONSHIP('SRR','None',#15217,#12);
#12=ADVANCED_BREP_SHAPE_REPRESENTATION('',(#14),#15209);
#13=STYLED_ITEM('',(#15232),#14);
#14=MANIFOLD_SOLID_BREP('Plate',#9184);
#15=B_SPLINE_SURFACE_WITH_KNOTS('',2,1,((#13357,#13358),(#13359,#13360),
(#13361,#13362)),.UNSPECIFIED.,.F.,.F.,.F.,(3,3),(2,2),(0.,1.),(0.,0.05),
 .UNSPECIFIED.);
#16=B_SPLINE_SURFACE_WITH_KNOTS('',2,1,((#13372,#13373),(#13374,#13375),
(#13376,#13377)),.UNSPECIFIED.,.F.,.F.,.F.,(3,3),(2,2),(0.,1.),(0.,0.05),
 .UNSPECIFIED.);
#17=B_SPLINE_SURFACE_WITH_KNOTS('',2,1,((#13387,#13388),(#13389,#13390),
(#13391,#13392)),.UNSPECIFIED.,.F.,.F.,.F.,(3,3),(2,2),(0.,1.),(0.,0.05),
 .UNSPECIFIED.);
#18=B_SPLINE_SURFACE_WITH_KNOTS('',2,1,((#13418,#13419),(#13420,#13421),
(#13422,#13423)),.UNSPECIFIED.,.F.,.F.,.F.,(3,3),(2,2),(0.,1.),(0.,0.05),
 .UNSPECIFIED.);
#19=B_SPLINE_SURFACE_WITH_KNOTS('',2,1,((#13438,#13439),(#13440,#13441),
(#13442,#13443)),.UNSPECIFIED.,.F.,.F.,.F.,(3,3),(2,2),(0.,1.),(0.,0.05),
 .UNSPECIFIED.);
#20=B_SPLINE_SURFACE_WITH_KNOTS('',2,1,((#13449,#13450),(#13451,#13452),
(#13453,#13454)),.UNSPECIFIED.,.F.,.F.,.F.,(3,3),(2,2),(0.,1.),(0.,0.05),
 .UNSPECIFIED.);
#21=B_SPLINE_SURFACE_WITH_KNOTS('',2,1,((#13460,#13461),(#13462,#13463),
(#13464,#13465)),.UNSPECIFIED.,.F.,.F.,.F.,(3,3),(2,2),(0.,1.),(0.,0.05),
 .UNSPECIFIED.);
#22=B_SPLINE_SURFACE_WITH_KNOTS('',2,1,((#13471,#13472),(#13473,#13474),
(#13475,#13476)),.UNSPECIFIED.,.F.,.F.,.F.,(3,3),(2,2),(0.,1.),(0.,0.05),
 .UNSPECIFIED.);
#23=B_SPLINE_SURFACE_WITH_KNOTS('',2,1,((#13482,#13483),(#13484,#13485),
(#13486,#13487)),.UNSPECIFIED.,.F.,.F.,.F.,(3,3),(2,2),(0.,1.),(0.,0.05),
 .UNSPECIFIED.);
#24=B_SPLINE_SURFACE_WITH_KNOTS('',2,1,((#13501,#13502),(#13503,#13504),
(#13505,#13506)),.UNSPECIFIED.,.F.,.F.,.F.,(3,3),(2,2),(0.,1.),(0.,0.05),
 .UNSPECIFIED.);
#25=B_SPLINE_SURFACE_WITH_KNOTS('',2,1,((#13512,#13513),(#13514,#13515),
(#13516,#13517)),.UNSPECIFIED.,.F.,.F.,.F.,(3,3),(2,2),(0.,1.),(0.,0.05),
 .UNSPECIFIED.);
#26=B_SPLINE_SURFACE_WITH_KNOTS('',2,1,((#13523,#13524),(#13525,#13526),
(#13527,#13528)),.UNSPECIFIED.,.F.,.F.,.F.,(3,3),(2,2),(0.,1.),(0.,0.05),
 .UNSPECIFIED.);
#27=B_SPLINE_SURFACE_WITH_KNOTS('',2,1,((#13609,#13610),(#13611,#13612),
(#13613,#13614)),.UNSPECIFIED.,.F.,.F.,.F.,(3,3),(2,2),(0.,1.),(0.,0.05),
 .UNSPECIFIED.);
#28=B_SPLINE_SURFACE_WITH_KNOTS('',2,1,((#13624,#13625),(#13626,#13627),
(#13628,#13629)),.UNSPECIFIED.,.F.,.F.,.F.,(3,3),(2,2),(0.,1.),(0.,0.05),
 .UNSPECIFIED.);
#29=B_SPLINE_SURFACE_WITH_KNOTS('',2,1,((#13635,#13636),(#13637,#13638),
(#13639,#13640)),.UNSPECIFIED.,.F.,.F.,.F.,(3,3),(2,2),(0.,1.),(0.,0.05),
 .UNSPECIFIED.);
#30=B_SPLINE_SURFACE_WITH_KNOTS('',2,1,((#13650,#13651),(#13652,#13653),
(#13654,#13655)),.UNSPECIFIED.,.F.,.F.,.F.,(3,3),(2,2),(0.,1.),(0.,0.05),
 .UNSPECIFIED.);
#31=B_SPLINE_SURFACE_WITH_KNOTS('',2,1,((#13720,#13721),(#13722,#13723),
(#13724,#13725)),.UNSPECIFIED.,.F.,.F.,.F.,(3,3),(2,2),(0.,1.),(0.,0.05),
 .UNSPECIFIED.);
#32=B_SPLINE_SURFACE_WITH_KNOTS('',2,1,((#13735,#13736),(#13737,#13738),
(#13739,#13740)),.UNSPECIFIED.,.F.,.F.,.F.,(3,3),(2,2),(0.,1.),(0.,0.05),
 .UNSPECIFIED.);
#33=B_SPLINE_SURFACE_WITH_KNOTS('',2,1,((#13746,#13747),(#13748,#13749),
(#13750,#13751)),.UNSPECIFIED.,.F.,.F.,.F.,(3,3),(2,2),(0.,1.),(0.,0.05),
 .UNSPECIFIED.);
#34=B_SPLINE_SURFACE_WITH_KNOTS('',2,1,((#13761,#13762),(#13763,#13764),
(#13765,#13766)),.UNSPECIFIED.,.F.,.F.,.F.,(3,3),(2,2),(0.,1.),(0.,0.05),
 .UNSPECIFIED.);
#35=B_SPLINE_SURFACE_WITH_KNOTS('',2,1,((#13829,#13830),(#13831,#13832),
(#13833,#13834)),.UNSPECIFIED.,.F.,.F.,.F.,(3,3),(2,2),(0.,1.),(0.,0.05),
 .UNSPECIFIED.);
#36=B_SPLINE_SURFACE_WITH_KNOTS('',2,1,((#13844,#13845),(#13846,#13847),
(#13848,#13849)),.UNSPECIFIED.,.F.,.F.,.F.,(3,3),(2,2),(0.,1.),(0.,0.05),
 .UNSPECIFIED.);
#37=B_SPLINE_SURFACE_WITH_KNOTS('',2,1,((#13859,#13860),(#13861,#13862),
(#13863,#13864)),.UNSPECIFIED.,.F.,.F.,.F.,(3,3),(2,2),(0.,1.),(0.,0.05),
 .UNSPECIFIED.);
#38=B_SPLINE_SURFACE_WITH_KNOTS('',2,1,((#13874,#13875),(#13876,#13877),
(#13878,#13879)),.UNSPECIFIED.,.F.,.F.,.F.,(3,3),(2,2),(0.,1.),(0.,0.05),
 .UNSPECIFIED.);
#39=B_SPLINE_SURFACE_WITH_KNOTS('',2,1,((#13889,#13890),(#13891,#13892),
(#13893,#13894)),.UNSPECIFIED.,.F.,.F.,.F.,(3,3),(2,2),(0.,1.),(0.,0.05),
 .UNSPECIFIED.);
#40=B_SPLINE_SURFACE_WITH_KNOTS('',2,1,((#14016,#14017),(#14018,#14019),
(#14020,#14021)),.UNSPECIFIED.,.F.,.F.,.F.,(3,3),(2,2),(0.,1.),(0.,0.05),
 .UNSPECIFIED.);
#41=B_SPLINE_SURFACE_WITH_KNOTS('',2,1,((#14031,#14032),(#14033,#14034),
(#14035,#14036)),.UNSPECIFIED.,.F.,.F.,.F.,(3,3),(2,2),(0.,1.),(0.,0.05),
 .UNSPECIFIED.);
#42=B_SPLINE_SURFACE_WITH_KNOTS('',2,1,((#14042,#14043),(#14044,#14045),
(#14046,#14047)),.UNSPECIFIED.,.F.,.F.,.F.,(3,3),(2,2),(0.,1.),(0.,0.05),
 .UNSPECIFIED.);
#43=B_SPLINE_SURFACE_WITH_KNOTS('',2,1,((#14057,#14058),(#14059,#14060),
(#14061,#14062)),.UNSPECIFIED.,.F.,.F.,.F.,(3,3),(2,2),(0.,1.),(0.,0.05),
 .UNSPECIFIED.);
#44=B_SPLINE_SURFACE_WITH_KNOTS('',2,1,((#14127,#14128),(#14129,#14130),
(#14131,#14132)),.UNSPECIFIED.,.F.,.F.,.F.,(3,3),(2,2),(0.,1.),(0.,0.05),
 .UNSPECIFIED.);
#45=B_SPLINE_SURFACE_WITH_KNOTS('',2,1,((#14142,#14143),(#14144,#14145),
(#14146,#14147)),.UNSPECIFIED.,.F.,.F.,.F.,(3,3),(2,2),(0.,1.),(0.,0.05),
 .UNSPECIFIED.);
#46=B_SPLINE_SURFACE_WITH_KNOTS('',2,1,((#14153,#14154),(#14155,#14156),
(#14157,#14158)),.UNSPECIFIED.,.F.,.F.,.F.,(3,3),(2,2),(0.,1.),(0.,0.05),
 .UNSPECIFIED.);
#47=B_SPLINE_SURFACE_WITH_KNOTS('',2,1,((#14168,#14169),(#14170,#14171),
(#14172,#14173)),.UNSPECIFIED.,.F.,.F.,.F.,(3,3),(2,2),(0.,1.),(0.,0.05),
 .UNSPECIFIED.);
#48=B_SPLINE_SURFACE_WITH_KNOTS('',2,1,((#14208,#14209),(#14210,#14211),
(#14212,#14213)),.UNSPECIFIED.,.F.,.F.,.F.,(3,3),(2,2),(0.,1.),(0.,0.05),
 .UNSPECIFIED.);
#49=B_SPLINE_SURFACE_WITH_KNOTS('',2,1,((#14219,#14220),(#14221,#14222),
(#14223,#14224)),.UNSPECIFIED.,.F.,.F.,.F.,(3,3),(2,2),(0.,1.),(0.,0.05),
 .UNSPECIFIED.);
#50=B_SPLINE_SURFACE_WITH_KNOTS('',2,1,((#14230,#14231),(#14232,#14233),
(#14234,#14235)),.UNSPECIFIED.,.F.,.F.,.F.,(3,3),(2,2),(0.,1.),(0.,0.05),
 .UNSPECIFIED.);
#51=B_SPLINE_SURFACE_WITH_KNOTS('',2,1,((#14241,#14242),(#14243,#14244),
(#14245,#14246)),.UNSPECIFIED.,.F.,.F.,.F.,(3,3),(2,2),(0.,1.),(0.,0.05),
 .UNSPECIFIED.);
#52=B_SPLINE_SURFACE_WITH_KNOTS('',2,1,((#14252,#14253),(#14254,#14255),
(#14256,#14257)),.UNSPECIFIED.,.F.,.F.,.F.,(3,3),(2,2),(0.,1.),(0.,0.05),
 .UNSPECIFIED.);
#53=B_SPLINE_SURFACE_WITH_KNOTS('',2,1,((#14271,#14272),(#14273,#14274),
(#14275,#14276)),.UNSPECIFIED.,.F.,.F.,.F.,(3,3),(2,2),(0.,1.),(0.,0.05),
 .UNSPECIFIED.);
#54=B_SPLINE_SURFACE_WITH_KNOTS('',2,1,((#14282,#14283),(#14284,#14285),
(#14286,#14287)),.UNSPECIFIED.,.F.,.F.,.F.,(3,3),(2,2),(0.,1.),(0.,0.05),
 .UNSPECIFIED.);
#55=B_SPLINE_SURFACE_WITH_KNOTS('',2,1,((#14293,#14294),(#14295,#14296),
(#14297,#14298)),.UNSPECIFIED.,.F.,.F.,.F.,(3,3),(2,2),(0.,1.),(0.,0.05),
 .UNSPECIFIED.);
#56=B_SPLINE_SURFACE_WITH_KNOTS('',2,1,((#14381,#14382),(#14383,#14384),
(#14385,#14386)),.UNSPECIFIED.,.F.,.F.,.F.,(3,3),(2,2),(0.,1.),(0.,0.05),
 .UNSPECIFIED.);
#57=B_SPLINE_SURFACE_WITH_KNOTS('',2,1,((#14396,#14397),(#14398,#14399),
(#14400,#14401)),.UNSPECIFIED.,.F.,.F.,.F.,(3,3),(2,2),(0.,1.),(0.,0.05),
 .UNSPECIFIED.);
#58=B_SPLINE_SURFACE_WITH_KNOTS('',2,1,((#14411,#14412),(#14413,#14414),
(#14415,#14416)),.UNSPECIFIED.,.F.,.F.,.F.,(3,3),(2,2),(0.,1.),(0.,0.05),
 .UNSPECIFIED.);
#59=B_SPLINE_SURFACE_WITH_KNOTS('',2,1,((#14442,#14443),(#14444,#14445),
(#14446,#14447)),.UNSPECIFIED.,.F.,.F.,.F.,(3,3),(2,2),(0.,1.),(0.,0.05),
 .UNSPECIFIED.);
#60=B_SPLINE_SURFACE_WITH_KNOTS('',2,1,((#14498,#14499),(#14500,#14501),
(#14502,#14503)),.UNSPECIFIED.,.F.,.F.,.F.,(3,3),(2,2),(0.,1.),(0.,0.05),
 .UNSPECIFIED.);
#61=B_SPLINE_SURFACE_WITH_KNOTS('',2,1,((#14513,#14514),(#14515,#14516),
(#14517,#14518)),.UNSPECIFIED.,.F.,.F.,.F.,(3,3),(2,2),(0.,1.),(0.,0.05),
 .UNSPECIFIED.);
#62=B_SPLINE_SURFACE_WITH_KNOTS('',2,1,((#14528,#14529),(#14530,#14531),
(#14532,#14533)),.UNSPECIFIED.,.F.,.F.,.F.,(3,3),(2,2),(0.,1.),(0.,0.05),
 .UNSPECIFIED.);
#63=B_SPLINE_SURFACE_WITH_KNOTS('',2,1,((#14543,#14544),(#14545,#14546),
(#14547,#14548)),.UNSPECIFIED.,.F.,.F.,.F.,(3,3),(2,2),(0.,1.),(0.,0.05),
 .UNSPECIFIED.);
#64=B_SPLINE_SURFACE_WITH_KNOTS('',2,1,((#14660,#14661),(#14662,#14663),
(#14664,#14665)),.UNSPECIFIED.,.F.,.F.,.F.,(3,3),(2,2),(0.,1.),(0.,0.05),
 .UNSPECIFIED.);
#65=B_SPLINE_SURFACE_WITH_KNOTS('',2,1,((#14675,#14676),(#14677,#14678),
(#14679,#14680)),.UNSPECIFIED.,.F.,.F.,.F.,(3,3),(2,2),(0.,1.),(0.,0.05),
 .UNSPECIFIED.);
#66=B_SPLINE_SURFACE_WITH_KNOTS('',2,1,((#14690,#14691),(#14692,#14693),
(#14694,#14695)),.UNSPECIFIED.,.F.,.F.,.F.,(3,3),(2,2),(0.,1.),(0.,0.05),
 .UNSPECIFIED.);
#67=B_SPLINE_SURFACE_WITH_KNOTS('',2,1,((#14705,#14706),(#14707,#14708),
(#14709,#14710)),.UNSPECIFIED.,.F.,.F.,.F.,(3,3),(2,2),(0.,1.),(0.,0.05),
 .UNSPECIFIED.);
#68=B_SPLINE_SURFACE_WITH_KNOTS('',2,1,((#14720,#14721),(#14722,#14723),
(#14724,#14725)),.UNSPECIFIED.,.F.,.F.,.F.,(3,3),(2,2),(0.,1.),(0.,0.05),
 .UNSPECIFIED.);
#69=B_SPLINE_SURFACE_WITH_KNOTS('',2,1,((#14804,#14805),(#14806,#14807),
(#14808,#14809)),.UNSPECIFIED.,.F.,.F.,.F.,(3,3),(2,2),(0.,1.),(0.,0.05),
 .UNSPECIFIED.);
#70=B_SPLINE_SURFACE_WITH_KNOTS('',2,1,((#14819,#14820),(#14821,#14822),
(#14823,#14824)),.UNSPECIFIED.,.F.,.F.,.F.,(3,3),(2,2),(0.,1.),(0.,0.05),
 .UNSPECIFIED.);
#71=B_SPLINE_SURFACE_WITH_KNOTS('',2,1,((#14834,#14835),(#14836,#14837),
(#14838,#14839)),.UNSPECIFIED.,.F.,.F.,.F.,(3,3),(2,2),(0.,1.),(0.,0.05),
 .UNSPECIFIED.);
#72=B_SPLINE_SURFACE_WITH_KNOTS('',2,1,((#14849,#14850),(#14851,#14852),
(#14853,#14854)),.UNSPECIFIED.,.F.,.F.,.F.,(3,3),(2,2),(0.,1.),(0.,0.05),
 .UNSPECIFIED.);
#73=CYLINDRICAL_SURFACE('',#9369,4.);
#74=CYLINDRICAL_SURFACE('',#9374,4.);
#75=CYLINDRICAL_SURFACE('',#9378,4.25);
#76=CYLINDRICAL_SURFACE('',#9380,2.);
#77=CYLINDRICAL_SURFACE('',#9384,2.);
#78=CYLINDRICAL_SURFACE('',#9390,2.25);
#79=CYLINDRICAL_SURFACE('',#9624,0.499999999999998);
#80=CYLINDRICAL_SURFACE('',#9626,0.499999999999998);
#81=CYLINDRICAL_SURFACE('',#9628,0.499999999999998);
#82=CYLINDRICAL_SURFACE('',#9630,0.499999999999998);
#83=CYLINDRICAL_SURFACE('',#9632,0.500000000000003);
#84=CYLINDRICAL_SURFACE('',#9634,0.499999999999998);
#85=CYLINDRICAL_SURFACE('',#9636,0.499999999999998);
#86=CYLINDRICAL_SURFACE('',#9638,0.499999999999998);
#87=CYLINDRICAL_SURFACE('',#9640,0.500000000000003);
#88=CYLINDRICAL_SURFACE('',#9642,0.499999999999998);
#89=CYLINDRICAL_SURFACE('',#9644,0.499999999999998);
#90=CYLINDRICAL_SURFACE('',#9646,0.499999999999998);
#91=CYLINDRICAL_SURFACE('',#9647,1.6);
#92=CYLINDRICAL_SURFACE('',#9648,1.6);
#93=CYLINDRICAL_SURFACE('',#9651,0.499999999999998);
#94=CYLINDRICAL_SURFACE('',#9653,0.499999999999998);
#95=CYLINDRICAL_SURFACE('',#9655,0.499999999999998);
#96=CYLINDRICAL_SURFACE('',#9657,0.500000000000003);
#97=CYLINDRICAL_SURFACE('',#9659,0.499999999999998);
#98=CYLINDRICAL_SURFACE('',#9661,0.499999999999998);
#99=CYLINDRICAL_SURFACE('',#9663,0.500000000000003);
#100=CYLINDRICAL_SURFACE('',#9665,0.499999999999998);
#101=CYLINDRICAL_SURFACE('',#9667,0.499999999999998);
#102=CYLINDRICAL_SURFACE('',#9669,0.499999999999998);
#103=CYLINDRICAL_SURFACE('',#9671,0.500000000000003);
#104=CYLINDRICAL_SURFACE('',#9673,0.499999999999998);
#105=CYLINDRICAL_SURFACE('',#9675,0.499999999999998);
#106=CYLINDRICAL_SURFACE('',#9677,0.500000000000003);
#107=CYLINDRICAL_SURFACE('',#9679,0.499999999999998);
#108=CYLINDRICAL_SURFACE('',#9681,0.499999999999998);
#109=CYLINDRICAL_SURFACE('',#9683,0.499999999999998);
#110=CYLINDRICAL_SURFACE('',#9685,0.499999999999998);
#111=CYLINDRICAL_SURFACE('',#9687,0.499999999999998);
#112=CYLINDRICAL_SURFACE('',#9689,0.499999999999998);
#113=CYLINDRICAL_SURFACE('',#9691,0.499999999999998);
#114=CYLINDRICAL_SURFACE('',#9693,0.500000000000003);
#115=CYLINDRICAL_SURFACE('',#9695,0.500000000000003);
#116=CYLINDRICAL_SURFACE('',#9697,0.499999999999998);
#117=CYLINDRICAL_SURFACE('',#9699,0.499999999999998);
#118=CYLINDRICAL_SURFACE('',#9701,0.499999999999998);
#119=CYLINDRICAL_SURFACE('',#9703,0.499999999999998);
#120=CYLINDRICAL_SURFACE('',#9705,0.499999999999998);
#121=CYLINDRICAL_SURFACE('',#9707,0.499999999999998);
#122=CYLINDRICAL_SURFACE('',#9709,0.499999999999998);
#123=CYLINDRICAL_SURFACE('',#9711,0.499999999999998);
#124=CYLINDRICAL_SURFACE('',#9713,0.500000000000003);
#125=CYLINDRICAL_SURFACE('',#9715,0.500000000000003);
#126=CYLINDRICAL_SURFACE('',#9717,0.499999999999998);
#127=CYLINDRICAL_SURFACE('',#9719,0.499999999999998);
#128=CYLINDRICAL_SURFACE('',#9721,0.500000000000003);
#129=CYLINDRICAL_SURFACE('',#9723,0.500000000000003);
#130=CYLINDRICAL_SURFACE('',#9725,0.500000000000003);
#131=CYLINDRICAL_SURFACE('',#9727,0.499999999999998);
#132=CYLINDRICAL_SURFACE('',#9729,0.499999999999998);
#133=CYLINDRICAL_SURFACE('',#9731,0.499999999999998);
#134=CYLINDRICAL_SURFACE('',#9733,0.499999999999998);
#135=CYLINDRICAL_SURFACE('',#9735,0.500000000000003);
#136=CYLINDRICAL_SURFACE('',#9737,0.500000000000003);
#137=CYLINDRICAL_SURFACE('',#9739,0.499999999999998);
#138=CYLINDRICAL_SURFACE('',#9741,0.499999999999998);
#139=CYLINDRICAL_SURFACE('',#9743,0.499999999999998);
#140=CYLINDRICAL_SURFACE('',#9745,0.499999999999998);
#141=CYLINDRICAL_SURFACE('',#9746,1.6);
#142=CYLINDRICAL_SURFACE('',#9748,0.499999999999998);
#143=CYLINDRICAL_SURFACE('',#9750,0.500000000000003);
#144=CYLINDRICAL_SURFACE('',#9752,0.499999999999998);
#145=CYLINDRICAL_SURFACE('',#9754,0.499999999999998);
#146=CYLINDRICAL_SURFACE('',#9756,0.999999999999996);
#147=CYLINDRICAL_SURFACE('',#9758,1.);
#148=CYLINDRICAL_SURFACE('',#9760,1.00000000000001);
#149=CYLINDRICAL_SURFACE('',#9762,1.00000000000001);
#150=CYLINDRICAL_SURFACE('',#9764,5.99999212564783);
#151=CYLINDRICAL_SURFACE('',#9766,7.);
#152=CYLINDRICAL_SURFACE('',#9769,6.00000760479894);
#153=CYLINDRICAL_SURFACE('',#9771,4.0000076047988);
#154=CYLINDRICAL_SURFACE('',#9772,5.99999967883398);
#155=CYLINDRICAL_SURFACE('',#9775,6.99999999999986);
#156=CYLINDRICAL_SURFACE('',#9777,3.99999999999988);
#157=CYLINDRICAL_SURFACE('',#9779,4.);
#158=CYLINDRICAL_SURFACE('',#9782,6.00008282394099);
#159=TOROIDAL_SURFACE('',#9284,6.,2.);
#160=TOROIDAL_SURFACE('',#9371,6.,2.);
#161=TOROIDAL_SURFACE('',#9376,6.25,2.);
#162=B_SPLINE_CURVE_WITH_KNOTS('',2,(#12348,#12349,#12350),
 .UNSPECIFIED.,.F.,.F.,(3,3),(0.,1.),.UNSPECIFIED.);
#163=B_SPLINE_CURVE_WITH_KNOTS('',2,(#12354,#12355,#12356),
 .UNSPECIFIED.,.F.,.F.,(3,3),(0.,1.),.UNSPECIFIED.);
#164=B_SPLINE_CURVE_WITH_KNOTS('',2,(#12360,#12361,#12362),
 .UNSPECIFIED.,.F.,.F.,(3,3),(0.,1.),.UNSPECIFIED.);
#165=B_SPLINE_CURVE_WITH_KNOTS('',2,(#12366,#12367,#12368),
 .UNSPECIFIED.,.F.,.F.,(3,3),(0.,1.),.UNSPECIFIED.);
#166=B_SPLINE_CURVE_WITH_KNOTS('',2,(#12388,#12389,#12390),
 .UNSPECIFIED.,.F.,.F.,(3,3),(0.,1.),.UNSPECIFIED.);
#167=B_SPLINE_CURVE_WITH_KNOTS('',2,(#12394,#12395,#12396),
 .UNSPECIFIED.,.F.,.F.,(3,3),(0.,1.),.UNSPECIFIED.);
#168=B_SPLINE_CURVE_WITH_KNOTS('',2,(#12400,#12401,#12402),
 .UNSPECIFIED.,.F.,.F.,(3,3),(0.,1.),.UNSPECIFIED.);
#169=B_SPLINE_CURVE_WITH_KNOTS('',2,(#12406,#12407,#12408),
 .UNSPECIFIED.,.F.,.F.,(3,3),(0.,1.),.UNSPECIFIED.);
#170=B_SPLINE_CURVE_WITH_KNOTS('',2,(#12412,#12413,#12414),
 .UNSPECIFIED.,.F.,.F.,(3,3),(0.,1.),.UNSPECIFIED.);
#171=B_SPLINE_CURVE_WITH_KNOTS('',2,(#12468,#12469,#12470),
 .UNSPECIFIED.,.F.,.F.,(3,3),(0.,1.),.UNSPECIFIED.);
#172=B_SPLINE_CURVE_WITH_KNOTS('',2,(#12474,#12475,#12476),
 .UNSPECIFIED.,.F.,.F.,(3,3),(0.,1.),.UNSPECIFIED.);
#173=B_SPLINE_CURVE_WITH_KNOTS('',2,(#12480,#12481,#12482),
 .UNSPECIFIED.,.F.,.F.,(3,3),(0.,1.),.UNSPECIFIED.);
#174=B_SPLINE_CURVE_WITH_KNOTS('',2,(#12486,#12487,#12488),
 .UNSPECIFIED.,.F.,.F.,(3,3),(0.,1.),.UNSPECIFIED.);
#175=B_SPLINE_CURVE_WITH_KNOTS('',2,(#12494,#12495,#12496),
 .UNSPECIFIED.,.F.,.F.,(3,3),(0.,1.),.UNSPECIFIED.);
#176=B_SPLINE_CURVE_WITH_KNOTS('',2,(#12508,#12509,#12510),
 .UNSPECIFIED.,.F.,.F.,(3,3),(0.,1.),.UNSPECIFIED.);
#177=B_SPLINE_CURVE_WITH_KNOTS('',2,(#12514,#12515,#12516),
 .UNSPECIFIED.,.F.,.F.,(3,3),(0.,1.),.UNSPECIFIED.);
#178=B_SPLINE_CURVE_WITH_KNOTS('',2,(#12519,#12520,#12521),
 .UNSPECIFIED.,.F.,.F.,(3,3),(0.,1.),.UNSPECIFIED.);
#179=B_SPLINE_CURVE_WITH_KNOTS('',2,(#12544,#12545,#12546),
 .UNSPECIFIED.,.F.,.F.,(3,3),(0.,1.),.UNSPECIFIED.);
#180=B_SPLINE_CURVE_WITH_KNOTS('',2,(#12548,#12549,#12550),
 .UNSPECIFIED.,.F.,.F.,(3,3),(0.,1.),.UNSPECIFIED.);
#181=B_SPLINE_CURVE_WITH_KNOTS('',2,(#12552,#12553,#12554),
 .UNSPECIFIED.,.F.,.F.,(3,3),(0.,1.),.UNSPECIFIED.);
#182=B_SPLINE_CURVE_WITH_KNOTS('',2,(#12560,#12561,#12562),
 .UNSPECIFIED.,.F.,.F.,(3,3),(0.,1.),.UNSPECIFIED.);
#183=B_SPLINE_CURVE_WITH_KNOTS('',2,(#12564,#12565,#12566),
 .UNSPECIFIED.,.F.,.F.,(3,3),(0.,1.),.UNSPECIFIED.);
#184=B_SPLINE_CURVE_WITH_KNOTS('',2,(#12568,#12569,#12570),
 .UNSPECIFIED.,.F.,.F.,(3,3),(0.,1.),.UNSPECIFIED.);
#185=B_SPLINE_CURVE_WITH_KNOTS('',2,(#12572,#12573,#12574),
 .UNSPECIFIED.,.F.,.F.,(3,3),(0.,1.),.UNSPECIFIED.);
#186=B_SPLINE_CURVE_WITH_KNOTS('',2,(#12576,#12577,#12578),
 .UNSPECIFIED.,.F.,.F.,(3,3),(0.,1.),.UNSPECIFIED.);
#187=B_SPLINE_CURVE_WITH_KNOTS('',2,(#12594,#12595,#12596),
 .UNSPECIFIED.,.F.,.F.,(3,3),(0.,1.),.UNSPECIFIED.);
#188=B_SPLINE_CURVE_WITH_KNOTS('',2,(#12600,#12601,#12602),
 .UNSPECIFIED.,.F.,.F.,(3,3),(0.,1.),.UNSPECIFIED.);
#189=B_SPLINE_CURVE_WITH_KNOTS('',2,(#12604,#12605,#12606),
 .UNSPECIFIED.,.F.,.F.,(3,3),(0.,1.),.UNSPECIFIED.);
#190=B_SPLINE_CURVE_WITH_KNOTS('',2,(#12610,#12611,#12612),
 .UNSPECIFIED.,.F.,.F.,(3,3),(0.,1.),.UNSPECIFIED.);
#191=B_SPLINE_CURVE_WITH_KNOTS('',2,(#12628,#12629,#12630),
 .UNSPECIFIED.,.F.,.F.,(3,3),(0.,1.),.UNSPECIFIED.);
#192=B_SPLINE_CURVE_WITH_KNOTS('',2,(#12634,#12635,#12636),
 .UNSPECIFIED.,.F.,.F.,(3,3),(0.,1.),.UNSPECIFIED.);
#193=B_SPLINE_CURVE_WITH_KNOTS('',2,(#12638,#12639,#12640),
 .UNSPECIFIED.,.F.,.F.,(3,3),(0.,1.),.UNSPECIFIED.);
#194=B_SPLINE_CURVE_WITH_KNOTS('',2,(#12644,#12645,#12646),
 .UNSPECIFIED.,.F.,.F.,(3,3),(0.,1.),.UNSPECIFIED.);
#195=B_SPLINE_CURVE_WITH_KNOTS('',2,(#12690,#12691,#12692),
 .UNSPECIFIED.,.F.,.F.,(3,3),(0.,1.),.UNSPECIFIED.);
#196=B_SPLINE_CURVE_WITH_KNOTS('',2,(#12696,#12697,#12698),
 .UNSPECIFIED.,.F.,.F.,(3,3),(0.,1.),.UNSPECIFIED.);
#197=B_SPLINE_CURVE_WITH_KNOTS('',2,(#12702,#12703,#12704),
 .UNSPECIFIED.,.F.,.F.,(3,3),(0.,1.),.UNSPECIFIED.);
#198=B_SPLINE_CURVE_WITH_KNOTS('',2,(#12708,#12709,#12710),
 .UNSPECIFIED.,.F.,.F.,(3,3),(0.,1.),.UNSPECIFIED.);
#199=B_SPLINE_CURVE_WITH_KNOTS('',2,(#12714,#12715,#12716),
 .UNSPECIFIED.,.F.,.F.,(3,3),(0.,1.),.UNSPECIFIED.);
#200=B_SPLINE_CURVE_WITH_KNOTS('',2,(#12746,#12747,#12748),
 .UNSPECIFIED.,.F.,.F.,(3,3),(0.,1.),.UNSPECIFIED.);
#201=B_SPLINE_CURVE_WITH_KNOTS('',2,(#12752,#12753,#12754),
 .UNSPECIFIED.,.F.,.F.,(3,3),(0.,1.),.UNSPECIFIED.);
#202=B_SPLINE_CURVE_WITH_KNOTS('',2,(#12756,#12757,#12758),
 .UNSPECIFIED.,.F.,.F.,(3,3),(0.,1.),.UNSPECIFIED.);
#203=B_SPLINE_CURVE_WITH_KNOTS('',2,(#12762,#12763,#12764),
 .UNSPECIFIED.,.F.,.F.,(3,3),(0.,1.),.UNSPECIFIED.);
#204=B_SPLINE_CURVE_WITH_KNOTS('',2,(#12780,#12781,#12782),
 .UNSPECIFIED.,.F.,.F.,(3,3),(0.,1.),.UNSPECIFIED.);
#205=B_SPLINE_CURVE_WITH_KNOTS('',2,(#12786,#12787,#12788),
 .UNSPECIFIED.,.F.,.F.,(3,3),(0.,1.),.UNSPECIFIED.);
#206=B_SPLINE_CURVE_WITH_KNOTS('',2,(#12790,#12791,#12792),
 .UNSPECIFIED.,.F.,.F.,(3,3),(0.,1.),.UNSPECIFIED.);
#207=B_SPLINE_CURVE_WITH_KNOTS('',2,(#12796,#12797,#12798),
 .UNSPECIFIED.,.F.,.F.,(3,3),(0.,1.),.UNSPECIFIED.);
#208=B_SPLINE_CURVE_WITH_KNOTS('',2,(#12822,#12823,#12824),
 .UNSPECIFIED.,.F.,.F.,(3,3),(0.,1.),.UNSPECIFIED.);
#209=B_SPLINE_CURVE_WITH_KNOTS('',2,(#12826,#12827,#12828),
 .UNSPECIFIED.,.F.,.F.,(3,3),(0.,1.),.UNSPECIFIED.);
#210=B_SPLINE_CURVE_WITH_KNOTS('',2,(#12830,#12831,#12832),
 .UNSPECIFIED.,.F.,.F.,(3,3),(0.,1.),.UNSPECIFIED.);
#211=B_SPLINE_CURVE_WITH_KNOTS('',2,(#12838,#12839,#12840),
 .UNSPECIFIED.,.F.,.F.,(3,3),(0.,1.),.UNSPECIFIED.);
#212=B_SPLINE_CURVE_WITH_KNOTS('',2,(#12842,#12843,#12844),
 .UNSPECIFIED.,.F.,.F.,(3,3),(0.,1.),.UNSPECIFIED.);
#213=B_SPLINE_CURVE_WITH_KNOTS('',2,(#12846,#12847,#12848),
 .UNSPECIFIED.,.F.,.F.,(3,3),(0.,1.),.UNSPECIFIED.);
#214=B_SPLINE_CURVE_WITH_KNOTS('',2,(#12850,#12851,#12852),
 .UNSPECIFIED.,.F.,.F.,(3,3),(0.,1.),.UNSPECIFIED.);
#215=B_SPLINE_CURVE_WITH_KNOTS('',2,(#12854,#12855,#12856),
 .UNSPECIFIED.,.F.,.F.,(3,3),(0.,1.),.UNSPECIFIED.);
#216=B_SPLINE_CURVE_WITH_KNOTS('',2,(#12862,#12863,#12864),
 .UNSPECIFIED.,.F.,.F.,(3,3),(0.,1.),.UNSPECIFIED.);
#217=B_SPLINE_CURVE_WITH_KNOTS('',2,(#12876,#12877,#12878),
 .UNSPECIFIED.,.F.,.F.,(3,3),(0.,1.),.UNSPECIFIED.);
#218=B_SPLINE_CURVE_WITH_KNOTS('',2,(#12882,#12883,#12884),
 .UNSPECIFIED.,.F.,.F.,(3,3),(0.,1.),.UNSPECIFIED.);
#219=B_SPLINE_CURVE_WITH_KNOTS('',2,(#12887,#12888,#12889),
 .UNSPECIFIED.,.F.,.F.,(3,3),(0.,1.),.UNSPECIFIED.);
#220=B_SPLINE_CURVE_WITH_KNOTS('',3,(#13231,#13232,#13233,#13234,#13235,
#13236,#13237,#13238,#13239,#13240,#13241,#13242,#13243,#13244,#13245,#13246,
#13247,#13248,#13249,#13250,#13251,#13252),.UNSPECIFIED.,.F.,.F.,(4,2,2,
2,2,2,2,2,2,2,4),(1.11136453036157,1.27792550246592,1.34812139790634,1.38644523655632,
1.42884970975919,1.54174256965973,1.65463542956026,1.69703990276313,1.73536374141311,
1.80555963685353,1.97212060895788),.UNSPECIFIED.);
#221=B_SPLINE_CURVE_WITH_KNOTS('',3,(#13254,#13255,#13256,#13257,#13258,
#13259,#13260,#13261,#13262,#13263),.UNSPECIFIED.,.F.,.F.,(4,2,2,2,4),(0.303971332795512,
0.385642113774245,0.466826656147606,0.543765704094333,0.614949439310051),
 .UNSPECIFIED.);
#222=B_SPLINE_CURVE_WITH_KNOTS('',3,(#13266,#13267,#13268,#13269,#13270,
#13271,#13272,#13273,#13274,#13275),.UNSPECIFIED.,.F.,.F.,(4,2,2,2,4),(0.614949439310051,
0.686133174525769,0.763072222472497,0.844256764845858,0.925927545824591),
 .UNSPECIFIED.);
#223=B_SPLINE_CURVE_WITH_KNOTS('',2,(#13365,#13366,#13367),
 .UNSPECIFIED.,.F.,.F.,(3,3),(0.,1.),.UNSPECIFIED.);
#224=B_SPLINE_CURVE_WITH_KNOTS('',2,(#13380,#13381,#13382),
 .UNSPECIFIED.,.F.,.F.,(3,3),(0.,1.),.UNSPECIFIED.);
#225=B_SPLINE_CURVE_WITH_KNOTS('',2,(#13395,#13396,#13397),
 .UNSPECIFIED.,.F.,.F.,(3,3),(0.,1.),.UNSPECIFIED.);
#226=B_SPLINE_CURVE_WITH_KNOTS('',2,(#13424,#13425,#13426),
 .UNSPECIFIED.,.F.,.F.,(3,3),(0.,1.),.UNSPECIFIED.);
#227=B_SPLINE_CURVE_WITH_KNOTS('',2,(#13446,#13447,#13448),
 .UNSPECIFIED.,.F.,.F.,(3,3),(0.,1.),.UNSPECIFIED.);
#228=B_SPLINE_CURVE_WITH_KNOTS('',2,(#13457,#13458,#13459),
 .UNSPECIFIED.,.F.,.F.,(3,3),(0.,1.),.UNSPECIFIED.);
#229=B_SPLINE_CURVE_WITH_KNOTS('',2,(#13468,#13469,#13470),
 .UNSPECIFIED.,.F.,.F.,(3,3),(0.,1.),.UNSPECIFIED.);
#230=B_SPLINE_CURVE_WITH_KNOTS('',2,(#13479,#13480,#13481),
 .UNSPECIFIED.,.F.,.F.,(3,3),(0.,1.),.UNSPECIFIED.);
#231=B_SPLINE_CURVE_WITH_KNOTS('',2,(#13490,#13491,#13492),
 .UNSPECIFIED.,.F.,.F.,(3,3),(0.,1.),.UNSPECIFIED.);
#232=B_SPLINE_CURVE_WITH_KNOTS('',2,(#13509,#13510,#13511),
 .UNSPECIFIED.,.F.,.F.,(3,3),(0.,1.),.UNSPECIFIED.);
#233=B_SPLINE_CURVE_WITH_KNOTS('',2,(#13520,#13521,#13522),
 .UNSPECIFIED.,.F.,.F.,(3,3),(0.,1.),.UNSPECIFIED.);
#234=B_SPLINE_CURVE_WITH_KNOTS('',2,(#13531,#13532,#13533),
 .UNSPECIFIED.,.F.,.F.,(3,3),(0.,1.),.UNSPECIFIED.);
#235=B_SPLINE_CURVE_WITH_KNOTS('',2,(#13617,#13618,#13619),
 .UNSPECIFIED.,.F.,.F.,(3,3),(0.,1.),.UNSPECIFIED.);
#236=B_SPLINE_CURVE_WITH_KNOTS('',2,(#13632,#13633,#13634),
 .UNSPECIFIED.,.F.,.F.,(3,3),(0.,1.),.UNSPECIFIED.);
#237=B_SPLINE_CURVE_WITH_KNOTS('',2,(#13643,#13644,#13645),
 .UNSPECIFIED.,.F.,.F.,(3,3),(0.,1.),.UNSPECIFIED.);
#238=B_SPLINE_CURVE_WITH_KNOTS('',2,(#13658,#13659,#13660),
 .UNSPECIFIED.,.F.,.F.,(3,3),(0.,1.),.UNSPECIFIED.);
#239=B_SPLINE_CURVE_WITH_KNOTS('',2,(#13728,#13729,#13730),
 .UNSPECIFIED.,.F.,.F.,(3,3),(0.,1.),.UNSPECIFIED.);
#240=B_SPLINE_CURVE_WITH_KNOTS('',2,(#13743,#13744,#13745),
 .UNSPECIFIED.,.F.,.F.,(3,3),(0.,1.),.UNSPECIFIED.);
#241=B_SPLINE_CURVE_WITH_KNOTS('',2,(#13754,#13755,#13756),
 .UNSPECIFIED.,.F.,.F.,(3,3),(0.,1.),.UNSPECIFIED.);
#242=B_SPLINE_CURVE_WITH_KNOTS('',2,(#13769,#13770,#13771),
 .UNSPECIFIED.,.F.,.F.,(3,3),(0.,1.),.UNSPECIFIED.);
#243=B_SPLINE_CURVE_WITH_KNOTS('',2,(#13837,#13838,#13839),
 .UNSPECIFIED.,.F.,.F.,(3,3),(0.,1.),.UNSPECIFIED.);
#244=B_SPLINE_CURVE_WITH_KNOTS('',2,(#13852,#13853,#13854),
 .UNSPECIFIED.,.F.,.F.,(3,3),(0.,1.),.UNSPECIFIED.);
#245=B_SPLINE_CURVE_WITH_KNOTS('',2,(#13867,#13868,#13869),
 .UNSPECIFIED.,.F.,.F.,(3,3),(0.,1.),.UNSPECIFIED.);
#246=B_SPLINE_CURVE_WITH_KNOTS('',2,(#13882,#13883,#13884),
 .UNSPECIFIED.,.F.,.F.,(3,3),(0.,1.),.UNSPECIFIED.);
#247=B_SPLINE_CURVE_WITH_KNOTS('',2,(#13897,#13898,#13899),
 .UNSPECIFIED.,.F.,.F.,(3,3),(0.,1.),.UNSPECIFIED.);
#248=B_SPLINE_CURVE_WITH_KNOTS('',2,(#14024,#14025,#14026),
 .UNSPECIFIED.,.F.,.F.,(3,3),(0.,1.),.UNSPECIFIED.);
#249=B_SPLINE_CURVE_WITH_KNOTS('',2,(#14039,#14040,#14041),
 .UNSPECIFIED.,.F.,.F.,(3,3),(0.,1.),.UNSPECIFIED.);
#250=B_SPLINE_CURVE_WITH_KNOTS('',2,(#14050,#14051,#14052),
 .UNSPECIFIED.,.F.,.F.,(3,3),(0.,1.),.UNSPECIFIED.);
#251=B_SPLINE_CURVE_WITH_KNOTS('',2,(#14065,#14066,#14067),
 .UNSPECIFIED.,.F.,.F.,(3,3),(0.,1.),.UNSPECIFIED.);
#252=B_SPLINE_CURVE_WITH_KNOTS('',2,(#14135,#14136,#14137),
 .UNSPECIFIED.,.F.,.F.,(3,3),(0.,1.),.UNSPECIFIED.);
#253=B_SPLINE_CURVE_WITH_KNOTS('',2,(#14150,#14151,#14152),
 .UNSPECIFIED.,.F.,.F.,(3,3),(0.,1.),.UNSPECIFIED.);
#254=B_SPLINE_CURVE_WITH_KNOTS('',2,(#14161,#14162,#14163),
 .UNSPECIFIED.,.F.,.F.,(3,3),(0.,1.),.UNSPECIFIED.);
#255=B_SPLINE_CURVE_WITH_KNOTS('',2,(#14176,#14177,#14178),
 .UNSPECIFIED.,.F.,.F.,(3,3),(0.,1.),.UNSPECIFIED.);
#256=B_SPLINE_CURVE_WITH_KNOTS('',2,(#14216,#14217,#14218),
 .UNSPECIFIED.,.F.,.F.,(3,3),(0.,1.),.UNSPECIFIED.);
#257=B_SPLINE_CURVE_WITH_KNOTS('',2,(#14227,#14228,#14229),
 .UNSPECIFIED.,.F.,.F.,(3,3),(0.,1.),.UNSPECIFIED.);
#258=B_SPLINE_CURVE_WITH_KNOTS('',2,(#14238,#14239,#14240),
 .UNSPECIFIED.,.F.,.F.,(3,3),(0.,1.),.UNSPECIFIED.);
#259=B_SPLINE_CURVE_WITH_KNOTS('',2,(#14249,#14250,#14251),
 .UNSPECIFIED.,.F.,.F.,(3,3),(0.,1.),.UNSPECIFIED.);
#260=B_SPLINE_CURVE_WITH_KNOTS('',2,(#14260,#14261,#14262),
 .UNSPECIFIED.,.F.,.F.,(3,3),(0.,1.),.UNSPECIFIED.);
#261=B_SPLINE_CURVE_WITH_KNOTS('',2,(#14279,#14280,#14281),
 .UNSPECIFIED.,.F.,.F.,(3,3),(0.,1.),.UNSPECIFIED.);
#262=B_SPLINE_CURVE_WITH_KNOTS('',2,(#14290,#14291,#14292),
 .UNSPECIFIED.,.F.,.F.,(3,3),(0.,1.),.UNSPECIFIED.);
#263=B_SPLINE_CURVE_WITH_KNOTS('',2,(#14301,#14302,#14303),
 .UNSPECIFIED.,.F.,.F.,(3,3),(0.,1.),.UNSPECIFIED.);
#264=B_SPLINE_CURVE_WITH_KNOTS('',2,(#14389,#14390,#14391),
 .UNSPECIFIED.,.F.,.F.,(3,3),(0.,1.),.UNSPECIFIED.);
#265=B_SPLINE_CURVE_WITH_KNOTS('',2,(#14404,#14405,#14406),
 .UNSPECIFIED.,.F.,.F.,(3,3),(0.,1.),.UNSPECIFIED.);
#266=B_SPLINE_CURVE_WITH_KNOTS('',2,(#14419,#14420,#14421),
 .UNSPECIFIED.,.F.,.F.,(3,3),(0.,1.),.UNSPECIFIED.);
#267=B_SPLINE_CURVE_WITH_KNOTS('',2,(#14448,#14449,#14450),
 .UNSPECIFIED.,.F.,.F.,(3,3),(0.,1.),.UNSPECIFIED.);
#268=B_SPLINE_CURVE_WITH_KNOTS('',2,(#14506,#14507,#14508),
 .UNSPECIFIED.,.F.,.F.,(3,3),(0.,1.),.UNSPECIFIED.);
#269=B_SPLINE_CURVE_WITH_KNOTS('',2,(#14521,#14522,#14523),
 .UNSPECIFIED.,.F.,.F.,(3,3),(0.,1.),.UNSPECIFIED.);
#270=B_SPLINE_CURVE_WITH_KNOTS('',2,(#14536,#14537,#14538),
 .UNSPECIFIED.,.F.,.F.,(3,3),(0.,1.),.UNSPECIFIED.);
#271=B_SPLINE_CURVE_WITH_KNOTS('',2,(#14551,#14552,#14553),
 .UNSPECIFIED.,.F.,.F.,(3,3),(0.,1.),.UNSPECIFIED.);
#272=B_SPLINE_CURVE_WITH_KNOTS('',2,(#14668,#14669,#14670),
 .UNSPECIFIED.,.F.,.F.,(3,3),(0.,1.),.UNSPECIFIED.);
#273=B_SPLINE_CURVE_WITH_KNOTS('',2,(#14683,#14684,#14685),
 .UNSPECIFIED.,.F.,.F.,(3,3),(0.,1.),.UNSPECIFIED.);
#274=B_SPLINE_CURVE_WITH_KNOTS('',2,(#14698,#14699,#14700),
 .UNSPECIFIED.,.F.,.F.,(3,3),(0.,1.),.UNSPECIFIED.);
#275=B_SPLINE_CURVE_WITH_KNOTS('',2,(#14713,#14714,#14715),
 .UNSPECIFIED.,.F.,.F.,(3,3),(0.,1.),.UNSPECIFIED.);
#276=B_SPLINE_CURVE_WITH_KNOTS('',2,(#14728,#14729,#14730),
 .UNSPECIFIED.,.F.,.F.,(3,3),(0.,1.),.UNSPECIFIED.);
#277=B_SPLINE_CURVE_WITH_KNOTS('',2,(#14812,#14813,#14814),
 .UNSPECIFIED.,.F.,.F.,(3,3),(0.,1.),.UNSPECIFIED.);
#278=B_SPLINE_CURVE_WITH_KNOTS('',2,(#14827,#14828,#14829),
 .UNSPECIFIED.,.F.,.F.,(3,3),(0.,1.),.UNSPECIFIED.);
#279=B_SPLINE_CURVE_WITH_KNOTS('',2,(#14842,#14843,#14844),
 .UNSPECIFIED.,.F.,.F.,(3,3),(0.,1.),.UNSPECIFIED.);
#280=B_SPLINE_CURVE_WITH_KNOTS('',2,(#14857,#14858,#14859),
 .UNSPECIFIED.,.F.,.F.,(3,3),(0.,1.),.UNSPECIFIED.);
#281=FACE_BOUND('',#997,.T.);
#282=FACE_BOUND('',#998,.T.);
#283=FACE_BOUND('',#999,.T.);
#284=FACE_BOUND('',#1000,.T.);
#285=FACE_BOUND('',#1001,.T.);
#286=FACE_BOUND('',#1002,.T.);
#287=FACE_BOUND('',#1003,.T.);
#288=FACE_BOUND('',#1004,.T.);
#289=FACE_BOUND('',#1005,.T.);
#290=FACE_BOUND('',#1006,.T.);
#291=FACE_BOUND('',#1007,.T.);
#292=FACE_BOUND('',#1008,.T.);
#293=FACE_BOUND('',#1009,.T.);
#294=FACE_BOUND('',#1010,.T.);
#295=FACE_BOUND('',#1011,.T.);
#296=FACE_BOUND('',#1012,.T.);
#297=FACE_BOUND('',#1013,.T.);
#298=FACE_BOUND('',#1014,.T.);
#299=FACE_BOUND('',#1015,.T.);
#300=FACE_BOUND('',#1016,.T.);
#301=FACE_BOUND('',#1017,.T.);
#302=FACE_BOUND('',#1018,.T.);
#303=FACE_BOUND('',#1019,.T.);
#304=FACE_BOUND('',#1020,.T.);
#305=FACE_BOUND('',#1021,.T.);
#306=FACE_BOUND('',#1022,.T.);
#307=FACE_BOUND('',#1023,.T.);
#308=FACE_BOUND('',#1024,.T.);
#309=FACE_BOUND('',#1025,.T.);
#310=FACE_BOUND('',#1026,.T.);
#311=FACE_BOUND('',#1027,.T.);
#312=FACE_BOUND('',#1028,.T.);
#313=FACE_BOUND('',#1029,.T.);
#314=FACE_BOUND('',#1030,.T.);
#315=FACE_BOUND('',#1033,.T.);
#316=FACE_BOUND('',#1034,.T.);
#317=FACE_BOUND('',#1035,.T.);
#318=FACE_BOUND('',#1036,.T.);
#319=FACE_BOUND('',#1037,.T.);
#320=FACE_BOUND('',#1038,.T.);
#321=FACE_BOUND('',#1039,.T.);
#322=FACE_BOUND('',#1040,.T.);
#323=FACE_BOUND('',#1041,.T.);
#324=FACE_BOUND('',#1042,.T.);
#325=FACE_BOUND('',#1043,.T.);
#326=FACE_BOUND('',#1044,.T.);
#327=FACE_BOUND('',#1045,.T.);
#328=FACE_BOUND('',#1046,.T.);
#329=FACE_BOUND('',#1047,.T.);
#330=FACE_BOUND('',#1048,.T.);
#331=FACE_BOUND('',#1049,.T.);
#332=FACE_BOUND('',#1050,.T.);
#333=FACE_BOUND('',#1058,.T.);
#334=FACE_BOUND('',#1061,.T.);
#335=FACE_BOUND('',#1063,.T.);
#336=FACE_BOUND('',#1067,.T.);
#337=FACE_BOUND('',#1087,.T.);
#338=FACE_BOUND('',#1129,.T.);
#339=FACE_BOUND('',#1149,.T.);
#340=FACE_BOUND('',#1208,.T.);
#341=FACE_BOUND('',#1228,.T.);
#342=FACE_BOUND('',#1270,.T.);
#343=FACE_BOUND('',#1292,.T.);
#344=FACE_BOUND('',#1353,.T.);
#345=FACE_BOUND('',#1522,.T.);
#346=CIRCLE('',#9204,5.99999967883398);
#347=CIRCLE('',#9205,6.99999999999986);
#348=CIRCLE('',#9206,3.99999999999988);
#349=CIRCLE('',#9207,4.);
#350=CIRCLE('',#9208,6.00008282394099);
#351=CIRCLE('',#9209,5.99999212564783);
#352=CIRCLE('',#9210,7.);
#353=CIRCLE('',#9211,6.00000760479894);
#354=CIRCLE('',#9212,4.0000076047988);
#355=CIRCLE('',#9213,0.499999999999998);
#356=CIRCLE('',#9214,0.499999999999998);
#357=CIRCLE('',#9215,0.499999999999998);
#358=CIRCLE('',#9216,0.499999999999998);
#359=CIRCLE('',#9217,0.499999999999998);
#360=CIRCLE('',#9218,0.500000000000003);
#361=CIRCLE('',#9219,0.499999999999998);
#362=CIRCLE('',#9220,0.499999999999998);
#363=CIRCLE('',#9221,0.499999999999998);
#364=CIRCLE('',#9222,0.500000000000003);
#365=CIRCLE('',#9223,0.499999999999998);
#366=CIRCLE('',#9224,0.499999999999998);
#367=CIRCLE('',#9225,1.6);
#368=CIRCLE('',#9226,1.6);
#369=CIRCLE('',#9227,0.500000000000003);
#370=CIRCLE('',#9228,0.499999999999998);
#371=CIRCLE('',#9229,0.499999999999998);
#372=CIRCLE('',#9230,0.499999999999998);
#373=CIRCLE('',#9231,0.499999999999998);
#374=CIRCLE('',#9232,0.499999999999998);
#375=CIRCLE('',#9233,0.499999999999998);
#376=CIRCLE('',#9234,0.500000000000003);
#377=CIRCLE('',#9235,0.499999999999998);
#378=CIRCLE('',#9236,0.499999999999998);
#379=CIRCLE('',#9237,0.499999999999998);
#380=CIRCLE('',#9238,0.500000000000003);
#381=CIRCLE('',#9239,0.499999999999998);
#382=CIRCLE('',#9240,0.499999999999998);
#383=CIRCLE('',#9241,0.500000000000003);
#384=CIRCLE('',#9242,0.499999999999998);
#385=CIRCLE('',#9243,0.499999999999998);
#386=CIRCLE('',#9244,0.499999999999998);
#387=CIRCLE('',#9245,0.499999999999998);
#388=CIRCLE('',#9246,0.499999999999998);
#389=CIRCLE('',#9247,0.499999999999998);
#390=CIRCLE('',#9248,0.499999999999998);
#391=CIRCLE('',#9249,0.500000000000003);
#392=CIRCLE('',#9250,0.500000000000003);
#393=CIRCLE('',#9251,0.499999999999998);
#394=CIRCLE('',#9252,0.499999999999998);
#395=CIRCLE('',#9253,0.499999999999998);
#396=CIRCLE('',#9254,0.499999999999998);
#397=CIRCLE('',#9255,0.500000000000003);
#398=CIRCLE('',#9256,0.499999999999998);
#399=CIRCLE('',#9257,0.499999999999998);
#400=CIRCLE('',#9258,0.499999999999998);
#401=CIRCLE('',#9259,0.500000000000003);
#402=CIRCLE('',#9260,0.500000000000003);
#403=CIRCLE('',#9261,0.499999999999998);
#404=CIRCLE('',#9262,0.499999999999998);
#405=CIRCLE('',#9263,0.499999999999998);
#406=CIRCLE('',#9264,0.500000000000003);
#407=CIRCLE('',#9265,0.500000000000003);
#408=CIRCLE('',#9266,0.499999999999998);
#409=CIRCLE('',#9267,0.500000000000003);
#410=CIRCLE('',#9268,0.499999999999998);
#411=CIRCLE('',#9269,0.499999999999998);
#412=CIRCLE('',#9270,0.500000000000003);
#413=CIRCLE('',#9271,0.499999999999998);
#414=CIRCLE('',#9272,0.499999999999998);
#415=CIRCLE('',#9273,0.499999999999998);
#416=CIRCLE('',#9274,0.499999999999998);
#417=CIRCLE('',#9275,1.6);
#418=CIRCLE('',#9276,0.499999999999998);
#419=CIRCLE('',#9277,0.499999999999998);
#420=CIRCLE('',#9278,0.500000000000003);
#421=CIRCLE('',#9279,0.499999999999998);
#422=CIRCLE('',#9280,1.00000000000001);
#423=CIRCLE('',#9281,0.999999999999996);
#424=CIRCLE('',#9282,1.);
#425=CIRCLE('',#9283,1.00000000000001);
#426=CIRCLE('',#9285,4.);
#427=CIRCLE('',#9286,2.);
#428=CIRCLE('',#9287,6.);
#429=CIRCLE('',#9289,4.0000076047988);
#430=CIRCLE('',#9290,6.00000760479894);
#431=CIRCLE('',#9291,7.);
#432=CIRCLE('',#9292,5.99999212564783);
#433=CIRCLE('',#9293,6.00008282394099);
#434=CIRCLE('',#9294,4.);
#435=CIRCLE('',#9295,3.99999999999988);
#436=CIRCLE('',#9296,6.25);
#437=CIRCLE('',#9297,0.999999999999996);
#438=CIRCLE('',#9298,1.00000000000001);
#439=CIRCLE('',#9299,1.00000000000001);
#440=CIRCLE('',#9300,1.);
#441=CIRCLE('',#9301,6.25);
#442=CIRCLE('',#9302,6.99999999999986);
#443=CIRCLE('',#9303,5.99999967883398);
#444=CIRCLE('',#9304,6.);
#445=CIRCLE('',#9305,0.499999999999998);
#446=CIRCLE('',#9306,0.499999999999998);
#447=CIRCLE('',#9307,0.500000000000003);
#448=CIRCLE('',#9308,0.499999999999998);
#449=CIRCLE('',#9309,0.499999999999998);
#450=CIRCLE('',#9310,0.499999999999998);
#451=CIRCLE('',#9311,0.499999999999998);
#452=CIRCLE('',#9312,0.499999999999998);
#453=CIRCLE('',#9313,0.500000000000003);
#454=CIRCLE('',#9314,0.500000000000003);
#455=CIRCLE('',#9315,0.499999999999998);
#456=CIRCLE('',#9316,0.499999999999998);
#457=CIRCLE('',#9317,0.499999999999998);
#458=CIRCLE('',#9318,0.499999999999998);
#459=CIRCLE('',#9319,0.500000000000003);
#460=CIRCLE('',#9320,0.500000000000003);
#461=CIRCLE('',#9321,0.500000000000003);
#462=CIRCLE('',#9322,0.499999999999998);
#463=CIRCLE('',#9323,0.499999999999998);
#464=CIRCLE('',#9324,0.500000000000003);
#465=CIRCLE('',#9325,0.500000000000003);
#466=CIRCLE('',#9326,0.499999999999998);
#467=CIRCLE('',#9327,0.499999999999998);
#468=CIRCLE('',#9328,0.499999999999998);
#469=CIRCLE('',#9329,0.499999999999998);
#470=CIRCLE('',#9330,0.499999999999998);
#471=CIRCLE('',#9331,0.499999999999998);
#472=CIRCLE('',#9332,0.499999999999998);
#473=CIRCLE('',#9333,0.499999999999998);
#474=CIRCLE('',#9334,0.500000000000003);
#475=CIRCLE('',#9335,0.500000000000003);
#476=CIRCLE('',#9336,0.499999999999998);
#477=CIRCLE('',#9337,0.499999999999998);
#478=CIRCLE('',#9338,0.499999999999998);
#479=CIRCLE('',#9339,0.499999999999998);
#480=CIRCLE('',#9340,0.499999999999998);
#481=CIRCLE('',#9341,0.499999999999998);
#482=CIRCLE('',#9342,0.499999999999998);
#483=CIRCLE('',#9343,0.500000000000003);
#484=CIRCLE('',#9344,0.499999999999998);
#485=CIRCLE('',#9345,0.499999999999998);
#486=CIRCLE('',#9346,0.500000000000003);
#487=CIRCLE('',#9347,0.499999999999998);
#488=CIRCLE('',#9348,0.499999999999998);
#489=CIRCLE('',#9349,0.499999999999998);
#490=CIRCLE('',#9350,0.500000000000003);
#491=CIRCLE('',#9351,0.499999999999998);
#492=CIRCLE('',#9352,0.499999999999998);
#493=CIRCLE('',#9353,0.500000000000003);
#494=CIRCLE('',#9354,0.499999999999998);
#495=CIRCLE('',#9355,0.499999999999998);
#496=CIRCLE('',#9356,0.499999999999998);
#497=CIRCLE('',#9357,0.499999999999998);
#498=CIRCLE('',#9358,0.499999999999998);
#499=CIRCLE('',#9359,0.499999999999998);
#500=CIRCLE('',#9360,0.500000000000003);
#501=CIRCLE('',#9361,0.499999999999998);
#502=CIRCLE('',#9362,0.499999999999998);
#503=CIRCLE('',#9363,0.499999999999998);
#504=CIRCLE('',#9364,0.500000000000003);
#505=CIRCLE('',#9365,0.499999999999998);
#506=CIRCLE('',#9366,0.499999999999998);
#507=CIRCLE('',#9367,0.499999999999998);
#508=CIRCLE('',#9368,0.499999999999998);
#509=CIRCLE('',#9370,4.);
#510=CIRCLE('',#9372,4.);
#511=CIRCLE('',#9373,2.);
#512=CIRCLE('',#9375,4.);
#513=CIRCLE('',#9377,4.25);
#514=CIRCLE('',#9379,4.25);
#515=CIRCLE('',#9381,2.);
#516=CIRCLE('',#9382,2.);
#517=CIRCLE('',#9385,2.);
#518=CIRCLE('',#9386,2.);
#519=CIRCLE('',#9389,1.6);
#520=CIRCLE('',#9391,2.25);
#521=CIRCLE('',#9392,2.25);
#522=CIRCLE('',#9395,1.6);
#523=CIRCLE('',#9649,1.6);
#524=FACE_OUTER_BOUND('',#991,.T.);
#525=FACE_OUTER_BOUND('',#992,.T.);
#526=FACE_OUTER_BOUND('',#993,.T.);
#527=FACE_OUTER_BOUND('',#994,.T.);
#528=FACE_OUTER_BOUND('',#995,.T.);
#529=FACE_OUTER_BOUND('',#996,.T.);
#530=FACE_OUTER_BOUND('',#1031,.T.);
#531=FACE_OUTER_BOUND('',#1032,.T.);
#532=FACE_OUTER_BOUND('',#1051,.T.);
#533=FACE_OUTER_BOUND('',#1052,.T.);
#534=FACE_OUTER_BOUND('',#1053,.T.);
#535=FACE_OUTER_BOUND('',#1054,.T.);
#536=FACE_OUTER_BOUND('',#1055,.T.);
#537=FACE_OUTER_BOUND('',#1056,.T.);
#538=FACE_OUTER_BOUND('',#1057,.T.);
#539=FACE_OUTER_BOUND('',#1059,.T.);
#540=FACE_OUTER_BOUND('',#1060,.T.);
#541=FACE_OUTER_BOUND('',#1062,.T.);
#542=FACE_OUTER_BOUND('',#1064,.T.);
#543=FACE_OUTER_BOUND('',#1065,.T.);
#544=FACE_OUTER_BOUND('',#1066,.T.);
#545=FACE_OUTER_BOUND('',#1068,.T.);
#546=FACE_OUTER_BOUND('',#1069,.T.);
#547=FACE_OUTER_BOUND('',#1070,.T.);
#548=FACE_OUTER_BOUND('',#1071,.T.);
#549=FACE_OUTER_BOUND('',#1072,.T.);
#550=FACE_OUTER_BOUND('',#1073,.T.);
#551=FACE_OUTER_BOUND('',#1074,.T.);
#552=FACE_OUTER_BOUND('',#1075,.T.);
#553=FACE_OUTER_BOUND('',#1076,.T.);
#554=FACE_OUTER_BOUND('',#1077,.T.);
#555=FACE_OUTER_BOUND('',#1078,.T.);
#556=FACE_OUTER_BOUND('',#1079,.T.);
#557=FACE_OUTER_BOUND('',#1080,.T.);
#558=FACE_OUTER_BOUND('',#1081,.T.);
#559=FACE_OUTER_BOUND('',#1082,.T.);
#560=FACE_OUTER_BOUND('',#1083,.T.);
#561=FACE_OUTER_BOUND('',#1084,.T.);
#562=FACE_OUTER_BOUND('',#1085,.T.);
#563=FACE_OUTER_BOUND('',#1086,.T.);
#564=FACE_OUTER_BOUND('',#1088,.T.);
#565=FACE_OUTER_BOUND('',#1089,.T.);
#566=FACE_OUTER_BOUND('',#1090,.T.);
#567=FACE_OUTER_BOUND('',#1091,.T.);
#568=FACE_OUTER_BOUND('',#1092,.T.);
#569=FACE_OUTER_BOUND('',#1093,.T.);
#570=FACE_OUTER_BOUND('',#1094,.T.);
#571=FACE_OUTER_BOUND('',#1095,.T.);
#572=FACE_OUTER_BOUND('',#1096,.T.);
#573=FACE_OUTER_BOUND('',#1097,.T.);
#574=FACE_OUTER_BOUND('',#1098,.T.);
#575=FACE_OUTER_BOUND('',#1099,.T.);
#576=FACE_OUTER_BOUND('',#1100,.T.);
#577=FACE_OUTER_BOUND('',#1101,.T.);
#578=FACE_OUTER_BOUND('',#1102,.T.);
#579=FACE_OUTER_BOUND('',#1103,.T.);
#580=FACE_OUTER_BOUND('',#1104,.T.);
#581=FACE_OUTER_BOUND('',#1105,.T.);
#582=FACE_OUTER_BOUND('',#1106,.T.);
#583=FACE_OUTER_BOUND('',#1107,.T.);
#584=FACE_OUTER_BOUND('',#1108,.T.);
#585=FACE_OUTER_BOUND('',#1109,.T.);
#586=FACE_OUTER_BOUND('',#1110,.T.);
#587=FACE_OUTER_BOUND('',#1111,.T.);
#588=FACE_OUTER_BOUND('',#1112,.T.);
#589=FACE_OUTER_BOUND('',#1113,.T.);
#590=FACE_OUTER_BOUND('',#1114,.T.);
#591=FACE_OUTER_BOUND('',#1115,.T.);
#592=FACE_OUTER_BOUND('',#1116,.T.);
#593=FACE_OUTER_BOUND('',#1117,.T.);
#594=FACE_OUTER_BOUND('',#1118,.T.);
#595=FACE_OUTER_BOUND('',#1119,.T.);
#596=FACE_OUTER_BOUND('',#1120,.T.);
#597=FACE_OUTER_BOUND('',#1121,.T.);
#598=FACE_OUTER_BOUND('',#1122,.T.);
#599=FACE_OUTER_BOUND('',#1123,.T.);
#600=FACE_OUTER_BOUND('',#1124,.T.);
#601=FACE_OUTER_BOUND('',#1125,.T.);
#602=FACE_OUTER_BOUND('',#1126,.T.);
#603=FACE_OUTER_BOUND('',#1127,.T.);
#604=FACE_OUTER_BOUND('',#1128,.T.);
#605=FACE_OUTER_BOUND('',#1130,.T.);
#606=FACE_OUTER_BOUND('',#1131,.T.);
#607=FACE_OUTER_BOUND('',#1132,.T.);
#608=FACE_OUTER_BOUND('',#1133,.T.);
#609=FACE_OUTER_BOUND('',#1134,.T.);
#610=FACE_OUTER_BOUND('',#1135,.T.);
#611=FACE_OUTER_BOUND('',#1136,.T.);
#612=FACE_OUTER_BOUND('',#1137,.T.);
#613=FACE_OUTER_BOUND('',#1138,.T.);
#614=FACE_OUTER_BOUND('',#1139,.T.);
#615=FACE_OUTER_BOUND('',#1140,.T.);
#616=FACE_OUTER_BOUND('',#1141,.T.);
#617=FACE_OUTER_BOUND('',#1142,.T.);
#618=FACE_OUTER_BOUND('',#1143,.T.);
#619=FACE_OUTER_BOUND('',#1144,.T.);
#620=FACE_OUTER_BOUND('',#1145,.T.);
#621=FACE_OUTER_BOUND('',#1146,.T.);
#622=FACE_OUTER_BOUND('',#1147,.T.);
#623=FACE_OUTER_BOUND('',#1148,.T.);
#624=FACE_OUTER_BOUND('',#1150,.T.);
#625=FACE_OUTER_BOUND('',#1151,.T.);
#626=FACE_OUTER_BOUND('',#1152,.T.);
#627=FACE_OUTER_BOUND('',#1153,.T.);
#628=FACE_OUTER_BOUND('',#1154,.T.);
#629=FACE_OUTER_BOUND('',#1155,.T.);
#630=FACE_OUTER_BOUND('',#1156,.T.);
#631=FACE_OUTER_BOUND('',#1157,.T.);
#632=FACE_OUTER_BOUND('',#1158,.T.);
#633=FACE_OUTER_BOUND('',#1159,.T.);
#634=FACE_OUTER_BOUND('',#1160,.T.);
#635=FACE_OUTER_BOUND('',#1161,.T.);
#636=FACE_OUTER_BOUND('',#1162,.T.);
#637=FACE_OUTER_BOUND('',#1163,.T.);
#638=FACE_OUTER_BOUND('',#1164,.T.);
#639=FACE_OUTER_BOUND('',#1165,.T.);
#640=FACE_OUTER_BOUND('',#1166,.T.);
#641=FACE_OUTER_BOUND('',#1167,.T.);
#642=FACE_OUTER_BOUND('',#1168,.T.);
#643=FACE_OUTER_BOUND('',#1169,.T.);
#644=FACE_OUTER_BOUND('',#1170,.T.);
#645=FACE_OUTER_BOUND('',#1171,.T.);
#646=FACE_OUTER_BOUND('',#1172,.T.);
#647=FACE_OUTER_BOUND('',#1173,.T.);
#648=FACE_OUTER_BOUND('',#1174,.T.);
#649=FACE_OUTER_BOUND('',#1175,.T.);
#650=FACE_OUTER_BOUND('',#1176,.T.);
#651=FACE_OUTER_BOUND('',#1177,.T.);
#652=FACE_OUTER_BOUND('',#1178,.T.);
#653=FACE_OUTER_BOUND('',#1179,.T.);
#654=FACE_OUTER_BOUND('',#1180,.T.);
#655=FACE_OUTER_BOUND('',#1181,.T.);
#656=FACE_OUTER_BOUND('',#1182,.T.);
#657=FACE_OUTER_BOUND('',#1183,.T.);
#658=FACE_OUTER_BOUND('',#1184,.T.);
#659=FACE_OUTER_BOUND('',#1185,.T.);
#660=FACE_OUTER_BOUND('',#1186,.T.);
#661=FACE_OUTER_BOUND('',#1187,.T.);
#662=FACE_OUTER_BOUND('',#1188,.T.);
#663=FACE_OUTER_BOUND('',#1189,.T.);
#664=FACE_OUTER_BOUND('',#1190,.T.);
#665=FACE_OUTER_BOUND('',#1191,.T.);
#666=FACE_OUTER_BOUND('',#1192,.T.);
#667=FACE_OUTER_BOUND('',#1193,.T.);
#668=FACE_OUTER_BOUND('',#1194,.T.);
#669=FACE_OUTER_BOUND('',#1195,.T.);
#670=FACE_OUTER_BOUND('',#1196,.T.);
#671=FACE_OUTER_BOUND('',#1197,.T.);
#672=FACE_OUTER_BOUND('',#1198,.T.);
#673=FACE_OUTER_BOUND('',#1199,.T.);
#674=FACE_OUTER_BOUND('',#1200,.T.);
#675=FACE_OUTER_BOUND('',#1201,.T.);
#676=FACE_OUTER_BOUND('',#1202,.T.);
#677=FACE_OUTER_BOUND('',#1203,.T.);
#678=FACE_OUTER_BOUND('',#1204,.T.);
#679=FACE_OUTER_BOUND('',#1205,.T.);
#680=FACE_OUTER_BOUND('',#1206,.T.);
#681=FACE_OUTER_BOUND('',#1207,.T.);
#682=FACE_OUTER_BOUND('',#1209,.T.);
#683=FACE_OUTER_BOUND('',#1210,.T.);
#684=FACE_OUTER_BOUND('',#1211,.T.);
#685=FACE_OUTER_BOUND('',#1212,.T.);
#686=FACE_OUTER_BOUND('',#1213,.T.);
#687=FACE_OUTER_BOUND('',#1214,.T.);
#688=FACE_OUTER_BOUND('',#1215,.T.);
#689=FACE_OUTER_BOUND('',#1216,.T.);
#690=FACE_OUTER_BOUND('',#1217,.T.);
#691=FACE_OUTER_BOUND('',#1218,.T.);
#692=FACE_OUTER_BOUND('',#1219,.T.);
#693=FACE_OUTER_BOUND('',#1220,.T.);
#694=FACE_OUTER_BOUND('',#1221,.T.);
#695=FACE_OUTER_BOUND('',#1222,.T.);
#696=FACE_OUTER_BOUND('',#1223,.T.);
#697=FACE_OUTER_BOUND('',#1224,.T.);
#698=FACE_OUTER_BOUND('',#1225,.T.);
#699=FACE_OUTER_BOUND('',#1226,.T.);
#700=FACE_OUTER_BOUND('',#1227,.T.);
#701=FACE_OUTER_BOUND('',#1229,.T.);
#702=FACE_OUTER_BOUND('',#1230,.T.);
#703=FACE_OUTER_BOUND('',#1231,.T.);
#704=FACE_OUTER_BOUND('',#1232,.T.);
#705=FACE_OUTER_BOUND('',#1233,.T.);
#706=FACE_OUTER_BOUND('',#1234,.T.);
#707=FACE_OUTER_BOUND('',#1235,.T.);
#708=FACE_OUTER_BOUND('',#1236,.T.);
#709=FACE_OUTER_BOUND('',#1237,.T.);
#710=FACE_OUTER_BOUND('',#1238,.T.);
#711=FACE_OUTER_BOUND('',#1239,.T.);
#712=FACE_OUTER_BOUND('',#1240,.T.);
#713=FACE_OUTER_BOUND('',#1241,.T.);
#714=FACE_OUTER_BOUND('',#1242,.T.);
#715=FACE_OUTER_BOUND('',#1243,.T.);
#716=FACE_OUTER_BOUND('',#1244,.T.);
#717=FACE_OUTER_BOUND('',#1245,.T.);
#718=FACE_OUTER_BOUND('',#1246,.T.);
#719=FACE_OUTER_BOUND('',#1247,.T.);
#720=FACE_OUTER_BOUND('',#1248,.T.);
#721=FACE_OUTER_BOUND('',#1249,.T.);
#722=FACE_OUTER_BOUND('',#1250,.T.);
#723=FACE_OUTER_BOUND('',#1251,.T.);
#724=FACE_OUTER_BOUND('',#1252,.T.);
#725=FACE_OUTER_BOUND('',#1253,.T.);
#726=FACE_OUTER_BOUND('',#1254,.T.);
#727=FACE_OUTER_BOUND('',#1255,.T.);
#728=FACE_OUTER_BOUND('',#1256,.T.);
#729=FACE_OUTER_BOUND('',#1257,.T.);
#730=FACE_OUTER_BOUND('',#1258,.T.);
#731=FACE_OUTER_BOUND('',#1259,.T.);
#732=FACE_OUTER_BOUND('',#1260,.T.);
#733=FACE_OUTER_BOUND('',#1261,.T.);
#734=FACE_OUTER_BOUND('',#1262,.T.);
#735=FACE_OUTER_BOUND('',#1263,.T.);
#736=FACE_OUTER_BOUND('',#1264,.T.);
#737=FACE_OUTER_BOUND('',#1265,.T.);
#738=FACE_OUTER_BOUND('',#1266,.T.);
#739=FACE_OUTER_BOUND('',#1267,.T.);
#740=FACE_OUTER_BOUND('',#1268,.T.);
#741=FACE_OUTER_BOUND('',#1269,.T.);
#742=FACE_OUTER_BOUND('',#1271,.T.);
#743=FACE_OUTER_BOUND('',#1272,.T.);
#744=FACE_OUTER_BOUND('',#1273,.T.);
#745=FACE_OUTER_BOUND('',#1274,.T.);
#746=FACE_OUTER_BOUND('',#1275,.T.);
#747=FACE_OUTER_BOUND('',#1276,.T.);
#748=FACE_OUTER_BOUND('',#1277,.T.);
#749=FACE_OUTER_BOUND('',#1278,.T.);
#750=FACE_OUTER_BOUND('',#1279,.T.);
#751=FACE_OUTER_BOUND('',#1280,.T.);
#752=FACE_OUTER_BOUND('',#1281,.T.);
#753=FACE_OUTER_BOUND('',#1282,.T.);
#754=FACE_OUTER_BOUND('',#1283,.T.);
#755=FACE_OUTER_BOUND('',#1284,.T.);
#756=FACE_OUTER_BOUND('',#1285,.T.);
#757=FACE_OUTER_BOUND('',#1286,.T.);
#758=FACE_OUTER_BOUND('',#1287,.T.);
#759=FACE_OUTER_BOUND('',#1288,.T.);
#760=FACE_OUTER_BOUND('',#1289,.T.);
#761=FACE_OUTER_BOUND('',#1290,.T.);
#762=FACE_OUTER_BOUND('',#1291,.T.);
#763=FACE_OUTER_BOUND('',#1293,.T.);
#764=FACE_OUTER_BOUND('',#1294,.T.);
#765=FACE_OUTER_BOUND('',#1295,.T.);
#766=FACE_OUTER_BOUND('',#1296,.T.);
#767=FACE_OUTER_BOUND('',#1297,.T.);
#768=FACE_OUTER_BOUND('',#1298,.T.);
#769=FACE_OUTER_BOUND('',#1299,.T.);
#770=FACE_OUTER_BOUND('',#1300,.T.);
#771=FACE_OUTER_BOUND('',#1301,.T.);
#772=FACE_OUTER_BOUND('',#1302,.T.);
#773=FACE_OUTER_BOUND('',#1303,.T.);
#774=FACE_OUTER_BOUND('',#1304,.T.);
#775=FACE_OUTER_BOUND('',#1305,.T.);
#776=FACE_OUTER_BOUND('',#1306,.T.);
#777=FACE_OUTER_BOUND('',#1307,.T.);
#778=FACE_OUTER_BOUND('',#1308,.T.);
#779=FACE_OUTER_BOUND('',#1309,.T.);
#780=FACE_OUTER_BOUND('',#1310,.T.);
#781=FACE_OUTER_BOUND('',#1311,.T.);
#782=FACE_OUTER_BOUND('',#1312,.T.);
#783=FACE_OUTER_BOUND('',#1313,.T.);
#784=FACE_OUTER_BOUND('',#1314,.T.);
#785=FACE_OUTER_BOUND('',#1315,.T.);
#786=FACE_OUTER_BOUND('',#1316,.T.);
#787=FACE_OUTER_BOUND('',#1317,.T.);
#788=FACE_OUTER_BOUND('',#1318,.T.);
#789=FACE_OUTER_BOUND('',#1319,.T.);
#790=FACE_OUTER_BOUND('',#1320,.T.);
#791=FACE_OUTER_BOUND('',#1321,.T.);
#792=FACE_OUTER_BOUND('',#1322,.T.);
#793=FACE_OUTER_BOUND('',#1323,.T.);
#794=FACE_OUTER_BOUND('',#1324,.T.);
#795=FACE_OUTER_BOUND('',#1325,.T.);
#796=FACE_OUTER_BOUND('',#1326,.T.);
#797=FACE_OUTER_BOUND('',#1327,.T.);
#798=FACE_OUTER_BOUND('',#1328,.T.);
#799=FACE_OUTER_BOUND('',#1329,.T.);
#800=FACE_OUTER_BOUND('',#1330,.T.);
#801=FACE_OUTER_BOUND('',#1331,.T.);
#802=FACE_OUTER_BOUND('',#1332,.T.);
#803=FACE_OUTER_BOUND('',#1333,.T.);
#804=FACE_OUTER_BOUND('',#1334,.T.);
#805=FACE_OUTER_BOUND('',#1335,.T.);
#806=FACE_OUTER_BOUND('',#1336,.T.);
#807=FACE_OUTER_BOUND('',#1337,.T.);
#808=FACE_OUTER_BOUND('',#1338,.T.);
#809=FACE_OUTER_BOUND('',#1339,.T.);
#810=FACE_OUTER_BOUND('',#1340,.T.);
#811=FACE_OUTER_BOUND('',#1341,.T.);
#812=FACE_OUTER_BOUND('',#1342,.T.);
#813=FACE_OUTER_BOUND('',#1343,.T.);
#814=FACE_OUTER_BOUND('',#1344,.T.);
#815=FACE_OUTER_BOUND('',#1345,.T.);
#816=FACE_OUTER_BOUND('',#1346,.T.);
#817=FACE_OUTER_BOUND('',#1347,.T.);
#818=FACE_OUTER_BOUND('',#1348,.T.);
#819=FACE_OUTER_BOUND('',#1349,.T.);
#820=FACE_OUTER_BOUND('',#1350,.T.);
#821=FACE_OUTER_BOUND('',#1351,.T.);
#822=FACE_OUTER_BOUND('',#1352,.T.);
#823=FACE_OUTER_BOUND('',#1354,.T.);
#824=FACE_OUTER_BOUND('',#1355,.T.);
#825=FACE_OUTER_BOUND('',#1356,.T.);
#826=FACE_OUTER_BOUND('',#1357,.T.);
#827=FACE_OUTER_BOUND('',#1358,.T.);
#828=FACE_OUTER_BOUND('',#1359,.T.);
#829=FACE_OUTER_BOUND('',#1360,.T.);
#830=FACE_OUTER_BOUND('',#1361,.T.);
#831=FACE_OUTER_BOUND('',#1362,.T.);
#832=FACE_OUTER_BOUND('',#1363,.T.);
#833=FACE_OUTER_BOUND('',#1364,.T.);
#834=FACE_OUTER_BOUND('',#1365,.T.);
#835=FACE_OUTER_BOUND('',#1366,.T.);
#836=FACE_OUTER_BOUND('',#1367,.T.);
#837=FACE_OUTER_BOUND('',#1368,.T.);
#838=FACE_OUTER_BOUND('',#1369,.T.);
#839=FACE_OUTER_BOUND('',#1370,.T.);
#840=FACE_OUTER_BOUND('',#1371,.T.);
#841=FACE_OUTER_BOUND('',#1372,.T.);
#842=FACE_OUTER_BOUND('',#1373,.T.);
#843=FACE_OUTER_BOUND('',#1374,.T.);
#844=FACE_OUTER_BOUND('',#1375,.T.);
#845=FACE_OUTER_BOUND('',#1376,.T.);
#846=FACE_OUTER_BOUND('',#1377,.T.);
#847=FACE_OUTER_BOUND('',#1378,.T.);
#848=FACE_OUTER_BOUND('',#1379,.T.);
#849=FACE_OUTER_BOUND('',#1380,.T.);
#850=FACE_OUTER_BOUND('',#1381,.T.);
#851=FACE_OUTER_BOUND('',#1382,.T.);
#852=FACE_OUTER_BOUND('',#1383,.T.);
#853=FACE_OUTER_BOUND('',#1384,.T.);
#854=FACE_OUTER_BOUND('',#1385,.T.);
#855=FACE_OUTER_BOUND('',#1386,.T.);
#856=FACE_OUTER_BOUND('',#1387,.T.);
#857=FACE_OUTER_BOUND('',#1388,.T.);
#858=FACE_OUTER_BOUND('',#1389,.T.);
#859=FACE_OUTER_BOUND('',#1390,.T.);
#860=FACE_OUTER_BOUND('',#1391,.T.);
#861=FACE_OUTER_BOUND('',#1392,.T.);
#862=FACE_OUTER_BOUND('',#1393,.T.);
#863=FACE_OUTER_BOUND('',#1394,.T.);
#864=FACE_OUTER_BOUND('',#1395,.T.);
#865=FACE_OUTER_BOUND('',#1396,.T.);
#866=FACE_OUTER_BOUND('',#1397,.T.);
#867=FACE_OUTER_BOUND('',#1398,.T.);
#868=FACE_OUTER_BOUND('',#1399,.T.);
#869=FACE_OUTER_BOUND('',#1400,.T.);
#870=FACE_OUTER_BOUND('',#1401,.T.);
#871=FACE_OUTER_BOUND('',#1402,.T.);
#872=FACE_OUTER_BOUND('',#1403,.T.);
#873=FACE_OUTER_BOUND('',#1404,.T.);
#874=FACE_OUTER_BOUND('',#1405,.T.);
#875=FACE_OUTER_BOUND('',#1406,.T.);
#876=FACE_OUTER_BOUND('',#1407,.T.);
#877=FACE_OUTER_BOUND('',#1408,.T.);
#878=FACE_OUTER_BOUND('',#1409,.T.);
#879=FACE_OUTER_BOUND('',#1410,.T.);
#880=FACE_OUTER_BOUND('',#1411,.T.);
#881=FACE_OUTER_BOUND('',#1412,.T.);
#882=FACE_OUTER_BOUND('',#1413,.T.);
#883=FACE_OUTER_BOUND('',#1414,.T.);
#884=FACE_OUTER_BOUND('',#1415,.T.);
#885=FACE_OUTER_BOUND('',#1416,.T.);
#886=FACE_OUTER_BOUND('',#1417,.T.);
#887=FACE_OUTER_BOUND('',#1418,.T.);
#888=FACE_OUTER_BOUND('',#1419,.T.);
#889=FACE_OUTER_BOUND('',#1420,.T.);
#890=FACE_OUTER_BOUND('',#1421,.T.);
#891=FACE_OUTER_BOUND('',#1422,.T.);
#892=FACE_OUTER_BOUND('',#1423,.T.);
#893=FACE_OUTER_BOUND('',#1424,.T.);
#894=FACE_OUTER_BOUND('',#1425,.T.);
#895=FACE_OUTER_BOUND('',#1426,.T.);
#896=FACE_OUTER_BOUND('',#1427,.T.);
#897=FACE_OUTER_BOUND('',#1428,.T.);
#898=FACE_OUTER_BOUND('',#1429,.T.);
#899=FACE_OUTER_BOUND('',#1430,.T.);
#900=FACE_OUTER_BOUND('',#1431,.T.);
#901=FACE_OUTER_BOUND('',#1432,.T.);
#902=FACE_OUTER_BOUND('',#1433,.T.);
#903=FACE_OUTER_BOUND('',#1434,.T.);
#904=FACE_OUTER_BOUND('',#1435,.T.);
#905=FACE_OUTER_BOUND('',#1436,.T.);
#906=FACE_OUTER_BOUND('',#1437,.T.);
#907=FACE_OUTER_BOUND('',#1438,.T.);
#908=FACE_OUTER_BOUND('',#1439,.T.);
#909=FACE_OUTER_BOUND('',#1440,.T.);
#910=FACE_OUTER_BOUND('',#1441,.T.);
#911=FACE_OUTER_BOUND('',#1442,.T.);
#912=FACE_OUTER_BOUND('',#1443,.T.);
#913=FACE_OUTER_BOUND('',#1444,.T.);
#914=FACE_OUTER_BOUND('',#1445,.T.);
#915=FACE_OUTER_BOUND('',#1446,.T.);
#916=FACE_OUTER_BOUND('',#1447,.T.);
#917=FACE_OUTER_BOUND('',#1448,.T.);
#918=FACE_OUTER_BOUND('',#1449,.T.);
#919=FACE_OUTER_BOUND('',#1450,.T.);
#920=FACE_OUTER_BOUND('',#1451,.T.);
#921=FACE_OUTER_BOUND('',#1452,.T.);
#922=FACE_OUTER_BOUND('',#1453,.T.);
#923=FACE_OUTER_BOUND('',#1454,.T.);
#924=FACE_OUTER_BOUND('',#1455,.T.);
#925=FACE_OUTER_BOUND('',#1456,.T.);
#926=FACE_OUTER_BOUND('',#1457,.T.);
#927=FACE_OUTER_BOUND('',#1458,.T.);
#928=FACE_OUTER_BOUND('',#1459,.T.);
#929=FACE_OUTER_BOUND('',#1460,.T.);
#930=FACE_OUTER_BOUND('',#1461,.T.);
#931=FACE_OUTER_BOUND('',#1462,.T.);
#932=FACE_OUTER_BOUND('',#1463,.T.);
#933=FACE_OUTER_BOUND('',#1464,.T.);
#934=FACE_OUTER_BOUND('',#1465,.T.);
#935=FACE_OUTER_BOUND('',#1466,.T.);
#936=FACE_OUTER_BOUND('',#1467,.T.);
#937=FACE_OUTER_BOUND('',#1468,.T.);
#938=FACE_OUTER_BOUND('',#1469,.T.);
#939=FACE_OUTER_BOUND('',#1470,.T.);
#940=FACE_OUTER_BOUND('',#1471,.T.);
#941=FACE_OUTER_BOUND('',#1472,.T.);
#942=FACE_OUTER_BOUND('',#1473,.T.);
#943=FACE_OUTER_BOUND('',#1474,.T.);
#944=FACE_OUTER_BOUND('',#1475,.T.);
#945=FACE_OUTER_BOUND('',#1476,.T.);
#946=FACE_OUTER_BOUND('',#1477,.T.);
#947=FACE_OUTER_BOUND('',#1478,.T.);
#948=FACE_OUTER_BOUND('',#1479,.T.);
#949=FACE_OUTER_BOUND('',#1480,.T.);
#950=FACE_OUTER_BOUND('',#1481,.T.);
#951=FACE_OUTER_BOUND('',#1482,.T.);
#952=FACE_OUTER_BOUND('',#1483,.T.);
#953=FACE_OUTER_BOUND('',#1484,.T.);
#954=FACE_OUTER_BOUND('',#1485,.T.);
#955=FACE_OUTER_BOUND('',#1486,.T.);
#956=FACE_OUTER_BOUND('',#1487,.T.);
#957=FACE_OUTER_BOUND('',#1488,.T.);
#958=FACE_OUTER_BOUND('',#1489,.T.);
#959=FACE_OUTER_BOUND('',#1490,.T.);
#960=FACE_OUTER_BOUND('',#1491,.T.);
#961=FACE_OUTER_BOUND('',#1492,.T.);
#962=FACE_OUTER_BOUND('',#1493,.T.);
#963=FACE_OUTER_BOUND('',#1494,.T.);
#964=FACE_OUTER_BOUND('',#1495,.T.);
#965=FACE_OUTER_BOUND('',#1496,.T.);
#966=FACE_OUTER_BOUND('',#1497,.T.);
#967=FACE_OUTER_BOUND('',#1498,.T.);
#968=FACE_OUTER_BOUND('',#1499,.T.);
#969=FACE_OUTER_BOUND('',#1500,.T.);
#970=FACE_OUTER_BOUND('',#1501,.T.);
#971=FACE_OUTER_BOUND('',#1502,.T.);
#972=FACE_OUTER_BOUND('',#1503,.T.);
#973=FACE_OUTER_BOUND('',#1504,.T.);
#974=FACE_OUTER_BOUND('',#1505,.T.);
#975=FACE_OUTER_BOUND('',#1506,.T.);
#976=FACE_OUTER_BOUND('',#1507,.T.);
#977=FACE_OUTER_BOUND('',#1508,.T.);
#978=FACE_OUTER_BOUND('',#1509,.T.);
#979=FACE_OUTER_BOUND('',#1510,.T.);
#980=FACE_OUTER_BOUND('',#1511,.T.);
#981=FACE_OUTER_BOUND('',#1512,.T.);
#982=FACE_OUTER_BOUND('',#1513,.T.);
#983=FACE_OUTER_BOUND('',#1514,.T.);
#984=FACE_OUTER_BOUND('',#1515,.T.);
#985=FACE_OUTER_BOUND('',#1516,.T.);
#986=FACE_OUTER_BOUND('',#1517,.T.);
#987=FACE_OUTER_BOUND('',#1518,.T.);
#988=FACE_OUTER_BOUND('',#1519,.T.);
#989=FACE_OUTER_BOUND('',#1520,.T.);
#990=FACE_OUTER_BOUND('',#1521,.T.);
#991=EDGE_LOOP('',(#5761,#5762,#5763,#5764));
#992=EDGE_LOOP('',(#5765,#5766,#5767,#5768));
#993=EDGE_LOOP('',(#5769,#5770,#5771,#5772));
#994=EDGE_LOOP('',(#5773,#5774,#5775,#5776));
#995=EDGE_LOOP('',(#5777,#5778,#5779,#5780));
#996=EDGE_LOOP('',(#5781,#5782,#5783,#5784,#5785,#5786,#5787,#5788,#5789,
#5790,#5791,#5792,#5793,#5794,#5795,#5796,#5797,#5798,#5799,#5800,#5801,
#5802,#5803,#5804,#5805));
#997=EDGE_LOOP('',(#5806,#5807,#5808,#5809,#5810,#5811,#5812,#5813));
#998=EDGE_LOOP('',(#5814,#5815,#5816,#5817,#5818,#5819,#5820,#5821));
#999=EDGE_LOOP('',(#5822,#5823,#5824,#5825,#5826,#5827,#5828,#5829));
#1000=EDGE_LOOP('',(#5830));
#1001=EDGE_LOOP('',(#5831));
#1002=EDGE_LOOP('',(#5832,#5833,#5834,#5835,#5836,#5837,#5838,#5839));
#1003=EDGE_LOOP('',(#5840,#5841,#5842,#5843,#5844,#5845,#5846,#5847));
#1004=EDGE_LOOP('',(#5848,#5849,#5850,#5851,#5852,#5853,#5854,#5855));
#1005=EDGE_LOOP('',(#5856,#5857,#5858,#5859,#5860,#5861,#5862,#5863));
#1006=EDGE_LOOP('',(#5864,#5865,#5866,#5867,#5868,#5869,#5870,#5871));
#1007=EDGE_LOOP('',(#5872,#5873,#5874,#5875,#5876,#5877,#5878,#5879));
#1008=EDGE_LOOP('',(#5880,#5881,#5882,#5883,#5884,#5885,#5886,#5887));
#1009=EDGE_LOOP('',(#5888,#5889,#5890,#5891,#5892,#5893,#5894,#5895));
#1010=EDGE_LOOP('',(#5896,#5897,#5898,#5899,#5900,#5901,#5902,#5903));
#1011=EDGE_LOOP('',(#5904,#5905,#5906,#5907,#5908,#5909,#5910,#5911));
#1012=EDGE_LOOP('',(#5912,#5913,#5914,#5915,#5916,#5917,#5918,#5919));
#1013=EDGE_LOOP('',(#5920,#5921,#5922,#5923,#5924,#5925,#5926,#5927));
#1014=EDGE_LOOP('',(#5928));
#1015=EDGE_LOOP('',(#5929,#5930,#5931,#5932,#5933,#5934,#5935,#5936));
#1016=EDGE_LOOP('',(#5937,#5938,#5939,#5940,#5941,#5942,#5943,#5944));
#1017=EDGE_LOOP('',(#5945,#5946,#5947,#5948,#5949,#5950,#5951,#5952,#5953,
#5954,#5955,#5956,#5957,#5958));
#1018=EDGE_LOOP('',(#5959,#5960,#5961,#5962,#5963,#5964,#5965,#5966,#5967,
#5968,#5969,#5970,#5971,#5972,#5973,#5974,#5975,#5976,#5977,#5978,#5979,
#5980,#5981,#5982,#5983));
#1019=EDGE_LOOP('',(#5984,#5985,#5986,#5987,#5988,#5989,#5990,#5991,#5992,
#5993,#5994,#5995));
#1020=EDGE_LOOP('',(#5996,#5997,#5998,#5999,#6000,#6001,#6002,#6003,#6004,
#6005,#6006,#6007,#6008,#6009));
#1021=EDGE_LOOP('',(#6010,#6011,#6012,#6013,#6014,#6015,#6016,#6017,#6018,
#6019,#6020,#6021));
#1022=EDGE_LOOP('',(#6022,#6023,#6024,#6025,#6026,#6027,#6028,#6029,#6030,
#6031,#6032,#6033,#6034,#6035,#6036,#6037,#6038,#6039,#6040,#6041,#6042));
#1023=EDGE_LOOP('',(#6043,#6044,#6045,#6046,#6047,#6048,#6049,#6050,#6051,
#6052,#6053,#6054,#6055));
#1024=EDGE_LOOP('',(#6056,#6057,#6058,#6059,#6060,#6061,#6062,#6063,#6064,
#6065,#6066,#6067,#6068));
#1025=EDGE_LOOP('',(#6069,#6070,#6071,#6072,#6073,#6074,#6075,#6076,#6077,
#6078,#6079,#6080));
#1026=EDGE_LOOP('',(#6081,#6082,#6083,#6084,#6085,#6086,#6087,#6088,#6089,
#6090,#6091,#6092,#6093,#6094,#6095,#6096,#6097,#6098,#6099,#6100,#6101,
#6102,#6103,#6104,#6105));
#1027=EDGE_LOOP('',(#6106,#6107,#6108,#6109,#6110,#6111,#6112,#6113,#6114,
#6115,#6116,#6117,#6118));
#1028=EDGE_LOOP('',(#6119,#6120,#6121,#6122,#6123,#6124,#6125,#6126,#6127,
#6128,#6129,#6130,#6131));
#1029=EDGE_LOOP('',(#6132,#6133,#6134,#6135,#6136,#6137,#6138,#6139,#6140,
#6141,#6142,#6143,#6144,#6145,#6146,#6147,#6148,#6149,#6150,#6151,#6152));
#1030=EDGE_LOOP('',(#6153,#6154,#6155,#6156,#6157,#6158,#6159,#6160,#6161,
#6162,#6163,#6164));
#1031=EDGE_LOOP('',(#6165,#6166,#6167,#6168));
#1032=EDGE_LOOP('',(#6169,#6170,#6171,#6172,#6173,#6174,#6175,#6176,#6177,
#6178,#6179,#6180,#6181,#6182,#6183,#6184,#6185,#6186,#6187,#6188,#6189,
#6190,#6191,#6192,#6193,#6194,#6195,#6196,#6197,#6198,#6199,#6200,#6201,
#6202,#6203,#6204,#6205));
#1033=EDGE_LOOP('',(#6206));
#1034=EDGE_LOOP('',(#6207,#6208,#6209,#6210,#6211,#6212,#6213,#6214));
#1035=EDGE_LOOP('',(#6215,#6216,#6217,#6218,#6219,#6220,#6221,#6222));
#1036=EDGE_LOOP('',(#6223,#6224,#6225,#6226,#6227,#6228,#6229,#6230));
#1037=EDGE_LOOP('',(#6231,#6232,#6233,#6234,#6235,#6236,#6237,#6238));
#1038=EDGE_LOOP('',(#6239,#6240,#6241,#6242,#6243,#6244,#6245,#6246));
#1039=EDGE_LOOP('',(#6247,#6248,#6249,#6250,#6251,#6252,#6253,#6254));
#1040=EDGE_LOOP('',(#6255,#6256,#6257,#6258,#6259,#6260,#6261,#6262));
#1041=EDGE_LOOP('',(#6263,#6264,#6265,#6266,#6267,#6268,#6269,#6270));
#1042=EDGE_LOOP('',(#6271,#6272,#6273,#6274,#6275,#6276,#6277,#6278));
#1043=EDGE_LOOP('',(#6279,#6280,#6281,#6282,#6283,#6284,#6285,#6286));
#1044=EDGE_LOOP('',(#6287,#6288,#6289,#6290,#6291,#6292,#6293,#6294));
#1045=EDGE_LOOP('',(#6295,#6296,#6297,#6298,#6299,#6300,#6301,#6302));
#1046=EDGE_LOOP('',(#6303,#6304,#6305,#6306,#6307,#6308,#6309,#6310));
#1047=EDGE_LOOP('',(#6311,#6312,#6313,#6314,#6315,#6316,#6317,#6318));
#1048=EDGE_LOOP('',(#6319,#6320,#6321,#6322,#6323,#6324,#6325,#6326));
#1049=EDGE_LOOP('',(#6327,#6328,#6329,#6330,#6331,#6332,#6333,#6334));
#1050=EDGE_LOOP('',(#6335));
#1051=EDGE_LOOP('',(#6336,#6337,#6338,#6339));
#1052=EDGE_LOOP('',(#6340,#6341,#6342,#6343));
#1053=EDGE_LOOP('',(#6344,#6345,#6346,#6347));
#1054=EDGE_LOOP('',(#6348,#6349,#6350,#6351,#6352,#6353));
#1055=EDGE_LOOP('',(#6354,#6355,#6356,#6357));
#1056=EDGE_LOOP('',(#6358,#6359,#6360,#6361));
#1057=EDGE_LOOP('',(#6362));
#1058=EDGE_LOOP('',(#6363));
#1059=EDGE_LOOP('',(#6364,#6365,#6366,#6367));
#1060=EDGE_LOOP('',(#6368));
#1061=EDGE_LOOP('',(#6369));
#1062=EDGE_LOOP('',(#6370));
#1063=EDGE_LOOP('',(#6371));
#1064=EDGE_LOOP('',(#6372,#6373,#6374,#6375));
#1065=EDGE_LOOP('',(#6376,#6377,#6378,#6379));
#1066=EDGE_LOOP('',(#6380,#6381));
#1067=EDGE_LOOP('',(#6382));
#1068=EDGE_LOOP('',(#6383,#6384,#6385,#6386));
#1069=EDGE_LOOP('',(#6387,#6388,#6389,#6390));
#1070=EDGE_LOOP('',(#6391,#6392,#6393,#6394));
#1071=EDGE_LOOP('',(#6395,#6396,#6397,#6398));
#1072=EDGE_LOOP('',(#6399,#6400,#6401,#6402));
#1073=EDGE_LOOP('',(#6403,#6404,#6405,#6406));
#1074=EDGE_LOOP('',(#6407,#6408,#6409,#6410));
#1075=EDGE_LOOP('',(#6411,#6412,#6413,#6414));
#1076=EDGE_LOOP('',(#6415,#6416,#6417,#6418));
#1077=EDGE_LOOP('',(#6419,#6420,#6421,#6422));
#1078=EDGE_LOOP('',(#6423,#6424,#6425,#6426));
#1079=EDGE_LOOP('',(#6427,#6428,#6429,#6430));
#1080=EDGE_LOOP('',(#6431,#6432,#6433,#6434));
#1081=EDGE_LOOP('',(#6435,#6436,#6437,#6438));
#1082=EDGE_LOOP('',(#6439,#6440,#6441,#6442));
#1083=EDGE_LOOP('',(#6443,#6444,#6445,#6446));
#1084=EDGE_LOOP('',(#6447,#6448,#6449,#6450));
#1085=EDGE_LOOP('',(#6451,#6452,#6453,#6454));
#1086=EDGE_LOOP('',(#6455,#6456,#6457,#6458,#6459,#6460,#6461,#6462,#6463,
#6464,#6465,#6466));
#1087=EDGE_LOOP('',(#6467,#6468,#6469,#6470,#6471,#6472));
#1088=EDGE_LOOP('',(#6473,#6474,#6475,#6476));
#1089=EDGE_LOOP('',(#6477,#6478,#6479,#6480));
#1090=EDGE_LOOP('',(#6481,#6482,#6483,#6484));
#1091=EDGE_LOOP('',(#6485,#6486,#6487,#6488));
#1092=EDGE_LOOP('',(#6489,#6490,#6491,#6492));
#1093=EDGE_LOOP('',(#6493,#6494,#6495,#6496));
#1094=EDGE_LOOP('',(#6497,#6498,#6499,#6500));
#1095=EDGE_LOOP('',(#6501,#6502,#6503,#6504));
#1096=EDGE_LOOP('',(#6505,#6506,#6507,#6508));
#1097=EDGE_LOOP('',(#6509,#6510,#6511,#6512));
#1098=EDGE_LOOP('',(#6513,#6514,#6515,#6516));
#1099=EDGE_LOOP('',(#6517,#6518,#6519,#6520));
#1100=EDGE_LOOP('',(#6521,#6522,#6523,#6524));
#1101=EDGE_LOOP('',(#6525,#6526,#6527,#6528));
#1102=EDGE_LOOP('',(#6529,#6530,#6531,#6532));
#1103=EDGE_LOOP('',(#6533,#6534,#6535,#6536));
#1104=EDGE_LOOP('',(#6537,#6538,#6539,#6540));
#1105=EDGE_LOOP('',(#6541,#6542,#6543,#6544));
#1106=EDGE_LOOP('',(#6545,#6546,#6547,#6548));
#1107=EDGE_LOOP('',(#6549,#6550,#6551,#6552));
#1108=EDGE_LOOP('',(#6553,#6554,#6555,#6556));
#1109=EDGE_LOOP('',(#6557,#6558,#6559,#6560,#6561,#6562,#6563,#6564,#6565,
#6566,#6567,#6568,#6569,#6570,#6571,#6572,#6573,#6574,#6575,#6576,#6577));
#1110=EDGE_LOOP('',(#6578,#6579,#6580,#6581));
#1111=EDGE_LOOP('',(#6582,#6583,#6584,#6585));
#1112=EDGE_LOOP('',(#6586,#6587,#6588,#6589));
#1113=EDGE_LOOP('',(#6590,#6591,#6592,#6593));
#1114=EDGE_LOOP('',(#6594,#6595,#6596,#6597));
#1115=EDGE_LOOP('',(#6598,#6599,#6600,#6601));
#1116=EDGE_LOOP('',(#6602,#6603,#6604,#6605));
#1117=EDGE_LOOP('',(#6606,#6607,#6608,#6609));
#1118=EDGE_LOOP('',(#6610,#6611,#6612,#6613));
#1119=EDGE_LOOP('',(#6614,#6615,#6616,#6617));
#1120=EDGE_LOOP('',(#6618,#6619,#6620,#6621));
#1121=EDGE_LOOP('',(#6622,#6623,#6624,#6625));
#1122=EDGE_LOOP('',(#6626,#6627,#6628,#6629));
#1123=EDGE_LOOP('',(#6630,#6631,#6632,#6633));
#1124=EDGE_LOOP('',(#6634,#6635,#6636,#6637));
#1125=EDGE_LOOP('',(#6638,#6639,#6640,#6641));
#1126=EDGE_LOOP('',(#6642,#6643,#6644,#6645));
#1127=EDGE_LOOP('',(#6646,#6647,#6648,#6649));
#1128=EDGE_LOOP('',(#6650,#6651,#6652,#6653,#6654,#6655,#6656,#6657,#6658,
#6659,#6660,#6661,#6662));
#1129=EDGE_LOOP('',(#6663,#6664,#6665,#6666,#6667));
#1130=EDGE_LOOP('',(#6668,#6669,#6670,#6671));
#1131=EDGE_LOOP('',(#6672,#6673,#6674,#6675));
#1132=EDGE_LOOP('',(#6676,#6677,#6678,#6679));
#1133=EDGE_LOOP('',(#6680,#6681,#6682,#6683));
#1134=EDGE_LOOP('',(#6684,#6685,#6686,#6687));
#1135=EDGE_LOOP('',(#6688,#6689,#6690,#6691));
#1136=EDGE_LOOP('',(#6692,#6693,#6694,#6695));
#1137=EDGE_LOOP('',(#6696,#6697,#6698,#6699));
#1138=EDGE_LOOP('',(#6700,#6701,#6702,#6703));
#1139=EDGE_LOOP('',(#6704,#6705,#6706,#6707));
#1140=EDGE_LOOP('',(#6708,#6709,#6710,#6711));
#1141=EDGE_LOOP('',(#6712,#6713,#6714,#6715));
#1142=EDGE_LOOP('',(#6716,#6717,#6718,#6719));
#1143=EDGE_LOOP('',(#6720,#6721,#6722,#6723));
#1144=EDGE_LOOP('',(#6724,#6725,#6726,#6727));
#1145=EDGE_LOOP('',(#6728,#6729,#6730,#6731));
#1146=EDGE_LOOP('',(#6732,#6733,#6734,#6735));
#1147=EDGE_LOOP('',(#6736,#6737,#6738,#6739));
#1148=EDGE_LOOP('',(#6740,#6741,#6742,#6743,#6744,#6745,#6746,#6747,#6748,
#6749,#6750,#6751,#6752));
#1149=EDGE_LOOP('',(#6753,#6754,#6755,#6756,#6757));
#1150=EDGE_LOOP('',(#6758,#6759,#6760,#6761));
#1151=EDGE_LOOP('',(#6762,#6763,#6764,#6765));
#1152=EDGE_LOOP('',(#6766,#6767,#6768,#6769));
#1153=EDGE_LOOP('',(#6770,#6771,#6772,#6773));
#1154=EDGE_LOOP('',(#6774,#6775,#6776,#6777));
#1155=EDGE_LOOP('',(#6778,#6779,#6780,#6781));
#1156=EDGE_LOOP('',(#6782,#6783,#6784,#6785));
#1157=EDGE_LOOP('',(#6786,#6787,#6788,#6789));
#1158=EDGE_LOOP('',(#6790,#6791,#6792,#6793));
#1159=EDGE_LOOP('',(#6794,#6795,#6796,#6797));
#1160=EDGE_LOOP('',(#6798,#6799,#6800,#6801));
#1161=EDGE_LOOP('',(#6802,#6803,#6804,#6805));
#1162=EDGE_LOOP('',(#6806,#6807,#6808,#6809));
#1163=EDGE_LOOP('',(#6810,#6811,#6812,#6813));
#1164=EDGE_LOOP('',(#6814,#6815,#6816,#6817));
#1165=EDGE_LOOP('',(#6818,#6819,#6820,#6821));
#1166=EDGE_LOOP('',(#6822,#6823,#6824,#6825));
#1167=EDGE_LOOP('',(#6826,#6827,#6828,#6829));
#1168=EDGE_LOOP('',(#6830,#6831,#6832,#6833));
#1169=EDGE_LOOP('',(#6834,#6835,#6836,#6837));
#1170=EDGE_LOOP('',(#6838,#6839,#6840,#6841));
#1171=EDGE_LOOP('',(#6842,#6843,#6844,#6845));
#1172=EDGE_LOOP('',(#6846,#6847,#6848,#6849));
#1173=EDGE_LOOP('',(#6850,#6851,#6852,#6853));
#1174=EDGE_LOOP('',(#6854,#6855,#6856,#6857));
#1175=EDGE_LOOP('',(#6858,#6859,#6860,#6861,#6862,#6863,#6864,#6865,#6866,
#6867,#6868,#6869,#6870,#6871,#6872,#6873,#6874,#6875,#6876,#6877,#6878,
#6879,#6880,#6881,#6882));
#1176=EDGE_LOOP('',(#6883,#6884,#6885,#6886));
#1177=EDGE_LOOP('',(#6887,#6888,#6889,#6890));
#1178=EDGE_LOOP('',(#6891,#6892,#6893,#6894));
#1179=EDGE_LOOP('',(#6895,#6896,#6897,#6898));
#1180=EDGE_LOOP('',(#6899,#6900,#6901,#6902));
#1181=EDGE_LOOP('',(#6903,#6904,#6905,#6906));
#1182=EDGE_LOOP('',(#6907,#6908,#6909,#6910));
#1183=EDGE_LOOP('',(#6911,#6912,#6913,#6914));
#1184=EDGE_LOOP('',(#6915,#6916,#6917,#6918));
#1185=EDGE_LOOP('',(#6919,#6920,#6921,#6922));
#1186=EDGE_LOOP('',(#6923,#6924,#6925,#6926));
#1187=EDGE_LOOP('',(#6927,#6928,#6929,#6930));
#1188=EDGE_LOOP('',(#6931,#6932,#6933,#6934,#6935,#6936,#6937,#6938,#6939,
#6940,#6941,#6942));
#1189=EDGE_LOOP('',(#6943,#6944,#6945,#6946));
#1190=EDGE_LOOP('',(#6947,#6948,#6949,#6950));
#1191=EDGE_LOOP('',(#6951,#6952,#6953,#6954));
#1192=EDGE_LOOP('',(#6955,#6956,#6957,#6958));
#1193=EDGE_LOOP('',(#6959,#6960,#6961,#6962));
#1194=EDGE_LOOP('',(#6963,#6964,#6965,#6966));
#1195=EDGE_LOOP('',(#6967,#6968,#6969,#6970));
#1196=EDGE_LOOP('',(#6971,#6972,#6973,#6974));
#1197=EDGE_LOOP('',(#6975,#6976,#6977,#6978));
#1198=EDGE_LOOP('',(#6979,#6980,#6981,#6982));
#1199=EDGE_LOOP('',(#6983,#6984,#6985,#6986));
#1200=EDGE_LOOP('',(#6987,#6988,#6989,#6990));
#1201=EDGE_LOOP('',(#6991,#6992,#6993,#6994));
#1202=EDGE_LOOP('',(#6995,#6996,#6997,#6998));
#1203=EDGE_LOOP('',(#6999,#7000,#7001,#7002));
#1204=EDGE_LOOP('',(#7003,#7004,#7005,#7006));
#1205=EDGE_LOOP('',(#7007,#7008,#7009,#7010));
#1206=EDGE_LOOP('',(#7011,#7012,#7013,#7014));
#1207=EDGE_LOOP('',(#7015,#7016,#7017,#7018,#7019,#7020,#7021,#7022,#7023,
#7024,#7025,#7026,#7027));
#1208=EDGE_LOOP('',(#7028,#7029,#7030,#7031,#7032));
#1209=EDGE_LOOP('',(#7033,#7034,#7035,#7036));
#1210=EDGE_LOOP('',(#7037,#7038,#7039,#7040));
#1211=EDGE_LOOP('',(#7041,#7042,#7043,#7044));
#1212=EDGE_LOOP('',(#7045,#7046,#7047,#7048));
#1213=EDGE_LOOP('',(#7049,#7050,#7051,#7052));
#1214=EDGE_LOOP('',(#7053,#7054,#7055,#7056));
#1215=EDGE_LOOP('',(#7057,#7058,#7059,#7060));
#1216=EDGE_LOOP('',(#7061,#7062,#7063,#7064));
#1217=EDGE_LOOP('',(#7065,#7066,#7067,#7068));
#1218=EDGE_LOOP('',(#7069,#7070,#7071,#7072));
#1219=EDGE_LOOP('',(#7073,#7074,#7075,#7076));
#1220=EDGE_LOOP('',(#7077,#7078,#7079,#7080));
#1221=EDGE_LOOP('',(#7081,#7082,#7083,#7084));
#1222=EDGE_LOOP('',(#7085,#7086,#7087,#7088));
#1223=EDGE_LOOP('',(#7089,#7090,#7091,#7092));
#1224=EDGE_LOOP('',(#7093,#7094,#7095,#7096));
#1225=EDGE_LOOP('',(#7097,#7098,#7099,#7100));
#1226=EDGE_LOOP('',(#7101,#7102,#7103,#7104));
#1227=EDGE_LOOP('',(#7105,#7106,#7107,#7108,#7109,#7110,#7111,#7112,#7113,
#7114,#7115,#7116,#7117));
#1228=EDGE_LOOP('',(#7118,#7119,#7120,#7121,#7122));
#1229=EDGE_LOOP('',(#7123,#7124,#7125,#7126));
#1230=EDGE_LOOP('',(#7127,#7128,#7129,#7130));
#1231=EDGE_LOOP('',(#7131,#7132,#7133,#7134));
#1232=EDGE_LOOP('',(#7135,#7136,#7137,#7138));
#1233=EDGE_LOOP('',(#7139,#7140,#7141,#7142));
#1234=EDGE_LOOP('',(#7143,#7144,#7145,#7146));
#1235=EDGE_LOOP('',(#7147,#7148,#7149,#7150));
#1236=EDGE_LOOP('',(#7151,#7152,#7153,#7154));
#1237=EDGE_LOOP('',(#7155,#7156,#7157,#7158));
#1238=EDGE_LOOP('',(#7159,#7160,#7161,#7162));
#1239=EDGE_LOOP('',(#7163,#7164,#7165,#7166));
#1240=EDGE_LOOP('',(#7167,#7168,#7169,#7170));
#1241=EDGE_LOOP('',(#7171,#7172,#7173,#7174));
#1242=EDGE_LOOP('',(#7175,#7176,#7177,#7178));
#1243=EDGE_LOOP('',(#7179,#7180,#7181,#7182));
#1244=EDGE_LOOP('',(#7183,#7184,#7185,#7186));
#1245=EDGE_LOOP('',(#7187,#7188,#7189,#7190));
#1246=EDGE_LOOP('',(#7191,#7192,#7193,#7194));
#1247=EDGE_LOOP('',(#7195,#7196,#7197,#7198));
#1248=EDGE_LOOP('',(#7199,#7200,#7201,#7202));
#1249=EDGE_LOOP('',(#7203,#7204,#7205,#7206));
#1250=EDGE_LOOP('',(#7207,#7208,#7209,#7210,#7211,#7212,#7213,#7214,#7215,
#7216,#7217,#7218,#7219,#7220,#7221,#7222,#7223,#7224,#7225,#7226,#7227));
#1251=EDGE_LOOP('',(#7228,#7229,#7230,#7231));
#1252=EDGE_LOOP('',(#7232,#7233,#7234,#7235));
#1253=EDGE_LOOP('',(#7236,#7237,#7238,#7239));
#1254=EDGE_LOOP('',(#7240,#7241,#7242,#7243));
#1255=EDGE_LOOP('',(#7244,#7245,#7246,#7247));
#1256=EDGE_LOOP('',(#7248,#7249,#7250,#7251));
#1257=EDGE_LOOP('',(#7252,#7253,#7254,#7255));
#1258=EDGE_LOOP('',(#7256,#7257,#7258,#7259));
#1259=EDGE_LOOP('',(#7260,#7261,#7262,#7263));
#1260=EDGE_LOOP('',(#7264,#7265,#7266,#7267));
#1261=EDGE_LOOP('',(#7268,#7269,#7270,#7271));
#1262=EDGE_LOOP('',(#7272,#7273,#7274,#7275));
#1263=EDGE_LOOP('',(#7276,#7277,#7278,#7279));
#1264=EDGE_LOOP('',(#7280,#7281,#7282,#7283));
#1265=EDGE_LOOP('',(#7284,#7285,#7286,#7287));
#1266=EDGE_LOOP('',(#7288,#7289,#7290,#7291));
#1267=EDGE_LOOP('',(#7292,#7293,#7294,#7295));
#1268=EDGE_LOOP('',(#7296,#7297,#7298,#7299));
#1269=EDGE_LOOP('',(#7300,#7301,#7302,#7303,#7304,#7305,#7306,#7307,#7308,
#7309,#7310,#7311));
#1270=EDGE_LOOP('',(#7312,#7313,#7314,#7315,#7316,#7317));
#1271=EDGE_LOOP('',(#7318,#7319,#7320,#7321));
#1272=EDGE_LOOP('',(#7322,#7323,#7324,#7325));
#1273=EDGE_LOOP('',(#7326,#7327,#7328,#7329));
#1274=EDGE_LOOP('',(#7330,#7331,#7332,#7333));
#1275=EDGE_LOOP('',(#7334,#7335,#7336,#7337));
#1276=EDGE_LOOP('',(#7338,#7339,#7340,#7341));
#1277=EDGE_LOOP('',(#7342,#7343,#7344,#7345));
#1278=EDGE_LOOP('',(#7346,#7347,#7348,#7349));
#1279=EDGE_LOOP('',(#7350,#7351,#7352,#7353));
#1280=EDGE_LOOP('',(#7354,#7355,#7356,#7357));
#1281=EDGE_LOOP('',(#7358,#7359,#7360,#7361));
#1282=EDGE_LOOP('',(#7362,#7363,#7364,#7365));
#1283=EDGE_LOOP('',(#7366,#7367,#7368,#7369));
#1284=EDGE_LOOP('',(#7370,#7371,#7372,#7373));
#1285=EDGE_LOOP('',(#7374,#7375,#7376,#7377));
#1286=EDGE_LOOP('',(#7378,#7379,#7380,#7381));
#1287=EDGE_LOOP('',(#7382,#7383,#7384,#7385));
#1288=EDGE_LOOP('',(#7386,#7387,#7388,#7389));
#1289=EDGE_LOOP('',(#7390,#7391,#7392,#7393));
#1290=EDGE_LOOP('',(#7394,#7395,#7396,#7397));
#1291=EDGE_LOOP('',(#7398,#7399,#7400,#7401,#7402,#7403,#7404,#7405,#7406,
#7407,#7408,#7409,#7410,#7411));
#1292=EDGE_LOOP('',(#7412,#7413,#7414,#7415,#7416,#7417));
#1293=EDGE_LOOP('',(#7418,#7419,#7420,#7421));
#1294=EDGE_LOOP('',(#7422,#7423,#7424,#7425));
#1295=EDGE_LOOP('',(#7426,#7427,#7428,#7429));
#1296=EDGE_LOOP('',(#7430,#7431,#7432,#7433));
#1297=EDGE_LOOP('',(#7434,#7435,#7436,#7437));
#1298=EDGE_LOOP('',(#7438,#7439,#7440,#7441));
#1299=EDGE_LOOP('',(#7442,#7443,#7444,#7445));
#1300=EDGE_LOOP('',(#7446,#7447,#7448,#7449));
#1301=EDGE_LOOP('',(#7450,#7451,#7452,#7453));
#1302=EDGE_LOOP('',(#7454,#7455,#7456,#7457));
#1303=EDGE_LOOP('',(#7458,#7459,#7460,#7461));
#1304=EDGE_LOOP('',(#7462,#7463,#7464,#7465));
#1305=EDGE_LOOP('',(#7466,#7467,#7468,#7469,#7470,#7471,#7472,#7473,#7474,
#7475,#7476,#7477));
#1306=EDGE_LOOP('',(#7478,#7479,#7480,#7481));
#1307=EDGE_LOOP('',(#7482,#7483,#7484,#7485));
#1308=EDGE_LOOP('',(#7486,#7487,#7488,#7489));
#1309=EDGE_LOOP('',(#7490,#7491,#7492,#7493));
#1310=EDGE_LOOP('',(#7494,#7495,#7496,#7497));
#1311=EDGE_LOOP('',(#7498,#7499,#7500,#7501));
#1312=EDGE_LOOP('',(#7502,#7503,#7504,#7505));
#1313=EDGE_LOOP('',(#7506,#7507,#7508,#7509));
#1314=EDGE_LOOP('',(#7510,#7511,#7512,#7513));
#1315=EDGE_LOOP('',(#7514,#7515,#7516,#7517));
#1316=EDGE_LOOP('',(#7518,#7519,#7520,#7521));
#1317=EDGE_LOOP('',(#7522,#7523,#7524,#7525));
#1318=EDGE_LOOP('',(#7526,#7527,#7528,#7529));
#1319=EDGE_LOOP('',(#7530,#7531,#7532,#7533));
#1320=EDGE_LOOP('',(#7534,#7535,#7536,#7537));
#1321=EDGE_LOOP('',(#7538,#7539,#7540,#7541));
#1322=EDGE_LOOP('',(#7542,#7543,#7544,#7545));
#1323=EDGE_LOOP('',(#7546,#7547,#7548,#7549));
#1324=EDGE_LOOP('',(#7550,#7551,#7552,#7553));
#1325=EDGE_LOOP('',(#7554,#7555,#7556,#7557));
#1326=EDGE_LOOP('',(#7558,#7559,#7560,#7561));
#1327=EDGE_LOOP('',(#7562,#7563,#7564,#7565));
#1328=EDGE_LOOP('',(#7566,#7567,#7568,#7569));
#1329=EDGE_LOOP('',(#7570,#7571,#7572,#7573));
#1330=EDGE_LOOP('',(#7574,#7575,#7576,#7577));
#1331=EDGE_LOOP('',(#7578,#7579,#7580,#7581,#7582,#7583,#7584,#7585,#7586,
#7587,#7588,#7589,#7590,#7591,#7592,#7593,#7594,#7595,#7596,#7597,#7598,
#7599,#7600,#7601,#7602));
#1332=EDGE_LOOP('',(#7603,#7604,#7605,#7606));
#1333=EDGE_LOOP('',(#7607,#7608,#7609,#7610));
#1334=EDGE_LOOP('',(#7611,#7612,#7613,#7614));
#1335=EDGE_LOOP('',(#7615,#7616,#7617,#7618));
#1336=EDGE_LOOP('',(#7619,#7620,#7621,#7622));
#1337=EDGE_LOOP('',(#7623,#7624,#7625,#7626));
#1338=EDGE_LOOP('',(#7627,#7628,#7629,#7630));
#1339=EDGE_LOOP('',(#7631,#7632,#7633,#7634));
#1340=EDGE_LOOP('',(#7635,#7636,#7637,#7638));
#1341=EDGE_LOOP('',(#7639,#7640,#7641,#7642));
#1342=EDGE_LOOP('',(#7643,#7644,#7645,#7646));
#1343=EDGE_LOOP('',(#7647,#7648,#7649,#7650));
#1344=EDGE_LOOP('',(#7651,#7652,#7653,#7654));
#1345=EDGE_LOOP('',(#7655,#7656,#7657,#7658));
#1346=EDGE_LOOP('',(#7659,#7660,#7661,#7662));
#1347=EDGE_LOOP('',(#7663,#7664,#7665,#7666));
#1348=EDGE_LOOP('',(#7667,#7668,#7669,#7670));
#1349=EDGE_LOOP('',(#7671,#7672,#7673,#7674));
#1350=EDGE_LOOP('',(#7675,#7676,#7677,#7678));
#1351=EDGE_LOOP('',(#7679,#7680,#7681,#7682));
#1352=EDGE_LOOP('',(#7683,#7684,#7685,#7686,#7687,#7688,#7689,#7690,#7691,
#7692,#7693,#7694,#7695,#7696));
#1353=EDGE_LOOP('',(#7697,#7698,#7699,#7700,#7701,#7702));
#1354=EDGE_LOOP('',(#7703,#7704,#7705,#7706,#7707,#7708));
#1355=EDGE_LOOP('',(#7709,#7710,#7711,#7712,#7713,#7714));
#1356=EDGE_LOOP('',(#7715,#7716,#7717,#7718,#7719,#7720));
#1357=EDGE_LOOP('',(#7721,#7722,#7723,#7724,#7725));
#1358=EDGE_LOOP('',(#7726,#7727,#7728,#7729,#7730));
#1359=EDGE_LOOP('',(#7731,#7732,#7733,#7734,#7735));
#1360=EDGE_LOOP('',(#7736,#7737,#7738,#7739,#7740));
#1361=EDGE_LOOP('',(#7741,#7742,#7743,#7744));
#1362=EDGE_LOOP('',(#7745,#7746,#7747,#7748));
#1363=EDGE_LOOP('',(#7749,#7750,#7751,#7752));
#1364=EDGE_LOOP('',(#7753,#7754,#7755,#7756));
#1365=EDGE_LOOP('',(#7757,#7758,#7759,#7760));
#1366=EDGE_LOOP('',(#7761,#7762,#7763,#7764));
#1367=EDGE_LOOP('',(#7765,#7766,#7767,#7768));
#1368=EDGE_LOOP('',(#7769,#7770,#7771,#7772));
#1369=EDGE_LOOP('',(#7773,#7774,#7775,#7776));
#1370=EDGE_LOOP('',(#7777,#7778,#7779,#7780));
#1371=EDGE_LOOP('',(#7781,#7782,#7783,#7784));
#1372=EDGE_LOOP('',(#7785,#7786,#7787,#7788));
#1373=EDGE_LOOP('',(#7789,#7790,#7791,#7792));
#1374=EDGE_LOOP('',(#7793,#7794,#7795,#7796));
#1375=EDGE_LOOP('',(#7797,#7798,#7799,#7800));
#1376=EDGE_LOOP('',(#7801,#7802,#7803,#7804));
#1377=EDGE_LOOP('',(#7805,#7806,#7807,#7808));
#1378=EDGE_LOOP('',(#7809,#7810,#7811,#7812));
#1379=EDGE_LOOP('',(#7813,#7814,#7815,#7816));
#1380=EDGE_LOOP('',(#7817,#7818,#7819,#7820));
#1381=EDGE_LOOP('',(#7821,#7822,#7823,#7824));
#1382=EDGE_LOOP('',(#7825,#7826,#7827,#7828));
#1383=EDGE_LOOP('',(#7829,#7830,#7831,#7832));
#1384=EDGE_LOOP('',(#7833,#7834,#7835,#7836));
#1385=EDGE_LOOP('',(#7837,#7838,#7839,#7840));
#1386=EDGE_LOOP('',(#7841,#7842,#7843,#7844));
#1387=EDGE_LOOP('',(#7845,#7846,#7847,#7848));
#1388=EDGE_LOOP('',(#7849,#7850,#7851,#7852));
#1389=EDGE_LOOP('',(#7853,#7854,#7855,#7856));
#1390=EDGE_LOOP('',(#7857,#7858,#7859,#7860));
#1391=EDGE_LOOP('',(#7861,#7862,#7863,#7864));
#1392=EDGE_LOOP('',(#7865,#7866,#7867,#7868));
#1393=EDGE_LOOP('',(#7869,#7870,#7871,#7872));
#1394=EDGE_LOOP('',(#7873,#7874,#7875,#7876));
#1395=EDGE_LOOP('',(#7877,#7878,#7879,#7880));
#1396=EDGE_LOOP('',(#7881,#7882,#7883,#7884));
#1397=EDGE_LOOP('',(#7885,#7886,#7887,#7888));
#1398=EDGE_LOOP('',(#7889,#7890,#7891,#7892));
#1399=EDGE_LOOP('',(#7893,#7894,#7895,#7896));
#1400=EDGE_LOOP('',(#7897,#7898,#7899,#7900));
#1401=EDGE_LOOP('',(#7901,#7902,#7903,#7904));
#1402=EDGE_LOOP('',(#7905,#7906,#7907,#7908));
#1403=EDGE_LOOP('',(#7909,#7910,#7911,#7912));
#1404=EDGE_LOOP('',(#7913,#7914,#7915,#7916));
#1405=EDGE_LOOP('',(#7917,#7918,#7919,#7920));
#1406=EDGE_LOOP('',(#7921,#7922,#7923,#7924));
#1407=EDGE_LOOP('',(#7925,#7926,#7927,#7928));
#1408=EDGE_LOOP('',(#7929,#7930,#7931,#7932));
#1409=EDGE_LOOP('',(#7933,#7934,#7935,#7936));
#1410=EDGE_LOOP('',(#7937,#7938,#7939,#7940));
#1411=EDGE_LOOP('',(#7941,#7942,#7943,#7944));
#1412=EDGE_LOOP('',(#7945,#7946,#7947,#7948));
#1413=EDGE_LOOP('',(#7949,#7950,#7951,#7952));
#1414=EDGE_LOOP('',(#7953,#7954,#7955,#7956));
#1415=EDGE_LOOP('',(#7957,#7958,#7959,#7960));
#1416=EDGE_LOOP('',(#7961,#7962,#7963,#7964));
#1417=EDGE_LOOP('',(#7965,#7966,#7967,#7968));
#1418=EDGE_LOOP('',(#7969,#7970,#7971,#7972));
#1419=EDGE_LOOP('',(#7973,#7974,#7975,#7976));
#1420=EDGE_LOOP('',(#7977,#7978,#7979,#7980));
#1421=EDGE_LOOP('',(#7981,#7982,#7983,#7984));
#1422=EDGE_LOOP('',(#7985,#7986,#7987,#7988));
#1423=EDGE_LOOP('',(#7989,#7990,#7991,#7992));
#1424=EDGE_LOOP('',(#7993,#7994,#7995,#7996));
#1425=EDGE_LOOP('',(#7997,#7998,#7999,#8000));
#1426=EDGE_LOOP('',(#8001,#8002,#8003,#8004));
#1427=EDGE_LOOP('',(#8005,#8006,#8007,#8008));
#1428=EDGE_LOOP('',(#8009,#8010,#8011,#8012));
#1429=EDGE_LOOP('',(#8013,#8014,#8015,#8016));
#1430=EDGE_LOOP('',(#8017,#8018,#8019,#8020));
#1431=EDGE_LOOP('',(#8021,#8022,#8023,#8024));
#1432=EDGE_LOOP('',(#8025,#8026,#8027,#8028));
#1433=EDGE_LOOP('',(#8029,#8030,#8031,#8032));
#1434=EDGE_LOOP('',(#8033,#8034,#8035,#8036));
#1435=EDGE_LOOP('',(#8037,#8038,#8039,#8040));
#1436=EDGE_LOOP('',(#8041,#8042,#8043,#8044));
#1437=EDGE_LOOP('',(#8045,#8046,#8047,#8048));
#1438=EDGE_LOOP('',(#8049,#8050,#8051,#8052));
#1439=EDGE_LOOP('',(#8053,#8054,#8055,#8056));
#1440=EDGE_LOOP('',(#8057,#8058,#8059,#8060));
#1441=EDGE_LOOP('',(#8061,#8062,#8063,#8064));
#1442=EDGE_LOOP('',(#8065,#8066,#8067,#8068));
#1443=EDGE_LOOP('',(#8069,#8070,#8071,#8072));
#1444=EDGE_LOOP('',(#8073,#8074,#8075,#8076));
#1445=EDGE_LOOP('',(#8077,#8078,#8079,#8080));
#1446=EDGE_LOOP('',(#8081,#8082,#8083,#8084));
#1447=EDGE_LOOP('',(#8085,#8086,#8087,#8088));
#1448=EDGE_LOOP('',(#8089,#8090,#8091,#8092));
#1449=EDGE_LOOP('',(#8093,#8094,#8095,#8096));
#1450=EDGE_LOOP('',(#8097,#8098,#8099,#8100));
#1451=EDGE_LOOP('',(#8101,#8102,#8103,#8104));
#1452=EDGE_LOOP('',(#8105,#8106,#8107,#8108));
#1453=EDGE_LOOP('',(#8109,#8110,#8111,#8112));
#1454=EDGE_LOOP('',(#8113,#8114,#8115,#8116));
#1455=EDGE_LOOP('',(#8117,#8118,#8119,#8120));
#1456=EDGE_LOOP('',(#8121,#8122,#8123,#8124));
#1457=EDGE_LOOP('',(#8125,#8126,#8127,#8128));
#1458=EDGE_LOOP('',(#8129,#8130,#8131,#8132));
#1459=EDGE_LOOP('',(#8133,#8134,#8135,#8136));
#1460=EDGE_LOOP('',(#8137,#8138,#8139,#8140));
#1461=EDGE_LOOP('',(#8141,#8142,#8143,#8144));
#1462=EDGE_LOOP('',(#8145,#8146,#8147,#8148));
#1463=EDGE_LOOP('',(#8149,#8150,#8151,#8152));
#1464=EDGE_LOOP('',(#8153,#8154,#8155,#8156));
#1465=EDGE_LOOP('',(#8157,#8158,#8159,#8160));
#1466=EDGE_LOOP('',(#8161,#8162,#8163,#8164));
#1467=EDGE_LOOP('',(#8165,#8166,#8167,#8168));
#1468=EDGE_LOOP('',(#8169,#8170,#8171,#8172));
#1469=EDGE_LOOP('',(#8173,#8174,#8175,#8176));
#1470=EDGE_LOOP('',(#8177,#8178,#8179,#8180));
#1471=EDGE_LOOP('',(#8181,#8182,#8183,#8184));
#1472=EDGE_LOOP('',(#8185,#8186,#8187,#8188));
#1473=EDGE_LOOP('',(#8189,#8190,#8191,#8192));
#1474=EDGE_LOOP('',(#8193,#8194,#8195,#8196));
#1475=EDGE_LOOP('',(#8197,#8198,#8199,#8200));
#1476=EDGE_LOOP('',(#8201,#8202,#8203,#8204));
#1477=EDGE_LOOP('',(#8205,#8206,#8207,#8208));
#1478=EDGE_LOOP('',(#8209,#8210,#8211,#8212));
#1479=EDGE_LOOP('',(#8213,#8214,#8215,#8216));
#1480=EDGE_LOOP('',(#8217,#8218,#8219,#8220));
#1481=EDGE_LOOP('',(#8221,#8222,#8223,#8224));
#1482=EDGE_LOOP('',(#8225,#8226,#8227,#8228));
#1483=EDGE_LOOP('',(#8229,#8230,#8231,#8232));
#1484=EDGE_LOOP('',(#8233,#8234,#8235,#8236));
#1485=EDGE_LOOP('',(#8237,#8238,#8239,#8240));
#1486=EDGE_LOOP('',(#8241,#8242,#8243,#8244));
#1487=EDGE_LOOP('',(#8245,#8246,#8247,#8248));
#1488=EDGE_LOOP('',(#8249,#8250,#8251,#8252));
#1489=EDGE_LOOP('',(#8253,#8254,#8255,#8256));
#1490=EDGE_LOOP('',(#8257,#8258,#8259,#8260));
#1491=EDGE_LOOP('',(#8261,#8262,#8263,#8264));
#1492=EDGE_LOOP('',(#8265,#8266,#8267,#8268));
#1493=EDGE_LOOP('',(#8269,#8270,#8271,#8272));
#1494=EDGE_LOOP('',(#8273,#8274,#8275,#8276,#8277,#8278));
#1495=EDGE_LOOP('',(#8279,#8280,#8281,#8282));
#1496=EDGE_LOOP('',(#8283,#8284,#8285,#8286));
#1497=EDGE_LOOP('',(#8287,#8288,#8289,#8290));
#1498=EDGE_LOOP('',(#8291,#8292,#8293,#8294));
#1499=EDGE_LOOP('',(#8295,#8296,#8297,#8298));
#1500=EDGE_LOOP('',(#8299,#8300,#8301,#8302));
#1501=EDGE_LOOP('',(#8303,#8304,#8305,#8306));
#1502=EDGE_LOOP('',(#8307,#8308,#8309,#8310));
#1503=EDGE_LOOP('',(#8311,#8312,#8313,#8314));
#1504=EDGE_LOOP('',(#8315,#8316,#8317,#8318));
#1505=EDGE_LOOP('',(#8319,#8320,#8321,#8322));
#1506=EDGE_LOOP('',(#8323,#8324,#8325,#8326));
#1507=EDGE_LOOP('',(#8327,#8328,#8329,#8330));
#1508=EDGE_LOOP('',(#8331,#8332,#8333,#8334));
#1509=EDGE_LOOP('',(#8335,#8336,#8337,#8338));
#1510=EDGE_LOOP('',(#8339,#8340,#8341,#8342));
#1511=EDGE_LOOP('',(#8343,#8344,#8345,#8346));
#1512=EDGE_LOOP('',(#8347,#8348,#8349,#8350));
#1513=EDGE_LOOP('',(#8351,#8352,#8353,#8354,#8355,#8356,#8357,#8358,#8359,
#8360,#8361,#8362,#8363,#8364));
#1514=EDGE_LOOP('',(#8365,#8366,#8367,#8368));
#1515=EDGE_LOOP('',(#8369,#8370,#8371,#8372));
#1516=EDGE_LOOP('',(#8373,#8374,#8375,#8376));
#1517=EDGE_LOOP('',(#8377,#8378,#8379,#8380));
#1518=EDGE_LOOP('',(#8381,#8382,#8383,#8384));
#1519=EDGE_LOOP('',(#8385,#8386,#8387,#8388));
#1520=EDGE_LOOP('',(#8389,#8390,#8391,#8392,#8393,#8394));
#1521=EDGE_LOOP('',(#8395));
#1522=EDGE_LOOP('',(#8396));
#1523=LINE('',#11986,#2544);
#1524=LINE('',#11988,#2545);
#1525=LINE('',#11990,#2546);
#1526=LINE('',#11991,#2547);
#1527=LINE('',#11995,#2548);
#1528=LINE('',#11997,#2549);
#1529=LINE('',#11999,#2550);
#1530=LINE('',#12000,#2551);
#1531=LINE('',#12002,#2552);
#1532=LINE('',#12003,#2553);
#1533=LINE('',#12006,#2554);
#1534=LINE('',#12008,#2555);
#1535=LINE('',#12009,#2556);
#1536=LINE('',#12012,#2557);
#1537=LINE('',#12014,#2558);
#1538=LINE('',#12015,#2559);
#1539=LINE('',#12020,#2560);
#1540=LINE('',#12022,#2561);
#1541=LINE('',#12026,#2562);
#1542=LINE('',#12030,#2563);
#1543=LINE('',#12034,#2564);
#1544=LINE('',#12036,#2565);
#1545=LINE('',#12040,#2566);
#1546=LINE('',#12044,#2567);
#1547=LINE('',#12048,#2568);
#1548=LINE('',#12050,#2569);
#1549=LINE('',#12054,#2570);
#1550=LINE('',#12060,#2571);
#1551=LINE('',#12064,#2572);
#1552=LINE('',#12068,#2573);
#1553=LINE('',#12071,#2574);
#1554=LINE('',#12076,#2575);
#1555=LINE('',#12080,#2576);
#1556=LINE('',#12084,#2577);
#1557=LINE('',#12087,#2578);
#1558=LINE('',#12092,#2579);
#1559=LINE('',#12096,#2580);
#1560=LINE('',#12100,#2581);
#1561=LINE('',#12103,#2582);
#1562=LINE('',#12112,#2583);
#1563=LINE('',#12116,#2584);
#1564=LINE('',#12120,#2585);
#1565=LINE('',#12123,#2586);
#1566=LINE('',#12128,#2587);
#1567=LINE('',#12132,#2588);
#1568=LINE('',#12136,#2589);
#1569=LINE('',#12139,#2590);
#1570=LINE('',#12144,#2591);
#1571=LINE('',#12148,#2592);
#1572=LINE('',#12152,#2593);
#1573=LINE('',#12155,#2594);
#1574=LINE('',#12160,#2595);
#1575=LINE('',#12164,#2596);
#1576=LINE('',#12168,#2597);
#1577=LINE('',#12171,#2598);
#1578=LINE('',#12176,#2599);
#1579=LINE('',#12180,#2600);
#1580=LINE('',#12184,#2601);
#1581=LINE('',#12187,#2602);
#1582=LINE('',#12192,#2603);
#1583=LINE('',#12196,#2604);
#1584=LINE('',#12200,#2605);
#1585=LINE('',#12203,#2606);
#1586=LINE('',#12208,#2607);
#1587=LINE('',#12212,#2608);
#1588=LINE('',#12216,#2609);
#1589=LINE('',#12219,#2610);
#1590=LINE('',#12224,#2611);
#1591=LINE('',#12228,#2612);
#1592=LINE('',#12232,#2613);
#1593=LINE('',#12235,#2614);
#1594=LINE('',#12240,#2615);
#1595=LINE('',#12244,#2616);
#1596=LINE('',#12248,#2617);
#1597=LINE('',#12251,#2618);
#1598=LINE('',#12256,#2619);
#1599=LINE('',#12260,#2620);
#1600=LINE('',#12264,#2621);
#1601=LINE('',#12267,#2622);
#1602=LINE('',#12272,#2623);
#1603=LINE('',#12276,#2624);
#1604=LINE('',#12280,#2625);
#1605=LINE('',#12283,#2626);
#1606=LINE('',#12288,#2627);
#1607=LINE('',#12292,#2628);
#1608=LINE('',#12296,#2629);
#1609=LINE('',#12299,#2630);
#1610=LINE('',#12306,#2631);
#1611=LINE('',#12310,#2632);
#1612=LINE('',#12314,#2633);
#1613=LINE('',#12317,#2634);
#1614=LINE('',#12322,#2635);
#1615=LINE('',#12326,#2636);
#1616=LINE('',#12330,#2637);
#1617=LINE('',#12333,#2638);
#1618=LINE('',#12336,#2639);
#1619=LINE('',#12338,#2640);
#1620=LINE('',#12340,#2641);
#1621=LINE('',#12342,#2642);
#1622=LINE('',#12344,#2643);
#1623=LINE('',#12346,#2644);
#1624=LINE('',#12352,#2645);
#1625=LINE('',#12358,#2646);
#1626=LINE('',#12364,#2647);
#1627=LINE('',#12369,#2648);
#1628=LINE('',#12372,#2649);
#1629=LINE('',#12374,#2650);
#1630=LINE('',#12376,#2651);
#1631=LINE('',#12378,#2652);
#1632=LINE('',#12380,#2653);
#1633=LINE('',#12382,#2654);
#1634=LINE('',#12384,#2655);
#1635=LINE('',#12386,#2656);
#1636=LINE('',#12392,#2657);
#1637=LINE('',#12398,#2658);
#1638=LINE('',#12404,#2659);
#1639=LINE('',#12410,#2660);
#1640=LINE('',#12416,#2661);
#1641=LINE('',#12418,#2662);
#1642=LINE('',#12420,#2663);
#1643=LINE('',#12422,#2664);
#1644=LINE('',#12424,#2665);
#1645=LINE('',#12426,#2666);
#1646=LINE('',#12428,#2667);
#1647=LINE('',#12429,#2668);
#1648=LINE('',#12432,#2669);
#1649=LINE('',#12434,#2670);
#1650=LINE('',#12436,#2671);
#1651=LINE('',#12438,#2672);
#1652=LINE('',#12440,#2673);
#1653=LINE('',#12442,#2674);
#1654=LINE('',#12444,#2675);
#1655=LINE('',#12446,#2676);
#1656=LINE('',#12448,#2677);
#1657=LINE('',#12450,#2678);
#1658=LINE('',#12452,#2679);
#1659=LINE('',#12453,#2680);
#1660=LINE('',#12456,#2681);
#1661=LINE('',#12458,#2682);
#1662=LINE('',#12460,#2683);
#1663=LINE('',#12462,#2684);
#1664=LINE('',#12464,#2685);
#1665=LINE('',#12466,#2686);
#1666=LINE('',#12472,#2687);
#1667=LINE('',#12478,#2688);
#1668=LINE('',#12484,#2689);
#1669=LINE('',#12489,#2690);
#1670=LINE('',#12492,#2691);
#1671=LINE('',#12498,#2692);
#1672=LINE('',#12500,#2693);
#1673=LINE('',#12502,#2694);
#1674=LINE('',#12504,#2695);
#1675=LINE('',#12506,#2696);
#1676=LINE('',#12512,#2697);
#1677=LINE('',#12518,#2698);
#1678=LINE('',#12524,#2699);
#1679=LINE('',#12526,#2700);
#1680=LINE('',#12528,#2701);
#1681=LINE('',#12530,#2702);
#1682=LINE('',#12532,#2703);
#1683=LINE('',#12534,#2704);
#1684=LINE('',#12536,#2705);
#1685=LINE('',#12538,#2706);
#1686=LINE('',#12540,#2707);
#1687=LINE('',#12542,#2708);
#1688=LINE('',#12556,#2709);
#1689=LINE('',#12558,#2710);
#1690=LINE('',#12579,#2711);
#1691=LINE('',#12582,#2712);
#1692=LINE('',#12584,#2713);
#1693=LINE('',#12586,#2714);
#1694=LINE('',#12588,#2715);
#1695=LINE('',#12590,#2716);
#1696=LINE('',#12592,#2717);
#1697=LINE('',#12598,#2718);
#1698=LINE('',#12608,#2719);
#1699=LINE('',#12613,#2720);
#1700=LINE('',#12616,#2721);
#1701=LINE('',#12618,#2722);
#1702=LINE('',#12620,#2723);
#1703=LINE('',#12622,#2724);
#1704=LINE('',#12624,#2725);
#1705=LINE('',#12626,#2726);
#1706=LINE('',#12632,#2727);
#1707=LINE('',#12642,#2728);
#1708=LINE('',#12647,#2729);
#1709=LINE('',#12650,#2730);
#1710=LINE('',#12652,#2731);
#1711=LINE('',#12654,#2732);
#1712=LINE('',#12656,#2733);
#1713=LINE('',#12658,#2734);
#1714=LINE('',#12660,#2735);
#1715=LINE('',#12662,#2736);
#1716=LINE('',#12664,#2737);
#1717=LINE('',#12666,#2738);
#1718=LINE('',#12668,#2739);
#1719=LINE('',#12670,#2740);
#1720=LINE('',#12671,#2741);
#1721=LINE('',#12674,#2742);
#1722=LINE('',#12676,#2743);
#1723=LINE('',#12678,#2744);
#1724=LINE('',#12680,#2745);
#1725=LINE('',#12682,#2746);
#1726=LINE('',#12684,#2747);
#1727=LINE('',#12686,#2748);
#1728=LINE('',#12688,#2749);
#1729=LINE('',#12694,#2750);
#1730=LINE('',#12700,#2751);
#1731=LINE('',#12706,#2752);
#1732=LINE('',#12712,#2753);
#1733=LINE('',#12718,#2754);
#1734=LINE('',#12720,#2755);
#1735=LINE('',#12722,#2756);
#1736=LINE('',#12724,#2757);
#1737=LINE('',#12726,#2758);
#1738=LINE('',#12728,#2759);
#1739=LINE('',#12730,#2760);
#1740=LINE('',#12731,#2761);
#1741=LINE('',#12734,#2762);
#1742=LINE('',#12736,#2763);
#1743=LINE('',#12738,#2764);
#1744=LINE('',#12740,#2765);
#1745=LINE('',#12742,#2766);
#1746=LINE('',#12744,#2767);
#1747=LINE('',#12750,#2768);
#1748=LINE('',#12760,#2769);
#1749=LINE('',#12765,#2770);
#1750=LINE('',#12768,#2771);
#1751=LINE('',#12770,#2772);
#1752=LINE('',#12772,#2773);
#1753=LINE('',#12774,#2774);
#1754=LINE('',#12776,#2775);
#1755=LINE('',#12778,#2776);
#1756=LINE('',#12784,#2777);
#1757=LINE('',#12794,#2778);
#1758=LINE('',#12799,#2779);
#1759=LINE('',#12802,#2780);
#1760=LINE('',#12804,#2781);
#1761=LINE('',#12806,#2782);
#1762=LINE('',#12808,#2783);
#1763=LINE('',#12810,#2784);
#1764=LINE('',#12812,#2785);
#1765=LINE('',#12814,#2786);
#1766=LINE('',#12816,#2787);
#1767=LINE('',#12818,#2788);
#1768=LINE('',#12820,#2789);
#1769=LINE('',#12834,#2790);
#1770=LINE('',#12836,#2791);
#1771=LINE('',#12857,#2792);
#1772=LINE('',#12860,#2793);
#1773=LINE('',#12866,#2794);
#1774=LINE('',#12868,#2795);
#1775=LINE('',#12870,#2796);
#1776=LINE('',#12872,#2797);
#1777=LINE('',#12874,#2798);
#1778=LINE('',#12880,#2799);
#1779=LINE('',#12886,#2800);
#1780=LINE('',#12900,#2801);
#1781=LINE('',#12904,#2802);
#1782=LINE('',#12906,#2803);
#1783=LINE('',#12910,#2804);
#1784=LINE('',#12914,#2805);
#1785=LINE('',#12918,#2806);
#1786=LINE('',#12920,#2807);
#1787=LINE('',#12924,#2808);
#1788=LINE('',#12928,#2809);
#1789=LINE('',#12932,#2810);
#1790=LINE('',#12936,#2811);
#1791=LINE('',#12940,#2812);
#1792=LINE('',#12944,#2813);
#1793=LINE('',#12948,#2814);
#1794=LINE('',#12952,#2815);
#1795=LINE('',#12956,#2816);
#1796=LINE('',#12958,#2817);
#1797=LINE('',#12966,#2818);
#1798=LINE('',#12970,#2819);
#1799=LINE('',#12974,#2820);
#1800=LINE('',#12977,#2821);
#1801=LINE('',#12982,#2822);
#1802=LINE('',#12986,#2823);
#1803=LINE('',#12990,#2824);
#1804=LINE('',#12993,#2825);
#1805=LINE('',#12998,#2826);
#1806=LINE('',#13002,#2827);
#1807=LINE('',#13006,#2828);
#1808=LINE('',#13009,#2829);
#1809=LINE('',#13014,#2830);
#1810=LINE('',#13018,#2831);
#1811=LINE('',#13022,#2832);
#1812=LINE('',#13025,#2833);
#1813=LINE('',#13030,#2834);
#1814=LINE('',#13034,#2835);
#1815=LINE('',#13038,#2836);
#1816=LINE('',#13041,#2837);
#1817=LINE('',#13046,#2838);
#1818=LINE('',#13050,#2839);
#1819=LINE('',#13054,#2840);
#1820=LINE('',#13057,#2841);
#1821=LINE('',#13062,#2842);
#1822=LINE('',#13066,#2843);
#1823=LINE('',#13070,#2844);
#1824=LINE('',#13073,#2845);
#1825=LINE('',#13078,#2846);
#1826=LINE('',#13082,#2847);
#1827=LINE('',#13086,#2848);
#1828=LINE('',#13089,#2849);
#1829=LINE('',#13094,#2850);
#1830=LINE('',#13098,#2851);
#1831=LINE('',#13102,#2852);
#1832=LINE('',#13105,#2853);
#1833=LINE('',#13110,#2854);
#1834=LINE('',#13114,#2855);
#1835=LINE('',#13118,#2856);
#1836=LINE('',#13121,#2857);
#1837=LINE('',#13126,#2858);
#1838=LINE('',#13130,#2859);
#1839=LINE('',#13134,#2860);
#1840=LINE('',#13137,#2861);
#1841=LINE('',#13142,#2862);
#1842=LINE('',#13146,#2863);
#1843=LINE('',#13150,#2864);
#1844=LINE('',#13153,#2865);
#1845=LINE('',#13158,#2866);
#1846=LINE('',#13162,#2867);
#1847=LINE('',#13166,#2868);
#1848=LINE('',#13169,#2869);
#1849=LINE('',#13174,#2870);
#1850=LINE('',#13178,#2871);
#1851=LINE('',#13182,#2872);
#1852=LINE('',#13185,#2873);
#1853=LINE('',#13190,#2874);
#1854=LINE('',#13194,#2875);
#1855=LINE('',#13198,#2876);
#1856=LINE('',#13201,#2877);
#1857=LINE('',#13206,#2878);
#1858=LINE('',#13210,#2879);
#1859=LINE('',#13214,#2880);
#1860=LINE('',#13217,#2881);
#1861=LINE('',#13221,#2882);
#1862=LINE('',#13229,#2883);
#1863=LINE('',#13278,#2884);
#1864=LINE('',#13281,#2885);
#1865=LINE('',#13286,#2886);
#1866=LINE('',#13293,#2887);
#1867=LINE('',#13304,#2888);
#1868=LINE('',#13307,#2889);
#1869=LINE('',#13309,#2890);
#1870=LINE('',#13310,#2891);
#1871=LINE('',#13312,#2892);
#1872=LINE('',#13318,#2893);
#1873=LINE('',#13320,#2894);
#1874=LINE('',#13322,#2895);
#1875=LINE('',#13323,#2896);
#1876=LINE('',#13326,#2897);
#1877=LINE('',#13328,#2898);
#1878=LINE('',#13329,#2899);
#1879=LINE('',#13332,#2900);
#1880=LINE('',#13334,#2901);
#1881=LINE('',#13335,#2902);
#1882=LINE('',#13338,#2903);
#1883=LINE('',#13340,#2904);
#1884=LINE('',#13341,#2905);
#1885=LINE('',#13344,#2906);
#1886=LINE('',#13346,#2907);
#1887=LINE('',#13347,#2908);
#1888=LINE('',#13349,#2909);
#1889=LINE('',#13350,#2910);
#1890=LINE('',#13353,#2911);
#1891=LINE('',#13355,#2912);
#1892=LINE('',#13356,#2913);
#1893=LINE('',#13364,#2914);
#1894=LINE('',#13370,#2915);
#1895=LINE('',#13371,#2916);
#1896=LINE('',#13379,#2917);
#1897=LINE('',#13385,#2918);
#1898=LINE('',#13386,#2919);
#1899=LINE('',#13394,#2920);
#1900=LINE('',#13400,#2921);
#1901=LINE('',#13401,#2922);
#1902=LINE('',#13404,#2923);
#1903=LINE('',#13405,#2924);
#1904=LINE('',#13408,#2925);
#1905=LINE('',#13409,#2926);
#1906=LINE('',#13412,#2927);
#1907=LINE('',#13413,#2928);
#1908=LINE('',#13416,#2929);
#1909=LINE('',#13417,#2930);
#1910=LINE('',#13430,#2931);
#1911=LINE('',#13432,#2932);
#1912=LINE('',#13433,#2933);
#1913=LINE('',#13436,#2934);
#1914=LINE('',#13437,#2935);
#1915=LINE('',#13445,#2936);
#1916=LINE('',#13456,#2937);
#1917=LINE('',#13467,#2938);
#1918=LINE('',#13478,#2939);
#1919=LINE('',#13489,#2940);
#1920=LINE('',#13495,#2941);
#1921=LINE('',#13496,#2942);
#1922=LINE('',#13499,#2943);
#1923=LINE('',#13500,#2944);
#1924=LINE('',#13508,#2945);
#1925=LINE('',#13519,#2946);
#1926=LINE('',#13530,#2947);
#1927=LINE('',#13536,#2948);
#1928=LINE('',#13537,#2949);
#1929=LINE('',#13540,#2950);
#1930=LINE('',#13541,#2951);
#1931=LINE('',#13544,#2952);
#1932=LINE('',#13545,#2953);
#1933=LINE('',#13548,#2954);
#1934=LINE('',#13549,#2955);
#1935=LINE('',#13552,#2956);
#1936=LINE('',#13553,#2957);
#1937=LINE('',#13556,#2958);
#1938=LINE('',#13557,#2959);
#1939=LINE('',#13560,#2960);
#1940=LINE('',#13561,#2961);
#1941=LINE('',#13564,#2962);
#1942=LINE('',#13565,#2963);
#1943=LINE('',#13567,#2964);
#1944=LINE('',#13572,#2965);
#1945=LINE('',#13574,#2966);
#1946=LINE('',#13576,#2967);
#1947=LINE('',#13577,#2968);
#1948=LINE('',#13580,#2969);
#1949=LINE('',#13582,#2970);
#1950=LINE('',#13583,#2971);
#1951=LINE('',#13586,#2972);
#1952=LINE('',#13588,#2973);
#1953=LINE('',#13589,#2974);
#1954=LINE('',#13592,#2975);
#1955=LINE('',#13594,#2976);
#1956=LINE('',#13595,#2977);
#1957=LINE('',#13597,#2978);
#1958=LINE('',#13598,#2979);
#1959=LINE('',#13601,#2980);
#1960=LINE('',#13603,#2981);
#1961=LINE('',#13604,#2982);
#1962=LINE('',#13607,#2983);
#1963=LINE('',#13608,#2984);
#1964=LINE('',#13616,#2985);
#1965=LINE('',#13622,#2986);
#1966=LINE('',#13623,#2987);
#1967=LINE('',#13631,#2988);
#1968=LINE('',#13642,#2989);
#1969=LINE('',#13648,#2990);
#1970=LINE('',#13649,#2991);
#1971=LINE('',#13657,#2992);
#1972=LINE('',#13663,#2993);
#1973=LINE('',#13664,#2994);
#1974=LINE('',#13667,#2995);
#1975=LINE('',#13668,#2996);
#1976=LINE('',#13671,#2997);
#1977=LINE('',#13672,#2998);
#1978=LINE('',#13675,#2999);
#1979=LINE('',#13676,#3000);
#1980=LINE('',#13678,#3001);
#1981=LINE('',#13683,#3002);
#1982=LINE('',#13685,#3003);
#1983=LINE('',#13687,#3004);
#1984=LINE('',#13688,#3005);
#1985=LINE('',#13691,#3006);
#1986=LINE('',#13693,#3007);
#1987=LINE('',#13694,#3008);
#1988=LINE('',#13697,#3009);
#1989=LINE('',#13699,#3010);
#1990=LINE('',#13700,#3011);
#1991=LINE('',#13703,#3012);
#1992=LINE('',#13705,#3013);
#1993=LINE('',#13706,#3014);
#1994=LINE('',#13708,#3015);
#1995=LINE('',#13709,#3016);
#1996=LINE('',#13712,#3017);
#1997=LINE('',#13714,#3018);
#1998=LINE('',#13715,#3019);
#1999=LINE('',#13718,#3020);
#2000=LINE('',#13719,#3021);
#2001=LINE('',#13727,#3022);
#2002=LINE('',#13733,#3023);
#2003=LINE('',#13734,#3024);
#2004=LINE('',#13742,#3025);
#2005=LINE('',#13753,#3026);
#2006=LINE('',#13759,#3027);
#2007=LINE('',#13760,#3028);
#2008=LINE('',#13768,#3029);
#2009=LINE('',#13774,#3030);
#2010=LINE('',#13775,#3031);
#2011=LINE('',#13778,#3032);
#2012=LINE('',#13779,#3033);
#2013=LINE('',#13782,#3034);
#2014=LINE('',#13783,#3035);
#2015=LINE('',#13786,#3036);
#2016=LINE('',#13787,#3037);
#2017=LINE('',#13789,#3038);
#2018=LINE('',#13793,#3039);
#2019=LINE('',#13795,#3040);
#2020=LINE('',#13796,#3041);
#2021=LINE('',#13799,#3042);
#2022=LINE('',#13800,#3043);
#2023=LINE('',#13803,#3044);
#2024=LINE('',#13804,#3045);
#2025=LINE('',#13807,#3046);
#2026=LINE('',#13808,#3047);
#2027=LINE('',#13811,#3048);
#2028=LINE('',#13812,#3049);
#2029=LINE('',#13815,#3050);
#2030=LINE('',#13816,#3051);
#2031=LINE('',#13819,#3052);
#2032=LINE('',#13820,#3053);
#2033=LINE('',#13823,#3054);
#2034=LINE('',#13824,#3055);
#2035=LINE('',#13827,#3056);
#2036=LINE('',#13828,#3057);
#2037=LINE('',#13836,#3058);
#2038=LINE('',#13842,#3059);
#2039=LINE('',#13843,#3060);
#2040=LINE('',#13851,#3061);
#2041=LINE('',#13857,#3062);
#2042=LINE('',#13858,#3063);
#2043=LINE('',#13866,#3064);
#2044=LINE('',#13872,#3065);
#2045=LINE('',#13873,#3066);
#2046=LINE('',#13881,#3067);
#2047=LINE('',#13887,#3068);
#2048=LINE('',#13888,#3069);
#2049=LINE('',#13896,#3070);
#2050=LINE('',#13902,#3071);
#2051=LINE('',#13903,#3072);
#2052=LINE('',#13906,#3073);
#2053=LINE('',#13907,#3074);
#2054=LINE('',#13910,#3075);
#2055=LINE('',#13911,#3076);
#2056=LINE('',#13914,#3077);
#2057=LINE('',#13915,#3078);
#2058=LINE('',#13918,#3079);
#2059=LINE('',#13919,#3080);
#2060=LINE('',#13922,#3081);
#2061=LINE('',#13923,#3082);
#2062=LINE('',#13925,#3083);
#2063=LINE('',#13929,#3084);
#2064=LINE('',#13931,#3085);
#2065=LINE('',#13932,#3086);
#2066=LINE('',#13935,#3087);
#2067=LINE('',#13936,#3088);
#2068=LINE('',#13939,#3089);
#2069=LINE('',#13940,#3090);
#2070=LINE('',#13943,#3091);
#2071=LINE('',#13944,#3092);
#2072=LINE('',#13947,#3093);
#2073=LINE('',#13948,#3094);
#2074=LINE('',#13951,#3095);
#2075=LINE('',#13952,#3096);
#2076=LINE('',#13955,#3097);
#2077=LINE('',#13956,#3098);
#2078=LINE('',#13959,#3099);
#2079=LINE('',#13960,#3100);
#2080=LINE('',#13963,#3101);
#2081=LINE('',#13964,#3102);
#2082=LINE('',#13967,#3103);
#2083=LINE('',#13968,#3104);
#2084=LINE('',#13971,#3105);
#2085=LINE('',#13972,#3106);
#2086=LINE('',#13974,#3107);
#2087=LINE('',#13979,#3108);
#2088=LINE('',#13981,#3109);
#2089=LINE('',#13983,#3110);
#2090=LINE('',#13984,#3111);
#2091=LINE('',#13987,#3112);
#2092=LINE('',#13989,#3113);
#2093=LINE('',#13990,#3114);
#2094=LINE('',#13993,#3115);
#2095=LINE('',#13995,#3116);
#2096=LINE('',#13996,#3117);
#2097=LINE('',#13999,#3118);
#2098=LINE('',#14001,#3119);
#2099=LINE('',#14002,#3120);
#2100=LINE('',#14004,#3121);
#2101=LINE('',#14005,#3122);
#2102=LINE('',#14008,#3123);
#2103=LINE('',#14010,#3124);
#2104=LINE('',#14011,#3125);
#2105=LINE('',#14014,#3126);
#2106=LINE('',#14015,#3127);
#2107=LINE('',#14023,#3128);
#2108=LINE('',#14029,#3129);
#2109=LINE('',#14030,#3130);
#2110=LINE('',#14038,#3131);
#2111=LINE('',#14049,#3132);
#2112=LINE('',#14055,#3133);
#2113=LINE('',#14056,#3134);
#2114=LINE('',#14064,#3135);
#2115=LINE('',#14070,#3136);
#2116=LINE('',#14071,#3137);
#2117=LINE('',#14074,#3138);
#2118=LINE('',#14075,#3139);
#2119=LINE('',#14078,#3140);
#2120=LINE('',#14079,#3141);
#2121=LINE('',#14082,#3142);
#2122=LINE('',#14083,#3143);
#2123=LINE('',#14085,#3144);
#2124=LINE('',#14090,#3145);
#2125=LINE('',#14092,#3146);
#2126=LINE('',#14094,#3147);
#2127=LINE('',#14095,#3148);
#2128=LINE('',#14098,#3149);
#2129=LINE('',#14100,#3150);
#2130=LINE('',#14101,#3151);
#2131=LINE('',#14104,#3152);
#2132=LINE('',#14106,#3153);
#2133=LINE('',#14107,#3154);
#2134=LINE('',#14110,#3155);
#2135=LINE('',#14112,#3156);
#2136=LINE('',#14113,#3157);
#2137=LINE('',#14115,#3158);
#2138=LINE('',#14116,#3159);
#2139=LINE('',#14119,#3160);
#2140=LINE('',#14121,#3161);
#2141=LINE('',#14122,#3162);
#2142=LINE('',#14125,#3163);
#2143=LINE('',#14126,#3164);
#2144=LINE('',#14134,#3165);
#2145=LINE('',#14140,#3166);
#2146=LINE('',#14141,#3167);
#2147=LINE('',#14149,#3168);
#2148=LINE('',#14160,#3169);
#2149=LINE('',#14166,#3170);
#2150=LINE('',#14167,#3171);
#2151=LINE('',#14175,#3172);
#2152=LINE('',#14181,#3173);
#2153=LINE('',#14182,#3174);
#2154=LINE('',#14185,#3175);
#2155=LINE('',#14186,#3176);
#2156=LINE('',#14189,#3177);
#2157=LINE('',#14190,#3178);
#2158=LINE('',#14193,#3179);
#2159=LINE('',#14194,#3180);
#2160=LINE('',#14196,#3181);
#2161=LINE('',#14200,#3182);
#2162=LINE('',#14202,#3183);
#2163=LINE('',#14203,#3184);
#2164=LINE('',#14206,#3185);
#2165=LINE('',#14207,#3186);
#2166=LINE('',#14215,#3187);
#2167=LINE('',#14226,#3188);
#2168=LINE('',#14237,#3189);
#2169=LINE('',#14248,#3190);
#2170=LINE('',#14259,#3191);
#2171=LINE('',#14265,#3192);
#2172=LINE('',#14266,#3193);
#2173=LINE('',#14269,#3194);
#2174=LINE('',#14270,#3195);
#2175=LINE('',#14278,#3196);
#2176=LINE('',#14289,#3197);
#2177=LINE('',#14300,#3198);
#2178=LINE('',#14306,#3199);
#2179=LINE('',#14307,#3200);
#2180=LINE('',#14310,#3201);
#2181=LINE('',#14311,#3202);
#2182=LINE('',#14314,#3203);
#2183=LINE('',#14315,#3204);
#2184=LINE('',#14318,#3205);
#2185=LINE('',#14319,#3206);
#2186=LINE('',#14322,#3207);
#2187=LINE('',#14323,#3208);
#2188=LINE('',#14326,#3209);
#2189=LINE('',#14327,#3210);
#2190=LINE('',#14330,#3211);
#2191=LINE('',#14331,#3212);
#2192=LINE('',#14334,#3213);
#2193=LINE('',#14335,#3214);
#2194=LINE('',#14337,#3215);
#2195=LINE('',#14342,#3216);
#2196=LINE('',#14344,#3217);
#2197=LINE('',#14346,#3218);
#2198=LINE('',#14347,#3219);
#2199=LINE('',#14350,#3220);
#2200=LINE('',#14352,#3221);
#2201=LINE('',#14353,#3222);
#2202=LINE('',#14356,#3223);
#2203=LINE('',#14358,#3224);
#2204=LINE('',#14359,#3225);
#2205=LINE('',#14362,#3226);
#2206=LINE('',#14364,#3227);
#2207=LINE('',#14365,#3228);
#2208=LINE('',#14368,#3229);
#2209=LINE('',#14370,#3230);
#2210=LINE('',#14371,#3231);
#2211=LINE('',#14373,#3232);
#2212=LINE('',#14374,#3233);
#2213=LINE('',#14377,#3234);
#2214=LINE('',#14379,#3235);
#2215=LINE('',#14380,#3236);
#2216=LINE('',#14388,#3237);
#2217=LINE('',#14394,#3238);
#2218=LINE('',#14395,#3239);
#2219=LINE('',#14403,#3240);
#2220=LINE('',#14409,#3241);
#2221=LINE('',#14410,#3242);
#2222=LINE('',#14418,#3243);
#2223=LINE('',#14424,#3244);
#2224=LINE('',#14425,#3245);
#2225=LINE('',#14428,#3246);
#2226=LINE('',#14429,#3247);
#2227=LINE('',#14432,#3248);
#2228=LINE('',#14433,#3249);
#2229=LINE('',#14436,#3250);
#2230=LINE('',#14437,#3251);
#2231=LINE('',#14440,#3252);
#2232=LINE('',#14441,#3253);
#2233=LINE('',#14455,#3254);
#2234=LINE('',#14457,#3255);
#2235=LINE('',#14459,#3256);
#2236=LINE('',#14460,#3257);
#2237=LINE('',#14463,#3258);
#2238=LINE('',#14465,#3259);
#2239=LINE('',#14466,#3260);
#2240=LINE('',#14469,#3261);
#2241=LINE('',#14471,#3262);
#2242=LINE('',#14472,#3263);
#2243=LINE('',#14475,#3264);
#2244=LINE('',#14477,#3265);
#2245=LINE('',#14478,#3266);
#2246=LINE('',#14481,#3267);
#2247=LINE('',#14483,#3268);
#2248=LINE('',#14484,#3269);
#2249=LINE('',#14486,#3270);
#2250=LINE('',#14487,#3271);
#2251=LINE('',#14490,#3272);
#2252=LINE('',#14492,#3273);
#2253=LINE('',#14493,#3274);
#2254=LINE('',#14496,#3275);
#2255=LINE('',#14497,#3276);
#2256=LINE('',#14505,#3277);
#2257=LINE('',#14511,#3278);
#2258=LINE('',#14512,#3279);
#2259=LINE('',#14520,#3280);
#2260=LINE('',#14526,#3281);
#2261=LINE('',#14527,#3282);
#2262=LINE('',#14535,#3283);
#2263=LINE('',#14541,#3284);
#2264=LINE('',#14542,#3285);
#2265=LINE('',#14550,#3286);
#2266=LINE('',#14556,#3287);
#2267=LINE('',#14557,#3288);
#2268=LINE('',#14560,#3289);
#2269=LINE('',#14561,#3290);
#2270=LINE('',#14564,#3291);
#2271=LINE('',#14565,#3292);
#2272=LINE('',#14568,#3293);
#2273=LINE('',#14569,#3294);
#2274=LINE('',#14571,#3295);
#2275=LINE('',#14575,#3296);
#2276=LINE('',#14577,#3297);
#2277=LINE('',#14578,#3298);
#2278=LINE('',#14581,#3299);
#2279=LINE('',#14582,#3300);
#2280=LINE('',#14585,#3301);
#2281=LINE('',#14586,#3302);
#2282=LINE('',#14589,#3303);
#2283=LINE('',#14590,#3304);
#2284=LINE('',#14593,#3305);
#2285=LINE('',#14594,#3306);
#2286=LINE('',#14597,#3307);
#2287=LINE('',#14598,#3308);
#2288=LINE('',#14601,#3309);
#2289=LINE('',#14602,#3310);
#2290=LINE('',#14605,#3311);
#2291=LINE('',#14606,#3312);
#2292=LINE('',#14609,#3313);
#2293=LINE('',#14610,#3314);
#2294=LINE('',#14613,#3315);
#2295=LINE('',#14614,#3316);
#2296=LINE('',#14617,#3317);
#2297=LINE('',#14618,#3318);
#2298=LINE('',#14620,#3319);
#2299=LINE('',#14624,#3320);
#2300=LINE('',#14626,#3321);
#2301=LINE('',#14627,#3322);
#2302=LINE('',#14630,#3323);
#2303=LINE('',#14631,#3324);
#2304=LINE('',#14634,#3325);
#2305=LINE('',#14635,#3326);
#2306=LINE('',#14638,#3327);
#2307=LINE('',#14639,#3328);
#2308=LINE('',#14642,#3329);
#2309=LINE('',#14643,#3330);
#2310=LINE('',#14646,#3331);
#2311=LINE('',#14647,#3332);
#2312=LINE('',#14650,#3333);
#2313=LINE('',#14651,#3334);
#2314=LINE('',#14654,#3335);
#2315=LINE('',#14655,#3336);
#2316=LINE('',#14658,#3337);
#2317=LINE('',#14659,#3338);
#2318=LINE('',#14667,#3339);
#2319=LINE('',#14673,#3340);
#2320=LINE('',#14674,#3341);
#2321=LINE('',#14682,#3342);
#2322=LINE('',#14688,#3343);
#2323=LINE('',#14689,#3344);
#2324=LINE('',#14697,#3345);
#2325=LINE('',#14703,#3346);
#2326=LINE('',#14704,#3347);
#2327=LINE('',#14712,#3348);
#2328=LINE('',#14718,#3349);
#2329=LINE('',#14719,#3350);
#2330=LINE('',#14727,#3351);
#2331=LINE('',#14733,#3352);
#2332=LINE('',#14734,#3353);
#2333=LINE('',#14737,#3354);
#2334=LINE('',#14738,#3355);
#2335=LINE('',#14741,#3356);
#2336=LINE('',#14742,#3357);
#2337=LINE('',#14745,#3358);
#2338=LINE('',#14746,#3359);
#2339=LINE('',#14749,#3360);
#2340=LINE('',#14750,#3361);
#2341=LINE('',#14753,#3362);
#2342=LINE('',#14754,#3363);
#2343=LINE('',#14756,#3364);
#2344=LINE('',#14761,#3365);
#2345=LINE('',#14763,#3366);
#2346=LINE('',#14765,#3367);
#2347=LINE('',#14766,#3368);
#2348=LINE('',#14769,#3369);
#2349=LINE('',#14771,#3370);
#2350=LINE('',#14772,#3371);
#2351=LINE('',#14775,#3372);
#2352=LINE('',#14777,#3373);
#2353=LINE('',#14778,#3374);
#2354=LINE('',#14781,#3375);
#2355=LINE('',#14783,#3376);
#2356=LINE('',#14784,#3377);
#2357=LINE('',#14787,#3378);
#2358=LINE('',#14789,#3379);
#2359=LINE('',#14790,#3380);
#2360=LINE('',#14792,#3381);
#2361=LINE('',#14793,#3382);
#2362=LINE('',#14796,#3383);
#2363=LINE('',#14798,#3384);
#2364=LINE('',#14799,#3385);
#2365=LINE('',#14802,#3386);
#2366=LINE('',#14803,#3387);
#2367=LINE('',#14811,#3388);
#2368=LINE('',#14817,#3389);
#2369=LINE('',#14818,#3390);
#2370=LINE('',#14826,#3391);
#2371=LINE('',#14832,#3392);
#2372=LINE('',#14833,#3393);
#2373=LINE('',#14841,#3394);
#2374=LINE('',#14847,#3395);
#2375=LINE('',#14848,#3396);
#2376=LINE('',#14856,#3397);
#2377=LINE('',#14862,#3398);
#2378=LINE('',#14863,#3399);
#2379=LINE('',#14866,#3400);
#2380=LINE('',#14867,#3401);
#2381=LINE('',#14870,#3402);
#2382=LINE('',#14871,#3403);
#2383=LINE('',#14874,#3404);
#2384=LINE('',#14875,#3405);
#2385=LINE('',#14877,#3406);
#2386=LINE('',#14887,#3407);
#2387=LINE('',#14888,#3408);
#2388=LINE('',#14890,#3409);
#2389=LINE('',#14892,#3410);
#2390=LINE('',#14894,#3411);
#2391=LINE('',#14896,#3412);
#2392=LINE('',#14898,#3413);
#2393=LINE('',#14900,#3414);
#2394=LINE('',#14903,#3415);
#2395=LINE('',#14904,#3416);
#2396=LINE('',#14906,#3417);
#2397=LINE('',#14908,#3418);
#2398=LINE('',#14910,#3419);
#2399=LINE('',#14912,#3420);
#2400=LINE('',#14914,#3421);
#2401=LINE('',#14916,#3422);
#2402=LINE('',#14919,#3423);
#2403=LINE('',#14920,#3424);
#2404=LINE('',#14922,#3425);
#2405=LINE('',#14924,#3426);
#2406=LINE('',#14926,#3427);
#2407=LINE('',#14928,#3428);
#2408=LINE('',#14930,#3429);
#2409=LINE('',#14932,#3430);
#2410=LINE('',#14935,#3431);
#2411=LINE('',#14939,#3432);
#2412=LINE('',#14941,#3433);
#2413=LINE('',#14942,#3434);
#2414=LINE('',#14944,#3435);
#2415=LINE('',#14946,#3436);
#2416=LINE('',#14948,#3437);
#2417=LINE('',#14950,#3438);
#2418=LINE('',#14952,#3439);
#2419=LINE('',#14954,#3440);
#2420=LINE('',#14957,#3441);
#2421=LINE('',#14958,#3442);
#2422=LINE('',#14960,#3443);
#2423=LINE('',#14962,#3444);
#2424=LINE('',#14964,#3445);
#2425=LINE('',#14966,#3446);
#2426=LINE('',#14968,#3447);
#2427=LINE('',#14970,#3448);
#2428=LINE('',#14973,#3449);
#2429=LINE('',#14974,#3450);
#2430=LINE('',#14976,#3451);
#2431=LINE('',#14978,#3452);
#2432=LINE('',#14980,#3453);
#2433=LINE('',#14982,#3454);
#2434=LINE('',#14984,#3455);
#2435=LINE('',#14986,#3456);
#2436=LINE('',#14989,#3457);
#2437=LINE('',#14990,#3458);
#2438=LINE('',#14992,#3459);
#2439=LINE('',#14994,#3460);
#2440=LINE('',#14996,#3461);
#2441=LINE('',#14998,#3462);
#2442=LINE('',#15000,#3463);
#2443=LINE('',#15002,#3464);
#2444=LINE('',#15005,#3465);
#2445=LINE('',#15006,#3466);
#2446=LINE('',#15008,#3467);
#2447=LINE('',#15010,#3468);
#2448=LINE('',#15012,#3469);
#2449=LINE('',#15014,#3470);
#2450=LINE('',#15016,#3471);
#2451=LINE('',#15018,#3472);
#2452=LINE('',#15021,#3473);
#2453=LINE('',#15022,#3474);
#2454=LINE('',#15024,#3475);
#2455=LINE('',#15026,#3476);
#2456=LINE('',#15028,#3477);
#2457=LINE('',#15030,#3478);
#2458=LINE('',#15032,#3479);
#2459=LINE('',#15034,#3480);
#2460=LINE('',#15037,#3481);
#2461=LINE('',#15038,#3482);
#2462=LINE('',#15040,#3483);
#2463=LINE('',#15042,#3484);
#2464=LINE('',#15044,#3485);
#2465=LINE('',#15046,#3486);
#2466=LINE('',#15048,#3487);
#2467=LINE('',#15050,#3488);
#2468=LINE('',#15053,#3489);
#2469=LINE('',#15054,#3490);
#2470=LINE('',#15056,#3491);
#2471=LINE('',#15058,#3492);
#2472=LINE('',#15060,#3493);
#2473=LINE('',#15062,#3494);
#2474=LINE('',#15064,#3495);
#2475=LINE('',#15066,#3496);
#2476=LINE('',#15069,#3497);
#2477=LINE('',#15070,#3498);
#2478=LINE('',#15072,#3499);
#2479=LINE('',#15074,#3500);
#2480=LINE('',#15076,#3501);
#2481=LINE('',#15078,#3502);
#2482=LINE('',#15080,#3503);
#2483=LINE('',#15082,#3504);
#2484=LINE('',#15085,#3505);
#2485=LINE('',#15086,#3506);
#2486=LINE('',#15088,#3507);
#2487=LINE('',#15090,#3508);
#2488=LINE('',#15092,#3509);
#2489=LINE('',#15094,#3510);
#2490=LINE('',#15096,#3511);
#2491=LINE('',#15098,#3512);
#2492=LINE('',#15101,#3513);
#2493=LINE('',#15102,#3514);
#2494=LINE('',#15104,#3515);
#2495=LINE('',#15106,#3516);
#2496=LINE('',#15108,#3517);
#2497=LINE('',#15110,#3518);
#2498=LINE('',#15112,#3519);
#2499=LINE('',#15114,#3520);
#2500=LINE('',#15117,#3521);
#2501=LINE('',#15118,#3522);
#2502=LINE('',#15120,#3523);
#2503=LINE('',#15122,#3524);
#2504=LINE('',#15124,#3525);
#2505=LINE('',#15126,#3526);
#2506=LINE('',#15128,#3527);
#2507=LINE('',#15130,#3528);
#2508=LINE('',#15133,#3529);
#2509=LINE('',#15135,#3530);
#2510=LINE('',#15136,#3531);
#2511=LINE('',#15138,#3532);
#2512=LINE('',#15140,#3533);
#2513=LINE('',#15142,#3534);
#2514=LINE('',#15144,#3535);
#2515=LINE('',#15146,#3536);
#2516=LINE('',#15148,#3537);
#2517=LINE('',#15151,#3538);
#2518=LINE('',#15152,#3539);
#2519=LINE('',#15154,#3540);
#2520=LINE('',#15156,#3541);
#2521=LINE('',#15158,#3542);
#2522=LINE('',#15160,#3543);
#2523=LINE('',#15162,#3544);
#2524=LINE('',#15164,#3545);
#2525=LINE('',#15167,#3546);
#2526=LINE('',#15168,#3547);
#2527=LINE('',#15170,#3548);
#2528=LINE('',#15172,#3549);
#2529=LINE('',#15174,#3550);
#2530=LINE('',#15176,#3551);
#2531=LINE('',#15178,#3552);
#2532=LINE('',#15180,#3553);
#2533=LINE('',#15182,#3554);
#2534=LINE('',#15185,#3555);
#2535=LINE('',#15187,#3556);
#2536=LINE('',#15189,#3557);
#2537=LINE('',#15191,#3558);
#2538=LINE('',#15193,#3559);
#2539=LINE('',#15195,#3560);
#2540=LINE('',#15197,#3561);
#2541=LINE('',#15199,#3562);
#2542=LINE('',#15201,#3563);
#2543=LINE('',#15203,#3564);
#2544=VECTOR('',#9789,10.);
#2545=VECTOR('',#9790,10.);
#2546=VECTOR('',#9791,10.);
#2547=VECTOR('',#9792,10.);
#2548=VECTOR('',#9795,10.);
#2549=VECTOR('',#9796,10.);
#2550=VECTOR('',#9797,10.);
#2551=VECTOR('',#9798,10.);
#2552=VECTOR('',#9801,10.);
#2553=VECTOR('',#9802,10.);
#2554=VECTOR('',#9805,10.);
#2555=VECTOR('',#9806,10.);
#2556=VECTOR('',#9807,10.);
#2557=VECTOR('',#9810,10.);
#2558=VECTOR('',#9811,10.);
#2559=VECTOR('',#9812,10.);
#2560=VECTOR('',#9817,10.);
#2561=VECTOR('',#9818,10.);
#2562=VECTOR('',#9821,10.);
#2563=VECTOR('',#9824,10.);
#2564=VECTOR('',#9827,10.);
#2565=VECTOR('',#9828,10.);
#2566=VECTOR('',#9831,10.);
#2567=VECTOR('',#9834,10.);
#2568=VECTOR('',#9837,10.);
#2569=VECTOR('',#9838,10.);
#2570=VECTOR('',#9841,10.);
#2571=VECTOR('',#9846,10.);
#2572=VECTOR('',#9849,10.);
#2573=VECTOR('',#9852,10.);
#2574=VECTOR('',#9855,10.);
#2575=VECTOR('',#9858,10.);
#2576=VECTOR('',#9861,10.);
#2577=VECTOR('',#9864,10.);
#2578=VECTOR('',#9867,10.);
#2579=VECTOR('',#9870,10.);
#2580=VECTOR('',#9873,10.);
#2581=VECTOR('',#9876,10.);
#2582=VECTOR('',#9879,10.);
#2583=VECTOR('',#9886,10.);
#2584=VECTOR('',#9889,10.);
#2585=VECTOR('',#9892,10.);
#2586=VECTOR('',#9895,10.);
#2587=VECTOR('',#9898,10.);
#2588=VECTOR('',#9901,10.);
#2589=VECTOR('',#9904,10.);
#2590=VECTOR('',#9907,10.);
#2591=VECTOR('',#9910,10.);
#2592=VECTOR('',#9913,10.);
#2593=VECTOR('',#9916,10.);
#2594=VECTOR('',#9919,10.);
#2595=VECTOR('',#9922,10.);
#2596=VECTOR('',#9925,10.);
#2597=VECTOR('',#9928,10.);
#2598=VECTOR('',#9931,10.);
#2599=VECTOR('',#9934,10.);
#2600=VECTOR('',#9937,10.);
#2601=VECTOR('',#9940,10.);
#2602=VECTOR('',#9943,10.);
#2603=VECTOR('',#9946,10.);
#2604=VECTOR('',#9949,10.);
#2605=VECTOR('',#9952,10.);
#2606=VECTOR('',#9955,10.);
#2607=VECTOR('',#9958,10.);
#2608=VECTOR('',#9961,10.);
#2609=VECTOR('',#9964,10.);
#2610=VECTOR('',#9967,10.);
#2611=VECTOR('',#9970,10.);
#2612=VECTOR('',#9973,10.);
#2613=VECTOR('',#9976,10.);
#2614=VECTOR('',#9979,10.);
#2615=VECTOR('',#9982,10.);
#2616=VECTOR('',#9985,10.);
#2617=VECTOR('',#9988,10.);
#2618=VECTOR('',#9991,10.);
#2619=VECTOR('',#9994,10.);
#2620=VECTOR('',#9997,10.);
#2621=VECTOR('',#10000,10.);
#2622=VECTOR('',#10003,10.);
#2623=VECTOR('',#10006,10.);
#2624=VECTOR('',#10009,10.);
#2625=VECTOR('',#10012,10.);
#2626=VECTOR('',#10015,10.);
#2627=VECTOR('',#10018,10.);
#2628=VECTOR('',#10021,10.);
#2629=VECTOR('',#10024,10.);
#2630=VECTOR('',#10027,10.);
#2631=VECTOR('',#10032,10.);
#2632=VECTOR('',#10035,10.);
#2633=VECTOR('',#10038,10.);
#2634=VECTOR('',#10041,10.);
#2635=VECTOR('',#10044,10.);
#2636=VECTOR('',#10047,10.);
#2637=VECTOR('',#10050,10.);
#2638=VECTOR('',#10053,10.);
#2639=VECTOR('',#10054,10.);
#2640=VECTOR('',#10055,10.);
#2641=VECTOR('',#10056,10.);
#2642=VECTOR('',#10057,10.);
#2643=VECTOR('',#10058,10.);
#2644=VECTOR('',#10059,10.);
#2645=VECTOR('',#10060,10.);
#2646=VECTOR('',#10061,10.);
#2647=VECTOR('',#10062,10.);
#2648=VECTOR('',#10063,10.);
#2649=VECTOR('',#10064,10.);
#2650=VECTOR('',#10065,10.);
#2651=VECTOR('',#10066,10.);
#2652=VECTOR('',#10067,10.);
#2653=VECTOR('',#10068,10.);
#2654=VECTOR('',#10069,10.);
#2655=VECTOR('',#10070,10.);
#2656=VECTOR('',#10071,10.);
#2657=VECTOR('',#10072,10.);
#2658=VECTOR('',#10073,10.);
#2659=VECTOR('',#10074,10.);
#2660=VECTOR('',#10075,10.);
#2661=VECTOR('',#10076,10.);
#2662=VECTOR('',#10077,10.);
#2663=VECTOR('',#10078,10.);
#2664=VECTOR('',#10079,10.);
#2665=VECTOR('',#10080,10.);
#2666=VECTOR('',#10081,10.);
#2667=VECTOR('',#10082,10.);
#2668=VECTOR('',#10083,10.);
#2669=VECTOR('',#10084,10.);
#2670=VECTOR('',#10085,10.);
#2671=VECTOR('',#10086,10.);
#2672=VECTOR('',#10087,10.);
#2673=VECTOR('',#10088,10.);
#2674=VECTOR('',#10089,10.);
#2675=VECTOR('',#10090,10.);
#2676=VECTOR('',#10091,10.);
#2677=VECTOR('',#10092,10.);
#2678=VECTOR('',#10093,10.);
#2679=VECTOR('',#10094,10.);
#2680=VECTOR('',#10095,10.);
#2681=VECTOR('',#10096,10.);
#2682=VECTOR('',#10097,10.);
#2683=VECTOR('',#10098,10.);
#2684=VECTOR('',#10099,10.);
#2685=VECTOR('',#10100,10.);
#2686=VECTOR('',#10101,10.);
#2687=VECTOR('',#10102,10.);
#2688=VECTOR('',#10103,10.);
#2689=VECTOR('',#10104,10.);
#2690=VECTOR('',#10105,10.);
#2691=VECTOR('',#10106,10.);
#2692=VECTOR('',#10107,10.);
#2693=VECTOR('',#10108,10.);
#2694=VECTOR('',#10109,10.);
#2695=VECTOR('',#10110,10.);
#2696=VECTOR('',#10111,10.);
#2697=VECTOR('',#10112,10.);
#2698=VECTOR('',#10113,10.);
#2699=VECTOR('',#10114,10.);
#2700=VECTOR('',#10115,10.);
#2701=VECTOR('',#10116,10.);
#2702=VECTOR('',#10117,10.);
#2703=VECTOR('',#10118,10.);
#2704=VECTOR('',#10119,10.);
#2705=VECTOR('',#10120,10.);
#2706=VECTOR('',#10121,10.);
#2707=VECTOR('',#10122,10.);
#2708=VECTOR('',#10123,10.);
#2709=VECTOR('',#10124,10.);
#2710=VECTOR('',#10125,10.);
#2711=VECTOR('',#10126,10.);
#2712=VECTOR('',#10127,10.);
#2713=VECTOR('',#10128,10.);
#2714=VECTOR('',#10129,10.);
#2715=VECTOR('',#10130,10.);
#2716=VECTOR('',#10131,10.);
#2717=VECTOR('',#10132,10.);
#2718=VECTOR('',#10133,10.);
#2719=VECTOR('',#10134,10.);
#2720=VECTOR('',#10135,10.);
#2721=VECTOR('',#10136,10.);
#2722=VECTOR('',#10137,10.);
#2723=VECTOR('',#10138,10.);
#2724=VECTOR('',#10139,10.);
#2725=VECTOR('',#10140,10.);
#2726=VECTOR('',#10141,10.);
#2727=VECTOR('',#10142,10.);
#2728=VECTOR('',#10143,10.);
#2729=VECTOR('',#10144,10.);
#2730=VECTOR('',#10145,10.);
#2731=VECTOR('',#10146,10.);
#2732=VECTOR('',#10147,10.);
#2733=VECTOR('',#10148,10.);
#2734=VECTOR('',#10149,10.);
#2735=VECTOR('',#10150,10.);
#2736=VECTOR('',#10151,10.);
#2737=VECTOR('',#10152,10.);
#2738=VECTOR('',#10153,10.);
#2739=VECTOR('',#10154,10.);
#2740=VECTOR('',#10155,10.);
#2741=VECTOR('',#10156,10.);
#2742=VECTOR('',#10157,10.);
#2743=VECTOR('',#10158,10.);
#2744=VECTOR('',#10159,10.);
#2745=VECTOR('',#10160,10.);
#2746=VECTOR('',#10161,10.);
#2747=VECTOR('',#10162,10.);
#2748=VECTOR('',#10163,10.);
#2749=VECTOR('',#10164,10.);
#2750=VECTOR('',#10165,10.);
#2751=VECTOR('',#10166,10.);
#2752=VECTOR('',#10167,10.);
#2753=VECTOR('',#10168,10.);
#2754=VECTOR('',#10169,10.);
#2755=VECTOR('',#10170,10.);
#2756=VECTOR('',#10171,10.);
#2757=VECTOR('',#10172,10.);
#2758=VECTOR('',#10173,10.);
#2759=VECTOR('',#10174,10.);
#2760=VECTOR('',#10175,10.);
#2761=VECTOR('',#10176,10.);
#2762=VECTOR('',#10177,10.);
#2763=VECTOR('',#10178,10.);
#2764=VECTOR('',#10179,10.);
#2765=VECTOR('',#10180,10.);
#2766=VECTOR('',#10181,10.);
#2767=VECTOR('',#10182,10.);
#2768=VECTOR('',#10183,10.);
#2769=VECTOR('',#10184,10.);
#2770=VECTOR('',#10185,10.);
#2771=VECTOR('',#10186,10.);
#2772=VECTOR('',#10187,10.);
#2773=VECTOR('',#10188,10.);
#2774=VECTOR('',#10189,10.);
#2775=VECTOR('',#10190,10.);
#2776=VECTOR('',#10191,10.);
#2777=VECTOR('',#10192,10.);
#2778=VECTOR('',#10193,10.);
#2779=VECTOR('',#10194,10.);
#2780=VECTOR('',#10195,10.);
#2781=VECTOR('',#10196,10.);
#2782=VECTOR('',#10197,10.);
#2783=VECTOR('',#10198,10.);
#2784=VECTOR('',#10199,10.);
#2785=VECTOR('',#10200,10.);
#2786=VECTOR('',#10201,10.);
#2787=VECTOR('',#10202,10.);
#2788=VECTOR('',#10203,10.);
#2789=VECTOR('',#10204,10.);
#2790=VECTOR('',#10205,10.);
#2791=VECTOR('',#10206,10.);
#2792=VECTOR('',#10207,10.);
#2793=VECTOR('',#10208,10.);
#2794=VECTOR('',#10209,10.);
#2795=VECTOR('',#10210,10.);
#2796=VECTOR('',#10211,10.);
#2797=VECTOR('',#10212,10.);
#2798=VECTOR('',#10213,10.);
#2799=VECTOR('',#10214,10.);
#2800=VECTOR('',#10215,10.);
#2801=VECTOR('',#10228,10.);
#2802=VECTOR('',#10231,10.);
#2803=VECTOR('',#10232,10.);
#2804=VECTOR('',#10235,10.);
#2805=VECTOR('',#10238,10.);
#2806=VECTOR('',#10241,10.);
#2807=VECTOR('',#10242,10.);
#2808=VECTOR('',#10245,10.);
#2809=VECTOR('',#10248,10.);
#2810=VECTOR('',#10251,10.);
#2811=VECTOR('',#10254,10.);
#2812=VECTOR('',#10257,10.);
#2813=VECTOR('',#10260,10.);
#2814=VECTOR('',#10263,10.);
#2815=VECTOR('',#10266,10.);
#2816=VECTOR('',#10269,10.);
#2817=VECTOR('',#10270,10.);
#2818=VECTOR('',#10277,10.);
#2819=VECTOR('',#10280,10.);
#2820=VECTOR('',#10283,10.);
#2821=VECTOR('',#10286,10.);
#2822=VECTOR('',#10289,10.);
#2823=VECTOR('',#10292,10.);
#2824=VECTOR('',#10295,10.);
#2825=VECTOR('',#10298,10.);
#2826=VECTOR('',#10301,10.);
#2827=VECTOR('',#10304,10.);
#2828=VECTOR('',#10307,10.);
#2829=VECTOR('',#10310,10.);
#2830=VECTOR('',#10313,10.);
#2831=VECTOR('',#10316,10.);
#2832=VECTOR('',#10319,10.);
#2833=VECTOR('',#10322,10.);
#2834=VECTOR('',#10325,10.);
#2835=VECTOR('',#10328,10.);
#2836=VECTOR('',#10331,10.);
#2837=VECTOR('',#10334,10.);
#2838=VECTOR('',#10337,10.);
#2839=VECTOR('',#10340,10.);
#2840=VECTOR('',#10343,10.);
#2841=VECTOR('',#10346,10.);
#2842=VECTOR('',#10349,10.);
#2843=VECTOR('',#10352,10.);
#2844=VECTOR('',#10355,10.);
#2845=VECTOR('',#10358,10.);
#2846=VECTOR('',#10361,10.);
#2847=VECTOR('',#10364,10.);
#2848=VECTOR('',#10367,10.);
#2849=VECTOR('',#10370,10.);
#2850=VECTOR('',#10373,10.);
#2851=VECTOR('',#10376,10.);
#2852=VECTOR('',#10379,10.);
#2853=VECTOR('',#10382,10.);
#2854=VECTOR('',#10385,10.);
#2855=VECTOR('',#10388,10.);
#2856=VECTOR('',#10391,10.);
#2857=VECTOR('',#10394,10.);
#2858=VECTOR('',#10397,10.);
#2859=VECTOR('',#10400,10.);
#2860=VECTOR('',#10403,10.);
#2861=VECTOR('',#10406,10.);
#2862=VECTOR('',#10409,10.);
#2863=VECTOR('',#10412,10.);
#2864=VECTOR('',#10415,10.);
#2865=VECTOR('',#10418,10.);
#2866=VECTOR('',#10421,10.);
#2867=VECTOR('',#10424,10.);
#2868=VECTOR('',#10427,10.);
#2869=VECTOR('',#10430,10.);
#2870=VECTOR('',#10433,10.);
#2871=VECTOR('',#10436,10.);
#2872=VECTOR('',#10439,10.);
#2873=VECTOR('',#10442,10.);
#2874=VECTOR('',#10445,10.);
#2875=VECTOR('',#10448,10.);
#2876=VECTOR('',#10451,10.);
#2877=VECTOR('',#10454,10.);
#2878=VECTOR('',#10457,10.);
#2879=VECTOR('',#10460,10.);
#2880=VECTOR('',#10463,10.);
#2881=VECTOR('',#10466,10.);
#2882=VECTOR('',#10471,4.);
#2883=VECTOR('',#10482,4.);
#2884=VECTOR('',#10489,10.);
#2885=VECTOR('',#10492,10.);
#2886=VECTOR('',#10497,2.);
#2887=VECTOR('',#10506,2.);
#2888=VECTOR('',#10519,10.);
#2889=VECTOR('',#10522,10.);
#2890=VECTOR('',#10525,10.);
#2891=VECTOR('',#10526,10.);
#2892=VECTOR('',#10529,10.);
#2893=VECTOR('',#10534,10.);
#2894=VECTOR('',#10535,10.);
#2895=VECTOR('',#10536,10.);
#2896=VECTOR('',#10537,10.);
#2897=VECTOR('',#10540,10.);
#2898=VECTOR('',#10541,10.);
#2899=VECTOR('',#10542,10.);
#2900=VECTOR('',#10545,10.);
#2901=VECTOR('',#10546,10.);
#2902=VECTOR('',#10547,10.);
#2903=VECTOR('',#10550,10.);
#2904=VECTOR('',#10551,10.);
#2905=VECTOR('',#10552,10.);
#2906=VECTOR('',#10555,10.);
#2907=VECTOR('',#10556,10.);
#2908=VECTOR('',#10557,10.);
#2909=VECTOR('',#10560,10.);
#2910=VECTOR('',#10561,10.);
#2911=VECTOR('',#10564,10.);
#2912=VECTOR('',#10565,10.);
#2913=VECTOR('',#10566,10.);
#2914=VECTOR('',#10567,10.);
#2915=VECTOR('',#10570,10.);
#2916=VECTOR('',#10571,10.);
#2917=VECTOR('',#10572,10.);
#2918=VECTOR('',#10575,10.);
#2919=VECTOR('',#10576,10.);
#2920=VECTOR('',#10577,10.);
#2921=VECTOR('',#10580,10.);
#2922=VECTOR('',#10581,10.);
#2923=VECTOR('',#10584,10.);
#2924=VECTOR('',#10585,10.);
#2925=VECTOR('',#10588,10.);
#2926=VECTOR('',#10589,10.);
#2927=VECTOR('',#10592,10.);
#2928=VECTOR('',#10593,10.);
#2929=VECTOR('',#10596,10.);
#2930=VECTOR('',#10597,10.);
#2931=VECTOR('',#10602,10.);
#2932=VECTOR('',#10603,10.);
#2933=VECTOR('',#10604,10.);
#2934=VECTOR('',#10607,10.);
#2935=VECTOR('',#10608,10.);
#2936=VECTOR('',#10609,10.);
#2937=VECTOR('',#10610,10.);
#2938=VECTOR('',#10611,10.);
#2939=VECTOR('',#10612,10.);
#2940=VECTOR('',#10613,10.);
#2941=VECTOR('',#10616,10.);
#2942=VECTOR('',#10617,10.);
#2943=VECTOR('',#10620,10.);
#2944=VECTOR('',#10621,10.);
#2945=VECTOR('',#10622,10.);
#2946=VECTOR('',#10623,10.);
#2947=VECTOR('',#10624,10.);
#2948=VECTOR('',#10627,10.);
#2949=VECTOR('',#10628,10.);
#2950=VECTOR('',#10631,10.);
#2951=VECTOR('',#10632,10.);
#2952=VECTOR('',#10635,10.);
#2953=VECTOR('',#10636,10.);
#2954=VECTOR('',#10639,10.);
#2955=VECTOR('',#10640,10.);
#2956=VECTOR('',#10643,10.);
#2957=VECTOR('',#10644,10.);
#2958=VECTOR('',#10647,10.);
#2959=VECTOR('',#10648,10.);
#2960=VECTOR('',#10651,10.);
#2961=VECTOR('',#10652,10.);
#2962=VECTOR('',#10655,10.);
#2963=VECTOR('',#10656,10.);
#2964=VECTOR('',#10659,10.);
#2965=VECTOR('',#10664,10.);
#2966=VECTOR('',#10665,10.);
#2967=VECTOR('',#10666,10.);
#2968=VECTOR('',#10667,10.);
#2969=VECTOR('',#10670,10.);
#2970=VECTOR('',#10671,10.);
#2971=VECTOR('',#10672,10.);
#2972=VECTOR('',#10675,10.);
#2973=VECTOR('',#10676,10.);
#2974=VECTOR('',#10677,10.);
#2975=VECTOR('',#10680,10.);
#2976=VECTOR('',#10681,10.);
#2977=VECTOR('',#10682,10.);
#2978=VECTOR('',#10685,10.);
#2979=VECTOR('',#10686,10.);
#2980=VECTOR('',#10689,10.);
#2981=VECTOR('',#10690,10.);
#2982=VECTOR('',#10691,10.);
#2983=VECTOR('',#10694,10.);
#2984=VECTOR('',#10695,10.);
#2985=VECTOR('',#10696,10.);
#2986=VECTOR('',#10699,10.);
#2987=VECTOR('',#10700,10.);
#2988=VECTOR('',#10701,10.);
#2989=VECTOR('',#10702,10.);
#2990=VECTOR('',#10705,10.);
#2991=VECTOR('',#10706,10.);
#2992=VECTOR('',#10707,10.);
#2993=VECTOR('',#10710,10.);
#2994=VECTOR('',#10711,10.);
#2995=VECTOR('',#10714,10.);
#2996=VECTOR('',#10715,10.);
#2997=VECTOR('',#10718,10.);
#2998=VECTOR('',#10719,10.);
#2999=VECTOR('',#10722,10.);
#3000=VECTOR('',#10723,10.);
#3001=VECTOR('',#10726,10.);
#3002=VECTOR('',#10731,10.);
#3003=VECTOR('',#10732,10.);
#3004=VECTOR('',#10733,10.);
#3005=VECTOR('',#10734,10.);
#3006=VECTOR('',#10737,10.);
#3007=VECTOR('',#10738,10.);
#3008=VECTOR('',#10739,10.);
#3009=VECTOR('',#10742,10.);
#3010=VECTOR('',#10743,10.);
#3011=VECTOR('',#10744,10.);
#3012=VECTOR('',#10747,10.);
#3013=VECTOR('',#10748,10.);
#3014=VECTOR('',#10749,10.);
#3015=VECTOR('',#10752,10.);
#3016=VECTOR('',#10753,10.);
#3017=VECTOR('',#10756,10.);
#3018=VECTOR('',#10757,10.);
#3019=VECTOR('',#10758,10.);
#3020=VECTOR('',#10761,10.);
#3021=VECTOR('',#10762,10.);
#3022=VECTOR('',#10763,10.);
#3023=VECTOR('',#10766,10.);
#3024=VECTOR('',#10767,10.);
#3025=VECTOR('',#10768,10.);
#3026=VECTOR('',#10769,10.);
#3027=VECTOR('',#10772,10.);
#3028=VECTOR('',#10773,10.);
#3029=VECTOR('',#10774,10.);
#3030=VECTOR('',#10777,10.);
#3031=VECTOR('',#10778,10.);
#3032=VECTOR('',#10781,10.);
#3033=VECTOR('',#10782,10.);
#3034=VECTOR('',#10785,10.);
#3035=VECTOR('',#10786,10.);
#3036=VECTOR('',#10789,10.);
#3037=VECTOR('',#10790,10.);
#3038=VECTOR('',#10793,10.);
#3039=VECTOR('',#10798,10.);
#3040=VECTOR('',#10799,10.);
#3041=VECTOR('',#10800,10.);
#3042=VECTOR('',#10803,10.);
#3043=VECTOR('',#10804,10.);
#3044=VECTOR('',#10807,10.);
#3045=VECTOR('',#10808,10.);
#3046=VECTOR('',#10811,10.);
#3047=VECTOR('',#10812,10.);
#3048=VECTOR('',#10815,10.);
#3049=VECTOR('',#10816,10.);
#3050=VECTOR('',#10819,10.);
#3051=VECTOR('',#10820,10.);
#3052=VECTOR('',#10823,10.);
#3053=VECTOR('',#10824,10.);
#3054=VECTOR('',#10827,10.);
#3055=VECTOR('',#10828,10.);
#3056=VECTOR('',#10831,10.);
#3057=VECTOR('',#10832,10.);
#3058=VECTOR('',#10833,10.);
#3059=VECTOR('',#10836,10.);
#3060=VECTOR('',#10837,10.);
#3061=VECTOR('',#10838,10.);
#3062=VECTOR('',#10841,10.);
#3063=VECTOR('',#10842,10.);
#3064=VECTOR('',#10843,10.);
#3065=VECTOR('',#10846,10.);
#3066=VECTOR('',#10847,10.);
#3067=VECTOR('',#10848,10.);
#3068=VECTOR('',#10851,10.);
#3069=VECTOR('',#10852,10.);
#3070=VECTOR('',#10853,10.);
#3071=VECTOR('',#10856,10.);
#3072=VECTOR('',#10857,10.);
#3073=VECTOR('',#10860,10.);
#3074=VECTOR('',#10861,10.);
#3075=VECTOR('',#10864,10.);
#3076=VECTOR('',#10865,10.);
#3077=VECTOR('',#10868,10.);
#3078=VECTOR('',#10869,10.);
#3079=VECTOR('',#10872,10.);
#3080=VECTOR('',#10873,10.);
#3081=VECTOR('',#10876,10.);
#3082=VECTOR('',#10877,10.);
#3083=VECTOR('',#10880,10.);
#3084=VECTOR('',#10885,10.);
#3085=VECTOR('',#10886,10.);
#3086=VECTOR('',#10887,10.);
#3087=VECTOR('',#10890,10.);
#3088=VECTOR('',#10891,10.);
#3089=VECTOR('',#10894,10.);
#3090=VECTOR('',#10895,10.);
#3091=VECTOR('',#10898,10.);
#3092=VECTOR('',#10899,10.);
#3093=VECTOR('',#10902,10.);
#3094=VECTOR('',#10903,10.);
#3095=VECTOR('',#10906,10.);
#3096=VECTOR('',#10907,10.);
#3097=VECTOR('',#10910,10.);
#3098=VECTOR('',#10911,10.);
#3099=VECTOR('',#10914,10.);
#3100=VECTOR('',#10915,10.);
#3101=VECTOR('',#10918,10.);
#3102=VECTOR('',#10919,10.);
#3103=VECTOR('',#10922,10.);
#3104=VECTOR('',#10923,10.);
#3105=VECTOR('',#10926,10.);
#3106=VECTOR('',#10927,10.);
#3107=VECTOR('',#10930,10.);
#3108=VECTOR('',#10935,10.);
#3109=VECTOR('',#10936,10.);
#3110=VECTOR('',#10937,10.);
#3111=VECTOR('',#10938,10.);
#3112=VECTOR('',#10941,10.);
#3113=VECTOR('',#10942,10.);
#3114=VECTOR('',#10943,10.);
#3115=VECTOR('',#10946,10.);
#3116=VECTOR('',#10947,10.);
#3117=VECTOR('',#10948,10.);
#3118=VECTOR('',#10951,10.);
#3119=VECTOR('',#10952,10.);
#3120=VECTOR('',#10953,10.);
#3121=VECTOR('',#10956,10.);
#3122=VECTOR('',#10957,10.);
#3123=VECTOR('',#10960,10.);
#3124=VECTOR('',#10961,10.);
#3125=VECTOR('',#10962,10.);
#3126=VECTOR('',#10965,10.);
#3127=VECTOR('',#10966,10.);
#3128=VECTOR('',#10967,10.);
#3129=VECTOR('',#10970,10.);
#3130=VECTOR('',#10971,10.);
#3131=VECTOR('',#10972,10.);
#3132=VECTOR('',#10973,10.);
#3133=VECTOR('',#10976,10.);
#3134=VECTOR('',#10977,10.);
#3135=VECTOR('',#10978,10.);
#3136=VECTOR('',#10981,10.);
#3137=VECTOR('',#10982,10.);
#3138=VECTOR('',#10985,10.);
#3139=VECTOR('',#10986,10.);
#3140=VECTOR('',#10989,10.);
#3141=VECTOR('',#10990,10.);
#3142=VECTOR('',#10993,10.);
#3143=VECTOR('',#10994,10.);
#3144=VECTOR('',#10997,10.);
#3145=VECTOR('',#11002,10.);
#3146=VECTOR('',#11003,10.);
#3147=VECTOR('',#11004,10.);
#3148=VECTOR('',#11005,10.);
#3149=VECTOR('',#11008,10.);
#3150=VECTOR('',#11009,10.);
#3151=VECTOR('',#11010,10.);
#3152=VECTOR('',#11013,10.);
#3153=VECTOR('',#11014,10.);
#3154=VECTOR('',#11015,10.);
#3155=VECTOR('',#11018,10.);
#3156=VECTOR('',#11019,10.);
#3157=VECTOR('',#11020,10.);
#3158=VECTOR('',#11023,10.);
#3159=VECTOR('',#11024,10.);
#3160=VECTOR('',#11027,10.);
#3161=VECTOR('',#11028,10.);
#3162=VECTOR('',#11029,10.);
#3163=VECTOR('',#11032,10.);
#3164=VECTOR('',#11033,10.);
#3165=VECTOR('',#11034,10.);
#3166=VECTOR('',#11037,10.);
#3167=VECTOR('',#11038,10.);
#3168=VECTOR('',#11039,10.);
#3169=VECTOR('',#11040,10.);
#3170=VECTOR('',#11043,10.);
#3171=VECTOR('',#11044,10.);
#3172=VECTOR('',#11045,10.);
#3173=VECTOR('',#11048,10.);
#3174=VECTOR('',#11049,10.);
#3175=VECTOR('',#11052,10.);
#3176=VECTOR('',#11053,10.);
#3177=VECTOR('',#11056,10.);
#3178=VECTOR('',#11057,10.);
#3179=VECTOR('',#11060,10.);
#3180=VECTOR('',#11061,10.);
#3181=VECTOR('',#11064,10.);
#3182=VECTOR('',#11069,10.);
#3183=VECTOR('',#11070,10.);
#3184=VECTOR('',#11071,10.);
#3185=VECTOR('',#11074,10.);
#3186=VECTOR('',#11075,10.);
#3187=VECTOR('',#11076,10.);
#3188=VECTOR('',#11077,10.);
#3189=VECTOR('',#11078,10.);
#3190=VECTOR('',#11079,10.);
#3191=VECTOR('',#11080,10.);
#3192=VECTOR('',#11083,10.);
#3193=VECTOR('',#11084,10.);
#3194=VECTOR('',#11087,10.);
#3195=VECTOR('',#11088,10.);
#3196=VECTOR('',#11089,10.);
#3197=VECTOR('',#11090,10.);
#3198=VECTOR('',#11091,10.);
#3199=VECTOR('',#11094,10.);
#3200=VECTOR('',#11095,10.);
#3201=VECTOR('',#11098,10.);
#3202=VECTOR('',#11099,10.);
#3203=VECTOR('',#11102,10.);
#3204=VECTOR('',#11103,10.);
#3205=VECTOR('',#11106,10.);
#3206=VECTOR('',#11107,10.);
#3207=VECTOR('',#11110,10.);
#3208=VECTOR('',#11111,10.);
#3209=VECTOR('',#11114,10.);
#3210=VECTOR('',#11115,10.);
#3211=VECTOR('',#11118,10.);
#3212=VECTOR('',#11119,10.);
#3213=VECTOR('',#11122,10.);
#3214=VECTOR('',#11123,10.);
#3215=VECTOR('',#11126,10.);
#3216=VECTOR('',#11131,10.);
#3217=VECTOR('',#11132,10.);
#3218=VECTOR('',#11133,10.);
#3219=VECTOR('',#11134,10.);
#3220=VECTOR('',#11137,10.);
#3221=VECTOR('',#11138,10.);
#3222=VECTOR('',#11139,10.);
#3223=VECTOR('',#11142,10.);
#3224=VECTOR('',#11143,10.);
#3225=VECTOR('',#11144,10.);
#3226=VECTOR('',#11147,10.);
#3227=VECTOR('',#11148,10.);
#3228=VECTOR('',#11149,10.);
#3229=VECTOR('',#11152,10.);
#3230=VECTOR('',#11153,10.);
#3231=VECTOR('',#11154,10.);
#3232=VECTOR('',#11157,10.);
#3233=VECTOR('',#11158,10.);
#3234=VECTOR('',#11161,10.);
#3235=VECTOR('',#11162,10.);
#3236=VECTOR('',#11163,10.);
#3237=VECTOR('',#11164,10.);
#3238=VECTOR('',#11167,10.);
#3239=VECTOR('',#11168,10.);
#3240=VECTOR('',#11169,10.);
#3241=VECTOR('',#11172,10.);
#3242=VECTOR('',#11173,10.);
#3243=VECTOR('',#11174,10.);
#3244=VECTOR('',#11177,10.);
#3245=VECTOR('',#11178,10.);
#3246=VECTOR('',#11181,10.);
#3247=VECTOR('',#11182,10.);
#3248=VECTOR('',#11185,10.);
#3249=VECTOR('',#11186,10.);
#3250=VECTOR('',#11189,10.);
#3251=VECTOR('',#11190,10.);
#3252=VECTOR('',#11193,10.);
#3253=VECTOR('',#11194,10.);
#3254=VECTOR('',#11199,10.);
#3255=VECTOR('',#11200,10.);
#3256=VECTOR('',#11201,10.);
#3257=VECTOR('',#11202,10.);
#3258=VECTOR('',#11205,10.);
#3259=VECTOR('',#11206,10.);
#3260=VECTOR('',#11207,10.);
#3261=VECTOR('',#11210,10.);
#3262=VECTOR('',#11211,10.);
#3263=VECTOR('',#11212,10.);
#3264=VECTOR('',#11215,10.);
#3265=VECTOR('',#11216,10.);
#3266=VECTOR('',#11217,10.);
#3267=VECTOR('',#11220,10.);
#3268=VECTOR('',#11221,10.);
#3269=VECTOR('',#11222,10.);
#3270=VECTOR('',#11225,10.);
#3271=VECTOR('',#11226,10.);
#3272=VECTOR('',#11229,10.);
#3273=VECTOR('',#11230,10.);
#3274=VECTOR('',#11231,10.);
#3275=VECTOR('',#11234,10.);
#3276=VECTOR('',#11235,10.);
#3277=VECTOR('',#11236,10.);
#3278=VECTOR('',#11239,10.);
#3279=VECTOR('',#11240,10.);
#3280=VECTOR('',#11241,10.);
#3281=VECTOR('',#11244,10.);
#3282=VECTOR('',#11245,10.);
#3283=VECTOR('',#11246,10.);
#3284=VECTOR('',#11249,10.);
#3285=VECTOR('',#11250,10.);
#3286=VECTOR('',#11251,10.);
#3287=VECTOR('',#11254,10.);
#3288=VECTOR('',#11255,10.);
#3289=VECTOR('',#11258,10.);
#3290=VECTOR('',#11259,10.);
#3291=VECTOR('',#11262,10.);
#3292=VECTOR('',#11263,10.);
#3293=VECTOR('',#11266,10.);
#3294=VECTOR('',#11267,10.);
#3295=VECTOR('',#11270,10.);
#3296=VECTOR('',#11275,10.);
#3297=VECTOR('',#11276,10.);
#3298=VECTOR('',#11277,10.);
#3299=VECTOR('',#11280,10.);
#3300=VECTOR('',#11281,10.);
#3301=VECTOR('',#11284,10.);
#3302=VECTOR('',#11285,10.);
#3303=VECTOR('',#11288,10.);
#3304=VECTOR('',#11289,10.);
#3305=VECTOR('',#11292,10.);
#3306=VECTOR('',#11293,10.);
#3307=VECTOR('',#11296,10.);
#3308=VECTOR('',#11297,10.);
#3309=VECTOR('',#11300,10.);
#3310=VECTOR('',#11301,10.);
#3311=VECTOR('',#11304,10.);
#3312=VECTOR('',#11305,10.);
#3313=VECTOR('',#11308,10.);
#3314=VECTOR('',#11309,10.);
#3315=VECTOR('',#11312,10.);
#3316=VECTOR('',#11313,10.);
#3317=VECTOR('',#11316,10.);
#3318=VECTOR('',#11317,10.);
#3319=VECTOR('',#11320,10.);
#3320=VECTOR('',#11325,10.);
#3321=VECTOR('',#11326,10.);
#3322=VECTOR('',#11327,10.);
#3323=VECTOR('',#11330,10.);
#3324=VECTOR('',#11331,10.);
#3325=VECTOR('',#11334,10.);
#3326=VECTOR('',#11335,10.);
#3327=VECTOR('',#11338,10.);
#3328=VECTOR('',#11339,10.);
#3329=VECTOR('',#11342,10.);
#3330=VECTOR('',#11343,10.);
#3331=VECTOR('',#11346,10.);
#3332=VECTOR('',#11347,10.);
#3333=VECTOR('',#11350,10.);
#3334=VECTOR('',#11351,10.);
#3335=VECTOR('',#11354,10.);
#3336=VECTOR('',#11355,10.);
#3337=VECTOR('',#11358,10.);
#3338=VECTOR('',#11359,10.);
#3339=VECTOR('',#11360,10.);
#3340=VECTOR('',#11363,10.);
#3341=VECTOR('',#11364,10.);
#3342=VECTOR('',#11365,10.);
#3343=VECTOR('',#11368,10.);
#3344=VECTOR('',#11369,10.);
#3345=VECTOR('',#11370,10.);
#3346=VECTOR('',#11373,10.);
#3347=VECTOR('',#11374,10.);
#3348=VECTOR('',#11375,10.);
#3349=VECTOR('',#11378,10.);
#3350=VECTOR('',#11379,10.);
#3351=VECTOR('',#11380,10.);
#3352=VECTOR('',#11383,10.);
#3353=VECTOR('',#11384,10.);
#3354=VECTOR('',#11387,10.);
#3355=VECTOR('',#11388,10.);
#3356=VECTOR('',#11391,10.);
#3357=VECTOR('',#11392,10.);
#3358=VECTOR('',#11395,10.);
#3359=VECTOR('',#11396,10.);
#3360=VECTOR('',#11399,10.);
#3361=VECTOR('',#11400,10.);
#3362=VECTOR('',#11403,10.);
#3363=VECTOR('',#11404,10.);
#3364=VECTOR('',#11407,10.);
#3365=VECTOR('',#11412,10.);
#3366=VECTOR('',#11413,10.);
#3367=VECTOR('',#11414,10.);
#3368=VECTOR('',#11415,10.);
#3369=VECTOR('',#11418,10.);
#3370=VECTOR('',#11419,10.);
#3371=VECTOR('',#11420,10.);
#3372=VECTOR('',#11423,10.);
#3373=VECTOR('',#11424,10.);
#3374=VECTOR('',#11425,10.);
#3375=VECTOR('',#11428,10.);
#3376=VECTOR('',#11429,10.);
#3377=VECTOR('',#11430,10.);
#3378=VECTOR('',#11433,10.);
#3379=VECTOR('',#11434,10.);
#3380=VECTOR('',#11435,10.);
#3381=VECTOR('',#11438,10.);
#3382=VECTOR('',#11439,10.);
#3383=VECTOR('',#11442,10.);
#3384=VECTOR('',#11443,10.);
#3385=VECTOR('',#11444,10.);
#3386=VECTOR('',#11447,10.);
#3387=VECTOR('',#11448,10.);
#3388=VECTOR('',#11449,10.);
#3389=VECTOR('',#11452,10.);
#3390=VECTOR('',#11453,10.);
#3391=VECTOR('',#11454,10.);
#3392=VECTOR('',#11457,10.);
#3393=VECTOR('',#11458,10.);
#3394=VECTOR('',#11459,10.);
#3395=VECTOR('',#11462,10.);
#3396=VECTOR('',#11463,10.);
#3397=VECTOR('',#11464,10.);
#3398=VECTOR('',#11467,10.);
#3399=VECTOR('',#11468,10.);
#3400=VECTOR('',#11471,10.);
#3401=VECTOR('',#11472,10.);
#3402=VECTOR('',#11475,10.);
#3403=VECTOR('',#11476,10.);
#3404=VECTOR('',#11479,10.);
#3405=VECTOR('',#11480,10.);
#3406=VECTOR('',#11483,10.);
#3407=VECTOR('',#11502,10.);
#3408=VECTOR('',#11503,10.);
#3409=VECTOR('',#11506,10.);
#3410=VECTOR('',#11509,10.);
#3411=VECTOR('',#11512,10.);
#3412=VECTOR('',#11515,10.);
#3413=VECTOR('',#11518,10.);
#3414=VECTOR('',#11521,10.);
#3415=VECTOR('',#11526,10.);
#3416=VECTOR('',#11527,10.);
#3417=VECTOR('',#11530,10.);
#3418=VECTOR('',#11533,10.);
#3419=VECTOR('',#11536,10.);
#3420=VECTOR('',#11539,10.);
#3421=VECTOR('',#11542,10.);
#3422=VECTOR('',#11545,10.);
#3423=VECTOR('',#11550,10.);
#3424=VECTOR('',#11551,10.);
#3425=VECTOR('',#11554,10.);
#3426=VECTOR('',#11557,10.);
#3427=VECTOR('',#11560,10.);
#3428=VECTOR('',#11563,10.);
#3429=VECTOR('',#11566,10.);
#3430=VECTOR('',#11569,10.);
#3431=VECTOR('',#11574,1.6);
#3432=VECTOR('',#11579,1.6);
#3433=VECTOR('',#11582,10.);
#3434=VECTOR('',#11583,10.);
#3435=VECTOR('',#11586,10.);
#3436=VECTOR('',#11589,10.);
#3437=VECTOR('',#11592,10.);
#3438=VECTOR('',#11595,10.);
#3439=VECTOR('',#11598,10.);
#3440=VECTOR('',#11601,10.);
#3441=VECTOR('',#11606,10.);
#3442=VECTOR('',#11607,10.);
#3443=VECTOR('',#11610,10.);
#3444=VECTOR('',#11613,10.);
#3445=VECTOR('',#11616,10.);
#3446=VECTOR('',#11619,10.);
#3447=VECTOR('',#11622,10.);
#3448=VECTOR('',#11625,10.);
#3449=VECTOR('',#11630,10.);
#3450=VECTOR('',#11631,10.);
#3451=VECTOR('',#11634,10.);
#3452=VECTOR('',#11637,10.);
#3453=VECTOR('',#11640,10.);
#3454=VECTOR('',#11643,10.);
#3455=VECTOR('',#11646,10.);
#3456=VECTOR('',#11649,10.);
#3457=VECTOR('',#11654,10.);
#3458=VECTOR('',#11655,10.);
#3459=VECTOR('',#11658,10.);
#3460=VECTOR('',#11661,10.);
#3461=VECTOR('',#11664,10.);
#3462=VECTOR('',#11667,10.);
#3463=VECTOR('',#11670,10.);
#3464=VECTOR('',#11673,10.);
#3465=VECTOR('',#11678,10.);
#3466=VECTOR('',#11679,10.);
#3467=VECTOR('',#11682,10.);
#3468=VECTOR('',#11685,10.);
#3469=VECTOR('',#11688,10.);
#3470=VECTOR('',#11691,10.);
#3471=VECTOR('',#11694,10.);
#3472=VECTOR('',#11697,10.);
#3473=VECTOR('',#11702,10.);
#3474=VECTOR('',#11703,10.);
#3475=VECTOR('',#11706,10.);
#3476=VECTOR('',#11709,10.);
#3477=VECTOR('',#11712,10.);
#3478=VECTOR('',#11715,10.);
#3479=VECTOR('',#11718,10.);
#3480=VECTOR('',#11721,10.);
#3481=VECTOR('',#11726,10.);
#3482=VECTOR('',#11727,10.);
#3483=VECTOR('',#11730,10.);
#3484=VECTOR('',#11733,10.);
#3485=VECTOR('',#11736,10.);
#3486=VECTOR('',#11739,10.);
#3487=VECTOR('',#11742,10.);
#3488=VECTOR('',#11745,10.);
#3489=VECTOR('',#11750,10.);
#3490=VECTOR('',#11751,10.);
#3491=VECTOR('',#11754,10.);
#3492=VECTOR('',#11757,10.);
#3493=VECTOR('',#11760,10.);
#3494=VECTOR('',#11763,10.);
#3495=VECTOR('',#11766,10.);
#3496=VECTOR('',#11769,10.);
#3497=VECTOR('',#11774,10.);
#3498=VECTOR('',#11775,10.);
#3499=VECTOR('',#11778,10.);
#3500=VECTOR('',#11781,10.);
#3501=VECTOR('',#11784,10.);
#3502=VECTOR('',#11787,10.);
#3503=VECTOR('',#11790,10.);
#3504=VECTOR('',#11793,10.);
#3505=VECTOR('',#11798,10.);
#3506=VECTOR('',#11799,10.);
#3507=VECTOR('',#11802,10.);
#3508=VECTOR('',#11805,10.);
#3509=VECTOR('',#11808,10.);
#3510=VECTOR('',#11811,10.);
#3511=VECTOR('',#11814,10.);
#3512=VECTOR('',#11817,10.);
#3513=VECTOR('',#11822,10.);
#3514=VECTOR('',#11823,10.);
#3515=VECTOR('',#11826,10.);
#3516=VECTOR('',#11829,10.);
#3517=VECTOR('',#11832,10.);
#3518=VECTOR('',#11835,10.);
#3519=VECTOR('',#11838,10.);
#3520=VECTOR('',#11841,10.);
#3521=VECTOR('',#11846,10.);
#3522=VECTOR('',#11847,10.);
#3523=VECTOR('',#11850,10.);
#3524=VECTOR('',#11853,10.);
#3525=VECTOR('',#11856,10.);
#3526=VECTOR('',#11859,10.);
#3527=VECTOR('',#11862,10.);
#3528=VECTOR('',#11865,10.);
#3529=VECTOR('',#11870,1.6);
#3530=VECTOR('',#11873,10.);
#3531=VECTOR('',#11874,10.);
#3532=VECTOR('',#11877,10.);
#3533=VECTOR('',#11880,10.);
#3534=VECTOR('',#11883,10.);
#3535=VECTOR('',#11886,10.);
#3536=VECTOR('',#11889,10.);
#3537=VECTOR('',#11892,10.);
#3538=VECTOR('',#11897,10.);
#3539=VECTOR('',#11898,10.);
#3540=VECTOR('',#11901,10.);
#3541=VECTOR('',#11904,10.);
#3542=VECTOR('',#11907,10.);
#3543=VECTOR('',#11910,10.);
#3544=VECTOR('',#11913,10.);
#3545=VECTOR('',#11916,10.);
#3546=VECTOR('',#11921,10.);
#3547=VECTOR('',#11922,10.);
#3548=VECTOR('',#11925,10.);
#3549=VECTOR('',#11928,10.);
#3550=VECTOR('',#11931,10.);
#3551=VECTOR('',#11934,10.);
#3552=VECTOR('',#11937,10.);
#3553=VECTOR('',#11940,10.);
#3554=VECTOR('',#11943,10.);
#3555=VECTOR('',#11948,10.);
#3556=VECTOR('',#11951,10.);
#3557=VECTOR('',#11954,10.);
#3558=VECTOR('',#11957,10.);
#3559=VECTOR('',#11960,10.);
#3560=VECTOR('',#11963,10.);
#3561=VECTOR('',#11966,10.);
#3562=VECTOR('',#11969,10.);
#3563=VECTOR('',#11972,10.);
#3564=VECTOR('',#11975,10.);
#3565=VERTEX_POINT('',#11984);
#3566=VERTEX_POINT('',#11985);
#3567=VERTEX_POINT('',#11987);
#3568=VERTEX_POINT('',#11989);
#3569=VERTEX_POINT('',#11993);
#3570=VERTEX_POINT('',#11994);
#3571=VERTEX_POINT('',#11996);
#3572=VERTEX_POINT('',#11998);
#3573=VERTEX_POINT('',#12005);
#3574=VERTEX_POINT('',#12007);
#3575=VERTEX_POINT('',#12011);
#3576=VERTEX_POINT('',#12013);
#3577=VERTEX_POINT('',#12017);
#3578=VERTEX_POINT('',#12019);
#3579=VERTEX_POINT('',#12021);
#3580=VERTEX_POINT('',#12023);
#3581=VERTEX_POINT('',#12025);
#3582=VERTEX_POINT('',#12027);
#3583=VERTEX_POINT('',#12029);
#3584=VERTEX_POINT('',#12031);
#3585=VERTEX_POINT('',#12033);
#3586=VERTEX_POINT('',#12035);
#3587=VERTEX_POINT('',#12037);
#3588=VERTEX_POINT('',#12039);
#3589=VERTEX_POINT('',#12041);
#3590=VERTEX_POINT('',#12043);
#3591=VERTEX_POINT('',#12045);
#3592=VERTEX_POINT('',#12047);
#3593=VERTEX_POINT('',#12049);
#3594=VERTEX_POINT('',#12051);
#3595=VERTEX_POINT('',#12053);
#3596=VERTEX_POINT('',#12056);
#3597=VERTEX_POINT('',#12057);
#3598=VERTEX_POINT('',#12059);
#3599=VERTEX_POINT('',#12061);
#3600=VERTEX_POINT('',#12063);
#3601=VERTEX_POINT('',#12065);
#3602=VERTEX_POINT('',#12067);
#3603=VERTEX_POINT('',#12069);
#3604=VERTEX_POINT('',#12072);
#3605=VERTEX_POINT('',#12073);
#3606=VERTEX_POINT('',#12075);
#3607=VERTEX_POINT('',#12077);
#3608=VERTEX_POINT('',#12079);
#3609=VERTEX_POINT('',#12081);
#3610=VERTEX_POINT('',#12083);
#3611=VERTEX_POINT('',#12085);
#3612=VERTEX_POINT('',#12088);
#3613=VERTEX_POINT('',#12089);
#3614=VERTEX_POINT('',#12091);
#3615=VERTEX_POINT('',#12093);
#3616=VERTEX_POINT('',#12095);
#3617=VERTEX_POINT('',#12097);
#3618=VERTEX_POINT('',#12099);
#3619=VERTEX_POINT('',#12101);
#3620=VERTEX_POINT('',#12104);
#3621=VERTEX_POINT('',#12106);
#3622=VERTEX_POINT('',#12108);
#3623=VERTEX_POINT('',#12109);
#3624=VERTEX_POINT('',#12111);
#3625=VERTEX_POINT('',#12113);
#3626=VERTEX_POINT('',#12115);
#3627=VERTEX_POINT('',#12117);
#3628=VERTEX_POINT('',#12119);
#3629=VERTEX_POINT('',#12121);
#3630=VERTEX_POINT('',#12124);
#3631=VERTEX_POINT('',#12125);
#3632=VERTEX_POINT('',#12127);
#3633=VERTEX_POINT('',#12129);
#3634=VERTEX_POINT('',#12131);
#3635=VERTEX_POINT('',#12133);
#3636=VERTEX_POINT('',#12135);
#3637=VERTEX_POINT('',#12137);
#3638=VERTEX_POINT('',#12140);
#3639=VERTEX_POINT('',#12141);
#3640=VERTEX_POINT('',#12143);
#3641=VERTEX_POINT('',#12145);
#3642=VERTEX_POINT('',#12147);
#3643=VERTEX_POINT('',#12149);
#3644=VERTEX_POINT('',#12151);
#3645=VERTEX_POINT('',#12153);
#3646=VERTEX_POINT('',#12156);
#3647=VERTEX_POINT('',#12157);
#3648=VERTEX_POINT('',#12159);
#3649=VERTEX_POINT('',#12161);
#3650=VERTEX_POINT('',#12163);
#3651=VERTEX_POINT('',#12165);
#3652=VERTEX_POINT('',#12167);
#3653=VERTEX_POINT('',#12169);
#3654=VERTEX_POINT('',#12172);
#3655=VERTEX_POINT('',#12173);
#3656=VERTEX_POINT('',#12175);
#3657=VERTEX_POINT('',#12177);
#3658=VERTEX_POINT('',#12179);
#3659=VERTEX_POINT('',#12181);
#3660=VERTEX_POINT('',#12183);
#3661=VERTEX_POINT('',#12185);
#3662=VERTEX_POINT('',#12188);
#3663=VERTEX_POINT('',#12189);
#3664=VERTEX_POINT('',#12191);
#3665=VERTEX_POINT('',#12193);
#3666=VERTEX_POINT('',#12195);
#3667=VERTEX_POINT('',#12197);
#3668=VERTEX_POINT('',#12199);
#3669=VERTEX_POINT('',#12201);
#3670=VERTEX_POINT('',#12204);
#3671=VERTEX_POINT('',#12205);
#3672=VERTEX_POINT('',#12207);
#3673=VERTEX_POINT('',#12209);
#3674=VERTEX_POINT('',#12211);
#3675=VERTEX_POINT('',#12213);
#3676=VERTEX_POINT('',#12215);
#3677=VERTEX_POINT('',#12217);
#3678=VERTEX_POINT('',#12220);
#3679=VERTEX_POINT('',#12221);
#3680=VERTEX_POINT('',#12223);
#3681=VERTEX_POINT('',#12225);
#3682=VERTEX_POINT('',#12227);
#3683=VERTEX_POINT('',#12229);
#3684=VERTEX_POINT('',#12231);
#3685=VERTEX_POINT('',#12233);
#3686=VERTEX_POINT('',#12236);
#3687=VERTEX_POINT('',#12237);
#3688=VERTEX_POINT('',#12239);
#3689=VERTEX_POINT('',#12241);
#3690=VERTEX_POINT('',#12243);
#3691=VERTEX_POINT('',#12245);
#3692=VERTEX_POINT('',#12247);
#3693=VERTEX_POINT('',#12249);
#3694=VERTEX_POINT('',#12252);
#3695=VERTEX_POINT('',#12253);
#3696=VERTEX_POINT('',#12255);
#3697=VERTEX_POINT('',#12257);
#3698=VERTEX_POINT('',#12259);
#3699=VERTEX_POINT('',#12261);
#3700=VERTEX_POINT('',#12263);
#3701=VERTEX_POINT('',#12265);
#3702=VERTEX_POINT('',#12268);
#3703=VERTEX_POINT('',#12269);
#3704=VERTEX_POINT('',#12271);
#3705=VERTEX_POINT('',#12273);
#3706=VERTEX_POINT('',#12275);
#3707=VERTEX_POINT('',#12277);
#3708=VERTEX_POINT('',#12279);
#3709=VERTEX_POINT('',#12281);
#3710=VERTEX_POINT('',#12284);
#3711=VERTEX_POINT('',#12285);
#3712=VERTEX_POINT('',#12287);
#3713=VERTEX_POINT('',#12289);
#3714=VERTEX_POINT('',#12291);
#3715=VERTEX_POINT('',#12293);
#3716=VERTEX_POINT('',#12295);
#3717=VERTEX_POINT('',#12297);
#3718=VERTEX_POINT('',#12300);
#3719=VERTEX_POINT('',#12302);
#3720=VERTEX_POINT('',#12303);
#3721=VERTEX_POINT('',#12305);
#3722=VERTEX_POINT('',#12307);
#3723=VERTEX_POINT('',#12309);
#3724=VERTEX_POINT('',#12311);
#3725=VERTEX_POINT('',#12313);
#3726=VERTEX_POINT('',#12315);
#3727=VERTEX_POINT('',#12318);
#3728=VERTEX_POINT('',#12319);
#3729=VERTEX_POINT('',#12321);
#3730=VERTEX_POINT('',#12323);
#3731=VERTEX_POINT('',#12325);
#3732=VERTEX_POINT('',#12327);
#3733=VERTEX_POINT('',#12329);
#3734=VERTEX_POINT('',#12331);
#3735=VERTEX_POINT('',#12334);
#3736=VERTEX_POINT('',#12335);
#3737=VERTEX_POINT('',#12337);
#3738=VERTEX_POINT('',#12339);
#3739=VERTEX_POINT('',#12341);
#3740=VERTEX_POINT('',#12343);
#3741=VERTEX_POINT('',#12345);
#3742=VERTEX_POINT('',#12347);
#3743=VERTEX_POINT('',#12351);
#3744=VERTEX_POINT('',#12353);
#3745=VERTEX_POINT('',#12357);
#3746=VERTEX_POINT('',#12359);
#3747=VERTEX_POINT('',#12363);
#3748=VERTEX_POINT('',#12365);
#3749=VERTEX_POINT('',#12370);
#3750=VERTEX_POINT('',#12371);
#3751=VERTEX_POINT('',#12373);
#3752=VERTEX_POINT('',#12375);
#3753=VERTEX_POINT('',#12377);
#3754=VERTEX_POINT('',#12379);
#3755=VERTEX_POINT('',#12381);
#3756=VERTEX_POINT('',#12383);
#3757=VERTEX_POINT('',#12385);
#3758=VERTEX_POINT('',#12387);
#3759=VERTEX_POINT('',#12391);
#3760=VERTEX_POINT('',#12393);
#3761=VERTEX_POINT('',#12397);
#3762=VERTEX_POINT('',#12399);
#3763=VERTEX_POINT('',#12403);
#3764=VERTEX_POINT('',#12405);
#3765=VERTEX_POINT('',#12409);
#3766=VERTEX_POINT('',#12411);
#3767=VERTEX_POINT('',#12415);
#3768=VERTEX_POINT('',#12417);
#3769=VERTEX_POINT('',#12419);
#3770=VERTEX_POINT('',#12421);
#3771=VERTEX_POINT('',#12423);
#3772=VERTEX_POINT('',#12425);
#3773=VERTEX_POINT('',#12427);
#3774=VERTEX_POINT('',#12430);
#3775=VERTEX_POINT('',#12431);
#3776=VERTEX_POINT('',#12433);
#3777=VERTEX_POINT('',#12435);
#3778=VERTEX_POINT('',#12437);
#3779=VERTEX_POINT('',#12439);
#3780=VERTEX_POINT('',#12441);
#3781=VERTEX_POINT('',#12443);
#3782=VERTEX_POINT('',#12445);
#3783=VERTEX_POINT('',#12447);
#3784=VERTEX_POINT('',#12449);
#3785=VERTEX_POINT('',#12451);
#3786=VERTEX_POINT('',#12454);
#3787=VERTEX_POINT('',#12455);
#3788=VERTEX_POINT('',#12457);
#3789=VERTEX_POINT('',#12459);
#3790=VERTEX_POINT('',#12461);
#3791=VERTEX_POINT('',#12463);
#3792=VERTEX_POINT('',#12465);
#3793=VERTEX_POINT('',#12467);
#3794=VERTEX_POINT('',#12471);
#3795=VERTEX_POINT('',#12473);
#3796=VERTEX_POINT('',#12477);
#3797=VERTEX_POINT('',#12479);
#3798=VERTEX_POINT('',#12483);
#3799=VERTEX_POINT('',#12485);
#3800=VERTEX_POINT('',#12490);
#3801=VERTEX_POINT('',#12491);
#3802=VERTEX_POINT('',#12493);
#3803=VERTEX_POINT('',#12497);
#3804=VERTEX_POINT('',#12499);
#3805=VERTEX_POINT('',#12501);
#3806=VERTEX_POINT('',#12503);
#3807=VERTEX_POINT('',#12505);
#3808=VERTEX_POINT('',#12507);
#3809=VERTEX_POINT('',#12511);
#3810=VERTEX_POINT('',#12513);
#3811=VERTEX_POINT('',#12517);
#3812=VERTEX_POINT('',#12522);
#3813=VERTEX_POINT('',#12523);
#3814=VERTEX_POINT('',#12525);
#3815=VERTEX_POINT('',#12527);
#3816=VERTEX_POINT('',#12529);
#3817=VERTEX_POINT('',#12531);
#3818=VERTEX_POINT('',#12533);
#3819=VERTEX_POINT('',#12535);
#3820=VERTEX_POINT('',#12537);
#3821=VERTEX_POINT('',#12539);
#3822=VERTEX_POINT('',#12541);
#3823=VERTEX_POINT('',#12543);
#3824=VERTEX_POINT('',#12547);
#3825=VERTEX_POINT('',#12551);
#3826=VERTEX_POINT('',#12555);
#3827=VERTEX_POINT('',#12557);
#3828=VERTEX_POINT('',#12559);
#3829=VERTEX_POINT('',#12563);
#3830=VERTEX_POINT('',#12567);
#3831=VERTEX_POINT('',#12571);
#3832=VERTEX_POINT('',#12575);
#3833=VERTEX_POINT('',#12580);
#3834=VERTEX_POINT('',#12581);
#3835=VERTEX_POINT('',#12583);
#3836=VERTEX_POINT('',#12585);
#3837=VERTEX_POINT('',#12587);
#3838=VERTEX_POINT('',#12589);
#3839=VERTEX_POINT('',#12591);
#3840=VERTEX_POINT('',#12593);
#3841=VERTEX_POINT('',#12597);
#3842=VERTEX_POINT('',#12599);
#3843=VERTEX_POINT('',#12603);
#3844=VERTEX_POINT('',#12607);
#3845=VERTEX_POINT('',#12609);
#3846=VERTEX_POINT('',#12614);
#3847=VERTEX_POINT('',#12615);
#3848=VERTEX_POINT('',#12617);
#3849=VERTEX_POINT('',#12619);
#3850=VERTEX_POINT('',#12621);
#3851=VERTEX_POINT('',#12623);
#3852=VERTEX_POINT('',#12625);
#3853=VERTEX_POINT('',#12627);
#3854=VERTEX_POINT('',#12631);
#3855=VERTEX_POINT('',#12633);
#3856=VERTEX_POINT('',#12637);
#3857=VERTEX_POINT('',#12641);
#3858=VERTEX_POINT('',#12643);
#3859=VERTEX_POINT('',#12648);
#3860=VERTEX_POINT('',#12649);
#3861=VERTEX_POINT('',#12651);
#3862=VERTEX_POINT('',#12653);
#3863=VERTEX_POINT('',#12655);
#3864=VERTEX_POINT('',#12657);
#3865=VERTEX_POINT('',#12659);
#3866=VERTEX_POINT('',#12661);
#3867=VERTEX_POINT('',#12663);
#3868=VERTEX_POINT('',#12665);
#3869=VERTEX_POINT('',#12667);
#3870=VERTEX_POINT('',#12669);
#3871=VERTEX_POINT('',#12672);
#3872=VERTEX_POINT('',#12673);
#3873=VERTEX_POINT('',#12675);
#3874=VERTEX_POINT('',#12677);
#3875=VERTEX_POINT('',#12679);
#3876=VERTEX_POINT('',#12681);
#3877=VERTEX_POINT('',#12683);
#3878=VERTEX_POINT('',#12685);
#3879=VERTEX_POINT('',#12687);
#3880=VERTEX_POINT('',#12689);
#3881=VERTEX_POINT('',#12693);
#3882=VERTEX_POINT('',#12695);
#3883=VERTEX_POINT('',#12699);
#3884=VERTEX_POINT('',#12701);
#3885=VERTEX_POINT('',#12705);
#3886=VERTEX_POINT('',#12707);
#3887=VERTEX_POINT('',#12711);
#3888=VERTEX_POINT('',#12713);
#3889=VERTEX_POINT('',#12717);
#3890=VERTEX_POINT('',#12719);
#3891=VERTEX_POINT('',#12721);
#3892=VERTEX_POINT('',#12723);
#3893=VERTEX_POINT('',#12725);
#3894=VERTEX_POINT('',#12727);
#3895=VERTEX_POINT('',#12729);
#3896=VERTEX_POINT('',#12732);
#3897=VERTEX_POINT('',#12733);
#3898=VERTEX_POINT('',#12735);
#3899=VERTEX_POINT('',#12737);
#3900=VERTEX_POINT('',#12739);
#3901=VERTEX_POINT('',#12741);
#3902=VERTEX_POINT('',#12743);
#3903=VERTEX_POINT('',#12745);
#3904=VERTEX_POINT('',#12749);
#3905=VERTEX_POINT('',#12751);
#3906=VERTEX_POINT('',#12755);
#3907=VERTEX_POINT('',#12759);
#3908=VERTEX_POINT('',#12761);
#3909=VERTEX_POINT('',#12766);
#3910=VERTEX_POINT('',#12767);
#3911=VERTEX_POINT('',#12769);
#3912=VERTEX_POINT('',#12771);
#3913=VERTEX_POINT('',#12773);
#3914=VERTEX_POINT('',#12775);
#3915=VERTEX_POINT('',#12777);
#3916=VERTEX_POINT('',#12779);
#3917=VERTEX_POINT('',#12783);
#3918=VERTEX_POINT('',#12785);
#3919=VERTEX_POINT('',#12789);
#3920=VERTEX_POINT('',#12793);
#3921=VERTEX_POINT('',#12795);
#3922=VERTEX_POINT('',#12800);
#3923=VERTEX_POINT('',#12801);
#3924=VERTEX_POINT('',#12803);
#3925=VERTEX_POINT('',#12805);
#3926=VERTEX_POINT('',#12807);
#3927=VERTEX_POINT('',#12809);
#3928=VERTEX_POINT('',#12811);
#3929=VERTEX_POINT('',#12813);
#3930=VERTEX_POINT('',#12815);
#3931=VERTEX_POINT('',#12817);
#3932=VERTEX_POINT('',#12819);
#3933=VERTEX_POINT('',#12821);
#3934=VERTEX_POINT('',#12825);
#3935=VERTEX_POINT('',#12829);
#3936=VERTEX_POINT('',#12833);
#3937=VERTEX_POINT('',#12835);
#3938=VERTEX_POINT('',#12837);
#3939=VERTEX_POINT('',#12841);
#3940=VERTEX_POINT('',#12845);
#3941=VERTEX_POINT('',#12849);
#3942=VERTEX_POINT('',#12853);
#3943=VERTEX_POINT('',#12858);
#3944=VERTEX_POINT('',#12859);
#3945=VERTEX_POINT('',#12861);
#3946=VERTEX_POINT('',#12865);
#3947=VERTEX_POINT('',#12867);
#3948=VERTEX_POINT('',#12869);
#3949=VERTEX_POINT('',#12871);
#3950=VERTEX_POINT('',#12873);
#3951=VERTEX_POINT('',#12875);
#3952=VERTEX_POINT('',#12879);
#3953=VERTEX_POINT('',#12881);
#3954=VERTEX_POINT('',#12885);
#3955=VERTEX_POINT('',#12891);
#3956=VERTEX_POINT('',#12893);
#3957=VERTEX_POINT('',#12897);
#3958=VERTEX_POINT('',#12899);
#3959=VERTEX_POINT('',#12901);
#3960=VERTEX_POINT('',#12903);
#3961=VERTEX_POINT('',#12905);
#3962=VERTEX_POINT('',#12907);
#3963=VERTEX_POINT('',#12909);
#3964=VERTEX_POINT('',#12911);
#3965=VERTEX_POINT('',#12913);
#3966=VERTEX_POINT('',#12915);
#3967=VERTEX_POINT('',#12917);
#3968=VERTEX_POINT('',#12919);
#3969=VERTEX_POINT('',#12921);
#3970=VERTEX_POINT('',#12923);
#3971=VERTEX_POINT('',#12925);
#3972=VERTEX_POINT('',#12927);
#3973=VERTEX_POINT('',#12929);
#3974=VERTEX_POINT('',#12931);
#3975=VERTEX_POINT('',#12933);
#3976=VERTEX_POINT('',#12935);
#3977=VERTEX_POINT('',#12937);
#3978=VERTEX_POINT('',#12939);
#3979=VERTEX_POINT('',#12941);
#3980=VERTEX_POINT('',#12943);
#3981=VERTEX_POINT('',#12945);
#3982=VERTEX_POINT('',#12947);
#3983=VERTEX_POINT('',#12949);
#3984=VERTEX_POINT('',#12951);
#3985=VERTEX_POINT('',#12953);
#3986=VERTEX_POINT('',#12955);
#3987=VERTEX_POINT('',#12957);
#3988=VERTEX_POINT('',#12960);
#3989=VERTEX_POINT('',#12962);
#3990=VERTEX_POINT('',#12963);
#3991=VERTEX_POINT('',#12965);
#3992=VERTEX_POINT('',#12967);
#3993=VERTEX_POINT('',#12969);
#3994=VERTEX_POINT('',#12971);
#3995=VERTEX_POINT('',#12973);
#3996=VERTEX_POINT('',#12975);
#3997=VERTEX_POINT('',#12978);
#3998=VERTEX_POINT('',#12979);
#3999=VERTEX_POINT('',#12981);
#4000=VERTEX_POINT('',#12983);
#4001=VERTEX_POINT('',#12985);
#4002=VERTEX_POINT('',#12987);
#4003=VERTEX_POINT('',#12989);
#4004=VERTEX_POINT('',#12991);
#4005=VERTEX_POINT('',#12994);
#4006=VERTEX_POINT('',#12995);
#4007=VERTEX_POINT('',#12997);
#4008=VERTEX_POINT('',#12999);
#4009=VERTEX_POINT('',#13001);
#4010=VERTEX_POINT('',#13003);
#4011=VERTEX_POINT('',#13005);
#4012=VERTEX_POINT('',#13007);
#4013=VERTEX_POINT('',#13010);
#4014=VERTEX_POINT('',#13011);
#4015=VERTEX_POINT('',#13013);
#4016=VERTEX_POINT('',#13015);
#4017=VERTEX_POINT('',#13017);
#4018=VERTEX_POINT('',#13019);
#4019=VERTEX_POINT('',#13021);
#4020=VERTEX_POINT('',#13023);
#4021=VERTEX_POINT('',#13026);
#4022=VERTEX_POINT('',#13027);
#4023=VERTEX_POINT('',#13029);
#4024=VERTEX_POINT('',#13031);
#4025=VERTEX_POINT('',#13033);
#4026=VERTEX_POINT('',#13035);
#4027=VERTEX_POINT('',#13037);
#4028=VERTEX_POINT('',#13039);
#4029=VERTEX_POINT('',#13042);
#4030=VERTEX_POINT('',#13043);
#4031=VERTEX_POINT('',#13045);
#4032=VERTEX_POINT('',#13047);
#4033=VERTEX_POINT('',#13049);
#4034=VERTEX_POINT('',#13051);
#4035=VERTEX_POINT('',#13053);
#4036=VERTEX_POINT('',#13055);
#4037=VERTEX_POINT('',#13058);
#4038=VERTEX_POINT('',#13059);
#4039=VERTEX_POINT('',#13061);
#4040=VERTEX_POINT('',#13063);
#4041=VERTEX_POINT('',#13065);
#4042=VERTEX_POINT('',#13067);
#4043=VERTEX_POINT('',#13069);
#4044=VERTEX_POINT('',#13071);
#4045=VERTEX_POINT('',#13074);
#4046=VERTEX_POINT('',#13075);
#4047=VERTEX_POINT('',#13077);
#4048=VERTEX_POINT('',#13079);
#4049=VERTEX_POINT('',#13081);
#4050=VERTEX_POINT('',#13083);
#4051=VERTEX_POINT('',#13085);
#4052=VERTEX_POINT('',#13087);
#4053=VERTEX_POINT('',#13090);
#4054=VERTEX_POINT('',#13091);
#4055=VERTEX_POINT('',#13093);
#4056=VERTEX_POINT('',#13095);
#4057=VERTEX_POINT('',#13097);
#4058=VERTEX_POINT('',#13099);
#4059=VERTEX_POINT('',#13101);
#4060=VERTEX_POINT('',#13103);
#4061=VERTEX_POINT('',#13106);
#4062=VERTEX_POINT('',#13107);
#4063=VERTEX_POINT('',#13109);
#4064=VERTEX_POINT('',#13111);
#4065=VERTEX_POINT('',#13113);
#4066=VERTEX_POINT('',#13115);
#4067=VERTEX_POINT('',#13117);
#4068=VERTEX_POINT('',#13119);
#4069=VERTEX_POINT('',#13122);
#4070=VERTEX_POINT('',#13123);
#4071=VERTEX_POINT('',#13125);
#4072=VERTEX_POINT('',#13127);
#4073=VERTEX_POINT('',#13129);
#4074=VERTEX_POINT('',#13131);
#4075=VERTEX_POINT('',#13133);
#4076=VERTEX_POINT('',#13135);
#4077=VERTEX_POINT('',#13138);
#4078=VERTEX_POINT('',#13139);
#4079=VERTEX_POINT('',#13141);
#4080=VERTEX_POINT('',#13143);
#4081=VERTEX_POINT('',#13145);
#4082=VERTEX_POINT('',#13147);
#4083=VERTEX_POINT('',#13149);
#4084=VERTEX_POINT('',#13151);
#4085=VERTEX_POINT('',#13154);
#4086=VERTEX_POINT('',#13155);
#4087=VERTEX_POINT('',#13157);
#4088=VERTEX_POINT('',#13159);
#4089=VERTEX_POINT('',#13161);
#4090=VERTEX_POINT('',#13163);
#4091=VERTEX_POINT('',#13165);
#4092=VERTEX_POINT('',#13167);
#4093=VERTEX_POINT('',#13170);
#4094=VERTEX_POINT('',#13171);
#4095=VERTEX_POINT('',#13173);
#4096=VERTEX_POINT('',#13175);
#4097=VERTEX_POINT('',#13177);
#4098=VERTEX_POINT('',#13179);
#4099=VERTEX_POINT('',#13181);
#4100=VERTEX_POINT('',#13183);
#4101=VERTEX_POINT('',#13186);
#4102=VERTEX_POINT('',#13187);
#4103=VERTEX_POINT('',#13189);
#4104=VERTEX_POINT('',#13191);
#4105=VERTEX_POINT('',#13193);
#4106=VERTEX_POINT('',#13195);
#4107=VERTEX_POINT('',#13197);
#4108=VERTEX_POINT('',#13199);
#4109=VERTEX_POINT('',#13202);
#4110=VERTEX_POINT('',#13203);
#4111=VERTEX_POINT('',#13205);
#4112=VERTEX_POINT('',#13207);
#4113=VERTEX_POINT('',#13209);
#4114=VERTEX_POINT('',#13211);
#4115=VERTEX_POINT('',#13213);
#4116=VERTEX_POINT('',#13215);
#4117=VERTEX_POINT('',#13219);
#4118=VERTEX_POINT('',#13223);
#4119=VERTEX_POINT('',#13227);
#4120=VERTEX_POINT('',#13253);
#4121=VERTEX_POINT('',#13264);
#4122=VERTEX_POINT('',#13277);
#4123=VERTEX_POINT('',#13279);
#4124=VERTEX_POINT('',#13283);
#4125=VERTEX_POINT('',#13285);
#4126=VERTEX_POINT('',#13290);
#4127=VERTEX_POINT('',#13292);
#4128=VERTEX_POINT('',#13297);
#4129=VERTEX_POINT('',#13300);
#4130=VERTEX_POINT('',#13301);
#4131=VERTEX_POINT('',#13303);
#4132=VERTEX_POINT('',#13305);
#4133=VERTEX_POINT('',#13313);
#4134=VERTEX_POINT('',#13316);
#4135=VERTEX_POINT('',#13317);
#4136=VERTEX_POINT('',#13319);
#4137=VERTEX_POINT('',#13321);
#4138=VERTEX_POINT('',#13325);
#4139=VERTEX_POINT('',#13327);
#4140=VERTEX_POINT('',#13331);
#4141=VERTEX_POINT('',#13333);
#4142=VERTEX_POINT('',#13337);
#4143=VERTEX_POINT('',#13339);
#4144=VERTEX_POINT('',#13343);
#4145=VERTEX_POINT('',#13345);
#4146=VERTEX_POINT('',#13352);
#4147=VERTEX_POINT('',#13354);
#4148=VERTEX_POINT('',#13363);
#4149=VERTEX_POINT('',#13369);
#4150=VERTEX_POINT('',#13378);
#4151=VERTEX_POINT('',#13384);
#4152=VERTEX_POINT('',#13393);
#4153=VERTEX_POINT('',#13399);
#4154=VERTEX_POINT('',#13403);
#4155=VERTEX_POINT('',#13407);
#4156=VERTEX_POINT('',#13411);
#4157=VERTEX_POINT('',#13415);
#4158=VERTEX_POINT('',#13429);
#4159=VERTEX_POINT('',#13431);
#4160=VERTEX_POINT('',#13435);
#4161=VERTEX_POINT('',#13444);
#4162=VERTEX_POINT('',#13455);
#4163=VERTEX_POINT('',#13466);
#4164=VERTEX_POINT('',#13477);
#4165=VERTEX_POINT('',#13488);
#4166=VERTEX_POINT('',#13494);
#4167=VERTEX_POINT('',#13498);
#4168=VERTEX_POINT('',#13507);
#4169=VERTEX_POINT('',#13518);
#4170=VERTEX_POINT('',#13529);
#4171=VERTEX_POINT('',#13535);
#4172=VERTEX_POINT('',#13539);
#4173=VERTEX_POINT('',#13543);
#4174=VERTEX_POINT('',#13547);
#4175=VERTEX_POINT('',#13551);
#4176=VERTEX_POINT('',#13555);
#4177=VERTEX_POINT('',#13559);
#4178=VERTEX_POINT('',#13563);
#4179=VERTEX_POINT('',#13570);
#4180=VERTEX_POINT('',#13571);
#4181=VERTEX_POINT('',#13573);
#4182=VERTEX_POINT('',#13575);
#4183=VERTEX_POINT('',#13579);
#4184=VERTEX_POINT('',#13581);
#4185=VERTEX_POINT('',#13585);
#4186=VERTEX_POINT('',#13587);
#4187=VERTEX_POINT('',#13591);
#4188=VERTEX_POINT('',#13593);
#4189=VERTEX_POINT('',#13600);
#4190=VERTEX_POINT('',#13602);
#4191=VERTEX_POINT('',#13606);
#4192=VERTEX_POINT('',#13615);
#4193=VERTEX_POINT('',#13621);
#4194=VERTEX_POINT('',#13630);
#4195=VERTEX_POINT('',#13641);
#4196=VERTEX_POINT('',#13647);
#4197=VERTEX_POINT('',#13656);
#4198=VERTEX_POINT('',#13662);
#4199=VERTEX_POINT('',#13666);
#4200=VERTEX_POINT('',#13670);
#4201=VERTEX_POINT('',#13674);
#4202=VERTEX_POINT('',#13681);
#4203=VERTEX_POINT('',#13682);
#4204=VERTEX_POINT('',#13684);
#4205=VERTEX_POINT('',#13686);
#4206=VERTEX_POINT('',#13690);
#4207=VERTEX_POINT('',#13692);
#4208=VERTEX_POINT('',#13696);
#4209=VERTEX_POINT('',#13698);
#4210=VERTEX_POINT('',#13702);
#4211=VERTEX_POINT('',#13704);
#4212=VERTEX_POINT('',#13711);
#4213=VERTEX_POINT('',#13713);
#4214=VERTEX_POINT('',#13717);
#4215=VERTEX_POINT('',#13726);
#4216=VERTEX_POINT('',#13732);
#4217=VERTEX_POINT('',#13741);
#4218=VERTEX_POINT('',#13752);
#4219=VERTEX_POINT('',#13758);
#4220=VERTEX_POINT('',#13767);
#4221=VERTEX_POINT('',#13773);
#4222=VERTEX_POINT('',#13777);
#4223=VERTEX_POINT('',#13781);
#4224=VERTEX_POINT('',#13785);
#4225=VERTEX_POINT('',#13792);
#4226=VERTEX_POINT('',#13794);
#4227=VERTEX_POINT('',#13798);
#4228=VERTEX_POINT('',#13802);
#4229=VERTEX_POINT('',#13806);
#4230=VERTEX_POINT('',#13810);
#4231=VERTEX_POINT('',#13814);
#4232=VERTEX_POINT('',#13818);
#4233=VERTEX_POINT('',#13822);
#4234=VERTEX_POINT('',#13826);
#4235=VERTEX_POINT('',#13835);
#4236=VERTEX_POINT('',#13841);
#4237=VERTEX_POINT('',#13850);
#4238=VERTEX_POINT('',#13856);
#4239=VERTEX_POINT('',#13865);
#4240=VERTEX_POINT('',#13871);
#4241=VERTEX_POINT('',#13880);
#4242=VERTEX_POINT('',#13886);
#4243=VERTEX_POINT('',#13895);
#4244=VERTEX_POINT('',#13901);
#4245=VERTEX_POINT('',#13905);
#4246=VERTEX_POINT('',#13909);
#4247=VERTEX_POINT('',#13913);
#4248=VERTEX_POINT('',#13917);
#4249=VERTEX_POINT('',#13921);
#4250=VERTEX_POINT('',#13928);
#4251=VERTEX_POINT('',#13930);
#4252=VERTEX_POINT('',#13934);
#4253=VERTEX_POINT('',#13938);
#4254=VERTEX_POINT('',#13942);
#4255=VERTEX_POINT('',#13946);
#4256=VERTEX_POINT('',#13950);
#4257=VERTEX_POINT('',#13954);
#4258=VERTEX_POINT('',#13958);
#4259=VERTEX_POINT('',#13962);
#4260=VERTEX_POINT('',#13966);
#4261=VERTEX_POINT('',#13970);
#4262=VERTEX_POINT('',#13977);
#4263=VERTEX_POINT('',#13978);
#4264=VERTEX_POINT('',#13980);
#4265=VERTEX_POINT('',#13982);
#4266=VERTEX_POINT('',#13986);
#4267=VERTEX_POINT('',#13988);
#4268=VERTEX_POINT('',#13992);
#4269=VERTEX_POINT('',#13994);
#4270=VERTEX_POINT('',#13998);
#4271=VERTEX_POINT('',#14000);
#4272=VERTEX_POINT('',#14007);
#4273=VERTEX_POINT('',#14009);
#4274=VERTEX_POINT('',#14013);
#4275=VERTEX_POINT('',#14022);
#4276=VERTEX_POINT('',#14028);
#4277=VERTEX_POINT('',#14037);
#4278=VERTEX_POINT('',#14048);
#4279=VERTEX_POINT('',#14054);
#4280=VERTEX_POINT('',#14063);
#4281=VERTEX_POINT('',#14069);
#4282=VERTEX_POINT('',#14073);
#4283=VERTEX_POINT('',#14077);
#4284=VERTEX_POINT('',#14081);
#4285=VERTEX_POINT('',#14088);
#4286=VERTEX_POINT('',#14089);
#4287=VERTEX_POINT('',#14091);
#4288=VERTEX_POINT('',#14093);
#4289=VERTEX_POINT('',#14097);
#4290=VERTEX_POINT('',#14099);
#4291=VERTEX_POINT('',#14103);
#4292=VERTEX_POINT('',#14105);
#4293=VERTEX_POINT('',#14109);
#4294=VERTEX_POINT('',#14111);
#4295=VERTEX_POINT('',#14118);
#4296=VERTEX_POINT('',#14120);
#4297=VERTEX_POINT('',#14124);
#4298=VERTEX_POINT('',#14133);
#4299=VERTEX_POINT('',#14139);
#4300=VERTEX_POINT('',#14148);
#4301=VERTEX_POINT('',#14159);
#4302=VERTEX_POINT('',#14165);
#4303=VERTEX_POINT('',#14174);
#4304=VERTEX_POINT('',#14180);
#4305=VERTEX_POINT('',#14184);
#4306=VERTEX_POINT('',#14188);
#4307=VERTEX_POINT('',#14192);
#4308=VERTEX_POINT('',#14199);
#4309=VERTEX_POINT('',#14201);
#4310=VERTEX_POINT('',#14205);
#4311=VERTEX_POINT('',#14214);
#4312=VERTEX_POINT('',#14225);
#4313=VERTEX_POINT('',#14236);
#4314=VERTEX_POINT('',#14247);
#4315=VERTEX_POINT('',#14258);
#4316=VERTEX_POINT('',#14264);
#4317=VERTEX_POINT('',#14268);
#4318=VERTEX_POINT('',#14277);
#4319=VERTEX_POINT('',#14288);
#4320=VERTEX_POINT('',#14299);
#4321=VERTEX_POINT('',#14305);
#4322=VERTEX_POINT('',#14309);
#4323=VERTEX_POINT('',#14313);
#4324=VERTEX_POINT('',#14317);
#4325=VERTEX_POINT('',#14321);
#4326=VERTEX_POINT('',#14325);
#4327=VERTEX_POINT('',#14329);
#4328=VERTEX_POINT('',#14333);
#4329=VERTEX_POINT('',#14340);
#4330=VERTEX_POINT('',#14341);
#4331=VERTEX_POINT('',#14343);
#4332=VERTEX_POINT('',#14345);
#4333=VERTEX_POINT('',#14349);
#4334=VERTEX_POINT('',#14351);
#4335=VERTEX_POINT('',#14355);
#4336=VERTEX_POINT('',#14357);
#4337=VERTEX_POINT('',#14361);
#4338=VERTEX_POINT('',#14363);
#4339=VERTEX_POINT('',#14367);
#4340=VERTEX_POINT('',#14369);
#4341=VERTEX_POINT('',#14376);
#4342=VERTEX_POINT('',#14378);
#4343=VERTEX_POINT('',#14387);
#4344=VERTEX_POINT('',#14393);
#4345=VERTEX_POINT('',#14402);
#4346=VERTEX_POINT('',#14408);
#4347=VERTEX_POINT('',#14417);
#4348=VERTEX_POINT('',#14423);
#4349=VERTEX_POINT('',#14427);
#4350=VERTEX_POINT('',#14431);
#4351=VERTEX_POINT('',#14435);
#4352=VERTEX_POINT('',#14439);
#4353=VERTEX_POINT('',#14453);
#4354=VERTEX_POINT('',#14454);
#4355=VERTEX_POINT('',#14456);
#4356=VERTEX_POINT('',#14458);
#4357=VERTEX_POINT('',#14462);
#4358=VERTEX_POINT('',#14464);
#4359=VERTEX_POINT('',#14468);
#4360=VERTEX_POINT('',#14470);
#4361=VERTEX_POINT('',#14474);
#4362=VERTEX_POINT('',#14476);
#4363=VERTEX_POINT('',#14480);
#4364=VERTEX_POINT('',#14482);
#4365=VERTEX_POINT('',#14489);
#4366=VERTEX_POINT('',#14491);
#4367=VERTEX_POINT('',#14495);
#4368=VERTEX_POINT('',#14504);
#4369=VERTEX_POINT('',#14510);
#4370=VERTEX_POINT('',#14519);
#4371=VERTEX_POINT('',#14525);
#4372=VERTEX_POINT('',#14534);
#4373=VERTEX_POINT('',#14540);
#4374=VERTEX_POINT('',#14549);
#4375=VERTEX_POINT('',#14555);
#4376=VERTEX_POINT('',#14559);
#4377=VERTEX_POINT('',#14563);
#4378=VERTEX_POINT('',#14567);
#4379=VERTEX_POINT('',#14574);
#4380=VERTEX_POINT('',#14576);
#4381=VERTEX_POINT('',#14580);
#4382=VERTEX_POINT('',#14584);
#4383=VERTEX_POINT('',#14588);
#4384=VERTEX_POINT('',#14592);
#4385=VERTEX_POINT('',#14596);
#4386=VERTEX_POINT('',#14600);
#4387=VERTEX_POINT('',#14604);
#4388=VERTEX_POINT('',#14608);
#4389=VERTEX_POINT('',#14612);
#4390=VERTEX_POINT('',#14616);
#4391=VERTEX_POINT('',#14623);
#4392=VERTEX_POINT('',#14625);
#4393=VERTEX_POINT('',#14629);
#4394=VERTEX_POINT('',#14633);
#4395=VERTEX_POINT('',#14637);
#4396=VERTEX_POINT('',#14641);
#4397=VERTEX_POINT('',#14645);
#4398=VERTEX_POINT('',#14649);
#4399=VERTEX_POINT('',#14653);
#4400=VERTEX_POINT('',#14657);
#4401=VERTEX_POINT('',#14666);
#4402=VERTEX_POINT('',#14672);
#4403=VERTEX_POINT('',#14681);
#4404=VERTEX_POINT('',#14687);
#4405=VERTEX_POINT('',#14696);
#4406=VERTEX_POINT('',#14702);
#4407=VERTEX_POINT('',#14711);
#4408=VERTEX_POINT('',#14717);
#4409=VERTEX_POINT('',#14726);
#4410=VERTEX_POINT('',#14732);
#4411=VERTEX_POINT('',#14736);
#4412=VERTEX_POINT('',#14740);
#4413=VERTEX_POINT('',#14744);
#4414=VERTEX_POINT('',#14748);
#4415=VERTEX_POINT('',#14752);
#4416=VERTEX_POINT('',#14759);
#4417=VERTEX_POINT('',#14760);
#4418=VERTEX_POINT('',#14762);
#4419=VERTEX_POINT('',#14764);
#4420=VERTEX_POINT('',#14768);
#4421=VERTEX_POINT('',#14770);
#4422=VERTEX_POINT('',#14774);
#4423=VERTEX_POINT('',#14776);
#4424=VERTEX_POINT('',#14780);
#4425=VERTEX_POINT('',#14782);
#4426=VERTEX_POINT('',#14786);
#4427=VERTEX_POINT('',#14788);
#4428=VERTEX_POINT('',#14795);
#4429=VERTEX_POINT('',#14797);
#4430=VERTEX_POINT('',#14801);
#4431=VERTEX_POINT('',#14810);
#4432=VERTEX_POINT('',#14816);
#4433=VERTEX_POINT('',#14825);
#4434=VERTEX_POINT('',#14831);
#4435=VERTEX_POINT('',#14840);
#4436=VERTEX_POINT('',#14846);
#4437=VERTEX_POINT('',#14855);
#4438=VERTEX_POINT('',#14861);
#4439=VERTEX_POINT('',#14865);
#4440=VERTEX_POINT('',#14869);
#4441=VERTEX_POINT('',#14873);
#4442=VERTEX_POINT('',#14937);
#4443=EDGE_CURVE('',#3565,#3566,#1523,.T.);
#4444=EDGE_CURVE('',#3567,#3565,#1524,.T.);
#4445=EDGE_CURVE('',#3568,#3567,#1525,.T.);
#4446=EDGE_CURVE('',#3566,#3568,#1526,.T.);
#4447=EDGE_CURVE('',#3569,#3570,#1527,.T.);
#4448=EDGE_CURVE('',#3571,#3569,#1528,.T.);
#4449=EDGE_CURVE('',#3572,#3571,#1529,.T.);
#4450=EDGE_CURVE('',#3572,#3570,#1530,.T.);
#4451=EDGE_CURVE('',#3570,#3565,#1531,.T.);
#4452=EDGE_CURVE('',#3567,#3572,#1532,.T.);
#4453=EDGE_CURVE('',#3573,#3569,#1533,.T.);
#4454=EDGE_CURVE('',#3574,#3573,#1534,.T.);
#4455=EDGE_CURVE('',#3574,#3571,#1535,.T.);
#4456=EDGE_CURVE('',#3568,#3575,#1536,.T.);
#4457=EDGE_CURVE('',#3575,#3576,#1537,.T.);
#4458=EDGE_CURVE('',#3566,#3576,#1538,.T.);
#4459=EDGE_CURVE('',#3574,#3577,#346,.T.);
#4460=EDGE_CURVE('',#3578,#3577,#1539,.T.);
#4461=EDGE_CURVE('',#3579,#3578,#1540,.T.);
#4462=EDGE_CURVE('',#3580,#3579,#347,.T.);
#4463=EDGE_CURVE('',#3581,#3580,#1541,.T.);
#4464=EDGE_CURVE('',#3581,#3582,#348,.T.);
#4465=EDGE_CURVE('',#3582,#3583,#1542,.T.);
#4466=EDGE_CURVE('',#3584,#3583,#349,.T.);
#4467=EDGE_CURVE('',#3585,#3584,#1543,.T.);
#4468=EDGE_CURVE('',#3586,#3585,#1544,.T.);
#4469=EDGE_CURVE('',#3586,#3587,#350,.T.);
#4470=EDGE_CURVE('',#3588,#3587,#1545,.T.);
#4471=EDGE_CURVE('',#3588,#3589,#351,.T.);
#4472=EDGE_CURVE('',#3589,#3590,#1546,.T.);
#4473=EDGE_CURVE('',#3591,#3590,#352,.T.);
#4474=EDGE_CURVE('',#3591,#3592,#1547,.T.);
#4475=EDGE_CURVE('',#3592,#3593,#1548,.T.);
#4476=EDGE_CURVE('',#3593,#3594,#353,.T.);
#4477=EDGE_CURVE('',#3595,#3594,#1549,.T.);
#4478=EDGE_CURVE('',#3575,#3595,#354,.T.);
#4479=EDGE_CURVE('',#3596,#3597,#355,.T.);
#4480=EDGE_CURVE('',#3597,#3598,#1550,.T.);
#4481=EDGE_CURVE('',#3598,#3599,#356,.T.);
#4482=EDGE_CURVE('',#3599,#3600,#1551,.T.);
#4483=EDGE_CURVE('',#3600,#3601,#357,.T.);
#4484=EDGE_CURVE('',#3601,#3602,#1552,.T.);
#4485=EDGE_CURVE('',#3602,#3603,#358,.T.);
#4486=EDGE_CURVE('',#3603,#3596,#1553,.T.);
#4487=EDGE_CURVE('',#3604,#3605,#359,.T.);
#4488=EDGE_CURVE('',#3605,#3606,#1554,.T.);
#4489=EDGE_CURVE('',#3606,#3607,#360,.T.);
#4490=EDGE_CURVE('',#3607,#3608,#1555,.T.);
#4491=EDGE_CURVE('',#3608,#3609,#361,.T.);
#4492=EDGE_CURVE('',#3609,#3610,#1556,.T.);
#4493=EDGE_CURVE('',#3610,#3611,#362,.T.);
#4494=EDGE_CURVE('',#3611,#3604,#1557,.T.);
#4495=EDGE_CURVE('',#3612,#3613,#363,.T.);
#4496=EDGE_CURVE('',#3613,#3614,#1558,.T.);
#4497=EDGE_CURVE('',#3614,#3615,#364,.T.);
#4498=EDGE_CURVE('',#3615,#3616,#1559,.T.);
#4499=EDGE_CURVE('',#3616,#3617,#365,.T.);
#4500=EDGE_CURVE('',#3617,#3618,#1560,.T.);
#4501=EDGE_CURVE('',#3618,#3619,#366,.T.);
#4502=EDGE_CURVE('',#3619,#3612,#1561,.T.);
#4503=EDGE_CURVE('',#3620,#3620,#367,.T.);
#4504=EDGE_CURVE('',#3621,#3621,#368,.T.);
#4505=EDGE_CURVE('',#3622,#3623,#369,.T.);
#4506=EDGE_CURVE('',#3623,#3624,#1562,.T.);
#4507=EDGE_CURVE('',#3624,#3625,#370,.T.);
#4508=EDGE_CURVE('',#3625,#3626,#1563,.T.);
#4509=EDGE_CURVE('',#3626,#3627,#371,.T.);
#4510=EDGE_CURVE('',#3627,#3628,#1564,.T.);
#4511=EDGE_CURVE('',#3628,#3629,#372,.T.);
#4512=EDGE_CURVE('',#3629,#3622,#1565,.T.);
#4513=EDGE_CURVE('',#3630,#3631,#373,.T.);
#4514=EDGE_CURVE('',#3631,#3632,#1566,.T.);
#4515=EDGE_CURVE('',#3632,#3633,#374,.T.);
#4516=EDGE_CURVE('',#3633,#3634,#1567,.T.);
#4517=EDGE_CURVE('',#3634,#3635,#375,.T.);
#4518=EDGE_CURVE('',#3635,#3636,#1568,.T.);
#4519=EDGE_CURVE('',#3636,#3637,#376,.T.);
#4520=EDGE_CURVE('',#3637,#3630,#1569,.T.);
#4521=EDGE_CURVE('',#3638,#3639,#377,.T.);
#4522=EDGE_CURVE('',#3639,#3640,#1570,.T.);
#4523=EDGE_CURVE('',#3640,#3641,#378,.T.);
#4524=EDGE_CURVE('',#3641,#3642,#1571,.T.);
#4525=EDGE_CURVE('',#3642,#3643,#379,.T.);
#4526=EDGE_CURVE('',#3643,#3644,#1572,.T.);
#4527=EDGE_CURVE('',#3644,#3645,#380,.T.);
#4528=EDGE_CURVE('',#3645,#3638,#1573,.T.);
#4529=EDGE_CURVE('',#3646,#3647,#381,.T.);
#4530=EDGE_CURVE('',#3647,#3648,#1574,.T.);
#4531=EDGE_CURVE('',#3648,#3649,#382,.T.);
#4532=EDGE_CURVE('',#3649,#3650,#1575,.T.);
#4533=EDGE_CURVE('',#3650,#3651,#383,.T.);
#4534=EDGE_CURVE('',#3651,#3652,#1576,.T.);
#4535=EDGE_CURVE('',#3652,#3653,#384,.T.);
#4536=EDGE_CURVE('',#3653,#3646,#1577,.T.);
#4537=EDGE_CURVE('',#3654,#3655,#385,.T.);
#4538=EDGE_CURVE('',#3655,#3656,#1578,.T.);
#4539=EDGE_CURVE('',#3656,#3657,#386,.T.);
#4540=EDGE_CURVE('',#3657,#3658,#1579,.T.);
#4541=EDGE_CURVE('',#3658,#3659,#387,.T.);
#4542=EDGE_CURVE('',#3659,#3660,#1580,.T.);
#4543=EDGE_CURVE('',#3660,#3661,#388,.T.);
#4544=EDGE_CURVE('',#3661,#3654,#1581,.T.);
#4545=EDGE_CURVE('',#3662,#3663,#389,.T.);
#4546=EDGE_CURVE('',#3663,#3664,#1582,.T.);
#4547=EDGE_CURVE('',#3664,#3665,#390,.T.);
#4548=EDGE_CURVE('',#3665,#3666,#1583,.T.);
#4549=EDGE_CURVE('',#3666,#3667,#391,.T.);
#4550=EDGE_CURVE('',#3667,#3668,#1584,.T.);
#4551=EDGE_CURVE('',#3668,#3669,#392,.T.);
#4552=EDGE_CURVE('',#3669,#3662,#1585,.T.);
#4553=EDGE_CURVE('',#3670,#3671,#393,.T.);
#4554=EDGE_CURVE('',#3671,#3672,#1586,.T.);
#4555=EDGE_CURVE('',#3672,#3673,#394,.T.);
#4556=EDGE_CURVE('',#3673,#3674,#1587,.T.);
#4557=EDGE_CURVE('',#3674,#3675,#395,.T.);
#4558=EDGE_CURVE('',#3675,#3676,#1588,.T.);
#4559=EDGE_CURVE('',#3676,#3677,#396,.T.);
#4560=EDGE_CURVE('',#3677,#3670,#1589,.T.);
#4561=EDGE_CURVE('',#3678,#3679,#397,.T.);
#4562=EDGE_CURVE('',#3679,#3680,#1590,.T.);
#4563=EDGE_CURVE('',#3680,#3681,#398,.T.);
#4564=EDGE_CURVE('',#3681,#3682,#1591,.T.);
#4565=EDGE_CURVE('',#3682,#3683,#399,.T.);
#4566=EDGE_CURVE('',#3683,#3684,#1592,.T.);
#4567=EDGE_CURVE('',#3684,#3685,#400,.T.);
#4568=EDGE_CURVE('',#3685,#3678,#1593,.T.);
#4569=EDGE_CURVE('',#3686,#3687,#401,.T.);
#4570=EDGE_CURVE('',#3687,#3688,#1594,.T.);
#4571=EDGE_CURVE('',#3688,#3689,#402,.T.);
#4572=EDGE_CURVE('',#3689,#3690,#1595,.T.);
#4573=EDGE_CURVE('',#3690,#3691,#403,.T.);
#4574=EDGE_CURVE('',#3691,#3692,#1596,.T.);
#4575=EDGE_CURVE('',#3692,#3693,#404,.T.);
#4576=EDGE_CURVE('',#3693,#3686,#1597,.T.);
#4577=EDGE_CURVE('',#3694,#3695,#405,.T.);
#4578=EDGE_CURVE('',#3695,#3696,#1598,.T.);
#4579=EDGE_CURVE('',#3696,#3697,#406,.T.);
#4580=EDGE_CURVE('',#3697,#3698,#1599,.T.);
#4581=EDGE_CURVE('',#3698,#3699,#407,.T.);
#4582=EDGE_CURVE('',#3699,#3700,#1600,.T.);
#4583=EDGE_CURVE('',#3700,#3701,#408,.T.);
#4584=EDGE_CURVE('',#3701,#3694,#1601,.T.);
#4585=EDGE_CURVE('',#3702,#3703,#409,.T.);
#4586=EDGE_CURVE('',#3703,#3704,#1602,.T.);
#4587=EDGE_CURVE('',#3704,#3705,#410,.T.);
#4588=EDGE_CURVE('',#3705,#3706,#1603,.T.);
#4589=EDGE_CURVE('',#3706,#3707,#411,.T.);
#4590=EDGE_CURVE('',#3707,#3708,#1604,.T.);
#4591=EDGE_CURVE('',#3708,#3709,#412,.T.);
#4592=EDGE_CURVE('',#3709,#3702,#1605,.T.);
#4593=EDGE_CURVE('',#3710,#3711,#413,.T.);
#4594=EDGE_CURVE('',#3711,#3712,#1606,.T.);
#4595=EDGE_CURVE('',#3712,#3713,#414,.T.);
#4596=EDGE_CURVE('',#3713,#3714,#1607,.T.);
#4597=EDGE_CURVE('',#3714,#3715,#415,.T.);
#4598=EDGE_CURVE('',#3715,#3716,#1608,.T.);
#4599=EDGE_CURVE('',#3716,#3717,#416,.T.);
#4600=EDGE_CURVE('',#3717,#3710,#1609,.T.);
#4601=EDGE_CURVE('',#3718,#3718,#417,.T.);
#4602=EDGE_CURVE('',#3719,#3720,#418,.T.);
#4603=EDGE_CURVE('',#3720,#3721,#1610,.T.);
#4604=EDGE_CURVE('',#3721,#3722,#419,.T.);
#4605=EDGE_CURVE('',#3722,#3723,#1611,.T.);
#4606=EDGE_CURVE('',#3723,#3724,#420,.T.);
#4607=EDGE_CURVE('',#3724,#3725,#1612,.T.);
#4608=EDGE_CURVE('',#3725,#3726,#421,.T.);
#4609=EDGE_CURVE('',#3726,#3719,#1613,.T.);
#4610=EDGE_CURVE('',#3727,#3728,#422,.T.);
#4611=EDGE_CURVE('',#3728,#3729,#1614,.T.);
#4612=EDGE_CURVE('',#3729,#3730,#423,.T.);
#4613=EDGE_CURVE('',#3730,#3731,#1615,.T.);
#4614=EDGE_CURVE('',#3731,#3732,#424,.T.);
#4615=EDGE_CURVE('',#3732,#3733,#1616,.T.);
#4616=EDGE_CURVE('',#3733,#3734,#425,.T.);
#4617=EDGE_CURVE('',#3734,#3727,#1617,.T.);
#4618=EDGE_CURVE('',#3735,#3736,#1618,.T.);
#4619=EDGE_CURVE('',#3736,#3737,#1619,.T.);
#4620=EDGE_CURVE('',#3737,#3738,#1620,.T.);
#4621=EDGE_CURVE('',#3738,#3739,#1621,.T.);
#4622=EDGE_CURVE('',#3739,#3740,#1622,.T.);
#4623=EDGE_CURVE('',#3740,#3741,#1623,.T.);
#4624=EDGE_CURVE('',#3741,#3742,#162,.T.);
#4625=EDGE_CURVE('',#3742,#3743,#1624,.T.);
#4626=EDGE_CURVE('',#3743,#3744,#163,.T.);
#4627=EDGE_CURVE('',#3744,#3745,#1625,.T.);
#4628=EDGE_CURVE('',#3745,#3746,#164,.T.);
#4629=EDGE_CURVE('',#3746,#3747,#1626,.T.);
#4630=EDGE_CURVE('',#3747,#3748,#165,.T.);
#4631=EDGE_CURVE('',#3748,#3735,#1627,.T.);
#4632=EDGE_CURVE('',#3749,#3750,#1628,.T.);
#4633=EDGE_CURVE('',#3750,#3751,#1629,.T.);
#4634=EDGE_CURVE('',#3751,#3752,#1630,.T.);
#4635=EDGE_CURVE('',#3752,#3753,#1631,.T.);
#4636=EDGE_CURVE('',#3753,#3754,#1632,.T.);
#4637=EDGE_CURVE('',#3754,#3755,#1633,.T.);
#4638=EDGE_CURVE('',#3755,#3756,#1634,.T.);
#4639=EDGE_CURVE('',#3756,#3757,#1635,.T.);
#4640=EDGE_CURVE('',#3757,#3758,#166,.T.);
#4641=EDGE_CURVE('',#3758,#3759,#1636,.T.);
#4642=EDGE_CURVE('',#3759,#3760,#167,.T.);
#4643=EDGE_CURVE('',#3760,#3761,#1637,.T.);
#4644=EDGE_CURVE('',#3761,#3762,#168,.T.);
#4645=EDGE_CURVE('',#3762,#3763,#1638,.T.);
#4646=EDGE_CURVE('',#3763,#3764,#169,.T.);
#4647=EDGE_CURVE('',#3764,#3765,#1639,.T.);
#4648=EDGE_CURVE('',#3765,#3766,#170,.T.);
#4649=EDGE_CURVE('',#3766,#3767,#1640,.T.);
#4650=EDGE_CURVE('',#3767,#3768,#1641,.T.);
#4651=EDGE_CURVE('',#3768,#3769,#1642,.T.);
#4652=EDGE_CURVE('',#3769,#3770,#1643,.T.);
#4653=EDGE_CURVE('',#3770,#3771,#1644,.T.);
#4654=EDGE_CURVE('',#3771,#3772,#1645,.T.);
#4655=EDGE_CURVE('',#3772,#3773,#1646,.T.);
#4656=EDGE_CURVE('',#3773,#3749,#1647,.T.);
#4657=EDGE_CURVE('',#3774,#3775,#1648,.T.);
#4658=EDGE_CURVE('',#3775,#3776,#1649,.T.);
#4659=EDGE_CURVE('',#3776,#3777,#1650,.T.);
#4660=EDGE_CURVE('',#3777,#3778,#1651,.T.);
#4661=EDGE_CURVE('',#3778,#3779,#1652,.T.);
#4662=EDGE_CURVE('',#3779,#3780,#1653,.T.);
#4663=EDGE_CURVE('',#3780,#3781,#1654,.T.);
#4664=EDGE_CURVE('',#3781,#3782,#1655,.T.);
#4665=EDGE_CURVE('',#3782,#3783,#1656,.T.);
#4666=EDGE_CURVE('',#3783,#3784,#1657,.T.);
#4667=EDGE_CURVE('',#3784,#3785,#1658,.T.);
#4668=EDGE_CURVE('',#3785,#3774,#1659,.T.);
#4669=EDGE_CURVE('',#3786,#3787,#1660,.T.);
#4670=EDGE_CURVE('',#3787,#3788,#1661,.T.);
#4671=EDGE_CURVE('',#3788,#3789,#1662,.T.);
#4672=EDGE_CURVE('',#3789,#3790,#1663,.T.);
#4673=EDGE_CURVE('',#3790,#3791,#1664,.T.);
#4674=EDGE_CURVE('',#3791,#3792,#1665,.T.);
#4675=EDGE_CURVE('',#3792,#3793,#171,.T.);
#4676=EDGE_CURVE('',#3793,#3794,#1666,.T.);
#4677=EDGE_CURVE('',#3794,#3795,#172,.T.);
#4678=EDGE_CURVE('',#3795,#3796,#1667,.T.);
#4679=EDGE_CURVE('',#3796,#3797,#173,.T.);
#4680=EDGE_CURVE('',#3797,#3798,#1668,.T.);
#4681=EDGE_CURVE('',#3798,#3799,#174,.T.);
#4682=EDGE_CURVE('',#3799,#3786,#1669,.T.);
#4683=EDGE_CURVE('',#3800,#3801,#1670,.T.);
#4684=EDGE_CURVE('',#3801,#3802,#175,.T.);
#4685=EDGE_CURVE('',#3802,#3803,#1671,.T.);
#4686=EDGE_CURVE('',#3803,#3804,#1672,.T.);
#4687=EDGE_CURVE('',#3804,#3805,#1673,.T.);
#4688=EDGE_CURVE('',#3805,#3806,#1674,.T.);
#4689=EDGE_CURVE('',#3806,#3807,#1675,.T.);
#4690=EDGE_CURVE('',#3807,#3808,#176,.T.);
#4691=EDGE_CURVE('',#3808,#3809,#1676,.T.);
#4692=EDGE_CURVE('',#3809,#3810,#177,.T.);
#4693=EDGE_CURVE('',#3810,#3811,#1677,.T.);
#4694=EDGE_CURVE('',#3811,#3800,#178,.T.);
#4695=EDGE_CURVE('',#3812,#3813,#1678,.T.);
#4696=EDGE_CURVE('',#3813,#3814,#1679,.T.);
#4697=EDGE_CURVE('',#3814,#3815,#1680,.T.);
#4698=EDGE_CURVE('',#3815,#3816,#1681,.T.);
#4699=EDGE_CURVE('',#3816,#3817,#1682,.T.);
#4700=EDGE_CURVE('',#3817,#3818,#1683,.T.);
#4701=EDGE_CURVE('',#3818,#3819,#1684,.T.);
#4702=EDGE_CURVE('',#3819,#3820,#1685,.T.);
#4703=EDGE_CURVE('',#3820,#3821,#1686,.T.);
#4704=EDGE_CURVE('',#3821,#3822,#1687,.T.);
#4705=EDGE_CURVE('',#3822,#3823,#179,.T.);
#4706=EDGE_CURVE('',#3823,#3824,#180,.T.);
#4707=EDGE_CURVE('',#3824,#3825,#181,.T.);
#4708=EDGE_CURVE('',#3825,#3826,#1688,.T.);
#4709=EDGE_CURVE('',#3826,#3827,#1689,.T.);
#4710=EDGE_CURVE('',#3827,#3828,#182,.T.);
#4711=EDGE_CURVE('',#3828,#3829,#183,.T.);
#4712=EDGE_CURVE('',#3829,#3830,#184,.T.);
#4713=EDGE_CURVE('',#3830,#3831,#185,.T.);
#4714=EDGE_CURVE('',#3831,#3832,#186,.T.);
#4715=EDGE_CURVE('',#3832,#3812,#1690,.T.);
#4716=EDGE_CURVE('',#3833,#3834,#1691,.T.);
#4717=EDGE_CURVE('',#3834,#3835,#1692,.T.);
#4718=EDGE_CURVE('',#3835,#3836,#1693,.T.);
#4719=EDGE_CURVE('',#3836,#3837,#1694,.T.);
#4720=EDGE_CURVE('',#3837,#3838,#1695,.T.);
#4721=EDGE_CURVE('',#3838,#3839,#1696,.T.);
#4722=EDGE_CURVE('',#3839,#3840,#187,.T.);
#4723=EDGE_CURVE('',#3840,#3841,#1697,.T.);
#4724=EDGE_CURVE('',#3841,#3842,#188,.T.);
#4725=EDGE_CURVE('',#3842,#3843,#189,.T.);
#4726=EDGE_CURVE('',#3843,#3844,#1698,.T.);
#4727=EDGE_CURVE('',#3844,#3845,#190,.T.);
#4728=EDGE_CURVE('',#3845,#3833,#1699,.T.);
#4729=EDGE_CURVE('',#3846,#3847,#1700,.T.);
#4730=EDGE_CURVE('',#3847,#3848,#1701,.T.);
#4731=EDGE_CURVE('',#3848,#3849,#1702,.T.);
#4732=EDGE_CURVE('',#3849,#3850,#1703,.T.);
#4733=EDGE_CURVE('',#3850,#3851,#1704,.T.);
#4734=EDGE_CURVE('',#3851,#3852,#1705,.T.);
#4735=EDGE_CURVE('',#3852,#3853,#191,.T.);
#4736=EDGE_CURVE('',#3853,#3854,#1706,.T.);
#4737=EDGE_CURVE('',#3854,#3855,#192,.T.);
#4738=EDGE_CURVE('',#3855,#3856,#193,.T.);
#4739=EDGE_CURVE('',#3856,#3857,#1707,.T.);
#4740=EDGE_CURVE('',#3857,#3858,#194,.T.);
#4741=EDGE_CURVE('',#3858,#3846,#1708,.T.);
#4742=EDGE_CURVE('',#3859,#3860,#1709,.T.);
#4743=EDGE_CURVE('',#3860,#3861,#1710,.T.);
#4744=EDGE_CURVE('',#3861,#3862,#1711,.T.);
#4745=EDGE_CURVE('',#3862,#3863,#1712,.T.);
#4746=EDGE_CURVE('',#3863,#3864,#1713,.T.);
#4747=EDGE_CURVE('',#3864,#3865,#1714,.T.);
#4748=EDGE_CURVE('',#3865,#3866,#1715,.T.);
#4749=EDGE_CURVE('',#3866,#3867,#1716,.T.);
#4750=EDGE_CURVE('',#3867,#3868,#1717,.T.);
#4751=EDGE_CURVE('',#3868,#3869,#1718,.T.);
#4752=EDGE_CURVE('',#3869,#3870,#1719,.T.);
#4753=EDGE_CURVE('',#3870,#3859,#1720,.T.);
#4754=EDGE_CURVE('',#3871,#3872,#1721,.T.);
#4755=EDGE_CURVE('',#3872,#3873,#1722,.T.);
#4756=EDGE_CURVE('',#3873,#3874,#1723,.T.);
#4757=EDGE_CURVE('',#3874,#3875,#1724,.T.);
#4758=EDGE_CURVE('',#3875,#3876,#1725,.T.);
#4759=EDGE_CURVE('',#3876,#3877,#1726,.T.);
#4760=EDGE_CURVE('',#3877,#3878,#1727,.T.);
#4761=EDGE_CURVE('',#3878,#3879,#1728,.T.);
#4762=EDGE_CURVE('',#3879,#3880,#195,.T.);
#4763=EDGE_CURVE('',#3880,#3881,#1729,.T.);
#4764=EDGE_CURVE('',#3881,#3882,#196,.T.);
#4765=EDGE_CURVE('',#3882,#3883,#1730,.T.);
#4766=EDGE_CURVE('',#3883,#3884,#197,.T.);
#4767=EDGE_CURVE('',#3884,#3885,#1731,.T.);
#4768=EDGE_CURVE('',#3885,#3886,#198,.T.);
#4769=EDGE_CURVE('',#3886,#3887,#1732,.T.);
#4770=EDGE_CURVE('',#3887,#3888,#199,.T.);
#4771=EDGE_CURVE('',#3888,#3889,#1733,.T.);
#4772=EDGE_CURVE('',#3889,#3890,#1734,.T.);
#4773=EDGE_CURVE('',#3890,#3891,#1735,.T.);
#4774=EDGE_CURVE('',#3891,#3892,#1736,.T.);
#4775=EDGE_CURVE('',#3892,#3893,#1737,.T.);
#4776=EDGE_CURVE('',#3893,#3894,#1738,.T.);
#4777=EDGE_CURVE('',#3894,#3895,#1739,.T.);
#4778=EDGE_CURVE('',#3895,#3871,#1740,.T.);
#4779=EDGE_CURVE('',#3896,#3897,#1741,.T.);
#4780=EDGE_CURVE('',#3897,#3898,#1742,.T.);
#4781=EDGE_CURVE('',#3898,#3899,#1743,.T.);
#4782=EDGE_CURVE('',#3899,#3900,#1744,.T.);
#4783=EDGE_CURVE('',#3900,#3901,#1745,.T.);
#4784=EDGE_CURVE('',#3901,#3902,#1746,.T.);
#4785=EDGE_CURVE('',#3902,#3903,#200,.T.);
#4786=EDGE_CURVE('',#3903,#3904,#1747,.T.);
#4787=EDGE_CURVE('',#3904,#3905,#201,.T.);
#4788=EDGE_CURVE('',#3905,#3906,#202,.T.);
#4789=EDGE_CURVE('',#3906,#3907,#1748,.T.);
#4790=EDGE_CURVE('',#3907,#3908,#203,.T.);
#4791=EDGE_CURVE('',#3908,#3896,#1749,.T.);
#4792=EDGE_CURVE('',#3909,#3910,#1750,.T.);
#4793=EDGE_CURVE('',#3910,#3911,#1751,.T.);
#4794=EDGE_CURVE('',#3911,#3912,#1752,.T.);
#4795=EDGE_CURVE('',#3912,#3913,#1753,.T.);
#4796=EDGE_CURVE('',#3913,#3914,#1754,.T.);
#4797=EDGE_CURVE('',#3914,#3915,#1755,.T.);
#4798=EDGE_CURVE('',#3915,#3916,#204,.T.);
#4799=EDGE_CURVE('',#3916,#3917,#1756,.T.);
#4800=EDGE_CURVE('',#3917,#3918,#205,.T.);
#4801=EDGE_CURVE('',#3918,#3919,#206,.T.);
#4802=EDGE_CURVE('',#3919,#3920,#1757,.T.);
#4803=EDGE_CURVE('',#3920,#3921,#207,.T.);
#4804=EDGE_CURVE('',#3921,#3909,#1758,.T.);
#4805=EDGE_CURVE('',#3922,#3923,#1759,.T.);
#4806=EDGE_CURVE('',#3923,#3924,#1760,.T.);
#4807=EDGE_CURVE('',#3924,#3925,#1761,.T.);
#4808=EDGE_CURVE('',#3925,#3926,#1762,.T.);
#4809=EDGE_CURVE('',#3926,#3927,#1763,.T.);
#4810=EDGE_CURVE('',#3927,#3928,#1764,.T.);
#4811=EDGE_CURVE('',#3928,#3929,#1765,.T.);
#4812=EDGE_CURVE('',#3929,#3930,#1766,.T.);
#4813=EDGE_CURVE('',#3930,#3931,#1767,.T.);
#4814=EDGE_CURVE('',#3931,#3932,#1768,.T.);
#4815=EDGE_CURVE('',#3932,#3933,#208,.T.);
#4816=EDGE_CURVE('',#3933,#3934,#209,.T.);
#4817=EDGE_CURVE('',#3934,#3935,#210,.T.);
#4818=EDGE_CURVE('',#3935,#3936,#1769,.T.);
#4819=EDGE_CURVE('',#3936,#3937,#1770,.T.);
#4820=EDGE_CURVE('',#3937,#3938,#211,.T.);
#4821=EDGE_CURVE('',#3938,#3939,#212,.T.);
#4822=EDGE_CURVE('',#3939,#3940,#213,.T.);
#4823=EDGE_CURVE('',#3940,#3941,#214,.T.);
#4824=EDGE_CURVE('',#3941,#3942,#215,.T.);
#4825=EDGE_CURVE('',#3942,#3922,#1771,.T.);
#4826=EDGE_CURVE('',#3943,#3944,#1772,.T.);
#4827=EDGE_CURVE('',#3944,#3945,#216,.T.);
#4828=EDGE_CURVE('',#3945,#3946,#1773,.T.);
#4829=EDGE_CURVE('',#3946,#3947,#1774,.T.);
#4830=EDGE_CURVE('',#3947,#3948,#1775,.T.);
#4831=EDGE_CURVE('',#3948,#3949,#1776,.T.);
#4832=EDGE_CURVE('',#3949,#3950,#1777,.T.);
#4833=EDGE_CURVE('',#3950,#3951,#217,.T.);
#4834=EDGE_CURVE('',#3951,#3952,#1778,.T.);
#4835=EDGE_CURVE('',#3952,#3953,#218,.T.);
#4836=EDGE_CURVE('',#3953,#3954,#1779,.T.);
#4837=EDGE_CURVE('',#3954,#3943,#219,.T.);
#4838=EDGE_CURVE('',#3955,#3955,#426,.T.);
#4839=EDGE_CURVE('',#3955,#3956,#427,.T.);
#4840=EDGE_CURVE('',#3956,#3956,#428,.T.);
#4841=EDGE_CURVE('',#3576,#3957,#429,.T.);
#4842=EDGE_CURVE('',#3957,#3958,#1780,.T.);
#4843=EDGE_CURVE('',#3958,#3959,#430,.T.);
#4844=EDGE_CURVE('',#3959,#3960,#1781,.T.);
#4845=EDGE_CURVE('',#3960,#3961,#1782,.T.);
#4846=EDGE_CURVE('',#3961,#3962,#431,.T.);
#4847=EDGE_CURVE('',#3962,#3963,#1783,.T.);
#4848=EDGE_CURVE('',#3963,#3964,#432,.T.);
#4849=EDGE_CURVE('',#3964,#3965,#1784,.T.);
#4850=EDGE_CURVE('',#3965,#3966,#433,.T.);
#4851=EDGE_CURVE('',#3966,#3967,#1785,.T.);
#4852=EDGE_CURVE('',#3967,#3968,#1786,.T.);
#4853=EDGE_CURVE('',#3968,#3969,#434,.T.);
#4854=EDGE_CURVE('',#3969,#3970,#1787,.T.);
#4855=EDGE_CURVE('',#3970,#3971,#435,.T.);
#4856=EDGE_CURVE('',#3971,#3972,#1788,.T.);
#4857=EDGE_CURVE('',#3973,#3972,#436,.T.);
#4858=EDGE_CURVE('',#3973,#3974,#1789,.T.);
#4859=EDGE_CURVE('',#3974,#3975,#437,.T.);
#4860=EDGE_CURVE('',#3975,#3976,#1790,.T.);
#4861=EDGE_CURVE('',#3976,#3977,#438,.T.);
#4862=EDGE_CURVE('',#3977,#3978,#1791,.T.);
#4863=EDGE_CURVE('',#3978,#3979,#439,.T.);
#4864=EDGE_CURVE('',#3979,#3980,#1792,.T.);
#4865=EDGE_CURVE('',#3980,#3981,#440,.T.);
#4866=EDGE_CURVE('',#3981,#3982,#1793,.T.);
#4867=EDGE_CURVE('',#3983,#3982,#441,.T.);
#4868=EDGE_CURVE('',#3983,#3984,#1794,.T.);
#4869=EDGE_CURVE('',#3984,#3985,#442,.T.);
#4870=EDGE_CURVE('',#3985,#3986,#1795,.T.);
#4871=EDGE_CURVE('',#3986,#3987,#1796,.T.);
#4872=EDGE_CURVE('',#3987,#3573,#443,.T.);
#4873=EDGE_CURVE('',#3988,#3988,#444,.T.);
#4874=EDGE_CURVE('',#3989,#3990,#445,.T.);
#4875=EDGE_CURVE('',#3990,#3991,#1797,.T.);
#4876=EDGE_CURVE('',#3991,#3992,#446,.T.);
#4877=EDGE_CURVE('',#3992,#3993,#1798,.T.);
#4878=EDGE_CURVE('',#3993,#3994,#447,.T.);
#4879=EDGE_CURVE('',#3994,#3995,#1799,.T.);
#4880=EDGE_CURVE('',#3995,#3996,#448,.T.);
#4881=EDGE_CURVE('',#3996,#3989,#1800,.T.);
#4882=EDGE_CURVE('',#3997,#3998,#449,.T.);
#4883=EDGE_CURVE('',#3998,#3999,#1801,.T.);
#4884=EDGE_CURVE('',#3999,#4000,#450,.T.);
#4885=EDGE_CURVE('',#4000,#4001,#1802,.T.);
#4886=EDGE_CURVE('',#4001,#4002,#451,.T.);
#4887=EDGE_CURVE('',#4002,#4003,#1803,.T.);
#4888=EDGE_CURVE('',#4003,#4004,#452,.T.);
#4889=EDGE_CURVE('',#4004,#3997,#1804,.T.);
#4890=EDGE_CURVE('',#4005,#4006,#453,.T.);
#4891=EDGE_CURVE('',#4006,#4007,#1805,.T.);
#4892=EDGE_CURVE('',#4007,#4008,#454,.T.);
#4893=EDGE_CURVE('',#4008,#4009,#1806,.T.);
#4894=EDGE_CURVE('',#4009,#4010,#455,.T.);
#4895=EDGE_CURVE('',#4010,#4011,#1807,.T.);
#4896=EDGE_CURVE('',#4011,#4012,#456,.T.);
#4897=EDGE_CURVE('',#4012,#4005,#1808,.T.);
#4898=EDGE_CURVE('',#4013,#4014,#457,.T.);
#4899=EDGE_CURVE('',#4014,#4015,#1809,.T.);
#4900=EDGE_CURVE('',#4015,#4016,#458,.T.);
#4901=EDGE_CURVE('',#4016,#4017,#1810,.T.);
#4902=EDGE_CURVE('',#4017,#4018,#459,.T.);
#4903=EDGE_CURVE('',#4018,#4019,#1811,.T.);
#4904=EDGE_CURVE('',#4019,#4020,#460,.T.);
#4905=EDGE_CURVE('',#4020,#4013,#1812,.T.);
#4906=EDGE_CURVE('',#4021,#4022,#461,.T.);
#4907=EDGE_CURVE('',#4022,#4023,#1813,.T.);
#4908=EDGE_CURVE('',#4023,#4024,#462,.T.);
#4909=EDGE_CURVE('',#4024,#4025,#1814,.T.);
#4910=EDGE_CURVE('',#4025,#4026,#463,.T.);
#4911=EDGE_CURVE('',#4026,#4027,#1815,.T.);
#4912=EDGE_CURVE('',#4027,#4028,#464,.T.);
#4913=EDGE_CURVE('',#4028,#4021,#1816,.T.);
#4914=EDGE_CURVE('',#4029,#4030,#465,.T.);
#4915=EDGE_CURVE('',#4030,#4031,#1817,.T.);
#4916=EDGE_CURVE('',#4031,#4032,#466,.T.);
#4917=EDGE_CURVE('',#4032,#4033,#1818,.T.);
#4918=EDGE_CURVE('',#4033,#4034,#467,.T.);
#4919=EDGE_CURVE('',#4034,#4035,#1819,.T.);
#4920=EDGE_CURVE('',#4035,#4036,#468,.T.);
#4921=EDGE_CURVE('',#4036,#4029,#1820,.T.);
#4922=EDGE_CURVE('',#4037,#4038,#469,.T.);
#4923=EDGE_CURVE('',#4038,#4039,#1821,.T.);
#4924=EDGE_CURVE('',#4039,#4040,#470,.T.);
#4925=EDGE_CURVE('',#4040,#4041,#1822,.T.);
#4926=EDGE_CURVE('',#4041,#4042,#471,.T.);
#4927=EDGE_CURVE('',#4042,#4043,#1823,.T.);
#4928=EDGE_CURVE('',#4043,#4044,#472,.T.);
#4929=EDGE_CURVE('',#4044,#4037,#1824,.T.);
#4930=EDGE_CURVE('',#4045,#4046,#473,.T.);
#4931=EDGE_CURVE('',#4046,#4047,#1825,.T.);
#4932=EDGE_CURVE('',#4047,#4048,#474,.T.);
#4933=EDGE_CURVE('',#4048,#4049,#1826,.T.);
#4934=EDGE_CURVE('',#4049,#4050,#475,.T.);
#4935=EDGE_CURVE('',#4050,#4051,#1827,.T.);
#4936=EDGE_CURVE('',#4051,#4052,#476,.T.);
#4937=EDGE_CURVE('',#4052,#4045,#1828,.T.);
#4938=EDGE_CURVE('',#4053,#4054,#477,.T.);
#4939=EDGE_CURVE('',#4054,#4055,#1829,.T.);
#4940=EDGE_CURVE('',#4055,#4056,#478,.T.);
#4941=EDGE_CURVE('',#4056,#4057,#1830,.T.);
#4942=EDGE_CURVE('',#4057,#4058,#479,.T.);
#4943=EDGE_CURVE('',#4058,#4059,#1831,.T.);
#4944=EDGE_CURVE('',#4059,#4060,#480,.T.);
#4945=EDGE_CURVE('',#4060,#4053,#1832,.T.);
#4946=EDGE_CURVE('',#4061,#4062,#481,.T.);
#4947=EDGE_CURVE('',#4062,#4063,#1833,.T.);
#4948=EDGE_CURVE('',#4063,#4064,#482,.T.);
#4949=EDGE_CURVE('',#4064,#4065,#1834,.T.);
#4950=EDGE_CURVE('',#4065,#4066,#483,.T.);
#4951=EDGE_CURVE('',#4066,#4067,#1835,.T.);
#4952=EDGE_CURVE('',#4067,#4068,#484,.T.);
#4953=EDGE_CURVE('',#4068,#4061,#1836,.T.);
#4954=EDGE_CURVE('',#4069,#4070,#485,.T.);
#4955=EDGE_CURVE('',#4070,#4071,#1837,.T.);
#4956=EDGE_CURVE('',#4071,#4072,#486,.T.);
#4957=EDGE_CURVE('',#4072,#4073,#1838,.T.);
#4958=EDGE_CURVE('',#4073,#4074,#487,.T.);
#4959=EDGE_CURVE('',#4074,#4075,#1839,.T.);
#4960=EDGE_CURVE('',#4075,#4076,#488,.T.);
#4961=EDGE_CURVE('',#4076,#4069,#1840,.T.);
#4962=EDGE_CURVE('',#4077,#4078,#489,.T.);
#4963=EDGE_CURVE('',#4078,#4079,#1841,.T.);
#4964=EDGE_CURVE('',#4079,#4080,#490,.T.);
#4965=EDGE_CURVE('',#4080,#4081,#1842,.T.);
#4966=EDGE_CURVE('',#4081,#4082,#491,.T.);
#4967=EDGE_CURVE('',#4082,#4083,#1843,.T.);
#4968=EDGE_CURVE('',#4083,#4084,#492,.T.);
#4969=EDGE_CURVE('',#4084,#4077,#1844,.T.);
#4970=EDGE_CURVE('',#4085,#4086,#493,.T.);
#4971=EDGE_CURVE('',#4086,#4087,#1845,.T.);
#4972=EDGE_CURVE('',#4087,#4088,#494,.T.);
#4973=EDGE_CURVE('',#4088,#4089,#1846,.T.);
#4974=EDGE_CURVE('',#4089,#4090,#495,.T.);
#4975=EDGE_CURVE('',#4090,#4091,#1847,.T.);
#4976=EDGE_CURVE('',#4091,#4092,#496,.T.);
#4977=EDGE_CURVE('',#4092,#4085,#1848,.T.);
#4978=EDGE_CURVE('',#4093,#4094,#497,.T.);
#4979=EDGE_CURVE('',#4094,#4095,#1849,.T.);
#4980=EDGE_CURVE('',#4095,#4096,#498,.T.);
#4981=EDGE_CURVE('',#4096,#4097,#1850,.T.);
#4982=EDGE_CURVE('',#4097,#4098,#499,.T.);
#4983=EDGE_CURVE('',#4098,#4099,#1851,.T.);
#4984=EDGE_CURVE('',#4099,#4100,#500,.T.);
#4985=EDGE_CURVE('',#4100,#4093,#1852,.T.);
#4986=EDGE_CURVE('',#4101,#4102,#501,.T.);
#4987=EDGE_CURVE('',#4102,#4103,#1853,.T.);
#4988=EDGE_CURVE('',#4103,#4104,#502,.T.);
#4989=EDGE_CURVE('',#4104,#4105,#1854,.T.);
#4990=EDGE_CURVE('',#4105,#4106,#503,.T.);
#4991=EDGE_CURVE('',#4106,#4107,#1855,.T.);
#4992=EDGE_CURVE('',#4107,#4108,#504,.T.);
#4993=EDGE_CURVE('',#4108,#4101,#1856,.T.);
#4994=EDGE_CURVE('',#4109,#4110,#505,.T.);
#4995=EDGE_CURVE('',#4110,#4111,#1857,.T.);
#4996=EDGE_CURVE('',#4111,#4112,#506,.T.);
#4997=EDGE_CURVE('',#4112,#4113,#1858,.T.);
#4998=EDGE_CURVE('',#4113,#4114,#507,.T.);
#4999=EDGE_CURVE('',#4114,#4115,#1859,.T.);
#5000=EDGE_CURVE('',#4115,#4116,#508,.T.);
#5001=EDGE_CURVE('',#4116,#4109,#1860,.T.);
#5002=EDGE_CURVE('',#4117,#4117,#509,.T.);
#5003=EDGE_CURVE('',#4117,#3955,#1861,.T.);
#5004=EDGE_CURVE('',#4118,#4118,#510,.T.);
#5005=EDGE_CURVE('',#4118,#3988,#511,.T.);
#5006=EDGE_CURVE('',#4119,#4119,#512,.T.);
#5007=EDGE_CURVE('',#4119,#4118,#1862,.T.);
#5008=EDGE_CURVE('',#3973,#3982,#220,.F.);
#5009=EDGE_CURVE('',#3972,#4120,#221,.T.);
#5010=EDGE_CURVE('',#4120,#4121,#513,.T.);
#5011=EDGE_CURVE('',#4121,#3983,#222,.T.);
#5012=EDGE_CURVE('',#4120,#4122,#1863,.T.);
#5013=EDGE_CURVE('',#4123,#4122,#514,.T.);
#5014=EDGE_CURVE('',#4121,#4123,#1864,.T.);
#5015=EDGE_CURVE('',#4124,#4124,#515,.T.);
#5016=EDGE_CURVE('',#4124,#4125,#1865,.T.);
#5017=EDGE_CURVE('',#4125,#4125,#516,.T.);
#5018=EDGE_CURVE('',#4126,#4126,#517,.T.);
#5019=EDGE_CURVE('',#4126,#4127,#1866,.T.);
#5020=EDGE_CURVE('',#4127,#4127,#518,.T.);
#5021=EDGE_CURVE('',#4128,#4128,#519,.T.);
#5022=EDGE_CURVE('',#4129,#4130,#520,.T.);
#5023=EDGE_CURVE('',#4129,#4131,#1867,.T.);
#5024=EDGE_CURVE('',#4132,#4131,#521,.T.);
#5025=EDGE_CURVE('',#4130,#4132,#1868,.T.);
#5026=EDGE_CURVE('',#4131,#4123,#1869,.T.);
#5027=EDGE_CURVE('',#4122,#4132,#1870,.T.);
#5028=EDGE_CURVE('',#4130,#4129,#1871,.T.);
#5029=EDGE_CURVE('',#4133,#4133,#522,.T.);
#5030=EDGE_CURVE('',#4134,#4135,#1872,.T.);
#5031=EDGE_CURVE('',#4134,#4136,#1873,.T.);
#5032=EDGE_CURVE('',#4136,#4137,#1874,.T.);
#5033=EDGE_CURVE('',#4135,#4137,#1875,.T.);
#5034=EDGE_CURVE('',#4138,#4134,#1876,.T.);
#5035=EDGE_CURVE('',#4138,#4139,#1877,.T.);
#5036=EDGE_CURVE('',#4139,#4136,#1878,.T.);
#5037=EDGE_CURVE('',#4140,#4138,#1879,.T.);
#5038=EDGE_CURVE('',#4140,#4141,#1880,.T.);
#5039=EDGE_CURVE('',#4141,#4139,#1881,.T.);
#5040=EDGE_CURVE('',#4142,#4140,#1882,.T.);
#5041=EDGE_CURVE('',#4142,#4143,#1883,.T.);
#5042=EDGE_CURVE('',#4143,#4141,#1884,.T.);
#5043=EDGE_CURVE('',#4144,#4142,#1885,.T.);
#5044=EDGE_CURVE('',#4144,#4145,#1886,.T.);
#5045=EDGE_CURVE('',#4145,#4143,#1887,.T.);
#5046=EDGE_CURVE('',#4135,#4144,#1888,.T.);
#5047=EDGE_CURVE('',#4137,#4145,#1889,.T.);
#5048=EDGE_CURVE('',#3943,#4146,#1890,.T.);
#5049=EDGE_CURVE('',#4146,#4147,#1891,.T.);
#5050=EDGE_CURVE('',#3944,#4147,#1892,.T.);
#5051=EDGE_CURVE('',#3954,#4148,#1893,.T.);
#5052=EDGE_CURVE('',#4148,#4146,#223,.T.);
#5053=EDGE_CURVE('',#3953,#4149,#1894,.T.);
#5054=EDGE_CURVE('',#4149,#4148,#1895,.T.);
#5055=EDGE_CURVE('',#3952,#4150,#1896,.T.);
#5056=EDGE_CURVE('',#4150,#4149,#224,.T.);
#5057=EDGE_CURVE('',#3951,#4151,#1897,.T.);
#5058=EDGE_CURVE('',#4151,#4150,#1898,.T.);
#5059=EDGE_CURVE('',#3950,#4152,#1899,.T.);
#5060=EDGE_CURVE('',#4152,#4151,#225,.T.);
#5061=EDGE_CURVE('',#3949,#4153,#1900,.T.);
#5062=EDGE_CURVE('',#4153,#4152,#1901,.T.);
#5063=EDGE_CURVE('',#3948,#4154,#1902,.T.);
#5064=EDGE_CURVE('',#4154,#4153,#1903,.T.);
#5065=EDGE_CURVE('',#3947,#4155,#1904,.T.);
#5066=EDGE_CURVE('',#4155,#4154,#1905,.T.);
#5067=EDGE_CURVE('',#3946,#4156,#1906,.T.);
#5068=EDGE_CURVE('',#4156,#4155,#1907,.T.);
#5069=EDGE_CURVE('',#3945,#4157,#1908,.T.);
#5070=EDGE_CURVE('',#4157,#4156,#1909,.T.);
#5071=EDGE_CURVE('',#4147,#4157,#226,.T.);
#5072=EDGE_CURVE('',#3922,#4158,#1910,.T.);
#5073=EDGE_CURVE('',#4158,#4159,#1911,.T.);
#5074=EDGE_CURVE('',#3923,#4159,#1912,.T.);
#5075=EDGE_CURVE('',#3942,#4160,#1913,.T.);
#5076=EDGE_CURVE('',#4160,#4158,#1914,.T.);
#5077=EDGE_CURVE('',#3941,#4161,#1915,.T.);
#5078=EDGE_CURVE('',#4161,#4160,#227,.T.);
#5079=EDGE_CURVE('',#3940,#4162,#1916,.T.);
#5080=EDGE_CURVE('',#4162,#4161,#228,.T.);
#5081=EDGE_CURVE('',#3939,#4163,#1917,.T.);
#5082=EDGE_CURVE('',#4163,#4162,#229,.T.);
#5083=EDGE_CURVE('',#3938,#4164,#1918,.T.);
#5084=EDGE_CURVE('',#4164,#4163,#230,.T.);
#5085=EDGE_CURVE('',#3937,#4165,#1919,.T.);
#5086=EDGE_CURVE('',#4165,#4164,#231,.T.);
#5087=EDGE_CURVE('',#3936,#4166,#1920,.T.);
#5088=EDGE_CURVE('',#4166,#4165,#1921,.T.);
#5089=EDGE_CURVE('',#3935,#4167,#1922,.T.);
#5090=EDGE_CURVE('',#4167,#4166,#1923,.T.);
#5091=EDGE_CURVE('',#3934,#4168,#1924,.T.);
#5092=EDGE_CURVE('',#4168,#4167,#232,.T.);
#5093=EDGE_CURVE('',#3933,#4169,#1925,.T.);
#5094=EDGE_CURVE('',#4169,#4168,#233,.T.);
#5095=EDGE_CURVE('',#3932,#4170,#1926,.T.);
#5096=EDGE_CURVE('',#4170,#4169,#234,.T.);
#5097=EDGE_CURVE('',#3931,#4171,#1927,.T.);
#5098=EDGE_CURVE('',#4171,#4170,#1928,.T.);
#5099=EDGE_CURVE('',#3930,#4172,#1929,.T.);
#5100=EDGE_CURVE('',#4172,#4171,#1930,.T.);
#5101=EDGE_CURVE('',#3929,#4173,#1931,.T.);
#5102=EDGE_CURVE('',#4173,#4172,#1932,.T.);
#5103=EDGE_CURVE('',#3928,#4174,#1933,.T.);
#5104=EDGE_CURVE('',#4174,#4173,#1934,.T.);
#5105=EDGE_CURVE('',#3927,#4175,#1935,.T.);
#5106=EDGE_CURVE('',#4175,#4174,#1936,.T.);
#5107=EDGE_CURVE('',#3926,#4176,#1937,.T.);
#5108=EDGE_CURVE('',#4176,#4175,#1938,.T.);
#5109=EDGE_CURVE('',#3925,#4177,#1939,.T.);
#5110=EDGE_CURVE('',#4177,#4176,#1940,.T.);
#5111=EDGE_CURVE('',#3924,#4178,#1941,.T.);
#5112=EDGE_CURVE('',#4178,#4177,#1942,.T.);
#5113=EDGE_CURVE('',#4159,#4178,#1943,.T.);
#5114=EDGE_CURVE('',#4179,#4180,#1944,.T.);
#5115=EDGE_CURVE('',#4179,#4181,#1945,.T.);
#5116=EDGE_CURVE('',#4181,#4182,#1946,.T.);
#5117=EDGE_CURVE('',#4180,#4182,#1947,.T.);
#5118=EDGE_CURVE('',#4183,#4179,#1948,.T.);
#5119=EDGE_CURVE('',#4183,#4184,#1949,.T.);
#5120=EDGE_CURVE('',#4184,#4181,#1950,.T.);
#5121=EDGE_CURVE('',#4185,#4183,#1951,.T.);
#5122=EDGE_CURVE('',#4185,#4186,#1952,.T.);
#5123=EDGE_CURVE('',#4186,#4184,#1953,.T.);
#5124=EDGE_CURVE('',#4187,#4185,#1954,.T.);
#5125=EDGE_CURVE('',#4187,#4188,#1955,.T.);
#5126=EDGE_CURVE('',#4188,#4186,#1956,.T.);
#5127=EDGE_CURVE('',#4180,#4187,#1957,.T.);
#5128=EDGE_CURVE('',#4182,#4188,#1958,.T.);
#5129=EDGE_CURVE('',#3909,#4189,#1959,.T.);
#5130=EDGE_CURVE('',#4189,#4190,#1960,.T.);
#5131=EDGE_CURVE('',#3910,#4190,#1961,.T.);
#5132=EDGE_CURVE('',#3921,#4191,#1962,.T.);
#5133=EDGE_CURVE('',#4191,#4189,#1963,.T.);
#5134=EDGE_CURVE('',#3920,#4192,#1964,.T.);
#5135=EDGE_CURVE('',#4192,#4191,#235,.T.);
#5136=EDGE_CURVE('',#3919,#4193,#1965,.T.);
#5137=EDGE_CURVE('',#4193,#4192,#1966,.T.);
#5138=EDGE_CURVE('',#3918,#4194,#1967,.T.);
#5139=EDGE_CURVE('',#4194,#4193,#236,.T.);
#5140=EDGE_CURVE('',#3917,#4195,#1968,.T.);
#5141=EDGE_CURVE('',#4195,#4194,#237,.T.);
#5142=EDGE_CURVE('',#3916,#4196,#1969,.T.);
#5143=EDGE_CURVE('',#4196,#4195,#1970,.T.);
#5144=EDGE_CURVE('',#3915,#4197,#1971,.T.);
#5145=EDGE_CURVE('',#4197,#4196,#238,.T.);
#5146=EDGE_CURVE('',#3914,#4198,#1972,.T.);
#5147=EDGE_CURVE('',#4198,#4197,#1973,.T.);
#5148=EDGE_CURVE('',#3913,#4199,#1974,.T.);
#5149=EDGE_CURVE('',#4199,#4198,#1975,.T.);
#5150=EDGE_CURVE('',#3912,#4200,#1976,.T.);
#5151=EDGE_CURVE('',#4200,#4199,#1977,.T.);
#5152=EDGE_CURVE('',#3911,#4201,#1978,.T.);
#5153=EDGE_CURVE('',#4201,#4200,#1979,.T.);
#5154=EDGE_CURVE('',#4190,#4201,#1980,.T.);
#5155=EDGE_CURVE('',#4202,#4203,#1981,.T.);
#5156=EDGE_CURVE('',#4202,#4204,#1982,.T.);
#5157=EDGE_CURVE('',#4204,#4205,#1983,.T.);
#5158=EDGE_CURVE('',#4203,#4205,#1984,.T.);
#5159=EDGE_CURVE('',#4206,#4202,#1985,.T.);
#5160=EDGE_CURVE('',#4206,#4207,#1986,.T.);
#5161=EDGE_CURVE('',#4207,#4204,#1987,.T.);
#5162=EDGE_CURVE('',#4208,#4206,#1988,.T.);
#5163=EDGE_CURVE('',#4208,#4209,#1989,.T.);
#5164=EDGE_CURVE('',#4209,#4207,#1990,.T.);
#5165=EDGE_CURVE('',#4210,#4208,#1991,.T.);
#5166=EDGE_CURVE('',#4210,#4211,#1992,.T.);
#5167=EDGE_CURVE('',#4211,#4209,#1993,.T.);
#5168=EDGE_CURVE('',#4203,#4210,#1994,.T.);
#5169=EDGE_CURVE('',#4205,#4211,#1995,.T.);
#5170=EDGE_CURVE('',#3896,#4212,#1996,.T.);
#5171=EDGE_CURVE('',#4212,#4213,#1997,.T.);
#5172=EDGE_CURVE('',#3897,#4213,#1998,.T.);
#5173=EDGE_CURVE('',#3908,#4214,#1999,.T.);
#5174=EDGE_CURVE('',#4214,#4212,#2000,.T.);
#5175=EDGE_CURVE('',#3907,#4215,#2001,.T.);
#5176=EDGE_CURVE('',#4215,#4214,#239,.T.);
#5177=EDGE_CURVE('',#3906,#4216,#2002,.T.);
#5178=EDGE_CURVE('',#4216,#4215,#2003,.T.);
#5179=EDGE_CURVE('',#3905,#4217,#2004,.T.);
#5180=EDGE_CURVE('',#4217,#4216,#240,.T.);
#5181=EDGE_CURVE('',#3904,#4218,#2005,.T.);
#5182=EDGE_CURVE('',#4218,#4217,#241,.T.);
#5183=EDGE_CURVE('',#3903,#4219,#2006,.T.);
#5184=EDGE_CURVE('',#4219,#4218,#2007,.T.);
#5185=EDGE_CURVE('',#3902,#4220,#2008,.T.);
#5186=EDGE_CURVE('',#4220,#4219,#242,.T.);
#5187=EDGE_CURVE('',#3901,#4221,#2009,.T.);
#5188=EDGE_CURVE('',#4221,#4220,#2010,.T.);
#5189=EDGE_CURVE('',#3900,#4222,#2011,.T.);
#5190=EDGE_CURVE('',#4222,#4221,#2012,.T.);
#5191=EDGE_CURVE('',#3899,#4223,#2013,.T.);
#5192=EDGE_CURVE('',#4223,#4222,#2014,.T.);
#5193=EDGE_CURVE('',#3898,#4224,#2015,.T.);
#5194=EDGE_CURVE('',#4224,#4223,#2016,.T.);
#5195=EDGE_CURVE('',#4213,#4224,#2017,.T.);
#5196=EDGE_CURVE('',#3871,#4225,#2018,.T.);
#5197=EDGE_CURVE('',#4225,#4226,#2019,.T.);
#5198=EDGE_CURVE('',#3872,#4226,#2020,.T.);
#5199=EDGE_CURVE('',#3895,#4227,#2021,.T.);
#5200=EDGE_CURVE('',#4227,#4225,#2022,.T.);
#5201=EDGE_CURVE('',#3894,#4228,#2023,.T.);
#5202=EDGE_CURVE('',#4228,#4227,#2024,.T.);
#5203=EDGE_CURVE('',#3893,#4229,#2025,.T.);
#5204=EDGE_CURVE('',#4229,#4228,#2026,.T.);
#5205=EDGE_CURVE('',#3892,#4230,#2027,.T.);
#5206=EDGE_CURVE('',#4230,#4229,#2028,.T.);
#5207=EDGE_CURVE('',#3891,#4231,#2029,.T.);
#5208=EDGE_CURVE('',#4231,#4230,#2030,.T.);
#5209=EDGE_CURVE('',#3890,#4232,#2031,.T.);
#5210=EDGE_CURVE('',#4232,#4231,#2032,.T.);
#5211=EDGE_CURVE('',#3889,#4233,#2033,.T.);
#5212=EDGE_CURVE('',#4233,#4232,#2034,.T.);
#5213=EDGE_CURVE('',#3888,#4234,#2035,.T.);
#5214=EDGE_CURVE('',#4234,#4233,#2036,.T.);
#5215=EDGE_CURVE('',#3887,#4235,#2037,.T.);
#5216=EDGE_CURVE('',#4235,#4234,#243,.T.);
#5217=EDGE_CURVE('',#3886,#4236,#2038,.T.);
#5218=EDGE_CURVE('',#4236,#4235,#2039,.T.);
#5219=EDGE_CURVE('',#3885,#4237,#2040,.T.);
#5220=EDGE_CURVE('',#4237,#4236,#244,.T.);
#5221=EDGE_CURVE('',#3884,#4238,#2041,.T.);
#5222=EDGE_CURVE('',#4238,#4237,#2042,.T.);
#5223=EDGE_CURVE('',#3883,#4239,#2043,.T.);
#5224=EDGE_CURVE('',#4239,#4238,#245,.T.);
#5225=EDGE_CURVE('',#3882,#4240,#2044,.T.);
#5226=EDGE_CURVE('',#4240,#4239,#2045,.T.);
#5227=EDGE_CURVE('',#3881,#4241,#2046,.T.);
#5228=EDGE_CURVE('',#4241,#4240,#246,.T.);
#5229=EDGE_CURVE('',#3880,#4242,#2047,.T.);
#5230=EDGE_CURVE('',#4242,#4241,#2048,.T.);
#5231=EDGE_CURVE('',#3879,#4243,#2049,.T.);
#5232=EDGE_CURVE('',#4243,#4242,#247,.T.);
#5233=EDGE_CURVE('',#3878,#4244,#2050,.T.);
#5234=EDGE_CURVE('',#4244,#4243,#2051,.T.);
#5235=EDGE_CURVE('',#3877,#4245,#2052,.T.);
#5236=EDGE_CURVE('',#4245,#4244,#2053,.T.);
#5237=EDGE_CURVE('',#3876,#4246,#2054,.T.);
#5238=EDGE_CURVE('',#4246,#4245,#2055,.T.);
#5239=EDGE_CURVE('',#3875,#4247,#2056,.T.);
#5240=EDGE_CURVE('',#4247,#4246,#2057,.T.);
#5241=EDGE_CURVE('',#3874,#4248,#2058,.T.);
#5242=EDGE_CURVE('',#4248,#4247,#2059,.T.);
#5243=EDGE_CURVE('',#3873,#4249,#2060,.T.);
#5244=EDGE_CURVE('',#4249,#4248,#2061,.T.);
#5245=EDGE_CURVE('',#4226,#4249,#2062,.T.);
#5246=EDGE_CURVE('',#3859,#4250,#2063,.T.);
#5247=EDGE_CURVE('',#4250,#4251,#2064,.T.);
#5248=EDGE_CURVE('',#3860,#4251,#2065,.T.);
#5249=EDGE_CURVE('',#3870,#4252,#2066,.T.);
#5250=EDGE_CURVE('',#4252,#4250,#2067,.T.);
#5251=EDGE_CURVE('',#3869,#4253,#2068,.T.);
#5252=EDGE_CURVE('',#4253,#4252,#2069,.T.);
#5253=EDGE_CURVE('',#3868,#4254,#2070,.T.);
#5254=EDGE_CURVE('',#4254,#4253,#2071,.T.);
#5255=EDGE_CURVE('',#3867,#4255,#2072,.T.);
#5256=EDGE_CURVE('',#4255,#4254,#2073,.T.);
#5257=EDGE_CURVE('',#3866,#4256,#2074,.T.);
#5258=EDGE_CURVE('',#4256,#4255,#2075,.T.);
#5259=EDGE_CURVE('',#3865,#4257,#2076,.T.);
#5260=EDGE_CURVE('',#4257,#4256,#2077,.T.);
#5261=EDGE_CURVE('',#3864,#4258,#2078,.T.);
#5262=EDGE_CURVE('',#4258,#4257,#2079,.T.);
#5263=EDGE_CURVE('',#3863,#4259,#2080,.T.);
#5264=EDGE_CURVE('',#4259,#4258,#2081,.T.);
#5265=EDGE_CURVE('',#3862,#4260,#2082,.T.);
#5266=EDGE_CURVE('',#4260,#4259,#2083,.T.);
#5267=EDGE_CURVE('',#3861,#4261,#2084,.T.);
#5268=EDGE_CURVE('',#4261,#4260,#2085,.T.);
#5269=EDGE_CURVE('',#4251,#4261,#2086,.T.);
#5270=EDGE_CURVE('',#4262,#4263,#2087,.T.);
#5271=EDGE_CURVE('',#4262,#4264,#2088,.T.);
#5272=EDGE_CURVE('',#4264,#4265,#2089,.T.);
#5273=EDGE_CURVE('',#4263,#4265,#2090,.T.);
#5274=EDGE_CURVE('',#4266,#4262,#2091,.T.);
#5275=EDGE_CURVE('',#4266,#4267,#2092,.T.);
#5276=EDGE_CURVE('',#4267,#4264,#2093,.T.);
#5277=EDGE_CURVE('',#4268,#4266,#2094,.T.);
#5278=EDGE_CURVE('',#4268,#4269,#2095,.T.);
#5279=EDGE_CURVE('',#4269,#4267,#2096,.T.);
#5280=EDGE_CURVE('',#4270,#4268,#2097,.T.);
#5281=EDGE_CURVE('',#4270,#4271,#2098,.T.);
#5282=EDGE_CURVE('',#4271,#4269,#2099,.T.);
#5283=EDGE_CURVE('',#4263,#4270,#2100,.T.);
#5284=EDGE_CURVE('',#4265,#4271,#2101,.T.);
#5285=EDGE_CURVE('',#3846,#4272,#2102,.T.);
#5286=EDGE_CURVE('',#4272,#4273,#2103,.T.);
#5287=EDGE_CURVE('',#3847,#4273,#2104,.T.);
#5288=EDGE_CURVE('',#3858,#4274,#2105,.T.);
#5289=EDGE_CURVE('',#4274,#4272,#2106,.T.);
#5290=EDGE_CURVE('',#3857,#4275,#2107,.T.);
#5291=EDGE_CURVE('',#4275,#4274,#248,.T.);
#5292=EDGE_CURVE('',#3856,#4276,#2108,.T.);
#5293=EDGE_CURVE('',#4276,#4275,#2109,.T.);
#5294=EDGE_CURVE('',#3855,#4277,#2110,.T.);
#5295=EDGE_CURVE('',#4277,#4276,#249,.T.);
#5296=EDGE_CURVE('',#3854,#4278,#2111,.T.);
#5297=EDGE_CURVE('',#4278,#4277,#250,.T.);
#5298=EDGE_CURVE('',#3853,#4279,#2112,.T.);
#5299=EDGE_CURVE('',#4279,#4278,#2113,.T.);
#5300=EDGE_CURVE('',#3852,#4280,#2114,.T.);
#5301=EDGE_CURVE('',#4280,#4279,#251,.T.);
#5302=EDGE_CURVE('',#3851,#4281,#2115,.T.);
#5303=EDGE_CURVE('',#4281,#4280,#2116,.T.);
#5304=EDGE_CURVE('',#3850,#4282,#2117,.T.);
#5305=EDGE_CURVE('',#4282,#4281,#2118,.T.);
#5306=EDGE_CURVE('',#3849,#4283,#2119,.T.);
#5307=EDGE_CURVE('',#4283,#4282,#2120,.T.);
#5308=EDGE_CURVE('',#3848,#4284,#2121,.T.);
#5309=EDGE_CURVE('',#4284,#4283,#2122,.T.);
#5310=EDGE_CURVE('',#4273,#4284,#2123,.T.);
#5311=EDGE_CURVE('',#4285,#4286,#2124,.T.);
#5312=EDGE_CURVE('',#4285,#4287,#2125,.T.);
#5313=EDGE_CURVE('',#4287,#4288,#2126,.T.);
#5314=EDGE_CURVE('',#4286,#4288,#2127,.T.);
#5315=EDGE_CURVE('',#4289,#4285,#2128,.T.);
#5316=EDGE_CURVE('',#4289,#4290,#2129,.T.);
#5317=EDGE_CURVE('',#4290,#4287,#2130,.T.);
#5318=EDGE_CURVE('',#4291,#4289,#2131,.T.);
#5319=EDGE_CURVE('',#4291,#4292,#2132,.T.);
#5320=EDGE_CURVE('',#4292,#4290,#2133,.T.);
#5321=EDGE_CURVE('',#4293,#4291,#2134,.T.);
#5322=EDGE_CURVE('',#4293,#4294,#2135,.T.);
#5323=EDGE_CURVE('',#4294,#4292,#2136,.T.);
#5324=EDGE_CURVE('',#4286,#4293,#2137,.T.);
#5325=EDGE_CURVE('',#4288,#4294,#2138,.T.);
#5326=EDGE_CURVE('',#3833,#4295,#2139,.T.);
#5327=EDGE_CURVE('',#4295,#4296,#2140,.T.);
#5328=EDGE_CURVE('',#3834,#4296,#2141,.T.);
#5329=EDGE_CURVE('',#3845,#4297,#2142,.T.);
#5330=EDGE_CURVE('',#4297,#4295,#2143,.T.);
#5331=EDGE_CURVE('',#3844,#4298,#2144,.T.);
#5332=EDGE_CURVE('',#4298,#4297,#252,.T.);
#5333=EDGE_CURVE('',#3843,#4299,#2145,.T.);
#5334=EDGE_CURVE('',#4299,#4298,#2146,.T.);
#5335=EDGE_CURVE('',#3842,#4300,#2147,.T.);
#5336=EDGE_CURVE('',#4300,#4299,#253,.T.);
#5337=EDGE_CURVE('',#3841,#4301,#2148,.T.);
#5338=EDGE_CURVE('',#4301,#4300,#254,.T.);
#5339=EDGE_CURVE('',#3840,#4302,#2149,.T.);
#5340=EDGE_CURVE('',#4302,#4301,#2150,.T.);
#5341=EDGE_CURVE('',#3839,#4303,#2151,.T.);
#5342=EDGE_CURVE('',#4303,#4302,#255,.T.);
#5343=EDGE_CURVE('',#3838,#4304,#2152,.T.);
#5344=EDGE_CURVE('',#4304,#4303,#2153,.T.);
#5345=EDGE_CURVE('',#3837,#4305,#2154,.T.);
#5346=EDGE_CURVE('',#4305,#4304,#2155,.T.);
#5347=EDGE_CURVE('',#3836,#4306,#2156,.T.);
#5348=EDGE_CURVE('',#4306,#4305,#2157,.T.);
#5349=EDGE_CURVE('',#3835,#4307,#2158,.T.);
#5350=EDGE_CURVE('',#4307,#4306,#2159,.T.);
#5351=EDGE_CURVE('',#4296,#4307,#2160,.T.);
#5352=EDGE_CURVE('',#3812,#4308,#2161,.T.);
#5353=EDGE_CURVE('',#4308,#4309,#2162,.T.);
#5354=EDGE_CURVE('',#3813,#4309,#2163,.T.);
#5355=EDGE_CURVE('',#3832,#4310,#2164,.T.);
#5356=EDGE_CURVE('',#4310,#4308,#2165,.T.);
#5357=EDGE_CURVE('',#3831,#4311,#2166,.T.);
#5358=EDGE_CURVE('',#4311,#4310,#256,.T.);
#5359=EDGE_CURVE('',#3830,#4312,#2167,.T.);
#5360=EDGE_CURVE('',#4312,#4311,#257,.T.);
#5361=EDGE_CURVE('',#3829,#4313,#2168,.T.);
#5362=EDGE_CURVE('',#4313,#4312,#258,.T.);
#5363=EDGE_CURVE('',#3828,#4314,#2169,.T.);
#5364=EDGE_CURVE('',#4314,#4313,#259,.T.);
#5365=EDGE_CURVE('',#3827,#4315,#2170,.T.);
#5366=EDGE_CURVE('',#4315,#4314,#260,.T.);
#5367=EDGE_CURVE('',#3826,#4316,#2171,.T.);
#5368=EDGE_CURVE('',#4316,#4315,#2172,.T.);
#5369=EDGE_CURVE('',#3825,#4317,#2173,.T.);
#5370=EDGE_CURVE('',#4317,#4316,#2174,.T.);
#5371=EDGE_CURVE('',#3824,#4318,#2175,.T.);
#5372=EDGE_CURVE('',#4318,#4317,#261,.T.);
#5373=EDGE_CURVE('',#3823,#4319,#2176,.T.);
#5374=EDGE_CURVE('',#4319,#4318,#262,.T.);
#5375=EDGE_CURVE('',#3822,#4320,#2177,.T.);
#5376=EDGE_CURVE('',#4320,#4319,#263,.T.);
#5377=EDGE_CURVE('',#3821,#4321,#2178,.T.);
#5378=EDGE_CURVE('',#4321,#4320,#2179,.T.);
#5379=EDGE_CURVE('',#3820,#4322,#2180,.T.);
#5380=EDGE_CURVE('',#4322,#4321,#2181,.T.);
#5381=EDGE_CURVE('',#3819,#4323,#2182,.T.);
#5382=EDGE_CURVE('',#4323,#4322,#2183,.T.);
#5383=EDGE_CURVE('',#3818,#4324,#2184,.T.);
#5384=EDGE_CURVE('',#4324,#4323,#2185,.T.);
#5385=EDGE_CURVE('',#3817,#4325,#2186,.T.);
#5386=EDGE_CURVE('',#4325,#4324,#2187,.T.);
#5387=EDGE_CURVE('',#3816,#4326,#2188,.T.);
#5388=EDGE_CURVE('',#4326,#4325,#2189,.T.);
#5389=EDGE_CURVE('',#3815,#4327,#2190,.T.);
#5390=EDGE_CURVE('',#4327,#4326,#2191,.T.);
#5391=EDGE_CURVE('',#3814,#4328,#2192,.T.);
#5392=EDGE_CURVE('',#4328,#4327,#2193,.T.);
#5393=EDGE_CURVE('',#4309,#4328,#2194,.T.);
#5394=EDGE_CURVE('',#4329,#4330,#2195,.T.);
#5395=EDGE_CURVE('',#4329,#4331,#2196,.T.);
#5396=EDGE_CURVE('',#4331,#4332,#2197,.T.);
#5397=EDGE_CURVE('',#4330,#4332,#2198,.T.);
#5398=EDGE_CURVE('',#4333,#4329,#2199,.T.);
#5399=EDGE_CURVE('',#4333,#4334,#2200,.T.);
#5400=EDGE_CURVE('',#4334,#4331,#2201,.T.);
#5401=EDGE_CURVE('',#4335,#4333,#2202,.T.);
#5402=EDGE_CURVE('',#4335,#4336,#2203,.T.);
#5403=EDGE_CURVE('',#4336,#4334,#2204,.T.);
#5404=EDGE_CURVE('',#4337,#4335,#2205,.T.);
#5405=EDGE_CURVE('',#4337,#4338,#2206,.T.);
#5406=EDGE_CURVE('',#4338,#4336,#2207,.T.);
#5407=EDGE_CURVE('',#4339,#4337,#2208,.T.);
#5408=EDGE_CURVE('',#4339,#4340,#2209,.T.);
#5409=EDGE_CURVE('',#4340,#4338,#2210,.T.);
#5410=EDGE_CURVE('',#4330,#4339,#2211,.T.);
#5411=EDGE_CURVE('',#4332,#4340,#2212,.T.);
#5412=EDGE_CURVE('',#3800,#4341,#2213,.T.);
#5413=EDGE_CURVE('',#4341,#4342,#2214,.T.);
#5414=EDGE_CURVE('',#3801,#4342,#2215,.T.);
#5415=EDGE_CURVE('',#3811,#4343,#2216,.T.);
#5416=EDGE_CURVE('',#4343,#4341,#264,.T.);
#5417=EDGE_CURVE('',#3810,#4344,#2217,.T.);
#5418=EDGE_CURVE('',#4344,#4343,#2218,.T.);
#5419=EDGE_CURVE('',#3809,#4345,#2219,.T.);
#5420=EDGE_CURVE('',#4345,#4344,#265,.T.);
#5421=EDGE_CURVE('',#3808,#4346,#2220,.T.);
#5422=EDGE_CURVE('',#4346,#4345,#2221,.T.);
#5423=EDGE_CURVE('',#3807,#4347,#2222,.T.);
#5424=EDGE_CURVE('',#4347,#4346,#266,.T.);
#5425=EDGE_CURVE('',#3806,#4348,#2223,.T.);
#5426=EDGE_CURVE('',#4348,#4347,#2224,.T.);
#5427=EDGE_CURVE('',#3805,#4349,#2225,.T.);
#5428=EDGE_CURVE('',#4349,#4348,#2226,.T.);
#5429=EDGE_CURVE('',#3804,#4350,#2227,.T.);
#5430=EDGE_CURVE('',#4350,#4349,#2228,.T.);
#5431=EDGE_CURVE('',#3803,#4351,#2229,.T.);
#5432=EDGE_CURVE('',#4351,#4350,#2230,.T.);
#5433=EDGE_CURVE('',#3802,#4352,#2231,.T.);
#5434=EDGE_CURVE('',#4352,#4351,#2232,.T.);
#5435=EDGE_CURVE('',#4342,#4352,#267,.T.);
#5436=EDGE_CURVE('',#4353,#4354,#2233,.T.);
#5437=EDGE_CURVE('',#4353,#4355,#2234,.T.);
#5438=EDGE_CURVE('',#4355,#4356,#2235,.T.);
#5439=EDGE_CURVE('',#4354,#4356,#2236,.T.);
#5440=EDGE_CURVE('',#4357,#4353,#2237,.T.);
#5441=EDGE_CURVE('',#4357,#4358,#2238,.T.);
#5442=EDGE_CURVE('',#4358,#4355,#2239,.T.);
#5443=EDGE_CURVE('',#4359,#4357,#2240,.T.);
#5444=EDGE_CURVE('',#4359,#4360,#2241,.T.);
#5445=EDGE_CURVE('',#4360,#4358,#2242,.T.);
#5446=EDGE_CURVE('',#4361,#4359,#2243,.T.);
#5447=EDGE_CURVE('',#4361,#4362,#2244,.T.);
#5448=EDGE_CURVE('',#4362,#4360,#2245,.T.);
#5449=EDGE_CURVE('',#4363,#4361,#2246,.T.);
#5450=EDGE_CURVE('',#4363,#4364,#2247,.T.);
#5451=EDGE_CURVE('',#4364,#4362,#2248,.T.);
#5452=EDGE_CURVE('',#4354,#4363,#2249,.T.);
#5453=EDGE_CURVE('',#4356,#4364,#2250,.T.);
#5454=EDGE_CURVE('',#3786,#4365,#2251,.T.);
#5455=EDGE_CURVE('',#4365,#4366,#2252,.T.);
#5456=EDGE_CURVE('',#3787,#4366,#2253,.T.);
#5457=EDGE_CURVE('',#3799,#4367,#2254,.T.);
#5458=EDGE_CURVE('',#4367,#4365,#2255,.T.);
#5459=EDGE_CURVE('',#3798,#4368,#2256,.T.);
#5460=EDGE_CURVE('',#4368,#4367,#268,.T.);
#5461=EDGE_CURVE('',#3797,#4369,#2257,.T.);
#5462=EDGE_CURVE('',#4369,#4368,#2258,.T.);
#5463=EDGE_CURVE('',#3796,#4370,#2259,.T.);
#5464=EDGE_CURVE('',#4370,#4369,#269,.T.);
#5465=EDGE_CURVE('',#3795,#4371,#2260,.T.);
#5466=EDGE_CURVE('',#4371,#4370,#2261,.T.);
#5467=EDGE_CURVE('',#3794,#4372,#2262,.T.);
#5468=EDGE_CURVE('',#4372,#4371,#270,.T.);
#5469=EDGE_CURVE('',#3793,#4373,#2263,.T.);
#5470=EDGE_CURVE('',#4373,#4372,#2264,.T.);
#5471=EDGE_CURVE('',#3792,#4374,#2265,.T.);
#5472=EDGE_CURVE('',#4374,#4373,#271,.T.);
#5473=EDGE_CURVE('',#3791,#4375,#2266,.T.);
#5474=EDGE_CURVE('',#4375,#4374,#2267,.T.);
#5475=EDGE_CURVE('',#3790,#4376,#2268,.T.);
#5476=EDGE_CURVE('',#4376,#4375,#2269,.T.);
#5477=EDGE_CURVE('',#3789,#4377,#2270,.T.);
#5478=EDGE_CURVE('',#4377,#4376,#2271,.T.);
#5479=EDGE_CURVE('',#3788,#4378,#2272,.T.);
#5480=EDGE_CURVE('',#4378,#4377,#2273,.T.);
#5481=EDGE_CURVE('',#4366,#4378,#2274,.T.);
#5482=EDGE_CURVE('',#3774,#4379,#2275,.T.);
#5483=EDGE_CURVE('',#4379,#4380,#2276,.T.);
#5484=EDGE_CURVE('',#3775,#4380,#2277,.T.);
#5485=EDGE_CURVE('',#3785,#4381,#2278,.T.);
#5486=EDGE_CURVE('',#4381,#4379,#2279,.T.);
#5487=EDGE_CURVE('',#3784,#4382,#2280,.T.);
#5488=EDGE_CURVE('',#4382,#4381,#2281,.T.);
#5489=EDGE_CURVE('',#3783,#4383,#2282,.T.);
#5490=EDGE_CURVE('',#4383,#4382,#2283,.T.);
#5491=EDGE_CURVE('',#3782,#4384,#2284,.T.);
#5492=EDGE_CURVE('',#4384,#4383,#2285,.T.);
#5493=EDGE_CURVE('',#3781,#4385,#2286,.T.);
#5494=EDGE_CURVE('',#4385,#4384,#2287,.T.);
#5495=EDGE_CURVE('',#3780,#4386,#2288,.T.);
#5496=EDGE_CURVE('',#4386,#4385,#2289,.T.);
#5497=EDGE_CURVE('',#3779,#4387,#2290,.T.);
#5498=EDGE_CURVE('',#4387,#4386,#2291,.T.);
#5499=EDGE_CURVE('',#3778,#4388,#2292,.T.);
#5500=EDGE_CURVE('',#4388,#4387,#2293,.T.);
#5501=EDGE_CURVE('',#3777,#4389,#2294,.T.);
#5502=EDGE_CURVE('',#4389,#4388,#2295,.T.);
#5503=EDGE_CURVE('',#3776,#4390,#2296,.T.);
#5504=EDGE_CURVE('',#4390,#4389,#2297,.T.);
#5505=EDGE_CURVE('',#4380,#4390,#2298,.T.);
#5506=EDGE_CURVE('',#3749,#4391,#2299,.T.);
#5507=EDGE_CURVE('',#4391,#4392,#2300,.T.);
#5508=EDGE_CURVE('',#3750,#4392,#2301,.T.);
#5509=EDGE_CURVE('',#3773,#4393,#2302,.T.);
#5510=EDGE_CURVE('',#4393,#4391,#2303,.T.);
#5511=EDGE_CURVE('',#3772,#4394,#2304,.T.);
#5512=EDGE_CURVE('',#4394,#4393,#2305,.T.);
#5513=EDGE_CURVE('',#3771,#4395,#2306,.T.);
#5514=EDGE_CURVE('',#4395,#4394,#2307,.T.);
#5515=EDGE_CURVE('',#3770,#4396,#2308,.T.);
#5516=EDGE_CURVE('',#4396,#4395,#2309,.T.);
#5517=EDGE_CURVE('',#3769,#4397,#2310,.T.);
#5518=EDGE_CURVE('',#4397,#4396,#2311,.T.);
#5519=EDGE_CURVE('',#3768,#4398,#2312,.T.);
#5520=EDGE_CURVE('',#4398,#4397,#2313,.T.);
#5521=EDGE_CURVE('',#3767,#4399,#2314,.T.);
#5522=EDGE_CURVE('',#4399,#4398,#2315,.T.);
#5523=EDGE_CURVE('',#3766,#4400,#2316,.T.);
#5524=EDGE_CURVE('',#4400,#4399,#2317,.T.);
#5525=EDGE_CURVE('',#3765,#4401,#2318,.T.);
#5526=EDGE_CURVE('',#4401,#4400,#272,.T.);
#5527=EDGE_CURVE('',#3764,#4402,#2319,.T.);
#5528=EDGE_CURVE('',#4402,#4401,#2320,.T.);
#5529=EDGE_CURVE('',#3763,#4403,#2321,.T.);
#5530=EDGE_CURVE('',#4403,#4402,#273,.T.);
#5531=EDGE_CURVE('',#3762,#4404,#2322,.T.);
#5532=EDGE_CURVE('',#4404,#4403,#2323,.T.);
#5533=EDGE_CURVE('',#3761,#4405,#2324,.T.);
#5534=EDGE_CURVE('',#4405,#4404,#274,.T.);
#5535=EDGE_CURVE('',#3760,#4406,#2325,.T.);
#5536=EDGE_CURVE('',#4406,#4405,#2326,.T.);
#5537=EDGE_CURVE('',#3759,#4407,#2327,.T.);
#5538=EDGE_CURVE('',#4407,#4406,#275,.T.);
#5539=EDGE_CURVE('',#3758,#4408,#2328,.T.);
#5540=EDGE_CURVE('',#4408,#4407,#2329,.T.);
#5541=EDGE_CURVE('',#3757,#4409,#2330,.T.);
#5542=EDGE_CURVE('',#4409,#4408,#276,.T.);
#5543=EDGE_CURVE('',#3756,#4410,#2331,.T.);
#5544=EDGE_CURVE('',#4410,#4409,#2332,.T.);
#5545=EDGE_CURVE('',#3755,#4411,#2333,.T.);
#5546=EDGE_CURVE('',#4411,#4410,#2334,.T.);
#5547=EDGE_CURVE('',#3754,#4412,#2335,.T.);
#5548=EDGE_CURVE('',#4412,#4411,#2336,.T.);
#5549=EDGE_CURVE('',#3753,#4413,#2337,.T.);
#5550=EDGE_CURVE('',#4413,#4412,#2338,.T.);
#5551=EDGE_CURVE('',#3752,#4414,#2339,.T.);
#5552=EDGE_CURVE('',#4414,#4413,#2340,.T.);
#5553=EDGE_CURVE('',#3751,#4415,#2341,.T.);
#5554=EDGE_CURVE('',#4415,#4414,#2342,.T.);
#5555=EDGE_CURVE('',#4392,#4415,#2343,.T.);
#5556=EDGE_CURVE('',#4416,#4417,#2344,.T.);
#5557=EDGE_CURVE('',#4416,#4418,#2345,.T.);
#5558=EDGE_CURVE('',#4418,#4419,#2346,.T.);
#5559=EDGE_CURVE('',#4417,#4419,#2347,.T.);
#5560=EDGE_CURVE('',#4420,#4416,#2348,.T.);
#5561=EDGE_CURVE('',#4420,#4421,#2349,.T.);
#5562=EDGE_CURVE('',#4421,#4418,#2350,.T.);
#5563=EDGE_CURVE('',#4422,#4420,#2351,.T.);
#5564=EDGE_CURVE('',#4422,#4423,#2352,.T.);
#5565=EDGE_CURVE('',#4423,#4421,#2353,.T.);
#5566=EDGE_CURVE('',#4424,#4422,#2354,.T.);
#5567=EDGE_CURVE('',#4424,#4425,#2355,.T.);
#5568=EDGE_CURVE('',#4425,#4423,#2356,.T.);
#5569=EDGE_CURVE('',#4426,#4424,#2357,.T.);
#5570=EDGE_CURVE('',#4426,#4427,#2358,.T.);
#5571=EDGE_CURVE('',#4427,#4425,#2359,.T.);
#5572=EDGE_CURVE('',#4417,#4426,#2360,.T.);
#5573=EDGE_CURVE('',#4419,#4427,#2361,.T.);
#5574=EDGE_CURVE('',#3735,#4428,#2362,.T.);
#5575=EDGE_CURVE('',#4428,#4429,#2363,.T.);
#5576=EDGE_CURVE('',#3736,#4429,#2364,.T.);
#5577=EDGE_CURVE('',#3748,#4430,#2365,.T.);
#5578=EDGE_CURVE('',#4430,#4428,#2366,.T.);
#5579=EDGE_CURVE('',#3747,#4431,#2367,.T.);
#5580=EDGE_CURVE('',#4431,#4430,#277,.T.);
#5581=EDGE_CURVE('',#3746,#4432,#2368,.T.);
#5582=EDGE_CURVE('',#4432,#4431,#2369,.T.);
#5583=EDGE_CURVE('',#3745,#4433,#2370,.T.);
#5584=EDGE_CURVE('',#4433,#4432,#278,.T.);
#5585=EDGE_CURVE('',#3744,#4434,#2371,.T.);
#5586=EDGE_CURVE('',#4434,#4433,#2372,.T.);
#5587=EDGE_CURVE('',#3743,#4435,#2373,.T.);
#5588=EDGE_CURVE('',#4435,#4434,#279,.T.);
#5589=EDGE_CURVE('',#3742,#4436,#2374,.T.);
#5590=EDGE_CURVE('',#4436,#4435,#2375,.T.);
#5591=EDGE_CURVE('',#3741,#4437,#2376,.T.);
#5592=EDGE_CURVE('',#4437,#4436,#280,.T.);
#5593=EDGE_CURVE('',#3740,#4438,#2377,.T.);
#5594=EDGE_CURVE('',#4438,#4437,#2378,.T.);
#5595=EDGE_CURVE('',#3739,#4439,#2379,.T.);
#5596=EDGE_CURVE('',#4439,#4438,#2380,.T.);
#5597=EDGE_CURVE('',#3738,#4440,#2381,.T.);
#5598=EDGE_CURVE('',#4440,#4439,#2382,.T.);
#5599=EDGE_CURVE('',#3737,#4441,#2383,.T.);
#5600=EDGE_CURVE('',#4441,#4440,#2384,.T.);
#5601=EDGE_CURVE('',#4429,#4441,#2385,.T.);
#5602=EDGE_CURVE('',#3597,#4109,#2386,.T.);
#5603=EDGE_CURVE('',#3598,#4116,#2387,.T.);
#5604=EDGE_CURVE('',#3599,#4115,#2388,.T.);
#5605=EDGE_CURVE('',#3600,#4114,#2389,.T.);
#5606=EDGE_CURVE('',#3601,#4113,#2390,.T.);
#5607=EDGE_CURVE('',#3602,#4112,#2391,.T.);
#5608=EDGE_CURVE('',#3603,#4111,#2392,.T.);
#5609=EDGE_CURVE('',#3596,#4110,#2393,.T.);
#5610=EDGE_CURVE('',#3605,#4101,#2394,.T.);
#5611=EDGE_CURVE('',#3606,#4108,#2395,.T.);
#5612=EDGE_CURVE('',#3607,#4107,#2396,.T.);
#5613=EDGE_CURVE('',#3608,#4106,#2397,.T.);
#5614=EDGE_CURVE('',#3609,#4105,#2398,.T.);
#5615=EDGE_CURVE('',#3610,#4104,#2399,.T.);
#5616=EDGE_CURVE('',#3611,#4103,#2400,.T.);
#5617=EDGE_CURVE('',#3604,#4102,#2401,.T.);
#5618=EDGE_CURVE('',#3613,#4093,#2402,.T.);
#5619=EDGE_CURVE('',#3614,#4100,#2403,.T.);
#5620=EDGE_CURVE('',#3615,#4099,#2404,.T.);
#5621=EDGE_CURVE('',#3616,#4098,#2405,.T.);
#5622=EDGE_CURVE('',#3617,#4097,#2406,.T.);
#5623=EDGE_CURVE('',#3618,#4096,#2407,.T.);
#5624=EDGE_CURVE('',#3619,#4095,#2408,.T.);
#5625=EDGE_CURVE('',#3612,#4094,#2409,.T.);
#5626=EDGE_CURVE('',#4128,#3620,#2410,.T.);
#5627=EDGE_CURVE('',#4442,#4442,#523,.T.);
#5628=EDGE_CURVE('',#4442,#3621,#2411,.T.);
#5629=EDGE_CURVE('',#3623,#4085,#2412,.T.);
#5630=EDGE_CURVE('',#3624,#4092,#2413,.T.);
#5631=EDGE_CURVE('',#3625,#4091,#2414,.T.);
#5632=EDGE_CURVE('',#3626,#4090,#2415,.T.);
#5633=EDGE_CURVE('',#3627,#4089,#2416,.T.);
#5634=EDGE_CURVE('',#3628,#4088,#2417,.T.);
#5635=EDGE_CURVE('',#3629,#4087,#2418,.T.);
#5636=EDGE_CURVE('',#3622,#4086,#2419,.T.);
#5637=EDGE_CURVE('',#3631,#4077,#2420,.T.);
#5638=EDGE_CURVE('',#3632,#4084,#2421,.T.);
#5639=EDGE_CURVE('',#3633,#4083,#2422,.T.);
#5640=EDGE_CURVE('',#3634,#4082,#2423,.T.);
#5641=EDGE_CURVE('',#3635,#4081,#2424,.T.);
#5642=EDGE_CURVE('',#3636,#4080,#2425,.T.);
#5643=EDGE_CURVE('',#3637,#4079,#2426,.T.);
#5644=EDGE_CURVE('',#3630,#4078,#2427,.T.);
#5645=EDGE_CURVE('',#3639,#4069,#2428,.T.);
#5646=EDGE_CURVE('',#3640,#4076,#2429,.T.);
#5647=EDGE_CURVE('',#3641,#4075,#2430,.T.);
#5648=EDGE_CURVE('',#3642,#4074,#2431,.T.);
#5649=EDGE_CURVE('',#3643,#4073,#2432,.T.);
#5650=EDGE_CURVE('',#3644,#4072,#2433,.T.);
#5651=EDGE_CURVE('',#3645,#4071,#2434,.T.);
#5652=EDGE_CURVE('',#3638,#4070,#2435,.T.);
#5653=EDGE_CURVE('',#3647,#4061,#2436,.T.);
#5654=EDGE_CURVE('',#3648,#4068,#2437,.T.);
#5655=EDGE_CURVE('',#3649,#4067,#2438,.T.);
#5656=EDGE_CURVE('',#3650,#4066,#2439,.T.);
#5657=EDGE_CURVE('',#3651,#4065,#2440,.T.);
#5658=EDGE_CURVE('',#3652,#4064,#2441,.T.);
#5659=EDGE_CURVE('',#3653,#4063,#2442,.T.);
#5660=EDGE_CURVE('',#3646,#4062,#2443,.T.);
#5661=EDGE_CURVE('',#3655,#4053,#2444,.T.);
#5662=EDGE_CURVE('',#3656,#4060,#2445,.T.);
#5663=EDGE_CURVE('',#3657,#4059,#2446,.T.);
#5664=EDGE_CURVE('',#3658,#4058,#2447,.T.);
#5665=EDGE_CURVE('',#3659,#4057,#2448,.T.);
#5666=EDGE_CURVE('',#3660,#4056,#2449,.T.);
#5667=EDGE_CURVE('',#3661,#4055,#2450,.T.);
#5668=EDGE_CURVE('',#3654,#4054,#2451,.T.);
#5669=EDGE_CURVE('',#3663,#4045,#2452,.T.);
#5670=EDGE_CURVE('',#3664,#4052,#2453,.T.);
#5671=EDGE_CURVE('',#3665,#4051,#2454,.T.);
#5672=EDGE_CURVE('',#3666,#4050,#2455,.T.);
#5673=EDGE_CURVE('',#3667,#4049,#2456,.T.);
#5674=EDGE_CURVE('',#3668,#4048,#2457,.T.);
#5675=EDGE_CURVE('',#3669,#4047,#2458,.T.);
#5676=EDGE_CURVE('',#3662,#4046,#2459,.T.);
#5677=EDGE_CURVE('',#3671,#4037,#2460,.T.);
#5678=EDGE_CURVE('',#3672,#4044,#2461,.T.);
#5679=EDGE_CURVE('',#3673,#4043,#2462,.T.);
#5680=EDGE_CURVE('',#3674,#4042,#2463,.T.);
#5681=EDGE_CURVE('',#3675,#4041,#2464,.T.);
#5682=EDGE_CURVE('',#3676,#4040,#2465,.T.);
#5683=EDGE_CURVE('',#3677,#4039,#2466,.T.);
#5684=EDGE_CURVE('',#3670,#4038,#2467,.T.);
#5685=EDGE_CURVE('',#3679,#4029,#2468,.T.);
#5686=EDGE_CURVE('',#3680,#4036,#2469,.T.);
#5687=EDGE_CURVE('',#3681,#4035,#2470,.T.);
#5688=EDGE_CURVE('',#3682,#4034,#2471,.T.);
#5689=EDGE_CURVE('',#3683,#4033,#2472,.T.);
#5690=EDGE_CURVE('',#3684,#4032,#2473,.T.);
#5691=EDGE_CURVE('',#3685,#4031,#2474,.T.);
#5692=EDGE_CURVE('',#3678,#4030,#2475,.T.);
#5693=EDGE_CURVE('',#3687,#4021,#2476,.T.);
#5694=EDGE_CURVE('',#3688,#4028,#2477,.T.);
#5695=EDGE_CURVE('',#3689,#4027,#2478,.T.);
#5696=EDGE_CURVE('',#3690,#4026,#2479,.T.);
#5697=EDGE_CURVE('',#3691,#4025,#2480,.T.);
#5698=EDGE_CURVE('',#3692,#4024,#2481,.T.);
#5699=EDGE_CURVE('',#3693,#4023,#2482,.T.);
#5700=EDGE_CURVE('',#3686,#4022,#2483,.T.);
#5701=EDGE_CURVE('',#3695,#4013,#2484,.T.);
#5702=EDGE_CURVE('',#3696,#4020,#2485,.T.);
#5703=EDGE_CURVE('',#3697,#4019,#2486,.T.);
#5704=EDGE_CURVE('',#3698,#4018,#2487,.T.);
#5705=EDGE_CURVE('',#3699,#4017,#2488,.T.);
#5706=EDGE_CURVE('',#3700,#4016,#2489,.T.);
#5707=EDGE_CURVE('',#3701,#4015,#2490,.T.);
#5708=EDGE_CURVE('',#3694,#4014,#2491,.T.);
#5709=EDGE_CURVE('',#3703,#4005,#2492,.T.);
#5710=EDGE_CURVE('',#3704,#4012,#2493,.T.);
#5711=EDGE_CURVE('',#3705,#4011,#2494,.T.);
#5712=EDGE_CURVE('',#3706,#4010,#2495,.T.);
#5713=EDGE_CURVE('',#3707,#4009,#2496,.T.);
#5714=EDGE_CURVE('',#3708,#4008,#2497,.T.);
#5715=EDGE_CURVE('',#3709,#4007,#2498,.T.);
#5716=EDGE_CURVE('',#3702,#4006,#2499,.T.);
#5717=EDGE_CURVE('',#3711,#3997,#2500,.T.);
#5718=EDGE_CURVE('',#3712,#4004,#2501,.T.);
#5719=EDGE_CURVE('',#3713,#4003,#2502,.T.);
#5720=EDGE_CURVE('',#3714,#4002,#2503,.T.);
#5721=EDGE_CURVE('',#3715,#4001,#2504,.T.);
#5722=EDGE_CURVE('',#3716,#4000,#2505,.T.);
#5723=EDGE_CURVE('',#3717,#3999,#2506,.T.);
#5724=EDGE_CURVE('',#3710,#3998,#2507,.T.);
#5725=EDGE_CURVE('',#4133,#3718,#2508,.T.);
#5726=EDGE_CURVE('',#3720,#3989,#2509,.T.);
#5727=EDGE_CURVE('',#3721,#3996,#2510,.T.);
#5728=EDGE_CURVE('',#3722,#3995,#2511,.T.);
#5729=EDGE_CURVE('',#3723,#3994,#2512,.T.);
#5730=EDGE_CURVE('',#3724,#3993,#2513,.T.);
#5731=EDGE_CURVE('',#3725,#3992,#2514,.T.);
#5732=EDGE_CURVE('',#3726,#3991,#2515,.T.);
#5733=EDGE_CURVE('',#3719,#3990,#2516,.T.);
#5734=EDGE_CURVE('',#3728,#3976,#2517,.T.);
#5735=EDGE_CURVE('',#3729,#3975,#2518,.T.);
#5736=EDGE_CURVE('',#3730,#3974,#2519,.T.);
#5737=EDGE_CURVE('',#3731,#3981,#2520,.T.);
#5738=EDGE_CURVE('',#3732,#3980,#2521,.T.);
#5739=EDGE_CURVE('',#3733,#3979,#2522,.T.);
#5740=EDGE_CURVE('',#3734,#3978,#2523,.T.);
#5741=EDGE_CURVE('',#3727,#3977,#2524,.T.);
#5742=EDGE_CURVE('',#3587,#3965,#2525,.T.);
#5743=EDGE_CURVE('',#3588,#3964,#2526,.T.);
#5744=EDGE_CURVE('',#3589,#3963,#2527,.T.);
#5745=EDGE_CURVE('',#3590,#3962,#2528,.T.);
#5746=EDGE_CURVE('',#3591,#3961,#2529,.T.);
#5747=EDGE_CURVE('',#3592,#3960,#2530,.T.);
#5748=EDGE_CURVE('',#3593,#3959,#2531,.T.);
#5749=EDGE_CURVE('',#3594,#3958,#2532,.T.);
#5750=EDGE_CURVE('',#3595,#3957,#2533,.T.);
#5751=EDGE_CURVE('',#3577,#3987,#2534,.T.);
#5752=EDGE_CURVE('',#3578,#3986,#2535,.T.);
#5753=EDGE_CURVE('',#3579,#3985,#2536,.T.);
#5754=EDGE_CURVE('',#3580,#3984,#2537,.T.);
#5755=EDGE_CURVE('',#3581,#3971,#2538,.T.);
#5756=EDGE_CURVE('',#3582,#3970,#2539,.T.);
#5757=EDGE_CURVE('',#3583,#3969,#2540,.T.);
#5758=EDGE_CURVE('',#3584,#3968,#2541,.T.);
#5759=EDGE_CURVE('',#3585,#3967,#2542,.T.);
#5760=EDGE_CURVE('',#3586,#3966,#2543,.T.);
#5761=ORIENTED_EDGE('',*,*,#4443,.F.);
#5762=ORIENTED_EDGE('',*,*,#4444,.F.);
#5763=ORIENTED_EDGE('',*,*,#4445,.F.);
#5764=ORIENTED_EDGE('',*,*,#4446,.F.);
#5765=ORIENTED_EDGE('',*,*,#4447,.F.);
#5766=ORIENTED_EDGE('',*,*,#4448,.F.);
#5767=ORIENTED_EDGE('',*,*,#4449,.F.);
#5768=ORIENTED_EDGE('',*,*,#4450,.T.);
#5769=ORIENTED_EDGE('',*,*,#4451,.F.);
#5770=ORIENTED_EDGE('',*,*,#4450,.F.);
#5771=ORIENTED_EDGE('',*,*,#4452,.F.);
#5772=ORIENTED_EDGE('',*,*,#4444,.T.);
#5773=ORIENTED_EDGE('',*,*,#4448,.T.);
#5774=ORIENTED_EDGE('',*,*,#4453,.F.);
#5775=ORIENTED_EDGE('',*,*,#4454,.F.);
#5776=ORIENTED_EDGE('',*,*,#4455,.T.);
#5777=ORIENTED_EDGE('',*,*,#4446,.T.);
#5778=ORIENTED_EDGE('',*,*,#4456,.T.);
#5779=ORIENTED_EDGE('',*,*,#4457,.T.);
#5780=ORIENTED_EDGE('',*,*,#4458,.F.);
#5781=ORIENTED_EDGE('',*,*,#4445,.T.);
#5782=ORIENTED_EDGE('',*,*,#4452,.T.);
#5783=ORIENTED_EDGE('',*,*,#4449,.T.);
#5784=ORIENTED_EDGE('',*,*,#4455,.F.);
#5785=ORIENTED_EDGE('',*,*,#4459,.T.);
#5786=ORIENTED_EDGE('',*,*,#4460,.F.);
#5787=ORIENTED_EDGE('',*,*,#4461,.F.);
#5788=ORIENTED_EDGE('',*,*,#4462,.F.);
#5789=ORIENTED_EDGE('',*,*,#4463,.F.);
#5790=ORIENTED_EDGE('',*,*,#4464,.T.);
#5791=ORIENTED_EDGE('',*,*,#4465,.T.);
#5792=ORIENTED_EDGE('',*,*,#4466,.F.);
#5793=ORIENTED_EDGE('',*,*,#4467,.F.);
#5794=ORIENTED_EDGE('',*,*,#4468,.F.);
#5795=ORIENTED_EDGE('',*,*,#4469,.T.);
#5796=ORIENTED_EDGE('',*,*,#4470,.F.);
#5797=ORIENTED_EDGE('',*,*,#4471,.T.);
#5798=ORIENTED_EDGE('',*,*,#4472,.T.);
#5799=ORIENTED_EDGE('',*,*,#4473,.F.);
#5800=ORIENTED_EDGE('',*,*,#4474,.T.);
#5801=ORIENTED_EDGE('',*,*,#4475,.T.);
#5802=ORIENTED_EDGE('',*,*,#4476,.T.);
#5803=ORIENTED_EDGE('',*,*,#4477,.F.);
#5804=ORIENTED_EDGE('',*,*,#4478,.F.);
#5805=ORIENTED_EDGE('',*,*,#4456,.F.);
#5806=ORIENTED_EDGE('',*,*,#4479,.T.);
#5807=ORIENTED_EDGE('',*,*,#4480,.T.);
#5808=ORIENTED_EDGE('',*,*,#4481,.T.);
#5809=ORIENTED_EDGE('',*,*,#4482,.T.);
#5810=ORIENTED_EDGE('',*,*,#4483,.T.);
#5811=ORIENTED_EDGE('',*,*,#4484,.T.);
#5812=ORIENTED_EDGE('',*,*,#4485,.T.);
#5813=ORIENTED_EDGE('',*,*,#4486,.T.);
#5814=ORIENTED_EDGE('',*,*,#4487,.T.);
#5815=ORIENTED_EDGE('',*,*,#4488,.T.);
#5816=ORIENTED_EDGE('',*,*,#4489,.T.);
#5817=ORIENTED_EDGE('',*,*,#4490,.T.);
#5818=ORIENTED_EDGE('',*,*,#4491,.T.);
#5819=ORIENTED_EDGE('',*,*,#4492,.T.);
#5820=ORIENTED_EDGE('',*,*,#4493,.T.);
#5821=ORIENTED_EDGE('',*,*,#4494,.T.);
#5822=ORIENTED_EDGE('',*,*,#4495,.T.);
#5823=ORIENTED_EDGE('',*,*,#4496,.T.);
#5824=ORIENTED_EDGE('',*,*,#4497,.T.);
#5825=ORIENTED_EDGE('',*,*,#4498,.T.);
#5826=ORIENTED_EDGE('',*,*,#4499,.T.);
#5827=ORIENTED_EDGE('',*,*,#4500,.T.);
#5828=ORIENTED_EDGE('',*,*,#4501,.T.);
#5829=ORIENTED_EDGE('',*,*,#4502,.T.);
#5830=ORIENTED_EDGE('',*,*,#4503,.T.);
#5831=ORIENTED_EDGE('',*,*,#4504,.T.);
#5832=ORIENTED_EDGE('',*,*,#4505,.T.);
#5833=ORIENTED_EDGE('',*,*,#4506,.T.);
#5834=ORIENTED_EDGE('',*,*,#4507,.T.);
#5835=ORIENTED_EDGE('',*,*,#4508,.T.);
#5836=ORIENTED_EDGE('',*,*,#4509,.T.);
#5837=ORIENTED_EDGE('',*,*,#4510,.T.);
#5838=ORIENTED_EDGE('',*,*,#4511,.T.);
#5839=ORIENTED_EDGE('',*,*,#4512,.T.);
#5840=ORIENTED_EDGE('',*,*,#4513,.T.);
#5841=ORIENTED_EDGE('',*,*,#4514,.T.);
#5842=ORIENTED_EDGE('',*,*,#4515,.T.);
#5843=ORIENTED_EDGE('',*,*,#4516,.T.);
#5844=ORIENTED_EDGE('',*,*,#4517,.T.);
#5845=ORIENTED_EDGE('',*,*,#4518,.T.);
#5846=ORIENTED_EDGE('',*,*,#4519,.T.);
#5847=ORIENTED_EDGE('',*,*,#4520,.T.);
#5848=ORIENTED_EDGE('',*,*,#4521,.T.);
#5849=ORIENTED_EDGE('',*,*,#4522,.T.);
#5850=ORIENTED_EDGE('',*,*,#4523,.T.);
#5851=ORIENTED_EDGE('',*,*,#4524,.T.);
#5852=ORIENTED_EDGE('',*,*,#4525,.T.);
#5853=ORIENTED_EDGE('',*,*,#4526,.T.);
#5854=ORIENTED_EDGE('',*,*,#4527,.T.);
#5855=ORIENTED_EDGE('',*,*,#4528,.T.);
#5856=ORIENTED_EDGE('',*,*,#4529,.T.);
#5857=ORIENTED_EDGE('',*,*,#4530,.T.);
#5858=ORIENTED_EDGE('',*,*,#4531,.T.);
#5859=ORIENTED_EDGE('',*,*,#4532,.T.);
#5860=ORIENTED_EDGE('',*,*,#4533,.T.);
#5861=ORIENTED_EDGE('',*,*,#4534,.T.);
#5862=ORIENTED_EDGE('',*,*,#4535,.T.);
#5863=ORIENTED_EDGE('',*,*,#4536,.T.);
#5864=ORIENTED_EDGE('',*,*,#4537,.T.);
#5865=ORIENTED_EDGE('',*,*,#4538,.T.);
#5866=ORIENTED_EDGE('',*,*,#4539,.T.);
#5867=ORIENTED_EDGE('',*,*,#4540,.T.);
#5868=ORIENTED_EDGE('',*,*,#4541,.T.);
#5869=ORIENTED_EDGE('',*,*,#4542,.T.);
#5870=ORIENTED_EDGE('',*,*,#4543,.T.);
#5871=ORIENTED_EDGE('',*,*,#4544,.T.);
#5872=ORIENTED_EDGE('',*,*,#4545,.T.);
#5873=ORIENTED_EDGE('',*,*,#4546,.T.);
#5874=ORIENTED_EDGE('',*,*,#4547,.T.);
#5875=ORIENTED_EDGE('',*,*,#4548,.T.);
#5876=ORIENTED_EDGE('',*,*,#4549,.T.);
#5877=ORIENTED_EDGE('',*,*,#4550,.T.);
#5878=ORIENTED_EDGE('',*,*,#4551,.T.);
#5879=ORIENTED_EDGE('',*,*,#4552,.T.);
#5880=ORIENTED_EDGE('',*,*,#4553,.T.);
#5881=ORIENTED_EDGE('',*,*,#4554,.T.);
#5882=ORIENTED_EDGE('',*,*,#4555,.T.);
#5883=ORIENTED_EDGE('',*,*,#4556,.T.);
#5884=ORIENTED_EDGE('',*,*,#4557,.T.);
#5885=ORIENTED_EDGE('',*,*,#4558,.T.);
#5886=ORIENTED_EDGE('',*,*,#4559,.T.);
#5887=ORIENTED_EDGE('',*,*,#4560,.T.);
#5888=ORIENTED_EDGE('',*,*,#4561,.T.);
#5889=ORIENTED_EDGE('',*,*,#4562,.T.);
#5890=ORIENTED_EDGE('',*,*,#4563,.T.);
#5891=ORIENTED_EDGE('',*,*,#4564,.T.);
#5892=ORIENTED_EDGE('',*,*,#4565,.T.);
#5893=ORIENTED_EDGE('',*,*,#4566,.T.);
#5894=ORIENTED_EDGE('',*,*,#4567,.T.);
#5895=ORIENTED_EDGE('',*,*,#4568,.T.);
#5896=ORIENTED_EDGE('',*,*,#4569,.T.);
#5897=ORIENTED_EDGE('',*,*,#4570,.T.);
#5898=ORIENTED_EDGE('',*,*,#4571,.T.);
#5899=ORIENTED_EDGE('',*,*,#4572,.T.);
#5900=ORIENTED_EDGE('',*,*,#4573,.T.);
#5901=ORIENTED_EDGE('',*,*,#4574,.T.);
#5902=ORIENTED_EDGE('',*,*,#4575,.T.);
#5903=ORIENTED_EDGE('',*,*,#4576,.T.);
#5904=ORIENTED_EDGE('',*,*,#4577,.T.);
#5905=ORIENTED_EDGE('',*,*,#4578,.T.);
#5906=ORIENTED_EDGE('',*,*,#4579,.T.);
#5907=ORIENTED_EDGE('',*,*,#4580,.T.);
#5908=ORIENTED_EDGE('',*,*,#4581,.T.);
#5909=ORIENTED_EDGE('',*,*,#4582,.T.);
#5910=ORIENTED_EDGE('',*,*,#4583,.T.);
#5911=ORIENTED_EDGE('',*,*,#4584,.T.);
#5912=ORIENTED_EDGE('',*,*,#4585,.T.);
#5913=ORIENTED_EDGE('',*,*,#4586,.T.);
#5914=ORIENTED_EDGE('',*,*,#4587,.T.);
#5915=ORIENTED_EDGE('',*,*,#4588,.T.);
#5916=ORIENTED_EDGE('',*,*,#4589,.T.);
#5917=ORIENTED_EDGE('',*,*,#4590,.T.);
#5918=ORIENTED_EDGE('',*,*,#4591,.T.);
#5919=ORIENTED_EDGE('',*,*,#4592,.T.);
#5920=ORIENTED_EDGE('',*,*,#4593,.T.);
#5921=ORIENTED_EDGE('',*,*,#4594,.T.);
#5922=ORIENTED_EDGE('',*,*,#4595,.T.);
#5923=ORIENTED_EDGE('',*,*,#4596,.T.);
#5924=ORIENTED_EDGE('',*,*,#4597,.T.);
#5925=ORIENTED_EDGE('',*,*,#4598,.T.);
#5926=ORIENTED_EDGE('',*,*,#4599,.T.);
#5927=ORIENTED_EDGE('',*,*,#4600,.T.);
#5928=ORIENTED_EDGE('',*,*,#4601,.T.);
#5929=ORIENTED_EDGE('',*,*,#4602,.T.);
#5930=ORIENTED_EDGE('',*,*,#4603,.T.);
#5931=ORIENTED_EDGE('',*,*,#4604,.T.);
#5932=ORIENTED_EDGE('',*,*,#4605,.T.);
#5933=ORIENTED_EDGE('',*,*,#4606,.T.);
#5934=ORIENTED_EDGE('',*,*,#4607,.T.);
#5935=ORIENTED_EDGE('',*,*,#4608,.T.);
#5936=ORIENTED_EDGE('',*,*,#4609,.T.);
#5937=ORIENTED_EDGE('',*,*,#4610,.T.);
#5938=ORIENTED_EDGE('',*,*,#4611,.T.);
#5939=ORIENTED_EDGE('',*,*,#4612,.T.);
#5940=ORIENTED_EDGE('',*,*,#4613,.T.);
#5941=ORIENTED_EDGE('',*,*,#4614,.T.);
#5942=ORIENTED_EDGE('',*,*,#4615,.T.);
#5943=ORIENTED_EDGE('',*,*,#4616,.T.);
#5944=ORIENTED_EDGE('',*,*,#4617,.T.);
#5945=ORIENTED_EDGE('',*,*,#4618,.T.);
#5946=ORIENTED_EDGE('',*,*,#4619,.T.);
#5947=ORIENTED_EDGE('',*,*,#4620,.T.);
#5948=ORIENTED_EDGE('',*,*,#4621,.T.);
#5949=ORIENTED_EDGE('',*,*,#4622,.T.);
#5950=ORIENTED_EDGE('',*,*,#4623,.T.);
#5951=ORIENTED_EDGE('',*,*,#4624,.T.);
#5952=ORIENTED_EDGE('',*,*,#4625,.T.);
#5953=ORIENTED_EDGE('',*,*,#4626,.T.);
#5954=ORIENTED_EDGE('',*,*,#4627,.T.);
#5955=ORIENTED_EDGE('',*,*,#4628,.T.);
#5956=ORIENTED_EDGE('',*,*,#4629,.T.);
#5957=ORIENTED_EDGE('',*,*,#4630,.T.);
#5958=ORIENTED_EDGE('',*,*,#4631,.T.);
#5959=ORIENTED_EDGE('',*,*,#4632,.T.);
#5960=ORIENTED_EDGE('',*,*,#4633,.T.);
#5961=ORIENTED_EDGE('',*,*,#4634,.T.);
#5962=ORIENTED_EDGE('',*,*,#4635,.T.);
#5963=ORIENTED_EDGE('',*,*,#4636,.T.);
#5964=ORIENTED_EDGE('',*,*,#4637,.T.);
#5965=ORIENTED_EDGE('',*,*,#4638,.T.);
#5966=ORIENTED_EDGE('',*,*,#4639,.T.);
#5967=ORIENTED_EDGE('',*,*,#4640,.T.);
#5968=ORIENTED_EDGE('',*,*,#4641,.T.);
#5969=ORIENTED_EDGE('',*,*,#4642,.T.);
#5970=ORIENTED_EDGE('',*,*,#4643,.T.);
#5971=ORIENTED_EDGE('',*,*,#4644,.T.);
#5972=ORIENTED_EDGE('',*,*,#4645,.T.);
#5973=ORIENTED_EDGE('',*,*,#4646,.T.);
#5974=ORIENTED_EDGE('',*,*,#4647,.T.);
#5975=ORIENTED_EDGE('',*,*,#4648,.T.);
#5976=ORIENTED_EDGE('',*,*,#4649,.T.);
#5977=ORIENTED_EDGE('',*,*,#4650,.T.);
#5978=ORIENTED_EDGE('',*,*,#4651,.T.);
#5979=ORIENTED_EDGE('',*,*,#4652,.T.);
#5980=ORIENTED_EDGE('',*,*,#4653,.T.);
#5981=ORIENTED_EDGE('',*,*,#4654,.T.);
#5982=ORIENTED_EDGE('',*,*,#4655,.T.);
#5983=ORIENTED_EDGE('',*,*,#4656,.T.);
#5984=ORIENTED_EDGE('',*,*,#4657,.T.);
#5985=ORIENTED_EDGE('',*,*,#4658,.T.);
#5986=ORIENTED_EDGE('',*,*,#4659,.T.);
#5987=ORIENTED_EDGE('',*,*,#4660,.T.);
#5988=ORIENTED_EDGE('',*,*,#4661,.T.);
#5989=ORIENTED_EDGE('',*,*,#4662,.T.);
#5990=ORIENTED_EDGE('',*,*,#4663,.T.);
#5991=ORIENTED_EDGE('',*,*,#4664,.T.);
#5992=ORIENTED_EDGE('',*,*,#4665,.T.);
#5993=ORIENTED_EDGE('',*,*,#4666,.T.);
#5994=ORIENTED_EDGE('',*,*,#4667,.T.);
#5995=ORIENTED_EDGE('',*,*,#4668,.T.);
#5996=ORIENTED_EDGE('',*,*,#4669,.T.);
#5997=ORIENTED_EDGE('',*,*,#4670,.T.);
#5998=ORIENTED_EDGE('',*,*,#4671,.T.);
#5999=ORIENTED_EDGE('',*,*,#4672,.T.);
#6000=ORIENTED_EDGE('',*,*,#4673,.T.);
#6001=ORIENTED_EDGE('',*,*,#4674,.T.);
#6002=ORIENTED_EDGE('',*,*,#4675,.T.);
#6003=ORIENTED_EDGE('',*,*,#4676,.T.);
#6004=ORIENTED_EDGE('',*,*,#4677,.T.);
#6005=ORIENTED_EDGE('',*,*,#4678,.T.);
#6006=ORIENTED_EDGE('',*,*,#4679,.T.);
#6007=ORIENTED_EDGE('',*,*,#4680,.T.);
#6008=ORIENTED_EDGE('',*,*,#4681,.T.);
#6009=ORIENTED_EDGE('',*,*,#4682,.T.);
#6010=ORIENTED_EDGE('',*,*,#4683,.T.);
#6011=ORIENTED_EDGE('',*,*,#4684,.T.);
#6012=ORIENTED_EDGE('',*,*,#4685,.T.);
#6013=ORIENTED_EDGE('',*,*,#4686,.T.);
#6014=ORIENTED_EDGE('',*,*,#4687,.T.);
#6015=ORIENTED_EDGE('',*,*,#4688,.T.);
#6016=ORIENTED_EDGE('',*,*,#4689,.T.);
#6017=ORIENTED_EDGE('',*,*,#4690,.T.);
#6018=ORIENTED_EDGE('',*,*,#4691,.T.);
#6019=ORIENTED_EDGE('',*,*,#4692,.T.);
#6020=ORIENTED_EDGE('',*,*,#4693,.T.);
#6021=ORIENTED_EDGE('',*,*,#4694,.T.);
#6022=ORIENTED_EDGE('',*,*,#4695,.T.);
#6023=ORIENTED_EDGE('',*,*,#4696,.T.);
#6024=ORIENTED_EDGE('',*,*,#4697,.T.);
#6025=ORIENTED_EDGE('',*,*,#4698,.T.);
#6026=ORIENTED_EDGE('',*,*,#4699,.T.);
#6027=ORIENTED_EDGE('',*,*,#4700,.T.);
#6028=ORIENTED_EDGE('',*,*,#4701,.T.);
#6029=ORIENTED_EDGE('',*,*,#4702,.T.);
#6030=ORIENTED_EDGE('',*,*,#4703,.T.);
#6031=ORIENTED_EDGE('',*,*,#4704,.T.);
#6032=ORIENTED_EDGE('',*,*,#4705,.T.);
#6033=ORIENTED_EDGE('',*,*,#4706,.T.);
#6034=ORIENTED_EDGE('',*,*,#4707,.T.);
#6035=ORIENTED_EDGE('',*,*,#4708,.T.);
#6036=ORIENTED_EDGE('',*,*,#4709,.T.);
#6037=ORIENTED_EDGE('',*,*,#4710,.T.);
#6038=ORIENTED_EDGE('',*,*,#4711,.T.);
#6039=ORIENTED_EDGE('',*,*,#4712,.T.);
#6040=ORIENTED_EDGE('',*,*,#4713,.T.);
#6041=ORIENTED_EDGE('',*,*,#4714,.T.);
#6042=ORIENTED_EDGE('',*,*,#4715,.T.);
#6043=ORIENTED_EDGE('',*,*,#4716,.T.);
#6044=ORIENTED_EDGE('',*,*,#4717,.T.);
#6045=ORIENTED_EDGE('',*,*,#4718,.T.);
#6046=ORIENTED_EDGE('',*,*,#4719,.T.);
#6047=ORIENTED_EDGE('',*,*,#4720,.T.);
#6048=ORIENTED_EDGE('',*,*,#4721,.T.);
#6049=ORIENTED_EDGE('',*,*,#4722,.T.);
#6050=ORIENTED_EDGE('',*,*,#4723,.T.);
#6051=ORIENTED_EDGE('',*,*,#4724,.T.);
#6052=ORIENTED_EDGE('',*,*,#4725,.T.);
#6053=ORIENTED_EDGE('',*,*,#4726,.T.);
#6054=ORIENTED_EDGE('',*,*,#4727,.T.);
#6055=ORIENTED_EDGE('',*,*,#4728,.T.);
#6056=ORIENTED_EDGE('',*,*,#4729,.T.);
#6057=ORIENTED_EDGE('',*,*,#4730,.T.);
#6058=ORIENTED_EDGE('',*,*,#4731,.T.);
#6059=ORIENTED_EDGE('',*,*,#4732,.T.);
#6060=ORIENTED_EDGE('',*,*,#4733,.T.);
#6061=ORIENTED_EDGE('',*,*,#4734,.T.);
#6062=ORIENTED_EDGE('',*,*,#4735,.T.);
#6063=ORIENTED_EDGE('',*,*,#4736,.T.);
#6064=ORIENTED_EDGE('',*,*,#4737,.T.);
#6065=ORIENTED_EDGE('',*,*,#4738,.T.);
#6066=ORIENTED_EDGE('',*,*,#4739,.T.);
#6067=ORIENTED_EDGE('',*,*,#4740,.T.);
#6068=ORIENTED_EDGE('',*,*,#4741,.T.);
#6069=ORIENTED_EDGE('',*,*,#4742,.T.);
#6070=ORIENTED_EDGE('',*,*,#4743,.T.);
#6071=ORIENTED_EDGE('',*,*,#4744,.T.);
#6072=ORIENTED_EDGE('',*,*,#4745,.T.);
#6073=ORIENTED_EDGE('',*,*,#4746,.T.);
#6074=ORIENTED_EDGE('',*,*,#4747,.T.);
#6075=ORIENTED_EDGE('',*,*,#4748,.T.);
#6076=ORIENTED_EDGE('',*,*,#4749,.T.);
#6077=ORIENTED_EDGE('',*,*,#4750,.T.);
#6078=ORIENTED_EDGE('',*,*,#4751,.T.);
#6079=ORIENTED_EDGE('',*,*,#4752,.T.);
#6080=ORIENTED_EDGE('',*,*,#4753,.T.);
#6081=ORIENTED_EDGE('',*,*,#4754,.T.);
#6082=ORIENTED_EDGE('',*,*,#4755,.T.);
#6083=ORIENTED_EDGE('',*,*,#4756,.T.);
#6084=ORIENTED_EDGE('',*,*,#4757,.T.);
#6085=ORIENTED_EDGE('',*,*,#4758,.T.);
#6086=ORIENTED_EDGE('',*,*,#4759,.T.);
#6087=ORIENTED_EDGE('',*,*,#4760,.T.);
#6088=ORIENTED_EDGE('',*,*,#4761,.T.);
#6089=ORIENTED_EDGE('',*,*,#4762,.T.);
#6090=ORIENTED_EDGE('',*,*,#4763,.T.);
#6091=ORIENTED_EDGE('',*,*,#4764,.T.);
#6092=ORIENTED_EDGE('',*,*,#4765,.T.);
#6093=ORIENTED_EDGE('',*,*,#4766,.T.);
#6094=ORIENTED_EDGE('',*,*,#4767,.T.);
#6095=ORIENTED_EDGE('',*,*,#4768,.T.);
#6096=ORIENTED_EDGE('',*,*,#4769,.T.);
#6097=ORIENTED_EDGE('',*,*,#4770,.T.);
#6098=ORIENTED_EDGE('',*,*,#4771,.T.);
#6099=ORIENTED_EDGE('',*,*,#4772,.T.);
#6100=ORIENTED_EDGE('',*,*,#4773,.T.);
#6101=ORIENTED_EDGE('',*,*,#4774,.T.);
#6102=ORIENTED_EDGE('',*,*,#4775,.T.);
#6103=ORIENTED_EDGE('',*,*,#4776,.T.);
#6104=ORIENTED_EDGE('',*,*,#4777,.T.);
#6105=ORIENTED_EDGE('',*,*,#4778,.T.);
#6106=ORIENTED_EDGE('',*,*,#4779,.T.);
#6107=ORIENTED_EDGE('',*,*,#4780,.T.);
#6108=ORIENTED_EDGE('',*,*,#4781,.T.);
#6109=ORIENTED_EDGE('',*,*,#4782,.T.);
#6110=ORIENTED_EDGE('',*,*,#4783,.T.);
#6111=ORIENTED_EDGE('',*,*,#4784,.T.);
#6112=ORIENTED_EDGE('',*,*,#4785,.T.);
#6113=ORIENTED_EDGE('',*,*,#4786,.T.);
#6114=ORIENTED_EDGE('',*,*,#4787,.T.);
#6115=ORIENTED_EDGE('',*,*,#4788,.T.);
#6116=ORIENTED_EDGE('',*,*,#4789,.T.);
#6117=ORIENTED_EDGE('',*,*,#4790,.T.);
#6118=ORIENTED_EDGE('',*,*,#4791,.T.);
#6119=ORIENTED_EDGE('',*,*,#4792,.T.);
#6120=ORIENTED_EDGE('',*,*,#4793,.T.);
#6121=ORIENTED_EDGE('',*,*,#4794,.T.);
#6122=ORIENTED_EDGE('',*,*,#4795,.T.);
#6123=ORIENTED_EDGE('',*,*,#4796,.T.);
#6124=ORIENTED_EDGE('',*,*,#4797,.T.);
#6125=ORIENTED_EDGE('',*,*,#4798,.T.);
#6126=ORIENTED_EDGE('',*,*,#4799,.T.);
#6127=ORIENTED_EDGE('',*,*,#4800,.T.);
#6128=ORIENTED_EDGE('',*,*,#4801,.T.);
#6129=ORIENTED_EDGE('',*,*,#4802,.T.);
#6130=ORIENTED_EDGE('',*,*,#4803,.T.);
#6131=ORIENTED_EDGE('',*,*,#4804,.T.);
#6132=ORIENTED_EDGE('',*,*,#4805,.T.);
#6133=ORIENTED_EDGE('',*,*,#4806,.T.);
#6134=ORIENTED_EDGE('',*,*,#4807,.T.);
#6135=ORIENTED_EDGE('',*,*,#4808,.T.);
#6136=ORIENTED_EDGE('',*,*,#4809,.T.);
#6137=ORIENTED_EDGE('',*,*,#4810,.T.);
#6138=ORIENTED_EDGE('',*,*,#4811,.T.);
#6139=ORIENTED_EDGE('',*,*,#4812,.T.);
#6140=ORIENTED_EDGE('',*,*,#4813,.T.);
#6141=ORIENTED_EDGE('',*,*,#4814,.T.);
#6142=ORIENTED_EDGE('',*,*,#4815,.T.);
#6143=ORIENTED_EDGE('',*,*,#4816,.T.);
#6144=ORIENTED_EDGE('',*,*,#4817,.T.);
#6145=ORIENTED_EDGE('',*,*,#4818,.T.);
#6146=ORIENTED_EDGE('',*,*,#4819,.T.);
#6147=ORIENTED_EDGE('',*,*,#4820,.T.);
#6148=ORIENTED_EDGE('',*,*,#4821,.T.);
#6149=ORIENTED_EDGE('',*,*,#4822,.T.);
#6150=ORIENTED_EDGE('',*,*,#4823,.T.);
#6151=ORIENTED_EDGE('',*,*,#4824,.T.);
#6152=ORIENTED_EDGE('',*,*,#4825,.T.);
#6153=ORIENTED_EDGE('',*,*,#4826,.T.);
#6154=ORIENTED_EDGE('',*,*,#4827,.T.);
#6155=ORIENTED_EDGE('',*,*,#4828,.T.);
#6156=ORIENTED_EDGE('',*,*,#4829,.T.);
#6157=ORIENTED_EDGE('',*,*,#4830,.T.);
#6158=ORIENTED_EDGE('',*,*,#4831,.T.);
#6159=ORIENTED_EDGE('',*,*,#4832,.T.);
#6160=ORIENTED_EDGE('',*,*,#4833,.T.);
#6161=ORIENTED_EDGE('',*,*,#4834,.T.);
#6162=ORIENTED_EDGE('',*,*,#4835,.T.);
#6163=ORIENTED_EDGE('',*,*,#4836,.T.);
#6164=ORIENTED_EDGE('',*,*,#4837,.T.);
#6165=ORIENTED_EDGE('',*,*,#4838,.T.);
#6166=ORIENTED_EDGE('',*,*,#4839,.T.);
#6167=ORIENTED_EDGE('',*,*,#4840,.T.);
#6168=ORIENTED_EDGE('',*,*,#4839,.F.);
#6169=ORIENTED_EDGE('',*,*,#4443,.T.);
#6170=ORIENTED_EDGE('',*,*,#4458,.T.);
#6171=ORIENTED_EDGE('',*,*,#4841,.T.);
#6172=ORIENTED_EDGE('',*,*,#4842,.T.);
#6173=ORIENTED_EDGE('',*,*,#4843,.T.);
#6174=ORIENTED_EDGE('',*,*,#4844,.T.);
#6175=ORIENTED_EDGE('',*,*,#4845,.T.);
#6176=ORIENTED_EDGE('',*,*,#4846,.T.);
#6177=ORIENTED_EDGE('',*,*,#4847,.T.);
#6178=ORIENTED_EDGE('',*,*,#4848,.T.);
#6179=ORIENTED_EDGE('',*,*,#4849,.T.);
#6180=ORIENTED_EDGE('',*,*,#4850,.T.);
#6181=ORIENTED_EDGE('',*,*,#4851,.T.);
#6182=ORIENTED_EDGE('',*,*,#4852,.T.);
#6183=ORIENTED_EDGE('',*,*,#4853,.T.);
#6184=ORIENTED_EDGE('',*,*,#4854,.T.);
#6185=ORIENTED_EDGE('',*,*,#4855,.T.);
#6186=ORIENTED_EDGE('',*,*,#4856,.T.);
#6187=ORIENTED_EDGE('',*,*,#4857,.F.);
#6188=ORIENTED_EDGE('',*,*,#4858,.T.);
#6189=ORIENTED_EDGE('',*,*,#4859,.T.);
#6190=ORIENTED_EDGE('',*,*,#4860,.T.);
#6191=ORIENTED_EDGE('',*,*,#4861,.T.);
#6192=ORIENTED_EDGE('',*,*,#4862,.T.);
#6193=ORIENTED_EDGE('',*,*,#4863,.T.);
#6194=ORIENTED_EDGE('',*,*,#4864,.T.);
#6195=ORIENTED_EDGE('',*,*,#4865,.T.);
#6196=ORIENTED_EDGE('',*,*,#4866,.T.);
#6197=ORIENTED_EDGE('',*,*,#4867,.F.);
#6198=ORIENTED_EDGE('',*,*,#4868,.T.);
#6199=ORIENTED_EDGE('',*,*,#4869,.T.);
#6200=ORIENTED_EDGE('',*,*,#4870,.T.);
#6201=ORIENTED_EDGE('',*,*,#4871,.T.);
#6202=ORIENTED_EDGE('',*,*,#4872,.T.);
#6203=ORIENTED_EDGE('',*,*,#4453,.T.);
#6204=ORIENTED_EDGE('',*,*,#4447,.T.);
#6205=ORIENTED_EDGE('',*,*,#4451,.T.);
#6206=ORIENTED_EDGE('',*,*,#4873,.F.);
#6207=ORIENTED_EDGE('',*,*,#4874,.T.);
#6208=ORIENTED_EDGE('',*,*,#4875,.T.);
#6209=ORIENTED_EDGE('',*,*,#4876,.T.);
#6210=ORIENTED_EDGE('',*,*,#4877,.T.);
#6211=ORIENTED_EDGE('',*,*,#4878,.T.);
#6212=ORIENTED_EDGE('',*,*,#4879,.T.);
#6213=ORIENTED_EDGE('',*,*,#4880,.T.);
#6214=ORIENTED_EDGE('',*,*,#4881,.T.);
#6215=ORIENTED_EDGE('',*,*,#4882,.T.);
#6216=ORIENTED_EDGE('',*,*,#4883,.T.);
#6217=ORIENTED_EDGE('',*,*,#4884,.T.);
#6218=ORIENTED_EDGE('',*,*,#4885,.T.);
#6219=ORIENTED_EDGE('',*,*,#4886,.T.);
#6220=ORIENTED_EDGE('',*,*,#4887,.T.);
#6221=ORIENTED_EDGE('',*,*,#4888,.T.);
#6222=ORIENTED_EDGE('',*,*,#4889,.T.);
#6223=ORIENTED_EDGE('',*,*,#4890,.T.);
#6224=ORIENTED_EDGE('',*,*,#4891,.T.);
#6225=ORIENTED_EDGE('',*,*,#4892,.T.);
#6226=ORIENTED_EDGE('',*,*,#4893,.T.);
#6227=ORIENTED_EDGE('',*,*,#4894,.T.);
#6228=ORIENTED_EDGE('',*,*,#4895,.T.);
#6229=ORIENTED_EDGE('',*,*,#4896,.T.);
#6230=ORIENTED_EDGE('',*,*,#4897,.T.);
#6231=ORIENTED_EDGE('',*,*,#4898,.T.);
#6232=ORIENTED_EDGE('',*,*,#4899,.T.);
#6233=ORIENTED_EDGE('',*,*,#4900,.T.);
#6234=ORIENTED_EDGE('',*,*,#4901,.T.);
#6235=ORIENTED_EDGE('',*,*,#4902,.T.);
#6236=ORIENTED_EDGE('',*,*,#4903,.T.);
#6237=ORIENTED_EDGE('',*,*,#4904,.T.);
#6238=ORIENTED_EDGE('',*,*,#4905,.T.);
#6239=ORIENTED_EDGE('',*,*,#4906,.T.);
#6240=ORIENTED_EDGE('',*,*,#4907,.T.);
#6241=ORIENTED_EDGE('',*,*,#4908,.T.);
#6242=ORIENTED_EDGE('',*,*,#4909,.T.);
#6243=ORIENTED_EDGE('',*,*,#4910,.T.);
#6244=ORIENTED_EDGE('',*,*,#4911,.T.);
#6245=ORIENTED_EDGE('',*,*,#4912,.T.);
#6246=ORIENTED_EDGE('',*,*,#4913,.T.);
#6247=ORIENTED_EDGE('',*,*,#4914,.T.);
#6248=ORIENTED_EDGE('',*,*,#4915,.T.);
#6249=ORIENTED_EDGE('',*,*,#4916,.T.);
#6250=ORIENTED_EDGE('',*,*,#4917,.T.);
#6251=ORIENTED_EDGE('',*,*,#4918,.T.);
#6252=ORIENTED_EDGE('',*,*,#4919,.T.);
#6253=ORIENTED_EDGE('',*,*,#4920,.T.);
#6254=ORIENTED_EDGE('',*,*,#4921,.T.);
#6255=ORIENTED_EDGE('',*,*,#4922,.T.);
#6256=ORIENTED_EDGE('',*,*,#4923,.T.);
#6257=ORIENTED_EDGE('',*,*,#4924,.T.);
#6258=ORIENTED_EDGE('',*,*,#4925,.T.);
#6259=ORIENTED_EDGE('',*,*,#4926,.T.);
#6260=ORIENTED_EDGE('',*,*,#4927,.T.);
#6261=ORIENTED_EDGE('',*,*,#4928,.T.);
#6262=ORIENTED_EDGE('',*,*,#4929,.T.);
#6263=ORIENTED_EDGE('',*,*,#4930,.T.);
#6264=ORIENTED_EDGE('',*,*,#4931,.T.);
#6265=ORIENTED_EDGE('',*,*,#4932,.T.);
#6266=ORIENTED_EDGE('',*,*,#4933,.T.);
#6267=ORIENTED_EDGE('',*,*,#4934,.T.);
#6268=ORIENTED_EDGE('',*,*,#4935,.T.);
#6269=ORIENTED_EDGE('',*,*,#4936,.T.);
#6270=ORIENTED_EDGE('',*,*,#4937,.T.);
#6271=ORIENTED_EDGE('',*,*,#4938,.T.);
#6272=ORIENTED_EDGE('',*,*,#4939,.T.);
#6273=ORIENTED_EDGE('',*,*,#4940,.T.);
#6274=ORIENTED_EDGE('',*,*,#4941,.T.);
#6275=ORIENTED_EDGE('',*,*,#4942,.T.);
#6276=ORIENTED_EDGE('',*,*,#4943,.T.);
#6277=ORIENTED_EDGE('',*,*,#4944,.T.);
#6278=ORIENTED_EDGE('',*,*,#4945,.T.);
#6279=ORIENTED_EDGE('',*,*,#4946,.T.);
#6280=ORIENTED_EDGE('',*,*,#4947,.T.);
#6281=ORIENTED_EDGE('',*,*,#4948,.T.);
#6282=ORIENTED_EDGE('',*,*,#4949,.T.);
#6283=ORIENTED_EDGE('',*,*,#4950,.T.);
#6284=ORIENTED_EDGE('',*,*,#4951,.T.);
#6285=ORIENTED_EDGE('',*,*,#4952,.T.);
#6286=ORIENTED_EDGE('',*,*,#4953,.T.);
#6287=ORIENTED_EDGE('',*,*,#4954,.T.);
#6288=ORIENTED_EDGE('',*,*,#4955,.T.);
#6289=ORIENTED_EDGE('',*,*,#4956,.T.);
#6290=ORIENTED_EDGE('',*,*,#4957,.T.);
#6291=ORIENTED_EDGE('',*,*,#4958,.T.);
#6292=ORIENTED_EDGE('',*,*,#4959,.T.);
#6293=ORIENTED_EDGE('',*,*,#4960,.T.);
#6294=ORIENTED_EDGE('',*,*,#4961,.T.);
#6295=ORIENTED_EDGE('',*,*,#4962,.T.);
#6296=ORIENTED_EDGE('',*,*,#4963,.T.);
#6297=ORIENTED_EDGE('',*,*,#4964,.T.);
#6298=ORIENTED_EDGE('',*,*,#4965,.T.);
#6299=ORIENTED_EDGE('',*,*,#4966,.T.);
#6300=ORIENTED_EDGE('',*,*,#4967,.T.);
#6301=ORIENTED_EDGE('',*,*,#4968,.T.);
#6302=ORIENTED_EDGE('',*,*,#4969,.T.);
#6303=ORIENTED_EDGE('',*,*,#4970,.T.);
#6304=ORIENTED_EDGE('',*,*,#4971,.T.);
#6305=ORIENTED_EDGE('',*,*,#4972,.T.);
#6306=ORIENTED_EDGE('',*,*,#4973,.T.);
#6307=ORIENTED_EDGE('',*,*,#4974,.T.);
#6308=ORIENTED_EDGE('',*,*,#4975,.T.);
#6309=ORIENTED_EDGE('',*,*,#4976,.T.);
#6310=ORIENTED_EDGE('',*,*,#4977,.T.);
#6311=ORIENTED_EDGE('',*,*,#4978,.T.);
#6312=ORIENTED_EDGE('',*,*,#4979,.T.);
#6313=ORIENTED_EDGE('',*,*,#4980,.T.);
#6314=ORIENTED_EDGE('',*,*,#4981,.T.);
#6315=ORIENTED_EDGE('',*,*,#4982,.T.);
#6316=ORIENTED_EDGE('',*,*,#4983,.T.);
#6317=ORIENTED_EDGE('',*,*,#4984,.T.);
#6318=ORIENTED_EDGE('',*,*,#4985,.T.);
#6319=ORIENTED_EDGE('',*,*,#4986,.T.);
#6320=ORIENTED_EDGE('',*,*,#4987,.T.);
#6321=ORIENTED_EDGE('',*,*,#4988,.T.);
#6322=ORIENTED_EDGE('',*,*,#4989,.T.);
#6323=ORIENTED_EDGE('',*,*,#4990,.T.);
#6324=ORIENTED_EDGE('',*,*,#4991,.T.);
#6325=ORIENTED_EDGE('',*,*,#4992,.T.);
#6326=ORIENTED_EDGE('',*,*,#4993,.T.);
#6327=ORIENTED_EDGE('',*,*,#4994,.T.);
#6328=ORIENTED_EDGE('',*,*,#4995,.T.);
#6329=ORIENTED_EDGE('',*,*,#4996,.T.);
#6330=ORIENTED_EDGE('',*,*,#4997,.T.);
#6331=ORIENTED_EDGE('',*,*,#4998,.T.);
#6332=ORIENTED_EDGE('',*,*,#4999,.T.);
#6333=ORIENTED_EDGE('',*,*,#5000,.T.);
#6334=ORIENTED_EDGE('',*,*,#5001,.T.);
#6335=ORIENTED_EDGE('',*,*,#4840,.F.);
#6336=ORIENTED_EDGE('',*,*,#5002,.F.);
#6337=ORIENTED_EDGE('',*,*,#5003,.T.);
#6338=ORIENTED_EDGE('',*,*,#4838,.F.);
#6339=ORIENTED_EDGE('',*,*,#5003,.F.);
#6340=ORIENTED_EDGE('',*,*,#5004,.T.);
#6341=ORIENTED_EDGE('',*,*,#5005,.T.);
#6342=ORIENTED_EDGE('',*,*,#4873,.T.);
#6343=ORIENTED_EDGE('',*,*,#5005,.F.);
#6344=ORIENTED_EDGE('',*,*,#5006,.F.);
#6345=ORIENTED_EDGE('',*,*,#5007,.T.);
#6346=ORIENTED_EDGE('',*,*,#5004,.F.);
#6347=ORIENTED_EDGE('',*,*,#5007,.F.);
#6348=ORIENTED_EDGE('',*,*,#5008,.F.);
#6349=ORIENTED_EDGE('',*,*,#4857,.T.);
#6350=ORIENTED_EDGE('',*,*,#5009,.T.);
#6351=ORIENTED_EDGE('',*,*,#5010,.T.);
#6352=ORIENTED_EDGE('',*,*,#5011,.T.);
#6353=ORIENTED_EDGE('',*,*,#4867,.T.);
#6354=ORIENTED_EDGE('',*,*,#5010,.F.);
#6355=ORIENTED_EDGE('',*,*,#5012,.T.);
#6356=ORIENTED_EDGE('',*,*,#5013,.F.);
#6357=ORIENTED_EDGE('',*,*,#5014,.F.);
#6358=ORIENTED_EDGE('',*,*,#5015,.F.);
#6359=ORIENTED_EDGE('',*,*,#5016,.T.);
#6360=ORIENTED_EDGE('',*,*,#5017,.F.);
#6361=ORIENTED_EDGE('',*,*,#5016,.F.);
#6362=ORIENTED_EDGE('',*,*,#5002,.T.);
#6363=ORIENTED_EDGE('',*,*,#5015,.T.);
#6364=ORIENTED_EDGE('',*,*,#5018,.F.);
#6365=ORIENTED_EDGE('',*,*,#5019,.T.);
#6366=ORIENTED_EDGE('',*,*,#5020,.F.);
#6367=ORIENTED_EDGE('',*,*,#5019,.F.);
#6368=ORIENTED_EDGE('',*,*,#5006,.T.);
#6369=ORIENTED_EDGE('',*,*,#5018,.T.);
#6370=ORIENTED_EDGE('',*,*,#5017,.T.);
#6371=ORIENTED_EDGE('',*,*,#5021,.T.);
#6372=ORIENTED_EDGE('',*,*,#5022,.F.);
#6373=ORIENTED_EDGE('',*,*,#5023,.T.);
#6374=ORIENTED_EDGE('',*,*,#5024,.F.);
#6375=ORIENTED_EDGE('',*,*,#5025,.F.);
#6376=ORIENTED_EDGE('',*,*,#5024,.T.);
#6377=ORIENTED_EDGE('',*,*,#5026,.T.);
#6378=ORIENTED_EDGE('',*,*,#5013,.T.);
#6379=ORIENTED_EDGE('',*,*,#5027,.T.);
#6380=ORIENTED_EDGE('',*,*,#5022,.T.);
#6381=ORIENTED_EDGE('',*,*,#5028,.T.);
#6382=ORIENTED_EDGE('',*,*,#5029,.T.);
#6383=ORIENTED_EDGE('',*,*,#5030,.F.);
#6384=ORIENTED_EDGE('',*,*,#5031,.T.);
#6385=ORIENTED_EDGE('',*,*,#5032,.T.);
#6386=ORIENTED_EDGE('',*,*,#5033,.F.);
#6387=ORIENTED_EDGE('',*,*,#5034,.F.);
#6388=ORIENTED_EDGE('',*,*,#5035,.T.);
#6389=ORIENTED_EDGE('',*,*,#5036,.T.);
#6390=ORIENTED_EDGE('',*,*,#5031,.F.);
#6391=ORIENTED_EDGE('',*,*,#5037,.F.);
#6392=ORIENTED_EDGE('',*,*,#5038,.T.);
#6393=ORIENTED_EDGE('',*,*,#5039,.T.);
#6394=ORIENTED_EDGE('',*,*,#5035,.F.);
#6395=ORIENTED_EDGE('',*,*,#5040,.F.);
#6396=ORIENTED_EDGE('',*,*,#5041,.T.);
#6397=ORIENTED_EDGE('',*,*,#5042,.T.);
#6398=ORIENTED_EDGE('',*,*,#5038,.F.);
#6399=ORIENTED_EDGE('',*,*,#5043,.F.);
#6400=ORIENTED_EDGE('',*,*,#5044,.T.);
#6401=ORIENTED_EDGE('',*,*,#5045,.T.);
#6402=ORIENTED_EDGE('',*,*,#5041,.F.);
#6403=ORIENTED_EDGE('',*,*,#5046,.F.);
#6404=ORIENTED_EDGE('',*,*,#5033,.T.);
#6405=ORIENTED_EDGE('',*,*,#5047,.T.);
#6406=ORIENTED_EDGE('',*,*,#5044,.F.);
#6407=ORIENTED_EDGE('',*,*,#4826,.F.);
#6408=ORIENTED_EDGE('',*,*,#5048,.T.);
#6409=ORIENTED_EDGE('',*,*,#5049,.T.);
#6410=ORIENTED_EDGE('',*,*,#5050,.F.);
#6411=ORIENTED_EDGE('',*,*,#4837,.F.);
#6412=ORIENTED_EDGE('',*,*,#5051,.T.);
#6413=ORIENTED_EDGE('',*,*,#5052,.T.);
#6414=ORIENTED_EDGE('',*,*,#5048,.F.);
#6415=ORIENTED_EDGE('',*,*,#4836,.F.);
#6416=ORIENTED_EDGE('',*,*,#5053,.T.);
#6417=ORIENTED_EDGE('',*,*,#5054,.T.);
#6418=ORIENTED_EDGE('',*,*,#5051,.F.);
#6419=ORIENTED_EDGE('',*,*,#4835,.F.);
#6420=ORIENTED_EDGE('',*,*,#5055,.T.);
#6421=ORIENTED_EDGE('',*,*,#5056,.T.);
#6422=ORIENTED_EDGE('',*,*,#5053,.F.);
#6423=ORIENTED_EDGE('',*,*,#4834,.F.);
#6424=ORIENTED_EDGE('',*,*,#5057,.T.);
#6425=ORIENTED_EDGE('',*,*,#5058,.T.);
#6426=ORIENTED_EDGE('',*,*,#5055,.F.);
#6427=ORIENTED_EDGE('',*,*,#4833,.F.);
#6428=ORIENTED_EDGE('',*,*,#5059,.T.);
#6429=ORIENTED_EDGE('',*,*,#5060,.T.);
#6430=ORIENTED_EDGE('',*,*,#5057,.F.);
#6431=ORIENTED_EDGE('',*,*,#4832,.F.);
#6432=ORIENTED_EDGE('',*,*,#5061,.T.);
#6433=ORIENTED_EDGE('',*,*,#5062,.T.);
#6434=ORIENTED_EDGE('',*,*,#5059,.F.);
#6435=ORIENTED_EDGE('',*,*,#4831,.F.);
#6436=ORIENTED_EDGE('',*,*,#5063,.T.);
#6437=ORIENTED_EDGE('',*,*,#5064,.T.);
#6438=ORIENTED_EDGE('',*,*,#5061,.F.);
#6439=ORIENTED_EDGE('',*,*,#4830,.F.);
#6440=ORIENTED_EDGE('',*,*,#5065,.T.);
#6441=ORIENTED_EDGE('',*,*,#5066,.T.);
#6442=ORIENTED_EDGE('',*,*,#5063,.F.);
#6443=ORIENTED_EDGE('',*,*,#4829,.F.);
#6444=ORIENTED_EDGE('',*,*,#5067,.T.);
#6445=ORIENTED_EDGE('',*,*,#5068,.T.);
#6446=ORIENTED_EDGE('',*,*,#5065,.F.);
#6447=ORIENTED_EDGE('',*,*,#4828,.F.);
#6448=ORIENTED_EDGE('',*,*,#5069,.T.);
#6449=ORIENTED_EDGE('',*,*,#5070,.T.);
#6450=ORIENTED_EDGE('',*,*,#5067,.F.);
#6451=ORIENTED_EDGE('',*,*,#4827,.F.);
#6452=ORIENTED_EDGE('',*,*,#5050,.T.);
#6453=ORIENTED_EDGE('',*,*,#5071,.T.);
#6454=ORIENTED_EDGE('',*,*,#5069,.F.);
#6455=ORIENTED_EDGE('',*,*,#5071,.F.);
#6456=ORIENTED_EDGE('',*,*,#5049,.F.);
#6457=ORIENTED_EDGE('',*,*,#5052,.F.);
#6458=ORIENTED_EDGE('',*,*,#5054,.F.);
#6459=ORIENTED_EDGE('',*,*,#5056,.F.);
#6460=ORIENTED_EDGE('',*,*,#5058,.F.);
#6461=ORIENTED_EDGE('',*,*,#5060,.F.);
#6462=ORIENTED_EDGE('',*,*,#5062,.F.);
#6463=ORIENTED_EDGE('',*,*,#5064,.F.);
#6464=ORIENTED_EDGE('',*,*,#5066,.F.);
#6465=ORIENTED_EDGE('',*,*,#5068,.F.);
#6466=ORIENTED_EDGE('',*,*,#5070,.F.);
#6467=ORIENTED_EDGE('',*,*,#5047,.F.);
#6468=ORIENTED_EDGE('',*,*,#5032,.F.);
#6469=ORIENTED_EDGE('',*,*,#5036,.F.);
#6470=ORIENTED_EDGE('',*,*,#5039,.F.);
#6471=ORIENTED_EDGE('',*,*,#5042,.F.);
#6472=ORIENTED_EDGE('',*,*,#5045,.F.);
#6473=ORIENTED_EDGE('',*,*,#4805,.F.);
#6474=ORIENTED_EDGE('',*,*,#5072,.T.);
#6475=ORIENTED_EDGE('',*,*,#5073,.T.);
#6476=ORIENTED_EDGE('',*,*,#5074,.F.);
#6477=ORIENTED_EDGE('',*,*,#4825,.F.);
#6478=ORIENTED_EDGE('',*,*,#5075,.T.);
#6479=ORIENTED_EDGE('',*,*,#5076,.T.);
#6480=ORIENTED_EDGE('',*,*,#5072,.F.);
#6481=ORIENTED_EDGE('',*,*,#4824,.F.);
#6482=ORIENTED_EDGE('',*,*,#5077,.T.);
#6483=ORIENTED_EDGE('',*,*,#5078,.T.);
#6484=ORIENTED_EDGE('',*,*,#5075,.F.);
#6485=ORIENTED_EDGE('',*,*,#4823,.F.);
#6486=ORIENTED_EDGE('',*,*,#5079,.T.);
#6487=ORIENTED_EDGE('',*,*,#5080,.T.);
#6488=ORIENTED_EDGE('',*,*,#5077,.F.);
#6489=ORIENTED_EDGE('',*,*,#4822,.F.);
#6490=ORIENTED_EDGE('',*,*,#5081,.T.);
#6491=ORIENTED_EDGE('',*,*,#5082,.T.);
#6492=ORIENTED_EDGE('',*,*,#5079,.F.);
#6493=ORIENTED_EDGE('',*,*,#4821,.F.);
#6494=ORIENTED_EDGE('',*,*,#5083,.T.);
#6495=ORIENTED_EDGE('',*,*,#5084,.T.);
#6496=ORIENTED_EDGE('',*,*,#5081,.F.);
#6497=ORIENTED_EDGE('',*,*,#4820,.F.);
#6498=ORIENTED_EDGE('',*,*,#5085,.T.);
#6499=ORIENTED_EDGE('',*,*,#5086,.T.);
#6500=ORIENTED_EDGE('',*,*,#5083,.F.);
#6501=ORIENTED_EDGE('',*,*,#4819,.F.);
#6502=ORIENTED_EDGE('',*,*,#5087,.T.);
#6503=ORIENTED_EDGE('',*,*,#5088,.T.);
#6504=ORIENTED_EDGE('',*,*,#5085,.F.);
#6505=ORIENTED_EDGE('',*,*,#4818,.F.);
#6506=ORIENTED_EDGE('',*,*,#5089,.T.);
#6507=ORIENTED_EDGE('',*,*,#5090,.T.);
#6508=ORIENTED_EDGE('',*,*,#5087,.F.);
#6509=ORIENTED_EDGE('',*,*,#4817,.F.);
#6510=ORIENTED_EDGE('',*,*,#5091,.T.);
#6511=ORIENTED_EDGE('',*,*,#5092,.T.);
#6512=ORIENTED_EDGE('',*,*,#5089,.F.);
#6513=ORIENTED_EDGE('',*,*,#4816,.F.);
#6514=ORIENTED_EDGE('',*,*,#5093,.T.);
#6515=ORIENTED_EDGE('',*,*,#5094,.T.);
#6516=ORIENTED_EDGE('',*,*,#5091,.F.);
#6517=ORIENTED_EDGE('',*,*,#4815,.F.);
#6518=ORIENTED_EDGE('',*,*,#5095,.T.);
#6519=ORIENTED_EDGE('',*,*,#5096,.T.);
#6520=ORIENTED_EDGE('',*,*,#5093,.F.);
#6521=ORIENTED_EDGE('',*,*,#4814,.F.);
#6522=ORIENTED_EDGE('',*,*,#5097,.T.);
#6523=ORIENTED_EDGE('',*,*,#5098,.T.);
#6524=ORIENTED_EDGE('',*,*,#5095,.F.);
#6525=ORIENTED_EDGE('',*,*,#4813,.F.);
#6526=ORIENTED_EDGE('',*,*,#5099,.T.);
#6527=ORIENTED_EDGE('',*,*,#5100,.T.);
#6528=ORIENTED_EDGE('',*,*,#5097,.F.);
#6529=ORIENTED_EDGE('',*,*,#4812,.F.);
#6530=ORIENTED_EDGE('',*,*,#5101,.T.);
#6531=ORIENTED_EDGE('',*,*,#5102,.T.);
#6532=ORIENTED_EDGE('',*,*,#5099,.F.);
#6533=ORIENTED_EDGE('',*,*,#4811,.F.);
#6534=ORIENTED_EDGE('',*,*,#5103,.T.);
#6535=ORIENTED_EDGE('',*,*,#5104,.T.);
#6536=ORIENTED_EDGE('',*,*,#5101,.F.);
#6537=ORIENTED_EDGE('',*,*,#4810,.F.);
#6538=ORIENTED_EDGE('',*,*,#5105,.T.);
#6539=ORIENTED_EDGE('',*,*,#5106,.T.);
#6540=ORIENTED_EDGE('',*,*,#5103,.F.);
#6541=ORIENTED_EDGE('',*,*,#4809,.F.);
#6542=ORIENTED_EDGE('',*,*,#5107,.T.);
#6543=ORIENTED_EDGE('',*,*,#5108,.T.);
#6544=ORIENTED_EDGE('',*,*,#5105,.F.);
#6545=ORIENTED_EDGE('',*,*,#4808,.F.);
#6546=ORIENTED_EDGE('',*,*,#5109,.T.);
#6547=ORIENTED_EDGE('',*,*,#5110,.T.);
#6548=ORIENTED_EDGE('',*,*,#5107,.F.);
#6549=ORIENTED_EDGE('',*,*,#4807,.F.);
#6550=ORIENTED_EDGE('',*,*,#5111,.T.);
#6551=ORIENTED_EDGE('',*,*,#5112,.T.);
#6552=ORIENTED_EDGE('',*,*,#5109,.F.);
#6553=ORIENTED_EDGE('',*,*,#4806,.F.);
#6554=ORIENTED_EDGE('',*,*,#5074,.T.);
#6555=ORIENTED_EDGE('',*,*,#5113,.T.);
#6556=ORIENTED_EDGE('',*,*,#5111,.F.);
#6557=ORIENTED_EDGE('',*,*,#5113,.F.);
#6558=ORIENTED_EDGE('',*,*,#5073,.F.);
#6559=ORIENTED_EDGE('',*,*,#5076,.F.);
#6560=ORIENTED_EDGE('',*,*,#5078,.F.);
#6561=ORIENTED_EDGE('',*,*,#5080,.F.);
#6562=ORIENTED_EDGE('',*,*,#5082,.F.);
#6563=ORIENTED_EDGE('',*,*,#5084,.F.);
#6564=ORIENTED_EDGE('',*,*,#5086,.F.);
#6565=ORIENTED_EDGE('',*,*,#5088,.F.);
#6566=ORIENTED_EDGE('',*,*,#5090,.F.);
#6567=ORIENTED_EDGE('',*,*,#5092,.F.);
#6568=ORIENTED_EDGE('',*,*,#5094,.F.);
#6569=ORIENTED_EDGE('',*,*,#5096,.F.);
#6570=ORIENTED_EDGE('',*,*,#5098,.F.);
#6571=ORIENTED_EDGE('',*,*,#5100,.F.);
#6572=ORIENTED_EDGE('',*,*,#5102,.F.);
#6573=ORIENTED_EDGE('',*,*,#5104,.F.);
#6574=ORIENTED_EDGE('',*,*,#5106,.F.);
#6575=ORIENTED_EDGE('',*,*,#5108,.F.);
#6576=ORIENTED_EDGE('',*,*,#5110,.F.);
#6577=ORIENTED_EDGE('',*,*,#5112,.F.);
#6578=ORIENTED_EDGE('',*,*,#5114,.F.);
#6579=ORIENTED_EDGE('',*,*,#5115,.T.);
#6580=ORIENTED_EDGE('',*,*,#5116,.T.);
#6581=ORIENTED_EDGE('',*,*,#5117,.F.);
#6582=ORIENTED_EDGE('',*,*,#5118,.F.);
#6583=ORIENTED_EDGE('',*,*,#5119,.T.);
#6584=ORIENTED_EDGE('',*,*,#5120,.T.);
#6585=ORIENTED_EDGE('',*,*,#5115,.F.);
#6586=ORIENTED_EDGE('',*,*,#5121,.F.);
#6587=ORIENTED_EDGE('',*,*,#5122,.T.);
#6588=ORIENTED_EDGE('',*,*,#5123,.T.);
#6589=ORIENTED_EDGE('',*,*,#5119,.F.);
#6590=ORIENTED_EDGE('',*,*,#5124,.F.);
#6591=ORIENTED_EDGE('',*,*,#5125,.T.);
#6592=ORIENTED_EDGE('',*,*,#5126,.T.);
#6593=ORIENTED_EDGE('',*,*,#5122,.F.);
#6594=ORIENTED_EDGE('',*,*,#5127,.F.);
#6595=ORIENTED_EDGE('',*,*,#5117,.T.);
#6596=ORIENTED_EDGE('',*,*,#5128,.T.);
#6597=ORIENTED_EDGE('',*,*,#5125,.F.);
#6598=ORIENTED_EDGE('',*,*,#4792,.F.);
#6599=ORIENTED_EDGE('',*,*,#5129,.T.);
#6600=ORIENTED_EDGE('',*,*,#5130,.T.);
#6601=ORIENTED_EDGE('',*,*,#5131,.F.);
#6602=ORIENTED_EDGE('',*,*,#4804,.F.);
#6603=ORIENTED_EDGE('',*,*,#5132,.T.);
#6604=ORIENTED_EDGE('',*,*,#5133,.T.);
#6605=ORIENTED_EDGE('',*,*,#5129,.F.);
#6606=ORIENTED_EDGE('',*,*,#4803,.F.);
#6607=ORIENTED_EDGE('',*,*,#5134,.T.);
#6608=ORIENTED_EDGE('',*,*,#5135,.T.);
#6609=ORIENTED_EDGE('',*,*,#5132,.F.);
#6610=ORIENTED_EDGE('',*,*,#4802,.F.);
#6611=ORIENTED_EDGE('',*,*,#5136,.T.);
#6612=ORIENTED_EDGE('',*,*,#5137,.T.);
#6613=ORIENTED_EDGE('',*,*,#5134,.F.);
#6614=ORIENTED_EDGE('',*,*,#4801,.F.);
#6615=ORIENTED_EDGE('',*,*,#5138,.T.);
#6616=ORIENTED_EDGE('',*,*,#5139,.T.);
#6617=ORIENTED_EDGE('',*,*,#5136,.F.);
#6618=ORIENTED_EDGE('',*,*,#4800,.F.);
#6619=ORIENTED_EDGE('',*,*,#5140,.T.);
#6620=ORIENTED_EDGE('',*,*,#5141,.T.);
#6621=ORIENTED_EDGE('',*,*,#5138,.F.);
#6622=ORIENTED_EDGE('',*,*,#4799,.F.);
#6623=ORIENTED_EDGE('',*,*,#5142,.T.);
#6624=ORIENTED_EDGE('',*,*,#5143,.T.);
#6625=ORIENTED_EDGE('',*,*,#5140,.F.);
#6626=ORIENTED_EDGE('',*,*,#4798,.F.);
#6627=ORIENTED_EDGE('',*,*,#5144,.T.);
#6628=ORIENTED_EDGE('',*,*,#5145,.T.);
#6629=ORIENTED_EDGE('',*,*,#5142,.F.);
#6630=ORIENTED_EDGE('',*,*,#4797,.F.);
#6631=ORIENTED_EDGE('',*,*,#5146,.T.);
#6632=ORIENTED_EDGE('',*,*,#5147,.T.);
#6633=ORIENTED_EDGE('',*,*,#5144,.F.);
#6634=ORIENTED_EDGE('',*,*,#4796,.F.);
#6635=ORIENTED_EDGE('',*,*,#5148,.T.);
#6636=ORIENTED_EDGE('',*,*,#5149,.T.);
#6637=ORIENTED_EDGE('',*,*,#5146,.F.);
#6638=ORIENTED_EDGE('',*,*,#4795,.F.);
#6639=ORIENTED_EDGE('',*,*,#5150,.T.);
#6640=ORIENTED_EDGE('',*,*,#5151,.T.);
#6641=ORIENTED_EDGE('',*,*,#5148,.F.);
#6642=ORIENTED_EDGE('',*,*,#4794,.F.);
#6643=ORIENTED_EDGE('',*,*,#5152,.T.);
#6644=ORIENTED_EDGE('',*,*,#5153,.T.);
#6645=ORIENTED_EDGE('',*,*,#5150,.F.);
#6646=ORIENTED_EDGE('',*,*,#4793,.F.);
#6647=ORIENTED_EDGE('',*,*,#5131,.T.);
#6648=ORIENTED_EDGE('',*,*,#5154,.T.);
#6649=ORIENTED_EDGE('',*,*,#5152,.F.);
#6650=ORIENTED_EDGE('',*,*,#5154,.F.);
#6651=ORIENTED_EDGE('',*,*,#5130,.F.);
#6652=ORIENTED_EDGE('',*,*,#5133,.F.);
#6653=ORIENTED_EDGE('',*,*,#5135,.F.);
#6654=ORIENTED_EDGE('',*,*,#5137,.F.);
#6655=ORIENTED_EDGE('',*,*,#5139,.F.);
#6656=ORIENTED_EDGE('',*,*,#5141,.F.);
#6657=ORIENTED_EDGE('',*,*,#5143,.F.);
#6658=ORIENTED_EDGE('',*,*,#5145,.F.);
#6659=ORIENTED_EDGE('',*,*,#5147,.F.);
#6660=ORIENTED_EDGE('',*,*,#5149,.F.);
#6661=ORIENTED_EDGE('',*,*,#5151,.F.);
#6662=ORIENTED_EDGE('',*,*,#5153,.F.);
#6663=ORIENTED_EDGE('',*,*,#5128,.F.);
#6664=ORIENTED_EDGE('',*,*,#5116,.F.);
#6665=ORIENTED_EDGE('',*,*,#5120,.F.);
#6666=ORIENTED_EDGE('',*,*,#5123,.F.);
#6667=ORIENTED_EDGE('',*,*,#5126,.F.);
#6668=ORIENTED_EDGE('',*,*,#5155,.F.);
#6669=ORIENTED_EDGE('',*,*,#5156,.T.);
#6670=ORIENTED_EDGE('',*,*,#5157,.T.);
#6671=ORIENTED_EDGE('',*,*,#5158,.F.);
#6672=ORIENTED_EDGE('',*,*,#5159,.F.);
#6673=ORIENTED_EDGE('',*,*,#5160,.T.);
#6674=ORIENTED_EDGE('',*,*,#5161,.T.);
#6675=ORIENTED_EDGE('',*,*,#5156,.F.);
#6676=ORIENTED_EDGE('',*,*,#5162,.F.);
#6677=ORIENTED_EDGE('',*,*,#5163,.T.);
#6678=ORIENTED_EDGE('',*,*,#5164,.T.);
#6679=ORIENTED_EDGE('',*,*,#5160,.F.);
#6680=ORIENTED_EDGE('',*,*,#5165,.F.);
#6681=ORIENTED_EDGE('',*,*,#5166,.T.);
#6682=ORIENTED_EDGE('',*,*,#5167,.T.);
#6683=ORIENTED_EDGE('',*,*,#5163,.F.);
#6684=ORIENTED_EDGE('',*,*,#5168,.F.);
#6685=ORIENTED_EDGE('',*,*,#5158,.T.);
#6686=ORIENTED_EDGE('',*,*,#5169,.T.);
#6687=ORIENTED_EDGE('',*,*,#5166,.F.);
#6688=ORIENTED_EDGE('',*,*,#4779,.F.);
#6689=ORIENTED_EDGE('',*,*,#5170,.T.);
#6690=ORIENTED_EDGE('',*,*,#5171,.T.);
#6691=ORIENTED_EDGE('',*,*,#5172,.F.);
#6692=ORIENTED_EDGE('',*,*,#4791,.F.);
#6693=ORIENTED_EDGE('',*,*,#5173,.T.);
#6694=ORIENTED_EDGE('',*,*,#5174,.T.);
#6695=ORIENTED_EDGE('',*,*,#5170,.F.);
#6696=ORIENTED_EDGE('',*,*,#4790,.F.);
#6697=ORIENTED_EDGE('',*,*,#5175,.T.);
#6698=ORIENTED_EDGE('',*,*,#5176,.T.);
#6699=ORIENTED_EDGE('',*,*,#5173,.F.);
#6700=ORIENTED_EDGE('',*,*,#4789,.F.);
#6701=ORIENTED_EDGE('',*,*,#5177,.T.);
#6702=ORIENTED_EDGE('',*,*,#5178,.T.);
#6703=ORIENTED_EDGE('',*,*,#5175,.F.);
#6704=ORIENTED_EDGE('',*,*,#4788,.F.);
#6705=ORIENTED_EDGE('',*,*,#5179,.T.);
#6706=ORIENTED_EDGE('',*,*,#5180,.T.);
#6707=ORIENTED_EDGE('',*,*,#5177,.F.);
#6708=ORIENTED_EDGE('',*,*,#4787,.F.);
#6709=ORIENTED_EDGE('',*,*,#5181,.T.);
#6710=ORIENTED_EDGE('',*,*,#5182,.T.);
#6711=ORIENTED_EDGE('',*,*,#5179,.F.);
#6712=ORIENTED_EDGE('',*,*,#4786,.F.);
#6713=ORIENTED_EDGE('',*,*,#5183,.T.);
#6714=ORIENTED_EDGE('',*,*,#5184,.T.);
#6715=ORIENTED_EDGE('',*,*,#5181,.F.);
#6716=ORIENTED_EDGE('',*,*,#4785,.F.);
#6717=ORIENTED_EDGE('',*,*,#5185,.T.);
#6718=ORIENTED_EDGE('',*,*,#5186,.T.);
#6719=ORIENTED_EDGE('',*,*,#5183,.F.);
#6720=ORIENTED_EDGE('',*,*,#4784,.F.);
#6721=ORIENTED_EDGE('',*,*,#5187,.T.);
#6722=ORIENTED_EDGE('',*,*,#5188,.T.);
#6723=ORIENTED_EDGE('',*,*,#5185,.F.);
#6724=ORIENTED_EDGE('',*,*,#4783,.F.);
#6725=ORIENTED_EDGE('',*,*,#5189,.T.);
#6726=ORIENTED_EDGE('',*,*,#5190,.T.);
#6727=ORIENTED_EDGE('',*,*,#5187,.F.);
#6728=ORIENTED_EDGE('',*,*,#4782,.F.);
#6729=ORIENTED_EDGE('',*,*,#5191,.T.);
#6730=ORIENTED_EDGE('',*,*,#5192,.T.);
#6731=ORIENTED_EDGE('',*,*,#5189,.F.);
#6732=ORIENTED_EDGE('',*,*,#4781,.F.);
#6733=ORIENTED_EDGE('',*,*,#5193,.T.);
#6734=ORIENTED_EDGE('',*,*,#5194,.T.);
#6735=ORIENTED_EDGE('',*,*,#5191,.F.);
#6736=ORIENTED_EDGE('',*,*,#4780,.F.);
#6737=ORIENTED_EDGE('',*,*,#5172,.T.);
#6738=ORIENTED_EDGE('',*,*,#5195,.T.);
#6739=ORIENTED_EDGE('',*,*,#5193,.F.);
#6740=ORIENTED_EDGE('',*,*,#5195,.F.);
#6741=ORIENTED_EDGE('',*,*,#5171,.F.);
#6742=ORIENTED_EDGE('',*,*,#5174,.F.);
#6743=ORIENTED_EDGE('',*,*,#5176,.F.);
#6744=ORIENTED_EDGE('',*,*,#5178,.F.);
#6745=ORIENTED_EDGE('',*,*,#5180,.F.);
#6746=ORIENTED_EDGE('',*,*,#5182,.F.);
#6747=ORIENTED_EDGE('',*,*,#5184,.F.);
#6748=ORIENTED_EDGE('',*,*,#5186,.F.);
#6749=ORIENTED_EDGE('',*,*,#5188,.F.);
#6750=ORIENTED_EDGE('',*,*,#5190,.F.);
#6751=ORIENTED_EDGE('',*,*,#5192,.F.);
#6752=ORIENTED_EDGE('',*,*,#5194,.F.);
#6753=ORIENTED_EDGE('',*,*,#5169,.F.);
#6754=ORIENTED_EDGE('',*,*,#5157,.F.);
#6755=ORIENTED_EDGE('',*,*,#5161,.F.);
#6756=ORIENTED_EDGE('',*,*,#5164,.F.);
#6757=ORIENTED_EDGE('',*,*,#5167,.F.);
#6758=ORIENTED_EDGE('',*,*,#4754,.F.);
#6759=ORIENTED_EDGE('',*,*,#5196,.T.);
#6760=ORIENTED_EDGE('',*,*,#5197,.T.);
#6761=ORIENTED_EDGE('',*,*,#5198,.F.);
#6762=ORIENTED_EDGE('',*,*,#4778,.F.);
#6763=ORIENTED_EDGE('',*,*,#5199,.T.);
#6764=ORIENTED_EDGE('',*,*,#5200,.T.);
#6765=ORIENTED_EDGE('',*,*,#5196,.F.);
#6766=ORIENTED_EDGE('',*,*,#4777,.F.);
#6767=ORIENTED_EDGE('',*,*,#5201,.T.);
#6768=ORIENTED_EDGE('',*,*,#5202,.T.);
#6769=ORIENTED_EDGE('',*,*,#5199,.F.);
#6770=ORIENTED_EDGE('',*,*,#4776,.F.);
#6771=ORIENTED_EDGE('',*,*,#5203,.T.);
#6772=ORIENTED_EDGE('',*,*,#5204,.T.);
#6773=ORIENTED_EDGE('',*,*,#5201,.F.);
#6774=ORIENTED_EDGE('',*,*,#4775,.F.);
#6775=ORIENTED_EDGE('',*,*,#5205,.T.);
#6776=ORIENTED_EDGE('',*,*,#5206,.T.);
#6777=ORIENTED_EDGE('',*,*,#5203,.F.);
#6778=ORIENTED_EDGE('',*,*,#4774,.F.);
#6779=ORIENTED_EDGE('',*,*,#5207,.T.);
#6780=ORIENTED_EDGE('',*,*,#5208,.T.);
#6781=ORIENTED_EDGE('',*,*,#5205,.F.);
#6782=ORIENTED_EDGE('',*,*,#4773,.F.);
#6783=ORIENTED_EDGE('',*,*,#5209,.T.);
#6784=ORIENTED_EDGE('',*,*,#5210,.T.);
#6785=ORIENTED_EDGE('',*,*,#5207,.F.);
#6786=ORIENTED_EDGE('',*,*,#4772,.F.);
#6787=ORIENTED_EDGE('',*,*,#5211,.T.);
#6788=ORIENTED_EDGE('',*,*,#5212,.T.);
#6789=ORIENTED_EDGE('',*,*,#5209,.F.);
#6790=ORIENTED_EDGE('',*,*,#4771,.F.);
#6791=ORIENTED_EDGE('',*,*,#5213,.T.);
#6792=ORIENTED_EDGE('',*,*,#5214,.T.);
#6793=ORIENTED_EDGE('',*,*,#5211,.F.);
#6794=ORIENTED_EDGE('',*,*,#4770,.F.);
#6795=ORIENTED_EDGE('',*,*,#5215,.T.);
#6796=ORIENTED_EDGE('',*,*,#5216,.T.);
#6797=ORIENTED_EDGE('',*,*,#5213,.F.);
#6798=ORIENTED_EDGE('',*,*,#4769,.F.);
#6799=ORIENTED_EDGE('',*,*,#5217,.T.);
#6800=ORIENTED_EDGE('',*,*,#5218,.T.);
#6801=ORIENTED_EDGE('',*,*,#5215,.F.);
#6802=ORIENTED_EDGE('',*,*,#4768,.F.);
#6803=ORIENTED_EDGE('',*,*,#5219,.T.);
#6804=ORIENTED_EDGE('',*,*,#5220,.T.);
#6805=ORIENTED_EDGE('',*,*,#5217,.F.);
#6806=ORIENTED_EDGE('',*,*,#4767,.F.);
#6807=ORIENTED_EDGE('',*,*,#5221,.T.);
#6808=ORIENTED_EDGE('',*,*,#5222,.T.);
#6809=ORIENTED_EDGE('',*,*,#5219,.F.);
#6810=ORIENTED_EDGE('',*,*,#4766,.F.);
#6811=ORIENTED_EDGE('',*,*,#5223,.T.);
#6812=ORIENTED_EDGE('',*,*,#5224,.T.);
#6813=ORIENTED_EDGE('',*,*,#5221,.F.);
#6814=ORIENTED_EDGE('',*,*,#4765,.F.);
#6815=ORIENTED_EDGE('',*,*,#5225,.T.);
#6816=ORIENTED_EDGE('',*,*,#5226,.T.);
#6817=ORIENTED_EDGE('',*,*,#5223,.F.);
#6818=ORIENTED_EDGE('',*,*,#4764,.F.);
#6819=ORIENTED_EDGE('',*,*,#5227,.T.);
#6820=ORIENTED_EDGE('',*,*,#5228,.T.);
#6821=ORIENTED_EDGE('',*,*,#5225,.F.);
#6822=ORIENTED_EDGE('',*,*,#4763,.F.);
#6823=ORIENTED_EDGE('',*,*,#5229,.T.);
#6824=ORIENTED_EDGE('',*,*,#5230,.T.);
#6825=ORIENTED_EDGE('',*,*,#5227,.F.);
#6826=ORIENTED_EDGE('',*,*,#4762,.F.);
#6827=ORIENTED_EDGE('',*,*,#5231,.T.);
#6828=ORIENTED_EDGE('',*,*,#5232,.T.);
#6829=ORIENTED_EDGE('',*,*,#5229,.F.);
#6830=ORIENTED_EDGE('',*,*,#4761,.F.);
#6831=ORIENTED_EDGE('',*,*,#5233,.T.);
#6832=ORIENTED_EDGE('',*,*,#5234,.T.);
#6833=ORIENTED_EDGE('',*,*,#5231,.F.);
#6834=ORIENTED_EDGE('',*,*,#4760,.F.);
#6835=ORIENTED_EDGE('',*,*,#5235,.T.);
#6836=ORIENTED_EDGE('',*,*,#5236,.T.);
#6837=ORIENTED_EDGE('',*,*,#5233,.F.);
#6838=ORIENTED_EDGE('',*,*,#4759,.F.);
#6839=ORIENTED_EDGE('',*,*,#5237,.T.);
#6840=ORIENTED_EDGE('',*,*,#5238,.T.);
#6841=ORIENTED_EDGE('',*,*,#5235,.F.);
#6842=ORIENTED_EDGE('',*,*,#4758,.F.);
#6843=ORIENTED_EDGE('',*,*,#5239,.T.);
#6844=ORIENTED_EDGE('',*,*,#5240,.T.);
#6845=ORIENTED_EDGE('',*,*,#5237,.F.);
#6846=ORIENTED_EDGE('',*,*,#4757,.F.);
#6847=ORIENTED_EDGE('',*,*,#5241,.T.);
#6848=ORIENTED_EDGE('',*,*,#5242,.T.);
#6849=ORIENTED_EDGE('',*,*,#5239,.F.);
#6850=ORIENTED_EDGE('',*,*,#4756,.F.);
#6851=ORIENTED_EDGE('',*,*,#5243,.T.);
#6852=ORIENTED_EDGE('',*,*,#5244,.T.);
#6853=ORIENTED_EDGE('',*,*,#5241,.F.);
#6854=ORIENTED_EDGE('',*,*,#4755,.F.);
#6855=ORIENTED_EDGE('',*,*,#5198,.T.);
#6856=ORIENTED_EDGE('',*,*,#5245,.T.);
#6857=ORIENTED_EDGE('',*,*,#5243,.F.);
#6858=ORIENTED_EDGE('',*,*,#5245,.F.);
#6859=ORIENTED_EDGE('',*,*,#5197,.F.);
#6860=ORIENTED_EDGE('',*,*,#5200,.F.);
#6861=ORIENTED_EDGE('',*,*,#5202,.F.);
#6862=ORIENTED_EDGE('',*,*,#5204,.F.);
#6863=ORIENTED_EDGE('',*,*,#5206,.F.);
#6864=ORIENTED_EDGE('',*,*,#5208,.F.);
#6865=ORIENTED_EDGE('',*,*,#5210,.F.);
#6866=ORIENTED_EDGE('',*,*,#5212,.F.);
#6867=ORIENTED_EDGE('',*,*,#5214,.F.);
#6868=ORIENTED_EDGE('',*,*,#5216,.F.);
#6869=ORIENTED_EDGE('',*,*,#5218,.F.);
#6870=ORIENTED_EDGE('',*,*,#5220,.F.);
#6871=ORIENTED_EDGE('',*,*,#5222,.F.);
#6872=ORIENTED_EDGE('',*,*,#5224,.F.);
#6873=ORIENTED_EDGE('',*,*,#5226,.F.);
#6874=ORIENTED_EDGE('',*,*,#5228,.F.);
#6875=ORIENTED_EDGE('',*,*,#5230,.F.);
#6876=ORIENTED_EDGE('',*,*,#5232,.F.);
#6877=ORIENTED_EDGE('',*,*,#5234,.F.);
#6878=ORIENTED_EDGE('',*,*,#5236,.F.);
#6879=ORIENTED_EDGE('',*,*,#5238,.F.);
#6880=ORIENTED_EDGE('',*,*,#5240,.F.);
#6881=ORIENTED_EDGE('',*,*,#5242,.F.);
#6882=ORIENTED_EDGE('',*,*,#5244,.F.);
#6883=ORIENTED_EDGE('',*,*,#4742,.F.);
#6884=ORIENTED_EDGE('',*,*,#5246,.T.);
#6885=ORIENTED_EDGE('',*,*,#5247,.T.);
#6886=ORIENTED_EDGE('',*,*,#5248,.F.);
#6887=ORIENTED_EDGE('',*,*,#4753,.F.);
#6888=ORIENTED_EDGE('',*,*,#5249,.T.);
#6889=ORIENTED_EDGE('',*,*,#5250,.T.);
#6890=ORIENTED_EDGE('',*,*,#5246,.F.);
#6891=ORIENTED_EDGE('',*,*,#4752,.F.);
#6892=ORIENTED_EDGE('',*,*,#5251,.T.);
#6893=ORIENTED_EDGE('',*,*,#5252,.T.);
#6894=ORIENTED_EDGE('',*,*,#5249,.F.);
#6895=ORIENTED_EDGE('',*,*,#4751,.F.);
#6896=ORIENTED_EDGE('',*,*,#5253,.T.);
#6897=ORIENTED_EDGE('',*,*,#5254,.T.);
#6898=ORIENTED_EDGE('',*,*,#5251,.F.);
#6899=ORIENTED_EDGE('',*,*,#4750,.F.);
#6900=ORIENTED_EDGE('',*,*,#5255,.T.);
#6901=ORIENTED_EDGE('',*,*,#5256,.T.);
#6902=ORIENTED_EDGE('',*,*,#5253,.F.);
#6903=ORIENTED_EDGE('',*,*,#4749,.F.);
#6904=ORIENTED_EDGE('',*,*,#5257,.T.);
#6905=ORIENTED_EDGE('',*,*,#5258,.T.);
#6906=ORIENTED_EDGE('',*,*,#5255,.F.);
#6907=ORIENTED_EDGE('',*,*,#4748,.F.);
#6908=ORIENTED_EDGE('',*,*,#5259,.T.);
#6909=ORIENTED_EDGE('',*,*,#5260,.T.);
#6910=ORIENTED_EDGE('',*,*,#5257,.F.);
#6911=ORIENTED_EDGE('',*,*,#4747,.F.);
#6912=ORIENTED_EDGE('',*,*,#5261,.T.);
#6913=ORIENTED_EDGE('',*,*,#5262,.T.);
#6914=ORIENTED_EDGE('',*,*,#5259,.F.);
#6915=ORIENTED_EDGE('',*,*,#4746,.F.);
#6916=ORIENTED_EDGE('',*,*,#5263,.T.);
#6917=ORIENTED_EDGE('',*,*,#5264,.T.);
#6918=ORIENTED_EDGE('',*,*,#5261,.F.);
#6919=ORIENTED_EDGE('',*,*,#4745,.F.);
#6920=ORIENTED_EDGE('',*,*,#5265,.T.);
#6921=ORIENTED_EDGE('',*,*,#5266,.T.);
#6922=ORIENTED_EDGE('',*,*,#5263,.F.);
#6923=ORIENTED_EDGE('',*,*,#4744,.F.);
#6924=ORIENTED_EDGE('',*,*,#5267,.T.);
#6925=ORIENTED_EDGE('',*,*,#5268,.T.);
#6926=ORIENTED_EDGE('',*,*,#5265,.F.);
#6927=ORIENTED_EDGE('',*,*,#4743,.F.);
#6928=ORIENTED_EDGE('',*,*,#5248,.T.);
#6929=ORIENTED_EDGE('',*,*,#5269,.T.);
#6930=ORIENTED_EDGE('',*,*,#5267,.F.);
#6931=ORIENTED_EDGE('',*,*,#5269,.F.);
#6932=ORIENTED_EDGE('',*,*,#5247,.F.);
#6933=ORIENTED_EDGE('',*,*,#5250,.F.);
#6934=ORIENTED_EDGE('',*,*,#5252,.F.);
#6935=ORIENTED_EDGE('',*,*,#5254,.F.);
#6936=ORIENTED_EDGE('',*,*,#5256,.F.);
#6937=ORIENTED_EDGE('',*,*,#5258,.F.);
#6938=ORIENTED_EDGE('',*,*,#5260,.F.);
#6939=ORIENTED_EDGE('',*,*,#5262,.F.);
#6940=ORIENTED_EDGE('',*,*,#5264,.F.);
#6941=ORIENTED_EDGE('',*,*,#5266,.F.);
#6942=ORIENTED_EDGE('',*,*,#5268,.F.);
#6943=ORIENTED_EDGE('',*,*,#5270,.F.);
#6944=ORIENTED_EDGE('',*,*,#5271,.T.);
#6945=ORIENTED_EDGE('',*,*,#5272,.T.);
#6946=ORIENTED_EDGE('',*,*,#5273,.F.);
#6947=ORIENTED_EDGE('',*,*,#5274,.F.);
#6948=ORIENTED_EDGE('',*,*,#5275,.T.);
#6949=ORIENTED_EDGE('',*,*,#5276,.T.);
#6950=ORIENTED_EDGE('',*,*,#5271,.F.);
#6951=ORIENTED_EDGE('',*,*,#5277,.F.);
#6952=ORIENTED_EDGE('',*,*,#5278,.T.);
#6953=ORIENTED_EDGE('',*,*,#5279,.T.);
#6954=ORIENTED_EDGE('',*,*,#5275,.F.);
#6955=ORIENTED_EDGE('',*,*,#5280,.F.);
#6956=ORIENTED_EDGE('',*,*,#5281,.T.);
#6957=ORIENTED_EDGE('',*,*,#5282,.T.);
#6958=ORIENTED_EDGE('',*,*,#5278,.F.);
#6959=ORIENTED_EDGE('',*,*,#5283,.F.);
#6960=ORIENTED_EDGE('',*,*,#5273,.T.);
#6961=ORIENTED_EDGE('',*,*,#5284,.T.);
#6962=ORIENTED_EDGE('',*,*,#5281,.F.);
#6963=ORIENTED_EDGE('',*,*,#4729,.F.);
#6964=ORIENTED_EDGE('',*,*,#5285,.T.);
#6965=ORIENTED_EDGE('',*,*,#5286,.T.);
#6966=ORIENTED_EDGE('',*,*,#5287,.F.);
#6967=ORIENTED_EDGE('',*,*,#4741,.F.);
#6968=ORIENTED_EDGE('',*,*,#5288,.T.);
#6969=ORIENTED_EDGE('',*,*,#5289,.T.);
#6970=ORIENTED_EDGE('',*,*,#5285,.F.);
#6971=ORIENTED_EDGE('',*,*,#4740,.F.);
#6972=ORIENTED_EDGE('',*,*,#5290,.T.);
#6973=ORIENTED_EDGE('',*,*,#5291,.T.);
#6974=ORIENTED_EDGE('',*,*,#5288,.F.);
#6975=ORIENTED_EDGE('',*,*,#4739,.F.);
#6976=ORIENTED_EDGE('',*,*,#5292,.T.);
#6977=ORIENTED_EDGE('',*,*,#5293,.T.);
#6978=ORIENTED_EDGE('',*,*,#5290,.F.);
#6979=ORIENTED_EDGE('',*,*,#4738,.F.);
#6980=ORIENTED_EDGE('',*,*,#5294,.T.);
#6981=ORIENTED_EDGE('',*,*,#5295,.T.);
#6982=ORIENTED_EDGE('',*,*,#5292,.F.);
#6983=ORIENTED_EDGE('',*,*,#4737,.F.);
#6984=ORIENTED_EDGE('',*,*,#5296,.T.);
#6985=ORIENTED_EDGE('',*,*,#5297,.T.);
#6986=ORIENTED_EDGE('',*,*,#5294,.F.);
#6987=ORIENTED_EDGE('',*,*,#4736,.F.);
#6988=ORIENTED_EDGE('',*,*,#5298,.T.);
#6989=ORIENTED_EDGE('',*,*,#5299,.T.);
#6990=ORIENTED_EDGE('',*,*,#5296,.F.);
#6991=ORIENTED_EDGE('',*,*,#4735,.F.);
#6992=ORIENTED_EDGE('',*,*,#5300,.T.);
#6993=ORIENTED_EDGE('',*,*,#5301,.T.);
#6994=ORIENTED_EDGE('',*,*,#5298,.F.);
#6995=ORIENTED_EDGE('',*,*,#4734,.F.);
#6996=ORIENTED_EDGE('',*,*,#5302,.T.);
#6997=ORIENTED_EDGE('',*,*,#5303,.T.);
#6998=ORIENTED_EDGE('',*,*,#5300,.F.);
#6999=ORIENTED_EDGE('',*,*,#4733,.F.);
#7000=ORIENTED_EDGE('',*,*,#5304,.T.);
#7001=ORIENTED_EDGE('',*,*,#5305,.T.);
#7002=ORIENTED_EDGE('',*,*,#5302,.F.);
#7003=ORIENTED_EDGE('',*,*,#4732,.F.);
#7004=ORIENTED_EDGE('',*,*,#5306,.T.);
#7005=ORIENTED_EDGE('',*,*,#5307,.T.);
#7006=ORIENTED_EDGE('',*,*,#5304,.F.);
#7007=ORIENTED_EDGE('',*,*,#4731,.F.);
#7008=ORIENTED_EDGE('',*,*,#5308,.T.);
#7009=ORIENTED_EDGE('',*,*,#5309,.T.);
#7010=ORIENTED_EDGE('',*,*,#5306,.F.);
#7011=ORIENTED_EDGE('',*,*,#4730,.F.);
#7012=ORIENTED_EDGE('',*,*,#5287,.T.);
#7013=ORIENTED_EDGE('',*,*,#5310,.T.);
#7014=ORIENTED_EDGE('',*,*,#5308,.F.);
#7015=ORIENTED_EDGE('',*,*,#5310,.F.);
#7016=ORIENTED_EDGE('',*,*,#5286,.F.);
#7017=ORIENTED_EDGE('',*,*,#5289,.F.);
#7018=ORIENTED_EDGE('',*,*,#5291,.F.);
#7019=ORIENTED_EDGE('',*,*,#5293,.F.);
#7020=ORIENTED_EDGE('',*,*,#5295,.F.);
#7021=ORIENTED_EDGE('',*,*,#5297,.F.);
#7022=ORIENTED_EDGE('',*,*,#5299,.F.);
#7023=ORIENTED_EDGE('',*,*,#5301,.F.);
#7024=ORIENTED_EDGE('',*,*,#5303,.F.);
#7025=ORIENTED_EDGE('',*,*,#5305,.F.);
#7026=ORIENTED_EDGE('',*,*,#5307,.F.);
#7027=ORIENTED_EDGE('',*,*,#5309,.F.);
#7028=ORIENTED_EDGE('',*,*,#5284,.F.);
#7029=ORIENTED_EDGE('',*,*,#5272,.F.);
#7030=ORIENTED_EDGE('',*,*,#5276,.F.);
#7031=ORIENTED_EDGE('',*,*,#5279,.F.);
#7032=ORIENTED_EDGE('',*,*,#5282,.F.);
#7033=ORIENTED_EDGE('',*,*,#5311,.F.);
#7034=ORIENTED_EDGE('',*,*,#5312,.T.);
#7035=ORIENTED_EDGE('',*,*,#5313,.T.);
#7036=ORIENTED_EDGE('',*,*,#5314,.F.);
#7037=ORIENTED_EDGE('',*,*,#5315,.F.);
#7038=ORIENTED_EDGE('',*,*,#5316,.T.);
#7039=ORIENTED_EDGE('',*,*,#5317,.T.);
#7040=ORIENTED_EDGE('',*,*,#5312,.F.);
#7041=ORIENTED_EDGE('',*,*,#5318,.F.);
#7042=ORIENTED_EDGE('',*,*,#5319,.T.);
#7043=ORIENTED_EDGE('',*,*,#5320,.T.);
#7044=ORIENTED_EDGE('',*,*,#5316,.F.);
#7045=ORIENTED_EDGE('',*,*,#5321,.F.);
#7046=ORIENTED_EDGE('',*,*,#5322,.T.);
#7047=ORIENTED_EDGE('',*,*,#5323,.T.);
#7048=ORIENTED_EDGE('',*,*,#5319,.F.);
#7049=ORIENTED_EDGE('',*,*,#5324,.F.);
#7050=ORIENTED_EDGE('',*,*,#5314,.T.);
#7051=ORIENTED_EDGE('',*,*,#5325,.T.);
#7052=ORIENTED_EDGE('',*,*,#5322,.F.);
#7053=ORIENTED_EDGE('',*,*,#4716,.F.);
#7054=ORIENTED_EDGE('',*,*,#5326,.T.);
#7055=ORIENTED_EDGE('',*,*,#5327,.T.);
#7056=ORIENTED_EDGE('',*,*,#5328,.F.);
#7057=ORIENTED_EDGE('',*,*,#4728,.F.);
#7058=ORIENTED_EDGE('',*,*,#5329,.T.);
#7059=ORIENTED_EDGE('',*,*,#5330,.T.);
#7060=ORIENTED_EDGE('',*,*,#5326,.F.);
#7061=ORIENTED_EDGE('',*,*,#4727,.F.);
#7062=ORIENTED_EDGE('',*,*,#5331,.T.);
#7063=ORIENTED_EDGE('',*,*,#5332,.T.);
#7064=ORIENTED_EDGE('',*,*,#5329,.F.);
#7065=ORIENTED_EDGE('',*,*,#4726,.F.);
#7066=ORIENTED_EDGE('',*,*,#5333,.T.);
#7067=ORIENTED_EDGE('',*,*,#5334,.T.);
#7068=ORIENTED_EDGE('',*,*,#5331,.F.);
#7069=ORIENTED_EDGE('',*,*,#4725,.F.);
#7070=ORIENTED_EDGE('',*,*,#5335,.T.);
#7071=ORIENTED_EDGE('',*,*,#5336,.T.);
#7072=ORIENTED_EDGE('',*,*,#5333,.F.);
#7073=ORIENTED_EDGE('',*,*,#4724,.F.);
#7074=ORIENTED_EDGE('',*,*,#5337,.T.);
#7075=ORIENTED_EDGE('',*,*,#5338,.T.);
#7076=ORIENTED_EDGE('',*,*,#5335,.F.);
#7077=ORIENTED_EDGE('',*,*,#4723,.F.);
#7078=ORIENTED_EDGE('',*,*,#5339,.T.);
#7079=ORIENTED_EDGE('',*,*,#5340,.T.);
#7080=ORIENTED_EDGE('',*,*,#5337,.F.);
#7081=ORIENTED_EDGE('',*,*,#4722,.F.);
#7082=ORIENTED_EDGE('',*,*,#5341,.T.);
#7083=ORIENTED_EDGE('',*,*,#5342,.T.);
#7084=ORIENTED_EDGE('',*,*,#5339,.F.);
#7085=ORIENTED_EDGE('',*,*,#4721,.F.);
#7086=ORIENTED_EDGE('',*,*,#5343,.T.);
#7087=ORIENTED_EDGE('',*,*,#5344,.T.);
#7088=ORIENTED_EDGE('',*,*,#5341,.F.);
#7089=ORIENTED_EDGE('',*,*,#4720,.F.);
#7090=ORIENTED_EDGE('',*,*,#5345,.T.);
#7091=ORIENTED_EDGE('',*,*,#5346,.T.);
#7092=ORIENTED_EDGE('',*,*,#5343,.F.);
#7093=ORIENTED_EDGE('',*,*,#4719,.F.);
#7094=ORIENTED_EDGE('',*,*,#5347,.T.);
#7095=ORIENTED_EDGE('',*,*,#5348,.T.);
#7096=ORIENTED_EDGE('',*,*,#5345,.F.);
#7097=ORIENTED_EDGE('',*,*,#4718,.F.);
#7098=ORIENTED_EDGE('',*,*,#5349,.T.);
#7099=ORIENTED_EDGE('',*,*,#5350,.T.);
#7100=ORIENTED_EDGE('',*,*,#5347,.F.);
#7101=ORIENTED_EDGE('',*,*,#4717,.F.);
#7102=ORIENTED_EDGE('',*,*,#5328,.T.);
#7103=ORIENTED_EDGE('',*,*,#5351,.T.);
#7104=ORIENTED_EDGE('',*,*,#5349,.F.);
#7105=ORIENTED_EDGE('',*,*,#5351,.F.);
#7106=ORIENTED_EDGE('',*,*,#5327,.F.);
#7107=ORIENTED_EDGE('',*,*,#5330,.F.);
#7108=ORIENTED_EDGE('',*,*,#5332,.F.);
#7109=ORIENTED_EDGE('',*,*,#5334,.F.);
#7110=ORIENTED_EDGE('',*,*,#5336,.F.);
#7111=ORIENTED_EDGE('',*,*,#5338,.F.);
#7112=ORIENTED_EDGE('',*,*,#5340,.F.);
#7113=ORIENTED_EDGE('',*,*,#5342,.F.);
#7114=ORIENTED_EDGE('',*,*,#5344,.F.);
#7115=ORIENTED_EDGE('',*,*,#5346,.F.);
#7116=ORIENTED_EDGE('',*,*,#5348,.F.);
#7117=ORIENTED_EDGE('',*,*,#5350,.F.);
#7118=ORIENTED_EDGE('',*,*,#5325,.F.);
#7119=ORIENTED_EDGE('',*,*,#5313,.F.);
#7120=ORIENTED_EDGE('',*,*,#5317,.F.);
#7121=ORIENTED_EDGE('',*,*,#5320,.F.);
#7122=ORIENTED_EDGE('',*,*,#5323,.F.);
#7123=ORIENTED_EDGE('',*,*,#4695,.F.);
#7124=ORIENTED_EDGE('',*,*,#5352,.T.);
#7125=ORIENTED_EDGE('',*,*,#5353,.T.);
#7126=ORIENTED_EDGE('',*,*,#5354,.F.);
#7127=ORIENTED_EDGE('',*,*,#4715,.F.);
#7128=ORIENTED_EDGE('',*,*,#5355,.T.);
#7129=ORIENTED_EDGE('',*,*,#5356,.T.);
#7130=ORIENTED_EDGE('',*,*,#5352,.F.);
#7131=ORIENTED_EDGE('',*,*,#4714,.F.);
#7132=ORIENTED_EDGE('',*,*,#5357,.T.);
#7133=ORIENTED_EDGE('',*,*,#5358,.T.);
#7134=ORIENTED_EDGE('',*,*,#5355,.F.);
#7135=ORIENTED_EDGE('',*,*,#4713,.F.);
#7136=ORIENTED_EDGE('',*,*,#5359,.T.);
#7137=ORIENTED_EDGE('',*,*,#5360,.T.);
#7138=ORIENTED_EDGE('',*,*,#5357,.F.);
#7139=ORIENTED_EDGE('',*,*,#4712,.F.);
#7140=ORIENTED_EDGE('',*,*,#5361,.T.);
#7141=ORIENTED_EDGE('',*,*,#5362,.T.);
#7142=ORIENTED_EDGE('',*,*,#5359,.F.);
#7143=ORIENTED_EDGE('',*,*,#4711,.F.);
#7144=ORIENTED_EDGE('',*,*,#5363,.T.);
#7145=ORIENTED_EDGE('',*,*,#5364,.T.);
#7146=ORIENTED_EDGE('',*,*,#5361,.F.);
#7147=ORIENTED_EDGE('',*,*,#4710,.F.);
#7148=ORIENTED_EDGE('',*,*,#5365,.T.);
#7149=ORIENTED_EDGE('',*,*,#5366,.T.);
#7150=ORIENTED_EDGE('',*,*,#5363,.F.);
#7151=ORIENTED_EDGE('',*,*,#4709,.F.);
#7152=ORIENTED_EDGE('',*,*,#5367,.T.);
#7153=ORIENTED_EDGE('',*,*,#5368,.T.);
#7154=ORIENTED_EDGE('',*,*,#5365,.F.);
#7155=ORIENTED_EDGE('',*,*,#4708,.F.);
#7156=ORIENTED_EDGE('',*,*,#5369,.T.);
#7157=ORIENTED_EDGE('',*,*,#5370,.T.);
#7158=ORIENTED_EDGE('',*,*,#5367,.F.);
#7159=ORIENTED_EDGE('',*,*,#4707,.F.);
#7160=ORIENTED_EDGE('',*,*,#5371,.T.);
#7161=ORIENTED_EDGE('',*,*,#5372,.T.);
#7162=ORIENTED_EDGE('',*,*,#5369,.F.);
#7163=ORIENTED_EDGE('',*,*,#4706,.F.);
#7164=ORIENTED_EDGE('',*,*,#5373,.T.);
#7165=ORIENTED_EDGE('',*,*,#5374,.T.);
#7166=ORIENTED_EDGE('',*,*,#5371,.F.);
#7167=ORIENTED_EDGE('',*,*,#4705,.F.);
#7168=ORIENTED_EDGE('',*,*,#5375,.T.);
#7169=ORIENTED_EDGE('',*,*,#5376,.T.);
#7170=ORIENTED_EDGE('',*,*,#5373,.F.);
#7171=ORIENTED_EDGE('',*,*,#4704,.F.);
#7172=ORIENTED_EDGE('',*,*,#5377,.T.);
#7173=ORIENTED_EDGE('',*,*,#5378,.T.);
#7174=ORIENTED_EDGE('',*,*,#5375,.F.);
#7175=ORIENTED_EDGE('',*,*,#4703,.F.);
#7176=ORIENTED_EDGE('',*,*,#5379,.T.);
#7177=ORIENTED_EDGE('',*,*,#5380,.T.);
#7178=ORIENTED_EDGE('',*,*,#5377,.F.);
#7179=ORIENTED_EDGE('',*,*,#4702,.F.);
#7180=ORIENTED_EDGE('',*,*,#5381,.T.);
#7181=ORIENTED_EDGE('',*,*,#5382,.T.);
#7182=ORIENTED_EDGE('',*,*,#5379,.F.);
#7183=ORIENTED_EDGE('',*,*,#4701,.F.);
#7184=ORIENTED_EDGE('',*,*,#5383,.T.);
#7185=ORIENTED_EDGE('',*,*,#5384,.T.);
#7186=ORIENTED_EDGE('',*,*,#5381,.F.);
#7187=ORIENTED_EDGE('',*,*,#4700,.F.);
#7188=ORIENTED_EDGE('',*,*,#5385,.T.);
#7189=ORIENTED_EDGE('',*,*,#5386,.T.);
#7190=ORIENTED_EDGE('',*,*,#5383,.F.);
#7191=ORIENTED_EDGE('',*,*,#4699,.F.);
#7192=ORIENTED_EDGE('',*,*,#5387,.T.);
#7193=ORIENTED_EDGE('',*,*,#5388,.T.);
#7194=ORIENTED_EDGE('',*,*,#5385,.F.);
#7195=ORIENTED_EDGE('',*,*,#4698,.F.);
#7196=ORIENTED_EDGE('',*,*,#5389,.T.);
#7197=ORIENTED_EDGE('',*,*,#5390,.T.);
#7198=ORIENTED_EDGE('',*,*,#5387,.F.);
#7199=ORIENTED_EDGE('',*,*,#4697,.F.);
#7200=ORIENTED_EDGE('',*,*,#5391,.T.);
#7201=ORIENTED_EDGE('',*,*,#5392,.T.);
#7202=ORIENTED_EDGE('',*,*,#5389,.F.);
#7203=ORIENTED_EDGE('',*,*,#4696,.F.);
#7204=ORIENTED_EDGE('',*,*,#5354,.T.);
#7205=ORIENTED_EDGE('',*,*,#5393,.T.);
#7206=ORIENTED_EDGE('',*,*,#5391,.F.);
#7207=ORIENTED_EDGE('',*,*,#5393,.F.);
#7208=ORIENTED_EDGE('',*,*,#5353,.F.);
#7209=ORIENTED_EDGE('',*,*,#5356,.F.);
#7210=ORIENTED_EDGE('',*,*,#5358,.F.);
#7211=ORIENTED_EDGE('',*,*,#5360,.F.);
#7212=ORIENTED_EDGE('',*,*,#5362,.F.);
#7213=ORIENTED_EDGE('',*,*,#5364,.F.);
#7214=ORIENTED_EDGE('',*,*,#5366,.F.);
#7215=ORIENTED_EDGE('',*,*,#5368,.F.);
#7216=ORIENTED_EDGE('',*,*,#5370,.F.);
#7217=ORIENTED_EDGE('',*,*,#5372,.F.);
#7218=ORIENTED_EDGE('',*,*,#5374,.F.);
#7219=ORIENTED_EDGE('',*,*,#5376,.F.);
#7220=ORIENTED_EDGE('',*,*,#5378,.F.);
#7221=ORIENTED_EDGE('',*,*,#5380,.F.);
#7222=ORIENTED_EDGE('',*,*,#5382,.F.);
#7223=ORIENTED_EDGE('',*,*,#5384,.F.);
#7224=ORIENTED_EDGE('',*,*,#5386,.F.);
#7225=ORIENTED_EDGE('',*,*,#5388,.F.);
#7226=ORIENTED_EDGE('',*,*,#5390,.F.);
#7227=ORIENTED_EDGE('',*,*,#5392,.F.);
#7228=ORIENTED_EDGE('',*,*,#5394,.F.);
#7229=ORIENTED_EDGE('',*,*,#5395,.T.);
#7230=ORIENTED_EDGE('',*,*,#5396,.T.);
#7231=ORIENTED_EDGE('',*,*,#5397,.F.);
#7232=ORIENTED_EDGE('',*,*,#5398,.F.);
#7233=ORIENTED_EDGE('',*,*,#5399,.T.);
#7234=ORIENTED_EDGE('',*,*,#5400,.T.);
#7235=ORIENTED_EDGE('',*,*,#5395,.F.);
#7236=ORIENTED_EDGE('',*,*,#5401,.F.);
#7237=ORIENTED_EDGE('',*,*,#5402,.T.);
#7238=ORIENTED_EDGE('',*,*,#5403,.T.);
#7239=ORIENTED_EDGE('',*,*,#5399,.F.);
#7240=ORIENTED_EDGE('',*,*,#5404,.F.);
#7241=ORIENTED_EDGE('',*,*,#5405,.T.);
#7242=ORIENTED_EDGE('',*,*,#5406,.T.);
#7243=ORIENTED_EDGE('',*,*,#5402,.F.);
#7244=ORIENTED_EDGE('',*,*,#5407,.F.);
#7245=ORIENTED_EDGE('',*,*,#5408,.T.);
#7246=ORIENTED_EDGE('',*,*,#5409,.T.);
#7247=ORIENTED_EDGE('',*,*,#5405,.F.);
#7248=ORIENTED_EDGE('',*,*,#5410,.F.);
#7249=ORIENTED_EDGE('',*,*,#5397,.T.);
#7250=ORIENTED_EDGE('',*,*,#5411,.T.);
#7251=ORIENTED_EDGE('',*,*,#5408,.F.);
#7252=ORIENTED_EDGE('',*,*,#4683,.F.);
#7253=ORIENTED_EDGE('',*,*,#5412,.T.);
#7254=ORIENTED_EDGE('',*,*,#5413,.T.);
#7255=ORIENTED_EDGE('',*,*,#5414,.F.);
#7256=ORIENTED_EDGE('',*,*,#4694,.F.);
#7257=ORIENTED_EDGE('',*,*,#5415,.T.);
#7258=ORIENTED_EDGE('',*,*,#5416,.T.);
#7259=ORIENTED_EDGE('',*,*,#5412,.F.);
#7260=ORIENTED_EDGE('',*,*,#4693,.F.);
#7261=ORIENTED_EDGE('',*,*,#5417,.T.);
#7262=ORIENTED_EDGE('',*,*,#5418,.T.);
#7263=ORIENTED_EDGE('',*,*,#5415,.F.);
#7264=ORIENTED_EDGE('',*,*,#4692,.F.);
#7265=ORIENTED_EDGE('',*,*,#5419,.T.);
#7266=ORIENTED_EDGE('',*,*,#5420,.T.);
#7267=ORIENTED_EDGE('',*,*,#5417,.F.);
#7268=ORIENTED_EDGE('',*,*,#4691,.F.);
#7269=ORIENTED_EDGE('',*,*,#5421,.T.);
#7270=ORIENTED_EDGE('',*,*,#5422,.T.);
#7271=ORIENTED_EDGE('',*,*,#5419,.F.);
#7272=ORIENTED_EDGE('',*,*,#4690,.F.);
#7273=ORIENTED_EDGE('',*,*,#5423,.T.);
#7274=ORIENTED_EDGE('',*,*,#5424,.T.);
#7275=ORIENTED_EDGE('',*,*,#5421,.F.);
#7276=ORIENTED_EDGE('',*,*,#4689,.F.);
#7277=ORIENTED_EDGE('',*,*,#5425,.T.);
#7278=ORIENTED_EDGE('',*,*,#5426,.T.);
#7279=ORIENTED_EDGE('',*,*,#5423,.F.);
#7280=ORIENTED_EDGE('',*,*,#4688,.F.);
#7281=ORIENTED_EDGE('',*,*,#5427,.T.);
#7282=ORIENTED_EDGE('',*,*,#5428,.T.);
#7283=ORIENTED_EDGE('',*,*,#5425,.F.);
#7284=ORIENTED_EDGE('',*,*,#4687,.F.);
#7285=ORIENTED_EDGE('',*,*,#5429,.T.);
#7286=ORIENTED_EDGE('',*,*,#5430,.T.);
#7287=ORIENTED_EDGE('',*,*,#5427,.F.);
#7288=ORIENTED_EDGE('',*,*,#4686,.F.);
#7289=ORIENTED_EDGE('',*,*,#5431,.T.);
#7290=ORIENTED_EDGE('',*,*,#5432,.T.);
#7291=ORIENTED_EDGE('',*,*,#5429,.F.);
#7292=ORIENTED_EDGE('',*,*,#4685,.F.);
#7293=ORIENTED_EDGE('',*,*,#5433,.T.);
#7294=ORIENTED_EDGE('',*,*,#5434,.T.);
#7295=ORIENTED_EDGE('',*,*,#5431,.F.);
#7296=ORIENTED_EDGE('',*,*,#4684,.F.);
#7297=ORIENTED_EDGE('',*,*,#5414,.T.);
#7298=ORIENTED_EDGE('',*,*,#5435,.T.);
#7299=ORIENTED_EDGE('',*,*,#5433,.F.);
#7300=ORIENTED_EDGE('',*,*,#5435,.F.);
#7301=ORIENTED_EDGE('',*,*,#5413,.F.);
#7302=ORIENTED_EDGE('',*,*,#5416,.F.);
#7303=ORIENTED_EDGE('',*,*,#5418,.F.);
#7304=ORIENTED_EDGE('',*,*,#5420,.F.);
#7305=ORIENTED_EDGE('',*,*,#5422,.F.);
#7306=ORIENTED_EDGE('',*,*,#5424,.F.);
#7307=ORIENTED_EDGE('',*,*,#5426,.F.);
#7308=ORIENTED_EDGE('',*,*,#5428,.F.);
#7309=ORIENTED_EDGE('',*,*,#5430,.F.);
#7310=ORIENTED_EDGE('',*,*,#5432,.F.);
#7311=ORIENTED_EDGE('',*,*,#5434,.F.);
#7312=ORIENTED_EDGE('',*,*,#5411,.F.);
#7313=ORIENTED_EDGE('',*,*,#5396,.F.);
#7314=ORIENTED_EDGE('',*,*,#5400,.F.);
#7315=ORIENTED_EDGE('',*,*,#5403,.F.);
#7316=ORIENTED_EDGE('',*,*,#5406,.F.);
#7317=ORIENTED_EDGE('',*,*,#5409,.F.);
#7318=ORIENTED_EDGE('',*,*,#5436,.F.);
#7319=ORIENTED_EDGE('',*,*,#5437,.T.);
#7320=ORIENTED_EDGE('',*,*,#5438,.T.);
#7321=ORIENTED_EDGE('',*,*,#5439,.F.);
#7322=ORIENTED_EDGE('',*,*,#5440,.F.);
#7323=ORIENTED_EDGE('',*,*,#5441,.T.);
#7324=ORIENTED_EDGE('',*,*,#5442,.T.);
#7325=ORIENTED_EDGE('',*,*,#5437,.F.);
#7326=ORIENTED_EDGE('',*,*,#5443,.F.);
#7327=ORIENTED_EDGE('',*,*,#5444,.T.);
#7328=ORIENTED_EDGE('',*,*,#5445,.T.);
#7329=ORIENTED_EDGE('',*,*,#5441,.F.);
#7330=ORIENTED_EDGE('',*,*,#5446,.F.);
#7331=ORIENTED_EDGE('',*,*,#5447,.T.);
#7332=ORIENTED_EDGE('',*,*,#5448,.T.);
#7333=ORIENTED_EDGE('',*,*,#5444,.F.);
#7334=ORIENTED_EDGE('',*,*,#5449,.F.);
#7335=ORIENTED_EDGE('',*,*,#5450,.T.);
#7336=ORIENTED_EDGE('',*,*,#5451,.T.);
#7337=ORIENTED_EDGE('',*,*,#5447,.F.);
#7338=ORIENTED_EDGE('',*,*,#5452,.F.);
#7339=ORIENTED_EDGE('',*,*,#5439,.T.);
#7340=ORIENTED_EDGE('',*,*,#5453,.T.);
#7341=ORIENTED_EDGE('',*,*,#5450,.F.);
#7342=ORIENTED_EDGE('',*,*,#4669,.F.);
#7343=ORIENTED_EDGE('',*,*,#5454,.T.);
#7344=ORIENTED_EDGE('',*,*,#5455,.T.);
#7345=ORIENTED_EDGE('',*,*,#5456,.F.);
#7346=ORIENTED_EDGE('',*,*,#4682,.F.);
#7347=ORIENTED_EDGE('',*,*,#5457,.T.);
#7348=ORIENTED_EDGE('',*,*,#5458,.T.);
#7349=ORIENTED_EDGE('',*,*,#5454,.F.);
#7350=ORIENTED_EDGE('',*,*,#4681,.F.);
#7351=ORIENTED_EDGE('',*,*,#5459,.T.);
#7352=ORIENTED_EDGE('',*,*,#5460,.T.);
#7353=ORIENTED_EDGE('',*,*,#5457,.F.);
#7354=ORIENTED_EDGE('',*,*,#4680,.F.);
#7355=ORIENTED_EDGE('',*,*,#5461,.T.);
#7356=ORIENTED_EDGE('',*,*,#5462,.T.);
#7357=ORIENTED_EDGE('',*,*,#5459,.F.);
#7358=ORIENTED_EDGE('',*,*,#4679,.F.);
#7359=ORIENTED_EDGE('',*,*,#5463,.T.);
#7360=ORIENTED_EDGE('',*,*,#5464,.T.);
#7361=ORIENTED_EDGE('',*,*,#5461,.F.);
#7362=ORIENTED_EDGE('',*,*,#4678,.F.);
#7363=ORIENTED_EDGE('',*,*,#5465,.T.);
#7364=ORIENTED_EDGE('',*,*,#5466,.T.);
#7365=ORIENTED_EDGE('',*,*,#5463,.F.);
#7366=ORIENTED_EDGE('',*,*,#4677,.F.);
#7367=ORIENTED_EDGE('',*,*,#5467,.T.);
#7368=ORIENTED_EDGE('',*,*,#5468,.T.);
#7369=ORIENTED_EDGE('',*,*,#5465,.F.);
#7370=ORIENTED_EDGE('',*,*,#4676,.F.);
#7371=ORIENTED_EDGE('',*,*,#5469,.T.);
#7372=ORIENTED_EDGE('',*,*,#5470,.T.);
#7373=ORIENTED_EDGE('',*,*,#5467,.F.);
#7374=ORIENTED_EDGE('',*,*,#4675,.F.);
#7375=ORIENTED_EDGE('',*,*,#5471,.T.);
#7376=ORIENTED_EDGE('',*,*,#5472,.T.);
#7377=ORIENTED_EDGE('',*,*,#5469,.F.);
#7378=ORIENTED_EDGE('',*,*,#4674,.F.);
#7379=ORIENTED_EDGE('',*,*,#5473,.T.);
#7380=ORIENTED_EDGE('',*,*,#5474,.T.);
#7381=ORIENTED_EDGE('',*,*,#5471,.F.);
#7382=ORIENTED_EDGE('',*,*,#4673,.F.);
#7383=ORIENTED_EDGE('',*,*,#5475,.T.);
#7384=ORIENTED_EDGE('',*,*,#5476,.T.);
#7385=ORIENTED_EDGE('',*,*,#5473,.F.);
#7386=ORIENTED_EDGE('',*,*,#4672,.F.);
#7387=ORIENTED_EDGE('',*,*,#5477,.T.);
#7388=ORIENTED_EDGE('',*,*,#5478,.T.);
#7389=ORIENTED_EDGE('',*,*,#5475,.F.);
#7390=ORIENTED_EDGE('',*,*,#4671,.F.);
#7391=ORIENTED_EDGE('',*,*,#5479,.T.);
#7392=ORIENTED_EDGE('',*,*,#5480,.T.);
#7393=ORIENTED_EDGE('',*,*,#5477,.F.);
#7394=ORIENTED_EDGE('',*,*,#4670,.F.);
#7395=ORIENTED_EDGE('',*,*,#5456,.T.);
#7396=ORIENTED_EDGE('',*,*,#5481,.T.);
#7397=ORIENTED_EDGE('',*,*,#5479,.F.);
#7398=ORIENTED_EDGE('',*,*,#5481,.F.);
#7399=ORIENTED_EDGE('',*,*,#5455,.F.);
#7400=ORIENTED_EDGE('',*,*,#5458,.F.);
#7401=ORIENTED_EDGE('',*,*,#5460,.F.);
#7402=ORIENTED_EDGE('',*,*,#5462,.F.);
#7403=ORIENTED_EDGE('',*,*,#5464,.F.);
#7404=ORIENTED_EDGE('',*,*,#5466,.F.);
#7405=ORIENTED_EDGE('',*,*,#5468,.F.);
#7406=ORIENTED_EDGE('',*,*,#5470,.F.);
#7407=ORIENTED_EDGE('',*,*,#5472,.F.);
#7408=ORIENTED_EDGE('',*,*,#5474,.F.);
#7409=ORIENTED_EDGE('',*,*,#5476,.F.);
#7410=ORIENTED_EDGE('',*,*,#5478,.F.);
#7411=ORIENTED_EDGE('',*,*,#5480,.F.);
#7412=ORIENTED_EDGE('',*,*,#5453,.F.);
#7413=ORIENTED_EDGE('',*,*,#5438,.F.);
#7414=ORIENTED_EDGE('',*,*,#5442,.F.);
#7415=ORIENTED_EDGE('',*,*,#5445,.F.);
#7416=ORIENTED_EDGE('',*,*,#5448,.F.);
#7417=ORIENTED_EDGE('',*,*,#5451,.F.);
#7418=ORIENTED_EDGE('',*,*,#4657,.F.);
#7419=ORIENTED_EDGE('',*,*,#5482,.T.);
#7420=ORIENTED_EDGE('',*,*,#5483,.T.);
#7421=ORIENTED_EDGE('',*,*,#5484,.F.);
#7422=ORIENTED_EDGE('',*,*,#4668,.F.);
#7423=ORIENTED_EDGE('',*,*,#5485,.T.);
#7424=ORIENTED_EDGE('',*,*,#5486,.T.);
#7425=ORIENTED_EDGE('',*,*,#5482,.F.);
#7426=ORIENTED_EDGE('',*,*,#4667,.F.);
#7427=ORIENTED_EDGE('',*,*,#5487,.T.);
#7428=ORIENTED_EDGE('',*,*,#5488,.T.);
#7429=ORIENTED_EDGE('',*,*,#5485,.F.);
#7430=ORIENTED_EDGE('',*,*,#4666,.F.);
#7431=ORIENTED_EDGE('',*,*,#5489,.T.);
#7432=ORIENTED_EDGE('',*,*,#5490,.T.);
#7433=ORIENTED_EDGE('',*,*,#5487,.F.);
#7434=ORIENTED_EDGE('',*,*,#4665,.F.);
#7435=ORIENTED_EDGE('',*,*,#5491,.T.);
#7436=ORIENTED_EDGE('',*,*,#5492,.T.);
#7437=ORIENTED_EDGE('',*,*,#5489,.F.);
#7438=ORIENTED_EDGE('',*,*,#4664,.F.);
#7439=ORIENTED_EDGE('',*,*,#5493,.T.);
#7440=ORIENTED_EDGE('',*,*,#5494,.T.);
#7441=ORIENTED_EDGE('',*,*,#5491,.F.);
#7442=ORIENTED_EDGE('',*,*,#4663,.F.);
#7443=ORIENTED_EDGE('',*,*,#5495,.T.);
#7444=ORIENTED_EDGE('',*,*,#5496,.T.);
#7445=ORIENTED_EDGE('',*,*,#5493,.F.);
#7446=ORIENTED_EDGE('',*,*,#4662,.F.);
#7447=ORIENTED_EDGE('',*,*,#5497,.T.);
#7448=ORIENTED_EDGE('',*,*,#5498,.T.);
#7449=ORIENTED_EDGE('',*,*,#5495,.F.);
#7450=ORIENTED_EDGE('',*,*,#4661,.F.);
#7451=ORIENTED_EDGE('',*,*,#5499,.T.);
#7452=ORIENTED_EDGE('',*,*,#5500,.T.);
#7453=ORIENTED_EDGE('',*,*,#5497,.F.);
#7454=ORIENTED_EDGE('',*,*,#4660,.F.);
#7455=ORIENTED_EDGE('',*,*,#5501,.T.);
#7456=ORIENTED_EDGE('',*,*,#5502,.T.);
#7457=ORIENTED_EDGE('',*,*,#5499,.F.);
#7458=ORIENTED_EDGE('',*,*,#4659,.F.);
#7459=ORIENTED_EDGE('',*,*,#5503,.T.);
#7460=ORIENTED_EDGE('',*,*,#5504,.T.);
#7461=ORIENTED_EDGE('',*,*,#5501,.F.);
#7462=ORIENTED_EDGE('',*,*,#4658,.F.);
#7463=ORIENTED_EDGE('',*,*,#5484,.T.);
#7464=ORIENTED_EDGE('',*,*,#5505,.T.);
#7465=ORIENTED_EDGE('',*,*,#5503,.F.);
#7466=ORIENTED_EDGE('',*,*,#5505,.F.);
#7467=ORIENTED_EDGE('',*,*,#5483,.F.);
#7468=ORIENTED_EDGE('',*,*,#5486,.F.);
#7469=ORIENTED_EDGE('',*,*,#5488,.F.);
#7470=ORIENTED_EDGE('',*,*,#5490,.F.);
#7471=ORIENTED_EDGE('',*,*,#5492,.F.);
#7472=ORIENTED_EDGE('',*,*,#5494,.F.);
#7473=ORIENTED_EDGE('',*,*,#5496,.F.);
#7474=ORIENTED_EDGE('',*,*,#5498,.F.);
#7475=ORIENTED_EDGE('',*,*,#5500,.F.);
#7476=ORIENTED_EDGE('',*,*,#5502,.F.);
#7477=ORIENTED_EDGE('',*,*,#5504,.F.);
#7478=ORIENTED_EDGE('',*,*,#4632,.F.);
#7479=ORIENTED_EDGE('',*,*,#5506,.T.);
#7480=ORIENTED_EDGE('',*,*,#5507,.T.);
#7481=ORIENTED_EDGE('',*,*,#5508,.F.);
#7482=ORIENTED_EDGE('',*,*,#4656,.F.);
#7483=ORIENTED_EDGE('',*,*,#5509,.T.);
#7484=ORIENTED_EDGE('',*,*,#5510,.T.);
#7485=ORIENTED_EDGE('',*,*,#5506,.F.);
#7486=ORIENTED_EDGE('',*,*,#4655,.F.);
#7487=ORIENTED_EDGE('',*,*,#5511,.T.);
#7488=ORIENTED_EDGE('',*,*,#5512,.T.);
#7489=ORIENTED_EDGE('',*,*,#5509,.F.);
#7490=ORIENTED_EDGE('',*,*,#4654,.F.);
#7491=ORIENTED_EDGE('',*,*,#5513,.T.);
#7492=ORIENTED_EDGE('',*,*,#5514,.T.);
#7493=ORIENTED_EDGE('',*,*,#5511,.F.);
#7494=ORIENTED_EDGE('',*,*,#4653,.F.);
#7495=ORIENTED_EDGE('',*,*,#5515,.T.);
#7496=ORIENTED_EDGE('',*,*,#5516,.T.);
#7497=ORIENTED_EDGE('',*,*,#5513,.F.);
#7498=ORIENTED_EDGE('',*,*,#4652,.F.);
#7499=ORIENTED_EDGE('',*,*,#5517,.T.);
#7500=ORIENTED_EDGE('',*,*,#5518,.T.);
#7501=ORIENTED_EDGE('',*,*,#5515,.F.);
#7502=ORIENTED_EDGE('',*,*,#4651,.F.);
#7503=ORIENTED_EDGE('',*,*,#5519,.T.);
#7504=ORIENTED_EDGE('',*,*,#5520,.T.);
#7505=ORIENTED_EDGE('',*,*,#5517,.F.);
#7506=ORIENTED_EDGE('',*,*,#4650,.F.);
#7507=ORIENTED_EDGE('',*,*,#5521,.T.);
#7508=ORIENTED_EDGE('',*,*,#5522,.T.);
#7509=ORIENTED_EDGE('',*,*,#5519,.F.);
#7510=ORIENTED_EDGE('',*,*,#4649,.F.);
#7511=ORIENTED_EDGE('',*,*,#5523,.T.);
#7512=ORIENTED_EDGE('',*,*,#5524,.T.);
#7513=ORIENTED_EDGE('',*,*,#5521,.F.);
#7514=ORIENTED_EDGE('',*,*,#4648,.F.);
#7515=ORIENTED_EDGE('',*,*,#5525,.T.);
#7516=ORIENTED_EDGE('',*,*,#5526,.T.);
#7517=ORIENTED_EDGE('',*,*,#5523,.F.);
#7518=ORIENTED_EDGE('',*,*,#4647,.F.);
#7519=ORIENTED_EDGE('',*,*,#5527,.T.);
#7520=ORIENTED_EDGE('',*,*,#5528,.T.);
#7521=ORIENTED_EDGE('',*,*,#5525,.F.);
#7522=ORIENTED_EDGE('',*,*,#4646,.F.);
#7523=ORIENTED_EDGE('',*,*,#5529,.T.);
#7524=ORIENTED_EDGE('',*,*,#5530,.T.);
#7525=ORIENTED_EDGE('',*,*,#5527,.F.);
#7526=ORIENTED_EDGE('',*,*,#4645,.F.);
#7527=ORIENTED_EDGE('',*,*,#5531,.T.);
#7528=ORIENTED_EDGE('',*,*,#5532,.T.);
#7529=ORIENTED_EDGE('',*,*,#5529,.F.);
#7530=ORIENTED_EDGE('',*,*,#4644,.F.);
#7531=ORIENTED_EDGE('',*,*,#5533,.T.);
#7532=ORIENTED_EDGE('',*,*,#5534,.T.);
#7533=ORIENTED_EDGE('',*,*,#5531,.F.);
#7534=ORIENTED_EDGE('',*,*,#4643,.F.);
#7535=ORIENTED_EDGE('',*,*,#5535,.T.);
#7536=ORIENTED_EDGE('',*,*,#5536,.T.);
#7537=ORIENTED_EDGE('',*,*,#5533,.F.);
#7538=ORIENTED_EDGE('',*,*,#4642,.F.);
#7539=ORIENTED_EDGE('',*,*,#5537,.T.);
#7540=ORIENTED_EDGE('',*,*,#5538,.T.);
#7541=ORIENTED_EDGE('',*,*,#5535,.F.);
#7542=ORIENTED_EDGE('',*,*,#4641,.F.);
#7543=ORIENTED_EDGE('',*,*,#5539,.T.);
#7544=ORIENTED_EDGE('',*,*,#5540,.T.);
#7545=ORIENTED_EDGE('',*,*,#5537,.F.);
#7546=ORIENTED_EDGE('',*,*,#4640,.F.);
#7547=ORIENTED_EDGE('',*,*,#5541,.T.);
#7548=ORIENTED_EDGE('',*,*,#5542,.T.);
#7549=ORIENTED_EDGE('',*,*,#5539,.F.);
#7550=ORIENTED_EDGE('',*,*,#4639,.F.);
#7551=ORIENTED_EDGE('',*,*,#5543,.T.);
#7552=ORIENTED_EDGE('',*,*,#5544,.T.);
#7553=ORIENTED_EDGE('',*,*,#5541,.F.);
#7554=ORIENTED_EDGE('',*,*,#4638,.F.);
#7555=ORIENTED_EDGE('',*,*,#5545,.T.);
#7556=ORIENTED_EDGE('',*,*,#5546,.T.);
#7557=ORIENTED_EDGE('',*,*,#5543,.F.);
#7558=ORIENTED_EDGE('',*,*,#4637,.F.);
#7559=ORIENTED_EDGE('',*,*,#5547,.T.);
#7560=ORIENTED_EDGE('',*,*,#5548,.T.);
#7561=ORIENTED_EDGE('',*,*,#5545,.F.);
#7562=ORIENTED_EDGE('',*,*,#4636,.F.);
#7563=ORIENTED_EDGE('',*,*,#5549,.T.);
#7564=ORIENTED_EDGE('',*,*,#5550,.T.);
#7565=ORIENTED_EDGE('',*,*,#5547,.F.);
#7566=ORIENTED_EDGE('',*,*,#4635,.F.);
#7567=ORIENTED_EDGE('',*,*,#5551,.T.);
#7568=ORIENTED_EDGE('',*,*,#5552,.T.);
#7569=ORIENTED_EDGE('',*,*,#5549,.F.);
#7570=ORIENTED_EDGE('',*,*,#4634,.F.);
#7571=ORIENTED_EDGE('',*,*,#5553,.T.);
#7572=ORIENTED_EDGE('',*,*,#5554,.T.);
#7573=ORIENTED_EDGE('',*,*,#5551,.F.);
#7574=ORIENTED_EDGE('',*,*,#4633,.F.);
#7575=ORIENTED_EDGE('',*,*,#5508,.T.);
#7576=ORIENTED_EDGE('',*,*,#5555,.T.);
#7577=ORIENTED_EDGE('',*,*,#5553,.F.);
#7578=ORIENTED_EDGE('',*,*,#5555,.F.);
#7579=ORIENTED_EDGE('',*,*,#5507,.F.);
#7580=ORIENTED_EDGE('',*,*,#5510,.F.);
#7581=ORIENTED_EDGE('',*,*,#5512,.F.);
#7582=ORIENTED_EDGE('',*,*,#5514,.F.);
#7583=ORIENTED_EDGE('',*,*,#5516,.F.);
#7584=ORIENTED_EDGE('',*,*,#5518,.F.);
#7585=ORIENTED_EDGE('',*,*,#5520,.F.);
#7586=ORIENTED_EDGE('',*,*,#5522,.F.);
#7587=ORIENTED_EDGE('',*,*,#5524,.F.);
#7588=ORIENTED_EDGE('',*,*,#5526,.F.);
#7589=ORIENTED_EDGE('',*,*,#5528,.F.);
#7590=ORIENTED_EDGE('',*,*,#5530,.F.);
#7591=ORIENTED_EDGE('',*,*,#5532,.F.);
#7592=ORIENTED_EDGE('',*,*,#5534,.F.);
#7593=ORIENTED_EDGE('',*,*,#5536,.F.);
#7594=ORIENTED_EDGE('',*,*,#5538,.F.);
#7595=ORIENTED_EDGE('',*,*,#5540,.F.);
#7596=ORIENTED_EDGE('',*,*,#5542,.F.);
#7597=ORIENTED_EDGE('',*,*,#5544,.F.);
#7598=ORIENTED_EDGE('',*,*,#5546,.F.);
#7599=ORIENTED_EDGE('',*,*,#5548,.F.);
#7600=ORIENTED_EDGE('',*,*,#5550,.F.);
#7601=ORIENTED_EDGE('',*,*,#5552,.F.);
#7602=ORIENTED_EDGE('',*,*,#5554,.F.);
#7603=ORIENTED_EDGE('',*,*,#5556,.F.);
#7604=ORIENTED_EDGE('',*,*,#5557,.T.);
#7605=ORIENTED_EDGE('',*,*,#5558,.T.);
#7606=ORIENTED_EDGE('',*,*,#5559,.F.);
#7607=ORIENTED_EDGE('',*,*,#5560,.F.);
#7608=ORIENTED_EDGE('',*,*,#5561,.T.);
#7609=ORIENTED_EDGE('',*,*,#5562,.T.);
#7610=ORIENTED_EDGE('',*,*,#5557,.F.);
#7611=ORIENTED_EDGE('',*,*,#5563,.F.);
#7612=ORIENTED_EDGE('',*,*,#5564,.T.);
#7613=ORIENTED_EDGE('',*,*,#5565,.T.);
#7614=ORIENTED_EDGE('',*,*,#5561,.F.);
#7615=ORIENTED_EDGE('',*,*,#5566,.F.);
#7616=ORIENTED_EDGE('',*,*,#5567,.T.);
#7617=ORIENTED_EDGE('',*,*,#5568,.T.);
#7618=ORIENTED_EDGE('',*,*,#5564,.F.);
#7619=ORIENTED_EDGE('',*,*,#5569,.F.);
#7620=ORIENTED_EDGE('',*,*,#5570,.T.);
#7621=ORIENTED_EDGE('',*,*,#5571,.T.);
#7622=ORIENTED_EDGE('',*,*,#5567,.F.);
#7623=ORIENTED_EDGE('',*,*,#5572,.F.);
#7624=ORIENTED_EDGE('',*,*,#5559,.T.);
#7625=ORIENTED_EDGE('',*,*,#5573,.T.);
#7626=ORIENTED_EDGE('',*,*,#5570,.F.);
#7627=ORIENTED_EDGE('',*,*,#4618,.F.);
#7628=ORIENTED_EDGE('',*,*,#5574,.T.);
#7629=ORIENTED_EDGE('',*,*,#5575,.T.);
#7630=ORIENTED_EDGE('',*,*,#5576,.F.);
#7631=ORIENTED_EDGE('',*,*,#4631,.F.);
#7632=ORIENTED_EDGE('',*,*,#5577,.T.);
#7633=ORIENTED_EDGE('',*,*,#5578,.T.);
#7634=ORIENTED_EDGE('',*,*,#5574,.F.);
#7635=ORIENTED_EDGE('',*,*,#4630,.F.);
#7636=ORIENTED_EDGE('',*,*,#5579,.T.);
#7637=ORIENTED_EDGE('',*,*,#5580,.T.);
#7638=ORIENTED_EDGE('',*,*,#5577,.F.);
#7639=ORIENTED_EDGE('',*,*,#4629,.F.);
#7640=ORIENTED_EDGE('',*,*,#5581,.T.);
#7641=ORIENTED_EDGE('',*,*,#5582,.T.);
#7642=ORIENTED_EDGE('',*,*,#5579,.F.);
#7643=ORIENTED_EDGE('',*,*,#4628,.F.);
#7644=ORIENTED_EDGE('',*,*,#5583,.T.);
#7645=ORIENTED_EDGE('',*,*,#5584,.T.);
#7646=ORIENTED_EDGE('',*,*,#5581,.F.);
#7647=ORIENTED_EDGE('',*,*,#4627,.F.);
#7648=ORIENTED_EDGE('',*,*,#5585,.T.);
#7649=ORIENTED_EDGE('',*,*,#5586,.T.);
#7650=ORIENTED_EDGE('',*,*,#5583,.F.);
#7651=ORIENTED_EDGE('',*,*,#4626,.F.);
#7652=ORIENTED_EDGE('',*,*,#5587,.T.);
#7653=ORIENTED_EDGE('',*,*,#5588,.T.);
#7654=ORIENTED_EDGE('',*,*,#5585,.F.);
#7655=ORIENTED_EDGE('',*,*,#4625,.F.);
#7656=ORIENTED_EDGE('',*,*,#5589,.T.);
#7657=ORIENTED_EDGE('',*,*,#5590,.T.);
#7658=ORIENTED_EDGE('',*,*,#5587,.F.);
#7659=ORIENTED_EDGE('',*,*,#4624,.F.);
#7660=ORIENTED_EDGE('',*,*,#5591,.T.);
#7661=ORIENTED_EDGE('',*,*,#5592,.T.);
#7662=ORIENTED_EDGE('',*,*,#5589,.F.);
#7663=ORIENTED_EDGE('',*,*,#4623,.F.);
#7664=ORIENTED_EDGE('',*,*,#5593,.T.);
#7665=ORIENTED_EDGE('',*,*,#5594,.T.);
#7666=ORIENTED_EDGE('',*,*,#5591,.F.);
#7667=ORIENTED_EDGE('',*,*,#4622,.F.);
#7668=ORIENTED_EDGE('',*,*,#5595,.T.);
#7669=ORIENTED_EDGE('',*,*,#5596,.T.);
#7670=ORIENTED_EDGE('',*,*,#5593,.F.);
#7671=ORIENTED_EDGE('',*,*,#4621,.F.);
#7672=ORIENTED_EDGE('',*,*,#5597,.T.);
#7673=ORIENTED_EDGE('',*,*,#5598,.T.);
#7674=ORIENTED_EDGE('',*,*,#5595,.F.);
#7675=ORIENTED_EDGE('',*,*,#4620,.F.);
#7676=ORIENTED_EDGE('',*,*,#5599,.T.);
#7677=ORIENTED_EDGE('',*,*,#5600,.T.);
#7678=ORIENTED_EDGE('',*,*,#5597,.F.);
#7679=ORIENTED_EDGE('',*,*,#4619,.F.);
#7680=ORIENTED_EDGE('',*,*,#5576,.T.);
#7681=ORIENTED_EDGE('',*,*,#5601,.T.);
#7682=ORIENTED_EDGE('',*,*,#5599,.F.);
#7683=ORIENTED_EDGE('',*,*,#5601,.F.);
#7684=ORIENTED_EDGE('',*,*,#5575,.F.);
#7685=ORIENTED_EDGE('',*,*,#5578,.F.);
#7686=ORIENTED_EDGE('',*,*,#5580,.F.);
#7687=ORIENTED_EDGE('',*,*,#5582,.F.);
#7688=ORIENTED_EDGE('',*,*,#5584,.F.);
#7689=ORIENTED_EDGE('',*,*,#5586,.F.);
#7690=ORIENTED_EDGE('',*,*,#5588,.F.);
#7691=ORIENTED_EDGE('',*,*,#5590,.F.);
#7692=ORIENTED_EDGE('',*,*,#5592,.F.);
#7693=ORIENTED_EDGE('',*,*,#5594,.F.);
#7694=ORIENTED_EDGE('',*,*,#5596,.F.);
#7695=ORIENTED_EDGE('',*,*,#5598,.F.);
#7696=ORIENTED_EDGE('',*,*,#5600,.F.);
#7697=ORIENTED_EDGE('',*,*,#5573,.F.);
#7698=ORIENTED_EDGE('',*,*,#5558,.F.);
#7699=ORIENTED_EDGE('',*,*,#5562,.F.);
#7700=ORIENTED_EDGE('',*,*,#5565,.F.);
#7701=ORIENTED_EDGE('',*,*,#5568,.F.);
#7702=ORIENTED_EDGE('',*,*,#5571,.F.);
#7703=ORIENTED_EDGE('',*,*,#5556,.T.);
#7704=ORIENTED_EDGE('',*,*,#5572,.T.);
#7705=ORIENTED_EDGE('',*,*,#5569,.T.);
#7706=ORIENTED_EDGE('',*,*,#5566,.T.);
#7707=ORIENTED_EDGE('',*,*,#5563,.T.);
#7708=ORIENTED_EDGE('',*,*,#5560,.T.);
#7709=ORIENTED_EDGE('',*,*,#5436,.T.);
#7710=ORIENTED_EDGE('',*,*,#5452,.T.);
#7711=ORIENTED_EDGE('',*,*,#5449,.T.);
#7712=ORIENTED_EDGE('',*,*,#5446,.T.);
#7713=ORIENTED_EDGE('',*,*,#5443,.T.);
#7714=ORIENTED_EDGE('',*,*,#5440,.T.);
#7715=ORIENTED_EDGE('',*,*,#5394,.T.);
#7716=ORIENTED_EDGE('',*,*,#5410,.T.);
#7717=ORIENTED_EDGE('',*,*,#5407,.T.);
#7718=ORIENTED_EDGE('',*,*,#5404,.T.);
#7719=ORIENTED_EDGE('',*,*,#5401,.T.);
#7720=ORIENTED_EDGE('',*,*,#5398,.T.);
#7721=ORIENTED_EDGE('',*,*,#5311,.T.);
#7722=ORIENTED_EDGE('',*,*,#5324,.T.);
#7723=ORIENTED_EDGE('',*,*,#5321,.T.);
#7724=ORIENTED_EDGE('',*,*,#5318,.T.);
#7725=ORIENTED_EDGE('',*,*,#5315,.T.);
#7726=ORIENTED_EDGE('',*,*,#5270,.T.);
#7727=ORIENTED_EDGE('',*,*,#5283,.T.);
#7728=ORIENTED_EDGE('',*,*,#5280,.T.);
#7729=ORIENTED_EDGE('',*,*,#5277,.T.);
#7730=ORIENTED_EDGE('',*,*,#5274,.T.);
#7731=ORIENTED_EDGE('',*,*,#5155,.T.);
#7732=ORIENTED_EDGE('',*,*,#5168,.T.);
#7733=ORIENTED_EDGE('',*,*,#5165,.T.);
#7734=ORIENTED_EDGE('',*,*,#5162,.T.);
#7735=ORIENTED_EDGE('',*,*,#5159,.T.);
#7736=ORIENTED_EDGE('',*,*,#5114,.T.);
#7737=ORIENTED_EDGE('',*,*,#5127,.T.);
#7738=ORIENTED_EDGE('',*,*,#5124,.T.);
#7739=ORIENTED_EDGE('',*,*,#5121,.T.);
#7740=ORIENTED_EDGE('',*,*,#5118,.T.);
#7741=ORIENTED_EDGE('',*,*,#4480,.F.);
#7742=ORIENTED_EDGE('',*,*,#5602,.T.);
#7743=ORIENTED_EDGE('',*,*,#5001,.F.);
#7744=ORIENTED_EDGE('',*,*,#5603,.F.);
#7745=ORIENTED_EDGE('',*,*,#4481,.F.);
#7746=ORIENTED_EDGE('',*,*,#5603,.T.);
#7747=ORIENTED_EDGE('',*,*,#5000,.F.);
#7748=ORIENTED_EDGE('',*,*,#5604,.F.);
#7749=ORIENTED_EDGE('',*,*,#4482,.F.);
#7750=ORIENTED_EDGE('',*,*,#5604,.T.);
#7751=ORIENTED_EDGE('',*,*,#4999,.F.);
#7752=ORIENTED_EDGE('',*,*,#5605,.F.);
#7753=ORIENTED_EDGE('',*,*,#4483,.F.);
#7754=ORIENTED_EDGE('',*,*,#5605,.T.);
#7755=ORIENTED_EDGE('',*,*,#4998,.F.);
#7756=ORIENTED_EDGE('',*,*,#5606,.F.);
#7757=ORIENTED_EDGE('',*,*,#4484,.F.);
#7758=ORIENTED_EDGE('',*,*,#5606,.T.);
#7759=ORIENTED_EDGE('',*,*,#4997,.F.);
#7760=ORIENTED_EDGE('',*,*,#5607,.F.);
#7761=ORIENTED_EDGE('',*,*,#4485,.F.);
#7762=ORIENTED_EDGE('',*,*,#5607,.T.);
#7763=ORIENTED_EDGE('',*,*,#4996,.F.);
#7764=ORIENTED_EDGE('',*,*,#5608,.F.);
#7765=ORIENTED_EDGE('',*,*,#4486,.F.);
#7766=ORIENTED_EDGE('',*,*,#5608,.T.);
#7767=ORIENTED_EDGE('',*,*,#4995,.F.);
#7768=ORIENTED_EDGE('',*,*,#5609,.F.);
#7769=ORIENTED_EDGE('',*,*,#4479,.F.);
#7770=ORIENTED_EDGE('',*,*,#5609,.T.);
#7771=ORIENTED_EDGE('',*,*,#4994,.F.);
#7772=ORIENTED_EDGE('',*,*,#5602,.F.);
#7773=ORIENTED_EDGE('',*,*,#4488,.F.);
#7774=ORIENTED_EDGE('',*,*,#5610,.T.);
#7775=ORIENTED_EDGE('',*,*,#4993,.F.);
#7776=ORIENTED_EDGE('',*,*,#5611,.F.);
#7777=ORIENTED_EDGE('',*,*,#4489,.F.);
#7778=ORIENTED_EDGE('',*,*,#5611,.T.);
#7779=ORIENTED_EDGE('',*,*,#4992,.F.);
#7780=ORIENTED_EDGE('',*,*,#5612,.F.);
#7781=ORIENTED_EDGE('',*,*,#4490,.F.);
#7782=ORIENTED_EDGE('',*,*,#5612,.T.);
#7783=ORIENTED_EDGE('',*,*,#4991,.F.);
#7784=ORIENTED_EDGE('',*,*,#5613,.F.);
#7785=ORIENTED_EDGE('',*,*,#4491,.F.);
#7786=ORIENTED_EDGE('',*,*,#5613,.T.);
#7787=ORIENTED_EDGE('',*,*,#4990,.F.);
#7788=ORIENTED_EDGE('',*,*,#5614,.F.);
#7789=ORIENTED_EDGE('',*,*,#4492,.F.);
#7790=ORIENTED_EDGE('',*,*,#5614,.T.);
#7791=ORIENTED_EDGE('',*,*,#4989,.F.);
#7792=ORIENTED_EDGE('',*,*,#5615,.F.);
#7793=ORIENTED_EDGE('',*,*,#4493,.F.);
#7794=ORIENTED_EDGE('',*,*,#5615,.T.);
#7795=ORIENTED_EDGE('',*,*,#4988,.F.);
#7796=ORIENTED_EDGE('',*,*,#5616,.F.);
#7797=ORIENTED_EDGE('',*,*,#4494,.F.);
#7798=ORIENTED_EDGE('',*,*,#5616,.T.);
#7799=ORIENTED_EDGE('',*,*,#4987,.F.);
#7800=ORIENTED_EDGE('',*,*,#5617,.F.);
#7801=ORIENTED_EDGE('',*,*,#4487,.F.);
#7802=ORIENTED_EDGE('',*,*,#5617,.T.);
#7803=ORIENTED_EDGE('',*,*,#4986,.F.);
#7804=ORIENTED_EDGE('',*,*,#5610,.F.);
#7805=ORIENTED_EDGE('',*,*,#4496,.F.);
#7806=ORIENTED_EDGE('',*,*,#5618,.T.);
#7807=ORIENTED_EDGE('',*,*,#4985,.F.);
#7808=ORIENTED_EDGE('',*,*,#5619,.F.);
#7809=ORIENTED_EDGE('',*,*,#4497,.F.);
#7810=ORIENTED_EDGE('',*,*,#5619,.T.);
#7811=ORIENTED_EDGE('',*,*,#4984,.F.);
#7812=ORIENTED_EDGE('',*,*,#5620,.F.);
#7813=ORIENTED_EDGE('',*,*,#4498,.F.);
#7814=ORIENTED_EDGE('',*,*,#5620,.T.);
#7815=ORIENTED_EDGE('',*,*,#4983,.F.);
#7816=ORIENTED_EDGE('',*,*,#5621,.F.);
#7817=ORIENTED_EDGE('',*,*,#4499,.F.);
#7818=ORIENTED_EDGE('',*,*,#5621,.T.);
#7819=ORIENTED_EDGE('',*,*,#4982,.F.);
#7820=ORIENTED_EDGE('',*,*,#5622,.F.);
#7821=ORIENTED_EDGE('',*,*,#4500,.F.);
#7822=ORIENTED_EDGE('',*,*,#5622,.T.);
#7823=ORIENTED_EDGE('',*,*,#4981,.F.);
#7824=ORIENTED_EDGE('',*,*,#5623,.F.);
#7825=ORIENTED_EDGE('',*,*,#4501,.F.);
#7826=ORIENTED_EDGE('',*,*,#5623,.T.);
#7827=ORIENTED_EDGE('',*,*,#4980,.F.);
#7828=ORIENTED_EDGE('',*,*,#5624,.F.);
#7829=ORIENTED_EDGE('',*,*,#4502,.F.);
#7830=ORIENTED_EDGE('',*,*,#5624,.T.);
#7831=ORIENTED_EDGE('',*,*,#4979,.F.);
#7832=ORIENTED_EDGE('',*,*,#5625,.F.);
#7833=ORIENTED_EDGE('',*,*,#4495,.F.);
#7834=ORIENTED_EDGE('',*,*,#5625,.T.);
#7835=ORIENTED_EDGE('',*,*,#4978,.F.);
#7836=ORIENTED_EDGE('',*,*,#5618,.F.);
#7837=ORIENTED_EDGE('',*,*,#5021,.F.);
#7838=ORIENTED_EDGE('',*,*,#5626,.T.);
#7839=ORIENTED_EDGE('',*,*,#4503,.F.);
#7840=ORIENTED_EDGE('',*,*,#5626,.F.);
#7841=ORIENTED_EDGE('',*,*,#5627,.F.);
#7842=ORIENTED_EDGE('',*,*,#5628,.T.);
#7843=ORIENTED_EDGE('',*,*,#4504,.F.);
#7844=ORIENTED_EDGE('',*,*,#5628,.F.);
#7845=ORIENTED_EDGE('',*,*,#4506,.F.);
#7846=ORIENTED_EDGE('',*,*,#5629,.T.);
#7847=ORIENTED_EDGE('',*,*,#4977,.F.);
#7848=ORIENTED_EDGE('',*,*,#5630,.F.);
#7849=ORIENTED_EDGE('',*,*,#4507,.F.);
#7850=ORIENTED_EDGE('',*,*,#5630,.T.);
#7851=ORIENTED_EDGE('',*,*,#4976,.F.);
#7852=ORIENTED_EDGE('',*,*,#5631,.F.);
#7853=ORIENTED_EDGE('',*,*,#4508,.F.);
#7854=ORIENTED_EDGE('',*,*,#5631,.T.);
#7855=ORIENTED_EDGE('',*,*,#4975,.F.);
#7856=ORIENTED_EDGE('',*,*,#5632,.F.);
#7857=ORIENTED_EDGE('',*,*,#4509,.F.);
#7858=ORIENTED_EDGE('',*,*,#5632,.T.);
#7859=ORIENTED_EDGE('',*,*,#4974,.F.);
#7860=ORIENTED_EDGE('',*,*,#5633,.F.);
#7861=ORIENTED_EDGE('',*,*,#4510,.F.);
#7862=ORIENTED_EDGE('',*,*,#5633,.T.);
#7863=ORIENTED_EDGE('',*,*,#4973,.F.);
#7864=ORIENTED_EDGE('',*,*,#5634,.F.);
#7865=ORIENTED_EDGE('',*,*,#4511,.F.);
#7866=ORIENTED_EDGE('',*,*,#5634,.T.);
#7867=ORIENTED_EDGE('',*,*,#4972,.F.);
#7868=ORIENTED_EDGE('',*,*,#5635,.F.);
#7869=ORIENTED_EDGE('',*,*,#4512,.F.);
#7870=ORIENTED_EDGE('',*,*,#5635,.T.);
#7871=ORIENTED_EDGE('',*,*,#4971,.F.);
#7872=ORIENTED_EDGE('',*,*,#5636,.F.);
#7873=ORIENTED_EDGE('',*,*,#4505,.F.);
#7874=ORIENTED_EDGE('',*,*,#5636,.T.);
#7875=ORIENTED_EDGE('',*,*,#4970,.F.);
#7876=ORIENTED_EDGE('',*,*,#5629,.F.);
#7877=ORIENTED_EDGE('',*,*,#4514,.F.);
#7878=ORIENTED_EDGE('',*,*,#5637,.T.);
#7879=ORIENTED_EDGE('',*,*,#4969,.F.);
#7880=ORIENTED_EDGE('',*,*,#5638,.F.);
#7881=ORIENTED_EDGE('',*,*,#4515,.F.);
#7882=ORIENTED_EDGE('',*,*,#5638,.T.);
#7883=ORIENTED_EDGE('',*,*,#4968,.F.);
#7884=ORIENTED_EDGE('',*,*,#5639,.F.);
#7885=ORIENTED_EDGE('',*,*,#4516,.F.);
#7886=ORIENTED_EDGE('',*,*,#5639,.T.);
#7887=ORIENTED_EDGE('',*,*,#4967,.F.);
#7888=ORIENTED_EDGE('',*,*,#5640,.F.);
#7889=ORIENTED_EDGE('',*,*,#4517,.F.);
#7890=ORIENTED_EDGE('',*,*,#5640,.T.);
#7891=ORIENTED_EDGE('',*,*,#4966,.F.);
#7892=ORIENTED_EDGE('',*,*,#5641,.F.);
#7893=ORIENTED_EDGE('',*,*,#4518,.F.);
#7894=ORIENTED_EDGE('',*,*,#5641,.T.);
#7895=ORIENTED_EDGE('',*,*,#4965,.F.);
#7896=ORIENTED_EDGE('',*,*,#5642,.F.);
#7897=ORIENTED_EDGE('',*,*,#4519,.F.);
#7898=ORIENTED_EDGE('',*,*,#5642,.T.);
#7899=ORIENTED_EDGE('',*,*,#4964,.F.);
#7900=ORIENTED_EDGE('',*,*,#5643,.F.);
#7901=ORIENTED_EDGE('',*,*,#4520,.F.);
#7902=ORIENTED_EDGE('',*,*,#5643,.T.);
#7903=ORIENTED_EDGE('',*,*,#4963,.F.);
#7904=ORIENTED_EDGE('',*,*,#5644,.F.);
#7905=ORIENTED_EDGE('',*,*,#4513,.F.);
#7906=ORIENTED_EDGE('',*,*,#5644,.T.);
#7907=ORIENTED_EDGE('',*,*,#4962,.F.);
#7908=ORIENTED_EDGE('',*,*,#5637,.F.);
#7909=ORIENTED_EDGE('',*,*,#4522,.F.);
#7910=ORIENTED_EDGE('',*,*,#5645,.T.);
#7911=ORIENTED_EDGE('',*,*,#4961,.F.);
#7912=ORIENTED_EDGE('',*,*,#5646,.F.);
#7913=ORIENTED_EDGE('',*,*,#4523,.F.);
#7914=ORIENTED_EDGE('',*,*,#5646,.T.);
#7915=ORIENTED_EDGE('',*,*,#4960,.F.);
#7916=ORIENTED_EDGE('',*,*,#5647,.F.);
#7917=ORIENTED_EDGE('',*,*,#4524,.F.);
#7918=ORIENTED_EDGE('',*,*,#5647,.T.);
#7919=ORIENTED_EDGE('',*,*,#4959,.F.);
#7920=ORIENTED_EDGE('',*,*,#5648,.F.);
#7921=ORIENTED_EDGE('',*,*,#4525,.F.);
#7922=ORIENTED_EDGE('',*,*,#5648,.T.);
#7923=ORIENTED_EDGE('',*,*,#4958,.F.);
#7924=ORIENTED_EDGE('',*,*,#5649,.F.);
#7925=ORIENTED_EDGE('',*,*,#4526,.F.);
#7926=ORIENTED_EDGE('',*,*,#5649,.T.);
#7927=ORIENTED_EDGE('',*,*,#4957,.F.);
#7928=ORIENTED_EDGE('',*,*,#5650,.F.);
#7929=ORIENTED_EDGE('',*,*,#4527,.F.);
#7930=ORIENTED_EDGE('',*,*,#5650,.T.);
#7931=ORIENTED_EDGE('',*,*,#4956,.F.);
#7932=ORIENTED_EDGE('',*,*,#5651,.F.);
#7933=ORIENTED_EDGE('',*,*,#4528,.F.);
#7934=ORIENTED_EDGE('',*,*,#5651,.T.);
#7935=ORIENTED_EDGE('',*,*,#4955,.F.);
#7936=ORIENTED_EDGE('',*,*,#5652,.F.);
#7937=ORIENTED_EDGE('',*,*,#4521,.F.);
#7938=ORIENTED_EDGE('',*,*,#5652,.T.);
#7939=ORIENTED_EDGE('',*,*,#4954,.F.);
#7940=ORIENTED_EDGE('',*,*,#5645,.F.);
#7941=ORIENTED_EDGE('',*,*,#4530,.F.);
#7942=ORIENTED_EDGE('',*,*,#5653,.T.);
#7943=ORIENTED_EDGE('',*,*,#4953,.F.);
#7944=ORIENTED_EDGE('',*,*,#5654,.F.);
#7945=ORIENTED_EDGE('',*,*,#4531,.F.);
#7946=ORIENTED_EDGE('',*,*,#5654,.T.);
#7947=ORIENTED_EDGE('',*,*,#4952,.F.);
#7948=ORIENTED_EDGE('',*,*,#5655,.F.);
#7949=ORIENTED_EDGE('',*,*,#4532,.F.);
#7950=ORIENTED_EDGE('',*,*,#5655,.T.);
#7951=ORIENTED_EDGE('',*,*,#4951,.F.);
#7952=ORIENTED_EDGE('',*,*,#5656,.F.);
#7953=ORIENTED_EDGE('',*,*,#4533,.F.);
#7954=ORIENTED_EDGE('',*,*,#5656,.T.);
#7955=ORIENTED_EDGE('',*,*,#4950,.F.);
#7956=ORIENTED_EDGE('',*,*,#5657,.F.);
#7957=ORIENTED_EDGE('',*,*,#4534,.F.);
#7958=ORIENTED_EDGE('',*,*,#5657,.T.);
#7959=ORIENTED_EDGE('',*,*,#4949,.F.);
#7960=ORIENTED_EDGE('',*,*,#5658,.F.);
#7961=ORIENTED_EDGE('',*,*,#4535,.F.);
#7962=ORIENTED_EDGE('',*,*,#5658,.T.);
#7963=ORIENTED_EDGE('',*,*,#4948,.F.);
#7964=ORIENTED_EDGE('',*,*,#5659,.F.);
#7965=ORIENTED_EDGE('',*,*,#4536,.F.);
#7966=ORIENTED_EDGE('',*,*,#5659,.T.);
#7967=ORIENTED_EDGE('',*,*,#4947,.F.);
#7968=ORIENTED_EDGE('',*,*,#5660,.F.);
#7969=ORIENTED_EDGE('',*,*,#4529,.F.);
#7970=ORIENTED_EDGE('',*,*,#5660,.T.);
#7971=ORIENTED_EDGE('',*,*,#4946,.F.);
#7972=ORIENTED_EDGE('',*,*,#5653,.F.);
#7973=ORIENTED_EDGE('',*,*,#4538,.F.);
#7974=ORIENTED_EDGE('',*,*,#5661,.T.);
#7975=ORIENTED_EDGE('',*,*,#4945,.F.);
#7976=ORIENTED_EDGE('',*,*,#5662,.F.);
#7977=ORIENTED_EDGE('',*,*,#4539,.F.);
#7978=ORIENTED_EDGE('',*,*,#5662,.T.);
#7979=ORIENTED_EDGE('',*,*,#4944,.F.);
#7980=ORIENTED_EDGE('',*,*,#5663,.F.);
#7981=ORIENTED_EDGE('',*,*,#4540,.F.);
#7982=ORIENTED_EDGE('',*,*,#5663,.T.);
#7983=ORIENTED_EDGE('',*,*,#4943,.F.);
#7984=ORIENTED_EDGE('',*,*,#5664,.F.);
#7985=ORIENTED_EDGE('',*,*,#4541,.F.);
#7986=ORIENTED_EDGE('',*,*,#5664,.T.);
#7987=ORIENTED_EDGE('',*,*,#4942,.F.);
#7988=ORIENTED_EDGE('',*,*,#5665,.F.);
#7989=ORIENTED_EDGE('',*,*,#4542,.F.);
#7990=ORIENTED_EDGE('',*,*,#5665,.T.);
#7991=ORIENTED_EDGE('',*,*,#4941,.F.);
#7992=ORIENTED_EDGE('',*,*,#5666,.F.);
#7993=ORIENTED_EDGE('',*,*,#4543,.F.);
#7994=ORIENTED_EDGE('',*,*,#5666,.T.);
#7995=ORIENTED_EDGE('',*,*,#4940,.F.);
#7996=ORIENTED_EDGE('',*,*,#5667,.F.);
#7997=ORIENTED_EDGE('',*,*,#4544,.F.);
#7998=ORIENTED_EDGE('',*,*,#5667,.T.);
#7999=ORIENTED_EDGE('',*,*,#4939,.F.);
#8000=ORIENTED_EDGE('',*,*,#5668,.F.);
#8001=ORIENTED_EDGE('',*,*,#4537,.F.);
#8002=ORIENTED_EDGE('',*,*,#5668,.T.);
#8003=ORIENTED_EDGE('',*,*,#4938,.F.);
#8004=ORIENTED_EDGE('',*,*,#5661,.F.);
#8005=ORIENTED_EDGE('',*,*,#4546,.F.);
#8006=ORIENTED_EDGE('',*,*,#5669,.T.);
#8007=ORIENTED_EDGE('',*,*,#4937,.F.);
#8008=ORIENTED_EDGE('',*,*,#5670,.F.);
#8009=ORIENTED_EDGE('',*,*,#4547,.F.);
#8010=ORIENTED_EDGE('',*,*,#5670,.T.);
#8011=ORIENTED_EDGE('',*,*,#4936,.F.);
#8012=ORIENTED_EDGE('',*,*,#5671,.F.);
#8013=ORIENTED_EDGE('',*,*,#4548,.F.);
#8014=ORIENTED_EDGE('',*,*,#5671,.T.);
#8015=ORIENTED_EDGE('',*,*,#4935,.F.);
#8016=ORIENTED_EDGE('',*,*,#5672,.F.);
#8017=ORIENTED_EDGE('',*,*,#4549,.F.);
#8018=ORIENTED_EDGE('',*,*,#5672,.T.);
#8019=ORIENTED_EDGE('',*,*,#4934,.F.);
#8020=ORIENTED_EDGE('',*,*,#5673,.F.);
#8021=ORIENTED_EDGE('',*,*,#4550,.F.);
#8022=ORIENTED_EDGE('',*,*,#5673,.T.);
#8023=ORIENTED_EDGE('',*,*,#4933,.F.);
#8024=ORIENTED_EDGE('',*,*,#5674,.F.);
#8025=ORIENTED_EDGE('',*,*,#4551,.F.);
#8026=ORIENTED_EDGE('',*,*,#5674,.T.);
#8027=ORIENTED_EDGE('',*,*,#4932,.F.);
#8028=ORIENTED_EDGE('',*,*,#5675,.F.);
#8029=ORIENTED_EDGE('',*,*,#4552,.F.);
#8030=ORIENTED_EDGE('',*,*,#5675,.T.);
#8031=ORIENTED_EDGE('',*,*,#4931,.F.);
#8032=ORIENTED_EDGE('',*,*,#5676,.F.);
#8033=ORIENTED_EDGE('',*,*,#4545,.F.);
#8034=ORIENTED_EDGE('',*,*,#5676,.T.);
#8035=ORIENTED_EDGE('',*,*,#4930,.F.);
#8036=ORIENTED_EDGE('',*,*,#5669,.F.);
#8037=ORIENTED_EDGE('',*,*,#4554,.F.);
#8038=ORIENTED_EDGE('',*,*,#5677,.T.);
#8039=ORIENTED_EDGE('',*,*,#4929,.F.);
#8040=ORIENTED_EDGE('',*,*,#5678,.F.);
#8041=ORIENTED_EDGE('',*,*,#4555,.F.);
#8042=ORIENTED_EDGE('',*,*,#5678,.T.);
#8043=ORIENTED_EDGE('',*,*,#4928,.F.);
#8044=ORIENTED_EDGE('',*,*,#5679,.F.);
#8045=ORIENTED_EDGE('',*,*,#4556,.F.);
#8046=ORIENTED_EDGE('',*,*,#5679,.T.);
#8047=ORIENTED_EDGE('',*,*,#4927,.F.);
#8048=ORIENTED_EDGE('',*,*,#5680,.F.);
#8049=ORIENTED_EDGE('',*,*,#4557,.F.);
#8050=ORIENTED_EDGE('',*,*,#5680,.T.);
#8051=ORIENTED_EDGE('',*,*,#4926,.F.);
#8052=ORIENTED_EDGE('',*,*,#5681,.F.);
#8053=ORIENTED_EDGE('',*,*,#4558,.F.);
#8054=ORIENTED_EDGE('',*,*,#5681,.T.);
#8055=ORIENTED_EDGE('',*,*,#4925,.F.);
#8056=ORIENTED_EDGE('',*,*,#5682,.F.);
#8057=ORIENTED_EDGE('',*,*,#4559,.F.);
#8058=ORIENTED_EDGE('',*,*,#5682,.T.);
#8059=ORIENTED_EDGE('',*,*,#4924,.F.);
#8060=ORIENTED_EDGE('',*,*,#5683,.F.);
#8061=ORIENTED_EDGE('',*,*,#4560,.F.);
#8062=ORIENTED_EDGE('',*,*,#5683,.T.);
#8063=ORIENTED_EDGE('',*,*,#4923,.F.);
#8064=ORIENTED_EDGE('',*,*,#5684,.F.);
#8065=ORIENTED_EDGE('',*,*,#4553,.F.);
#8066=ORIENTED_EDGE('',*,*,#5684,.T.);
#8067=ORIENTED_EDGE('',*,*,#4922,.F.);
#8068=ORIENTED_EDGE('',*,*,#5677,.F.);
#8069=ORIENTED_EDGE('',*,*,#4562,.F.);
#8070=ORIENTED_EDGE('',*,*,#5685,.T.);
#8071=ORIENTED_EDGE('',*,*,#4921,.F.);
#8072=ORIENTED_EDGE('',*,*,#5686,.F.);
#8073=ORIENTED_EDGE('',*,*,#4563,.F.);
#8074=ORIENTED_EDGE('',*,*,#5686,.T.);
#8075=ORIENTED_EDGE('',*,*,#4920,.F.);
#8076=ORIENTED_EDGE('',*,*,#5687,.F.);
#8077=ORIENTED_EDGE('',*,*,#4564,.F.);
#8078=ORIENTED_EDGE('',*,*,#5687,.T.);
#8079=ORIENTED_EDGE('',*,*,#4919,.F.);
#8080=ORIENTED_EDGE('',*,*,#5688,.F.);
#8081=ORIENTED_EDGE('',*,*,#4565,.F.);
#8082=ORIENTED_EDGE('',*,*,#5688,.T.);
#8083=ORIENTED_EDGE('',*,*,#4918,.F.);
#8084=ORIENTED_EDGE('',*,*,#5689,.F.);
#8085=ORIENTED_EDGE('',*,*,#4566,.F.);
#8086=ORIENTED_EDGE('',*,*,#5689,.T.);
#8087=ORIENTED_EDGE('',*,*,#4917,.F.);
#8088=ORIENTED_EDGE('',*,*,#5690,.F.);
#8089=ORIENTED_EDGE('',*,*,#4567,.F.);
#8090=ORIENTED_EDGE('',*,*,#5690,.T.);
#8091=ORIENTED_EDGE('',*,*,#4916,.F.);
#8092=ORIENTED_EDGE('',*,*,#5691,.F.);
#8093=ORIENTED_EDGE('',*,*,#4568,.F.);
#8094=ORIENTED_EDGE('',*,*,#5691,.T.);
#8095=ORIENTED_EDGE('',*,*,#4915,.F.);
#8096=ORIENTED_EDGE('',*,*,#5692,.F.);
#8097=ORIENTED_EDGE('',*,*,#4561,.F.);
#8098=ORIENTED_EDGE('',*,*,#5692,.T.);
#8099=ORIENTED_EDGE('',*,*,#4914,.F.);
#8100=ORIENTED_EDGE('',*,*,#5685,.F.);
#8101=ORIENTED_EDGE('',*,*,#4570,.F.);
#8102=ORIENTED_EDGE('',*,*,#5693,.T.);
#8103=ORIENTED_EDGE('',*,*,#4913,.F.);
#8104=ORIENTED_EDGE('',*,*,#5694,.F.);
#8105=ORIENTED_EDGE('',*,*,#4571,.F.);
#8106=ORIENTED_EDGE('',*,*,#5694,.T.);
#8107=ORIENTED_EDGE('',*,*,#4912,.F.);
#8108=ORIENTED_EDGE('',*,*,#5695,.F.);
#8109=ORIENTED_EDGE('',*,*,#4572,.F.);
#8110=ORIENTED_EDGE('',*,*,#5695,.T.);
#8111=ORIENTED_EDGE('',*,*,#4911,.F.);
#8112=ORIENTED_EDGE('',*,*,#5696,.F.);
#8113=ORIENTED_EDGE('',*,*,#4573,.F.);
#8114=ORIENTED_EDGE('',*,*,#5696,.T.);
#8115=ORIENTED_EDGE('',*,*,#4910,.F.);
#8116=ORIENTED_EDGE('',*,*,#5697,.F.);
#8117=ORIENTED_EDGE('',*,*,#4574,.F.);
#8118=ORIENTED_EDGE('',*,*,#5697,.T.);
#8119=ORIENTED_EDGE('',*,*,#4909,.F.);
#8120=ORIENTED_EDGE('',*,*,#5698,.F.);
#8121=ORIENTED_EDGE('',*,*,#4575,.F.);
#8122=ORIENTED_EDGE('',*,*,#5698,.T.);
#8123=ORIENTED_EDGE('',*,*,#4908,.F.);
#8124=ORIENTED_EDGE('',*,*,#5699,.F.);
#8125=ORIENTED_EDGE('',*,*,#4576,.F.);
#8126=ORIENTED_EDGE('',*,*,#5699,.T.);
#8127=ORIENTED_EDGE('',*,*,#4907,.F.);
#8128=ORIENTED_EDGE('',*,*,#5700,.F.);
#8129=ORIENTED_EDGE('',*,*,#4569,.F.);
#8130=ORIENTED_EDGE('',*,*,#5700,.T.);
#8131=ORIENTED_EDGE('',*,*,#4906,.F.);
#8132=ORIENTED_EDGE('',*,*,#5693,.F.);
#8133=ORIENTED_EDGE('',*,*,#4578,.F.);
#8134=ORIENTED_EDGE('',*,*,#5701,.T.);
#8135=ORIENTED_EDGE('',*,*,#4905,.F.);
#8136=ORIENTED_EDGE('',*,*,#5702,.F.);
#8137=ORIENTED_EDGE('',*,*,#4579,.F.);
#8138=ORIENTED_EDGE('',*,*,#5702,.T.);
#8139=ORIENTED_EDGE('',*,*,#4904,.F.);
#8140=ORIENTED_EDGE('',*,*,#5703,.F.);
#8141=ORIENTED_EDGE('',*,*,#4580,.F.);
#8142=ORIENTED_EDGE('',*,*,#5703,.T.);
#8143=ORIENTED_EDGE('',*,*,#4903,.F.);
#8144=ORIENTED_EDGE('',*,*,#5704,.F.);
#8145=ORIENTED_EDGE('',*,*,#4581,.F.);
#8146=ORIENTED_EDGE('',*,*,#5704,.T.);
#8147=ORIENTED_EDGE('',*,*,#4902,.F.);
#8148=ORIENTED_EDGE('',*,*,#5705,.F.);
#8149=ORIENTED_EDGE('',*,*,#4582,.F.);
#8150=ORIENTED_EDGE('',*,*,#5705,.T.);
#8151=ORIENTED_EDGE('',*,*,#4901,.F.);
#8152=ORIENTED_EDGE('',*,*,#5706,.F.);
#8153=ORIENTED_EDGE('',*,*,#4583,.F.);
#8154=ORIENTED_EDGE('',*,*,#5706,.T.);
#8155=ORIENTED_EDGE('',*,*,#4900,.F.);
#8156=ORIENTED_EDGE('',*,*,#5707,.F.);
#8157=ORIENTED_EDGE('',*,*,#4584,.F.);
#8158=ORIENTED_EDGE('',*,*,#5707,.T.);
#8159=ORIENTED_EDGE('',*,*,#4899,.F.);
#8160=ORIENTED_EDGE('',*,*,#5708,.F.);
#8161=ORIENTED_EDGE('',*,*,#4577,.F.);
#8162=ORIENTED_EDGE('',*,*,#5708,.T.);
#8163=ORIENTED_EDGE('',*,*,#4898,.F.);
#8164=ORIENTED_EDGE('',*,*,#5701,.F.);
#8165=ORIENTED_EDGE('',*,*,#4586,.F.);
#8166=ORIENTED_EDGE('',*,*,#5709,.T.);
#8167=ORIENTED_EDGE('',*,*,#4897,.F.);
#8168=ORIENTED_EDGE('',*,*,#5710,.F.);
#8169=ORIENTED_EDGE('',*,*,#4587,.F.);
#8170=ORIENTED_EDGE('',*,*,#5710,.T.);
#8171=ORIENTED_EDGE('',*,*,#4896,.F.);
#8172=ORIENTED_EDGE('',*,*,#5711,.F.);
#8173=ORIENTED_EDGE('',*,*,#4588,.F.);
#8174=ORIENTED_EDGE('',*,*,#5711,.T.);
#8175=ORIENTED_EDGE('',*,*,#4895,.F.);
#8176=ORIENTED_EDGE('',*,*,#5712,.F.);
#8177=ORIENTED_EDGE('',*,*,#4589,.F.);
#8178=ORIENTED_EDGE('',*,*,#5712,.T.);
#8179=ORIENTED_EDGE('',*,*,#4894,.F.);
#8180=ORIENTED_EDGE('',*,*,#5713,.F.);
#8181=ORIENTED_EDGE('',*,*,#4590,.F.);
#8182=ORIENTED_EDGE('',*,*,#5713,.T.);
#8183=ORIENTED_EDGE('',*,*,#4893,.F.);
#8184=ORIENTED_EDGE('',*,*,#5714,.F.);
#8185=ORIENTED_EDGE('',*,*,#4591,.F.);
#8186=ORIENTED_EDGE('',*,*,#5714,.T.);
#8187=ORIENTED_EDGE('',*,*,#4892,.F.);
#8188=ORIENTED_EDGE('',*,*,#5715,.F.);
#8189=ORIENTED_EDGE('',*,*,#4592,.F.);
#8190=ORIENTED_EDGE('',*,*,#5715,.T.);
#8191=ORIENTED_EDGE('',*,*,#4891,.F.);
#8192=ORIENTED_EDGE('',*,*,#5716,.F.);
#8193=ORIENTED_EDGE('',*,*,#4585,.F.);
#8194=ORIENTED_EDGE('',*,*,#5716,.T.);
#8195=ORIENTED_EDGE('',*,*,#4890,.F.);
#8196=ORIENTED_EDGE('',*,*,#5709,.F.);
#8197=ORIENTED_EDGE('',*,*,#4594,.F.);
#8198=ORIENTED_EDGE('',*,*,#5717,.T.);
#8199=ORIENTED_EDGE('',*,*,#4889,.F.);
#8200=ORIENTED_EDGE('',*,*,#5718,.F.);
#8201=ORIENTED_EDGE('',*,*,#4595,.F.);
#8202=ORIENTED_EDGE('',*,*,#5718,.T.);
#8203=ORIENTED_EDGE('',*,*,#4888,.F.);
#8204=ORIENTED_EDGE('',*,*,#5719,.F.);
#8205=ORIENTED_EDGE('',*,*,#4596,.F.);
#8206=ORIENTED_EDGE('',*,*,#5719,.T.);
#8207=ORIENTED_EDGE('',*,*,#4887,.F.);
#8208=ORIENTED_EDGE('',*,*,#5720,.F.);
#8209=ORIENTED_EDGE('',*,*,#4597,.F.);
#8210=ORIENTED_EDGE('',*,*,#5720,.T.);
#8211=ORIENTED_EDGE('',*,*,#4886,.F.);
#8212=ORIENTED_EDGE('',*,*,#5721,.F.);
#8213=ORIENTED_EDGE('',*,*,#4598,.F.);
#8214=ORIENTED_EDGE('',*,*,#5721,.T.);
#8215=ORIENTED_EDGE('',*,*,#4885,.F.);
#8216=ORIENTED_EDGE('',*,*,#5722,.F.);
#8217=ORIENTED_EDGE('',*,*,#4599,.F.);
#8218=ORIENTED_EDGE('',*,*,#5722,.T.);
#8219=ORIENTED_EDGE('',*,*,#4884,.F.);
#8220=ORIENTED_EDGE('',*,*,#5723,.F.);
#8221=ORIENTED_EDGE('',*,*,#4600,.F.);
#8222=ORIENTED_EDGE('',*,*,#5723,.T.);
#8223=ORIENTED_EDGE('',*,*,#4883,.F.);
#8224=ORIENTED_EDGE('',*,*,#5724,.F.);
#8225=ORIENTED_EDGE('',*,*,#4593,.F.);
#8226=ORIENTED_EDGE('',*,*,#5724,.T.);
#8227=ORIENTED_EDGE('',*,*,#4882,.F.);
#8228=ORIENTED_EDGE('',*,*,#5717,.F.);
#8229=ORIENTED_EDGE('',*,*,#5029,.F.);
#8230=ORIENTED_EDGE('',*,*,#5725,.T.);
#8231=ORIENTED_EDGE('',*,*,#4601,.F.);
#8232=ORIENTED_EDGE('',*,*,#5725,.F.);
#8233=ORIENTED_EDGE('',*,*,#4603,.F.);
#8234=ORIENTED_EDGE('',*,*,#5726,.T.);
#8235=ORIENTED_EDGE('',*,*,#4881,.F.);
#8236=ORIENTED_EDGE('',*,*,#5727,.F.);
#8237=ORIENTED_EDGE('',*,*,#4604,.F.);
#8238=ORIENTED_EDGE('',*,*,#5727,.T.);
#8239=ORIENTED_EDGE('',*,*,#4880,.F.);
#8240=ORIENTED_EDGE('',*,*,#5728,.F.);
#8241=ORIENTED_EDGE('',*,*,#4605,.F.);
#8242=ORIENTED_EDGE('',*,*,#5728,.T.);
#8243=ORIENTED_EDGE('',*,*,#4879,.F.);
#8244=ORIENTED_EDGE('',*,*,#5729,.F.);
#8245=ORIENTED_EDGE('',*,*,#4606,.F.);
#8246=ORIENTED_EDGE('',*,*,#5729,.T.);
#8247=ORIENTED_EDGE('',*,*,#4878,.F.);
#8248=ORIENTED_EDGE('',*,*,#5730,.F.);
#8249=ORIENTED_EDGE('',*,*,#4607,.F.);
#8250=ORIENTED_EDGE('',*,*,#5730,.T.);
#8251=ORIENTED_EDGE('',*,*,#4877,.F.);
#8252=ORIENTED_EDGE('',*,*,#5731,.F.);
#8253=ORIENTED_EDGE('',*,*,#4608,.F.);
#8254=ORIENTED_EDGE('',*,*,#5731,.T.);
#8255=ORIENTED_EDGE('',*,*,#4876,.F.);
#8256=ORIENTED_EDGE('',*,*,#5732,.F.);
#8257=ORIENTED_EDGE('',*,*,#4609,.F.);
#8258=ORIENTED_EDGE('',*,*,#5732,.T.);
#8259=ORIENTED_EDGE('',*,*,#4875,.F.);
#8260=ORIENTED_EDGE('',*,*,#5733,.F.);
#8261=ORIENTED_EDGE('',*,*,#4602,.F.);
#8262=ORIENTED_EDGE('',*,*,#5733,.T.);
#8263=ORIENTED_EDGE('',*,*,#4874,.F.);
#8264=ORIENTED_EDGE('',*,*,#5726,.F.);
#8265=ORIENTED_EDGE('',*,*,#4611,.F.);
#8266=ORIENTED_EDGE('',*,*,#5734,.T.);
#8267=ORIENTED_EDGE('',*,*,#4860,.F.);
#8268=ORIENTED_EDGE('',*,*,#5735,.F.);
#8269=ORIENTED_EDGE('',*,*,#4612,.F.);
#8270=ORIENTED_EDGE('',*,*,#5735,.T.);
#8271=ORIENTED_EDGE('',*,*,#4859,.F.);
#8272=ORIENTED_EDGE('',*,*,#5736,.F.);
#8273=ORIENTED_EDGE('',*,*,#4613,.F.);
#8274=ORIENTED_EDGE('',*,*,#5736,.T.);
#8275=ORIENTED_EDGE('',*,*,#4858,.F.);
#8276=ORIENTED_EDGE('',*,*,#5008,.T.);
#8277=ORIENTED_EDGE('',*,*,#4866,.F.);
#8278=ORIENTED_EDGE('',*,*,#5737,.F.);
#8279=ORIENTED_EDGE('',*,*,#4614,.F.);
#8280=ORIENTED_EDGE('',*,*,#5737,.T.);
#8281=ORIENTED_EDGE('',*,*,#4865,.F.);
#8282=ORIENTED_EDGE('',*,*,#5738,.F.);
#8283=ORIENTED_EDGE('',*,*,#4615,.F.);
#8284=ORIENTED_EDGE('',*,*,#5738,.T.);
#8285=ORIENTED_EDGE('',*,*,#4864,.F.);
#8286=ORIENTED_EDGE('',*,*,#5739,.F.);
#8287=ORIENTED_EDGE('',*,*,#4616,.F.);
#8288=ORIENTED_EDGE('',*,*,#5739,.T.);
#8289=ORIENTED_EDGE('',*,*,#4863,.F.);
#8290=ORIENTED_EDGE('',*,*,#5740,.F.);
#8291=ORIENTED_EDGE('',*,*,#4617,.F.);
#8292=ORIENTED_EDGE('',*,*,#5740,.T.);
#8293=ORIENTED_EDGE('',*,*,#4862,.F.);
#8294=ORIENTED_EDGE('',*,*,#5741,.F.);
#8295=ORIENTED_EDGE('',*,*,#4610,.F.);
#8296=ORIENTED_EDGE('',*,*,#5741,.T.);
#8297=ORIENTED_EDGE('',*,*,#4861,.F.);
#8298=ORIENTED_EDGE('',*,*,#5734,.F.);
#8299=ORIENTED_EDGE('',*,*,#4470,.T.);
#8300=ORIENTED_EDGE('',*,*,#5742,.T.);
#8301=ORIENTED_EDGE('',*,*,#4849,.F.);
#8302=ORIENTED_EDGE('',*,*,#5743,.F.);
#8303=ORIENTED_EDGE('',*,*,#4471,.F.);
#8304=ORIENTED_EDGE('',*,*,#5743,.T.);
#8305=ORIENTED_EDGE('',*,*,#4848,.F.);
#8306=ORIENTED_EDGE('',*,*,#5744,.F.);
#8307=ORIENTED_EDGE('',*,*,#4472,.F.);
#8308=ORIENTED_EDGE('',*,*,#5744,.T.);
#8309=ORIENTED_EDGE('',*,*,#4847,.F.);
#8310=ORIENTED_EDGE('',*,*,#5745,.F.);
#8311=ORIENTED_EDGE('',*,*,#4473,.T.);
#8312=ORIENTED_EDGE('',*,*,#5745,.T.);
#8313=ORIENTED_EDGE('',*,*,#4846,.F.);
#8314=ORIENTED_EDGE('',*,*,#5746,.F.);
#8315=ORIENTED_EDGE('',*,*,#4474,.F.);
#8316=ORIENTED_EDGE('',*,*,#5746,.T.);
#8317=ORIENTED_EDGE('',*,*,#4845,.F.);
#8318=ORIENTED_EDGE('',*,*,#5747,.F.);
#8319=ORIENTED_EDGE('',*,*,#4475,.F.);
#8320=ORIENTED_EDGE('',*,*,#5747,.T.);
#8321=ORIENTED_EDGE('',*,*,#4844,.F.);
#8322=ORIENTED_EDGE('',*,*,#5748,.F.);
#8323=ORIENTED_EDGE('',*,*,#4476,.F.);
#8324=ORIENTED_EDGE('',*,*,#5748,.T.);
#8325=ORIENTED_EDGE('',*,*,#4843,.F.);
#8326=ORIENTED_EDGE('',*,*,#5749,.F.);
#8327=ORIENTED_EDGE('',*,*,#4477,.T.);
#8328=ORIENTED_EDGE('',*,*,#5749,.T.);
#8329=ORIENTED_EDGE('',*,*,#4842,.F.);
#8330=ORIENTED_EDGE('',*,*,#5750,.F.);
#8331=ORIENTED_EDGE('',*,*,#4478,.T.);
#8332=ORIENTED_EDGE('',*,*,#5750,.T.);
#8333=ORIENTED_EDGE('',*,*,#4841,.F.);
#8334=ORIENTED_EDGE('',*,*,#4457,.F.);
#8335=ORIENTED_EDGE('',*,*,#4459,.F.);
#8336=ORIENTED_EDGE('',*,*,#4454,.T.);
#8337=ORIENTED_EDGE('',*,*,#4872,.F.);
#8338=ORIENTED_EDGE('',*,*,#5751,.F.);
#8339=ORIENTED_EDGE('',*,*,#4460,.T.);
#8340=ORIENTED_EDGE('',*,*,#5751,.T.);
#8341=ORIENTED_EDGE('',*,*,#4871,.F.);
#8342=ORIENTED_EDGE('',*,*,#5752,.F.);
#8343=ORIENTED_EDGE('',*,*,#4461,.T.);
#8344=ORIENTED_EDGE('',*,*,#5752,.T.);
#8345=ORIENTED_EDGE('',*,*,#4870,.F.);
#8346=ORIENTED_EDGE('',*,*,#5753,.F.);
#8347=ORIENTED_EDGE('',*,*,#4462,.T.);
#8348=ORIENTED_EDGE('',*,*,#5753,.T.);
#8349=ORIENTED_EDGE('',*,*,#4869,.F.);
#8350=ORIENTED_EDGE('',*,*,#5754,.F.);
#8351=ORIENTED_EDGE('',*,*,#4463,.T.);
#8352=ORIENTED_EDGE('',*,*,#5754,.T.);
#8353=ORIENTED_EDGE('',*,*,#4868,.F.);
#8354=ORIENTED_EDGE('',*,*,#5011,.F.);
#8355=ORIENTED_EDGE('',*,*,#5014,.T.);
#8356=ORIENTED_EDGE('',*,*,#5026,.F.);
#8357=ORIENTED_EDGE('',*,*,#5023,.F.);
#8358=ORIENTED_EDGE('',*,*,#5028,.F.);
#8359=ORIENTED_EDGE('',*,*,#5025,.T.);
#8360=ORIENTED_EDGE('',*,*,#5027,.F.);
#8361=ORIENTED_EDGE('',*,*,#5012,.F.);
#8362=ORIENTED_EDGE('',*,*,#5009,.F.);
#8363=ORIENTED_EDGE('',*,*,#4856,.F.);
#8364=ORIENTED_EDGE('',*,*,#5755,.F.);
#8365=ORIENTED_EDGE('',*,*,#4464,.F.);
#8366=ORIENTED_EDGE('',*,*,#5755,.T.);
#8367=ORIENTED_EDGE('',*,*,#4855,.F.);
#8368=ORIENTED_EDGE('',*,*,#5756,.F.);
#8369=ORIENTED_EDGE('',*,*,#4465,.F.);
#8370=ORIENTED_EDGE('',*,*,#5756,.T.);
#8371=ORIENTED_EDGE('',*,*,#4854,.F.);
#8372=ORIENTED_EDGE('',*,*,#5757,.F.);
#8373=ORIENTED_EDGE('',*,*,#4466,.T.);
#8374=ORIENTED_EDGE('',*,*,#5757,.T.);
#8375=ORIENTED_EDGE('',*,*,#4853,.F.);
#8376=ORIENTED_EDGE('',*,*,#5758,.F.);
#8377=ORIENTED_EDGE('',*,*,#4467,.T.);
#8378=ORIENTED_EDGE('',*,*,#5758,.T.);
#8379=ORIENTED_EDGE('',*,*,#4852,.F.);
#8380=ORIENTED_EDGE('',*,*,#5759,.F.);
#8381=ORIENTED_EDGE('',*,*,#4468,.T.);
#8382=ORIENTED_EDGE('',*,*,#5759,.T.);
#8383=ORIENTED_EDGE('',*,*,#4851,.F.);
#8384=ORIENTED_EDGE('',*,*,#5760,.F.);
#8385=ORIENTED_EDGE('',*,*,#4469,.F.);
#8386=ORIENTED_EDGE('',*,*,#5760,.T.);
#8387=ORIENTED_EDGE('',*,*,#4850,.F.);
#8388=ORIENTED_EDGE('',*,*,#5742,.F.);
#8389=ORIENTED_EDGE('',*,*,#5030,.T.);
#8390=ORIENTED_EDGE('',*,*,#5046,.T.);
#8391=ORIENTED_EDGE('',*,*,#5043,.T.);
#8392=ORIENTED_EDGE('',*,*,#5040,.T.);
#8393=ORIENTED_EDGE('',*,*,#5037,.T.);
#8394=ORIENTED_EDGE('',*,*,#5034,.T.);
#8395=ORIENTED_EDGE('',*,*,#5020,.T.);
#8396=ORIENTED_EDGE('',*,*,#5627,.T.);
#8397=PLANE('',#9198);
#8398=PLANE('',#9199);
#8399=PLANE('',#9200);
#8400=PLANE('',#9201);
#8401=PLANE('',#9202);
#8402=PLANE('',#9203);
#8403=PLANE('',#9288);
#8404=PLANE('',#9383);
#8405=PLANE('',#9387);
#8406=PLANE('',#9388);
#8407=PLANE('',#9393);
#8408=PLANE('',#9394);
#8409=PLANE('',#9396);
#8410=PLANE('',#9397);
#8411=PLANE('',#9398);
#8412=PLANE('',#9399);
#8413=PLANE('',#9400);
#8414=PLANE('',#9401);
#8415=PLANE('',#9402);
#8416=PLANE('',#9403);
#8417=PLANE('',#9404);
#8418=PLANE('',#9405);
#8419=PLANE('',#9406);
#8420=PLANE('',#9407);
#8421=PLANE('',#9408);
#8422=PLANE('',#9409);
#8423=PLANE('',#9410);
#8424=PLANE('',#9411);
#8425=PLANE('',#9412);
#8426=PLANE('',#9413);
#8427=PLANE('',#9414);
#8428=PLANE('',#9415);
#8429=PLANE('',#9416);
#8430=PLANE('',#9417);
#8431=PLANE('',#9418);
#8432=PLANE('',#9419);
#8433=PLANE('',#9420);
#8434=PLANE('',#9421);
#8435=PLANE('',#9422);
#8436=PLANE('',#9423);
#8437=PLANE('',#9424);
#8438=PLANE('',#9425);
#8439=PLANE('',#9426);
#8440=PLANE('',#9427);
#8441=PLANE('',#9428);
#8442=PLANE('',#9429);
#8443=PLANE('',#9430);
#8444=PLANE('',#9431);
#8445=PLANE('',#9432);
#8446=PLANE('',#9433);
#8447=PLANE('',#9434);
#8448=PLANE('',#9435);
#8449=PLANE('',#9436);
#8450=PLANE('',#9437);
#8451=PLANE('',#9438);
#8452=PLANE('',#9439);
#8453=PLANE('',#9440);
#8454=PLANE('',#9441);
#8455=PLANE('',#9442);
#8456=PLANE('',#9443);
#8457=PLANE('',#9444);
#8458=PLANE('',#9445);
#8459=PLANE('',#9446);
#8460=PLANE('',#9447);
#8461=PLANE('',#9448);
#8462=PLANE('',#9449);
#8463=PLANE('',#9450);
#8464=PLANE('',#9451);
#8465=PLANE('',#9452);
#8466=PLANE('',#9453);
#8467=PLANE('',#9454);
#8468=PLANE('',#9455);
#8469=PLANE('',#9456);
#8470=PLANE('',#9457);
#8471=PLANE('',#9458);
#8472=PLANE('',#9459);
#8473=PLANE('',#9460);
#8474=PLANE('',#9461);
#8475=PLANE('',#9462);
#8476=PLANE('',#9463);
#8477=PLANE('',#9464);
#8478=PLANE('',#9465);
#8479=PLANE('',#9466);
#8480=PLANE('',#9467);
#8481=PLANE('',#9468);
#8482=PLANE('',#9469);
#8483=PLANE('',#9470);
#8484=PLANE('',#9471);
#8485=PLANE('',#9472);
#8486=PLANE('',#9473);
#8487=PLANE('',#9474);
#8488=PLANE('',#9475);
#8489=PLANE('',#9476);
#8490=PLANE('',#9477);
#8491=PLANE('',#9478);
#8492=PLANE('',#9479);
#8493=PLANE('',#9480);
#8494=PLANE('',#9481);
#8495=PLANE('',#9482);
#8496=PLANE('',#9483);
#8497=PLANE('',#9484);
#8498=PLANE('',#9485);
#8499=PLANE('',#9486);
#8500=PLANE('',#9487);
#8501=PLANE('',#9488);
#8502=PLANE('',#9489);
#8503=PLANE('',#9490);
#8504=PLANE('',#9491);
#8505=PLANE('',#9492);
#8506=PLANE('',#9493);
#8507=PLANE('',#9494);
#8508=PLANE('',#9495);
#8509=PLANE('',#9496);
#8510=PLANE('',#9497);
#8511=PLANE('',#9498);
#8512=PLANE('',#9499);
#8513=PLANE('',#9500);
#8514=PLANE('',#9501);
#8515=PLANE('',#9502);
#8516=PLANE('',#9503);
#8517=PLANE('',#9504);
#8518=PLANE('',#9505);
#8519=PLANE('',#9506);
#8520=PLANE('',#9507);
#8521=PLANE('',#9508);
#8522=PLANE('',#9509);
#8523=PLANE('',#9510);
#8524=PLANE('',#9511);
#8525=PLANE('',#9512);
#8526=PLANE('',#9513);
#8527=PLANE('',#9514);
#8528=PLANE('',#9515);
#8529=PLANE('',#9516);
#8530=PLANE('',#9517);
#8531=PLANE('',#9518);
#8532=PLANE('',#9519);
#8533=PLANE('',#9520);
#8534=PLANE('',#9521);
#8535=PLANE('',#9522);
#8536=PLANE('',#9523);
#8537=PLANE('',#9524);
#8538=PLANE('',#9525);
#8539=PLANE('',#9526);
#8540=PLANE('',#9527);
#8541=PLANE('',#9528);
#8542=PLANE('',#9529);
#8543=PLANE('',#9530);
#8544=PLANE('',#9531);
#8545=PLANE('',#9532);
#8546=PLANE('',#9533);
#8547=PLANE('',#9534);
#8548=PLANE('',#9535);
#8549=PLANE('',#9536);
#8550=PLANE('',#9537);
#8551=PLANE('',#9538);
#8552=PLANE('',#9539);
#8553=PLANE('',#9540);
#8554=PLANE('',#9541);
#8555=PLANE('',#9542);
#8556=PLANE('',#9543);
#8557=PLANE('',#9544);
#8558=PLANE('',#9545);
#8559=PLANE('',#9546);
#8560=PLANE('',#9547);
#8561=PLANE('',#9548);
#8562=PLANE('',#9549);
#8563=PLANE('',#9550);
#8564=PLANE('',#9551);
#8565=PLANE('',#9552);
#8566=PLANE('',#9553);
#8567=PLANE('',#9554);
#8568=PLANE('',#9555);
#8569=PLANE('',#9556);
#8570=PLANE('',#9557);
#8571=PLANE('',#9558);
#8572=PLANE('',#9559);
#8573=PLANE('',#9560);
#8574=PLANE('',#9561);
#8575=PLANE('',#9562);
#8576=PLANE('',#9563);
#8577=PLANE('',#9564);
#8578=PLANE('',#9565);
#8579=PLANE('',#9566);
#8580=PLANE('',#9567);
#8581=PLANE('',#9568);
#8582=PLANE('',#9569);
#8583=PLANE('',#9570);
#8584=PLANE('',#9571);
#8585=PLANE('',#9572);
#8586=PLANE('',#9573);
#8587=PLANE('',#9574);
#8588=PLANE('',#9575);
#8589=PLANE('',#9576);
#8590=PLANE('',#9577);
#8591=PLANE('',#9578);
#8592=PLANE('',#9579);
#8593=PLANE('',#9580);
#8594=PLANE('',#9581);
#8595=PLANE('',#9582);
#8596=PLANE('',#9583);
#8597=PLANE('',#9584);
#8598=PLANE('',#9585);
#8599=PLANE('',#9586);
#8600=PLANE('',#9587);
#8601=PLANE('',#9588);
#8602=PLANE('',#9589);
#8603=PLANE('',#9590);
#8604=PLANE('',#9591);
#8605=PLANE('',#9592);
#8606=PLANE('',#9593);
#8607=PLANE('',#9594);
#8608=PLANE('',#9595);
#8609=PLANE('',#9596);
#8610=PLANE('',#9597);
#8611=PLANE('',#9598);
#8612=PLANE('',#9599);
#8613=PLANE('',#9600);
#8614=PLANE('',#9601);
#8615=PLANE('',#9602);
#8616=PLANE('',#9603);
#8617=PLANE('',#9604);
#8618=PLANE('',#9605);
#8619=PLANE('',#9606);
#8620=PLANE('',#9607);
#8621=PLANE('',#9608);
#8622=PLANE('',#9609);
#8623=PLANE('',#9610);
#8624=PLANE('',#9611);
#8625=PLANE('',#9612);
#8626=PLANE('',#9613);
#8627=PLANE('',#9614);
#8628=PLANE('',#9615);
#8629=PLANE('',#9616);
#8630=PLANE('',#9617);
#8631=PLANE('',#9618);
#8632=PLANE('',#9619);
#8633=PLANE('',#9620);
#8634=PLANE('',#9621);
#8635=PLANE('',#9622);
#8636=PLANE('',#9623);
#8637=PLANE('',#9625);
#8638=PLANE('',#9627);
#8639=PLANE('',#9629);
#8640=PLANE('',#9631);
#8641=PLANE('',#9633);
#8642=PLANE('',#9635);
#8643=PLANE('',#9637);
#8644=PLANE('',#9639);
#8645=PLANE('',#9641);
#8646=PLANE('',#9643);
#8647=PLANE('',#9645);
#8648=PLANE('',#9650);
#8649=PLANE('',#9652);
#8650=PLANE('',#9654);
#8651=PLANE('',#9656);
#8652=PLANE('',#9658);
#8653=PLANE('',#9660);
#8654=PLANE('',#9662);
#8655=PLANE('',#9664);
#8656=PLANE('',#9666);
#8657=PLANE('',#9668);
#8658=PLANE('',#9670);
#8659=PLANE('',#9672);
#8660=PLANE('',#9674);
#8661=PLANE('',#9676);
#8662=PLANE('',#9678);
#8663=PLANE('',#9680);
#8664=PLANE('',#9682);
#8665=PLANE('',#9684);
#8666=PLANE('',#9686);
#8667=PLANE('',#9688);
#8668=PLANE('',#9690);
#8669=PLANE('',#9692);
#8670=PLANE('',#9694);
#8671=PLANE('',#9696);
#8672=PLANE('',#9698);
#8673=PLANE('',#9700);
#8674=PLANE('',#9702);
#8675=PLANE('',#9704);
#8676=PLANE('',#9706);
#8677=PLANE('',#9708);
#8678=PLANE('',#9710);
#8679=PLANE('',#9712);
#8680=PLANE('',#9714);
#8681=PLANE('',#9716);
#8682=PLANE('',#9718);
#8683=PLANE('',#9720);
#8684=PLANE('',#9722);
#8685=PLANE('',#9724);
#8686=PLANE('',#9726);
#8687=PLANE('',#9728);
#8688=PLANE('',#9730);
#8689=PLANE('',#9732);
#8690=PLANE('',#9734);
#8691=PLANE('',#9736);
#8692=PLANE('',#9738);
#8693=PLANE('',#9740);
#8694=PLANE('',#9742);
#8695=PLANE('',#9744);
#8696=PLANE('',#9747);
#8697=PLANE('',#9749);
#8698=PLANE('',#9751);
#8699=PLANE('',#9753);
#8700=PLANE('',#9755);
#8701=PLANE('',#9757);
#8702=PLANE('',#9759);
#8703=PLANE('',#9761);
#8704=PLANE('',#9763);
#8705=PLANE('',#9765);
#8706=PLANE('',#9767);
#8707=PLANE('',#9768);
#8708=PLANE('',#9770);
#8709=PLANE('',#9773);
#8710=PLANE('',#9774);
#8711=PLANE('',#9776);
#8712=PLANE('',#9778);
#8713=PLANE('',#9780);
#8714=PLANE('',#9781);
#8715=PLANE('',#9783);
#8716=PLANE('',#9784);
#8717=ADVANCED_FACE('',(#524),#8397,.F.);
#8718=ADVANCED_FACE('',(#525),#8398,.F.);
#8719=ADVANCED_FACE('',(#526),#8399,.F.);
#8720=ADVANCED_FACE('',(#527),#8400,.T.);
#8721=ADVANCED_FACE('',(#528),#8401,.T.);
#8722=ADVANCED_FACE('',(#529,#281,#282,#283,#284,#285,#286,#287,#288,#289,
#290,#291,#292,#293,#294,#295,#296,#297,#298,#299,#300,#301,#302,#303,#304,
#305,#306,#307,#308,#309,#310,#311,#312,#313,#314),#8402,.T.);
#8723=ADVANCED_FACE('',(#530),#159,.F.);
#8724=ADVANCED_FACE('',(#531,#315,#316,#317,#318,#319,#320,#321,#322,#323,
#324,#325,#326,#327,#328,#329,#330,#331,#332),#8403,.F.);
#8725=ADVANCED_FACE('',(#532),#73,.T.);
#8726=ADVANCED_FACE('',(#533),#160,.F.);
#8727=ADVANCED_FACE('',(#534),#74,.T.);
#8728=ADVANCED_FACE('',(#535),#161,.F.);
#8729=ADVANCED_FACE('',(#536),#75,.T.);
#8730=ADVANCED_FACE('',(#537),#76,.F.);
#8731=ADVANCED_FACE('',(#538,#333),#8404,.T.);
#8732=ADVANCED_FACE('',(#539),#77,.F.);
#8733=ADVANCED_FACE('',(#540,#334),#8405,.T.);
#8734=ADVANCED_FACE('',(#541,#335),#8406,.F.);
#8735=ADVANCED_FACE('',(#542),#78,.F.);
#8736=ADVANCED_FACE('',(#543),#8407,.T.);
#8737=ADVANCED_FACE('',(#544,#336),#8408,.F.);
#8738=ADVANCED_FACE('',(#545),#8409,.F.);
#8739=ADVANCED_FACE('',(#546),#8410,.F.);
#8740=ADVANCED_FACE('',(#547),#8411,.F.);
#8741=ADVANCED_FACE('',(#548),#8412,.F.);
#8742=ADVANCED_FACE('',(#549),#8413,.F.);
#8743=ADVANCED_FACE('',(#550),#8414,.F.);
#8744=ADVANCED_FACE('',(#551),#8415,.F.);
#8745=ADVANCED_FACE('',(#552),#15,.F.);
#8746=ADVANCED_FACE('',(#553),#8416,.F.);
#8747=ADVANCED_FACE('',(#554),#16,.F.);
#8748=ADVANCED_FACE('',(#555),#8417,.F.);
#8749=ADVANCED_FACE('',(#556),#17,.F.);
#8750=ADVANCED_FACE('',(#557),#8418,.F.);
#8751=ADVANCED_FACE('',(#558),#8419,.F.);
#8752=ADVANCED_FACE('',(#559),#8420,.F.);
#8753=ADVANCED_FACE('',(#560),#8421,.F.);
#8754=ADVANCED_FACE('',(#561),#8422,.F.);
#8755=ADVANCED_FACE('',(#562),#18,.F.);
#8756=ADVANCED_FACE('',(#563,#337),#8423,.T.);
#8757=ADVANCED_FACE('',(#564),#8424,.F.);
#8758=ADVANCED_FACE('',(#565),#8425,.F.);
#8759=ADVANCED_FACE('',(#566),#19,.F.);
#8760=ADVANCED_FACE('',(#567),#20,.F.);
#8761=ADVANCED_FACE('',(#568),#21,.F.);
#8762=ADVANCED_FACE('',(#569),#22,.F.);
#8763=ADVANCED_FACE('',(#570),#23,.F.);
#8764=ADVANCED_FACE('',(#571),#8426,.F.);
#8765=ADVANCED_FACE('',(#572),#8427,.F.);
#8766=ADVANCED_FACE('',(#573),#24,.F.);
#8767=ADVANCED_FACE('',(#574),#25,.F.);
#8768=ADVANCED_FACE('',(#575),#26,.F.);
#8769=ADVANCED_FACE('',(#576),#8428,.F.);
#8770=ADVANCED_FACE('',(#577),#8429,.F.);
#8771=ADVANCED_FACE('',(#578),#8430,.F.);
#8772=ADVANCED_FACE('',(#579),#8431,.F.);
#8773=ADVANCED_FACE('',(#580),#8432,.F.);
#8774=ADVANCED_FACE('',(#581),#8433,.F.);
#8775=ADVANCED_FACE('',(#582),#8434,.F.);
#8776=ADVANCED_FACE('',(#583),#8435,.F.);
#8777=ADVANCED_FACE('',(#584),#8436,.F.);
#8778=ADVANCED_FACE('',(#585),#8437,.T.);
#8779=ADVANCED_FACE('',(#586),#8438,.F.);
#8780=ADVANCED_FACE('',(#587),#8439,.F.);
#8781=ADVANCED_FACE('',(#588),#8440,.F.);
#8782=ADVANCED_FACE('',(#589),#8441,.F.);
#8783=ADVANCED_FACE('',(#590),#8442,.F.);
#8784=ADVANCED_FACE('',(#591),#8443,.F.);
#8785=ADVANCED_FACE('',(#592),#8444,.F.);
#8786=ADVANCED_FACE('',(#593),#27,.F.);
#8787=ADVANCED_FACE('',(#594),#8445,.F.);
#8788=ADVANCED_FACE('',(#595),#28,.F.);
#8789=ADVANCED_FACE('',(#596),#29,.F.);
#8790=ADVANCED_FACE('',(#597),#8446,.F.);
#8791=ADVANCED_FACE('',(#598),#30,.F.);
#8792=ADVANCED_FACE('',(#599),#8447,.F.);
#8793=ADVANCED_FACE('',(#600),#8448,.F.);
#8794=ADVANCED_FACE('',(#601),#8449,.F.);
#8795=ADVANCED_FACE('',(#602),#8450,.F.);
#8796=ADVANCED_FACE('',(#603),#8451,.F.);
#8797=ADVANCED_FACE('',(#604,#338),#8452,.T.);
#8798=ADVANCED_FACE('',(#605),#8453,.F.);
#8799=ADVANCED_FACE('',(#606),#8454,.F.);
#8800=ADVANCED_FACE('',(#607),#8455,.F.);
#8801=ADVANCED_FACE('',(#608),#8456,.F.);
#8802=ADVANCED_FACE('',(#609),#8457,.F.);
#8803=ADVANCED_FACE('',(#610),#8458,.F.);
#8804=ADVANCED_FACE('',(#611),#8459,.F.);
#8805=ADVANCED_FACE('',(#612),#31,.F.);
#8806=ADVANCED_FACE('',(#613),#8460,.F.);
#8807=ADVANCED_FACE('',(#614),#32,.F.);
#8808=ADVANCED_FACE('',(#615),#33,.F.);
#8809=ADVANCED_FACE('',(#616),#8461,.F.);
#8810=ADVANCED_FACE('',(#617),#34,.F.);
#8811=ADVANCED_FACE('',(#618),#8462,.F.);
#8812=ADVANCED_FACE('',(#619),#8463,.F.);
#8813=ADVANCED_FACE('',(#620),#8464,.F.);
#8814=ADVANCED_FACE('',(#621),#8465,.F.);
#8815=ADVANCED_FACE('',(#622),#8466,.F.);
#8816=ADVANCED_FACE('',(#623,#339),#8467,.T.);
#8817=ADVANCED_FACE('',(#624),#8468,.F.);
#8818=ADVANCED_FACE('',(#625),#8469,.F.);
#8819=ADVANCED_FACE('',(#626),#8470,.F.);
#8820=ADVANCED_FACE('',(#627),#8471,.F.);
#8821=ADVANCED_FACE('',(#628),#8472,.F.);
#8822=ADVANCED_FACE('',(#629),#8473,.F.);
#8823=ADVANCED_FACE('',(#630),#8474,.F.);
#8824=ADVANCED_FACE('',(#631),#8475,.F.);
#8825=ADVANCED_FACE('',(#632),#8476,.F.);
#8826=ADVANCED_FACE('',(#633),#35,.F.);
#8827=ADVANCED_FACE('',(#634),#8477,.F.);
#8828=ADVANCED_FACE('',(#635),#36,.F.);
#8829=ADVANCED_FACE('',(#636),#8478,.F.);
#8830=ADVANCED_FACE('',(#637),#37,.F.);
#8831=ADVANCED_FACE('',(#638),#8479,.F.);
#8832=ADVANCED_FACE('',(#639),#38,.F.);
#8833=ADVANCED_FACE('',(#640),#8480,.F.);
#8834=ADVANCED_FACE('',(#641),#39,.F.);
#8835=ADVANCED_FACE('',(#642),#8481,.F.);
#8836=ADVANCED_FACE('',(#643),#8482,.F.);
#8837=ADVANCED_FACE('',(#644),#8483,.F.);
#8838=ADVANCED_FACE('',(#645),#8484,.F.);
#8839=ADVANCED_FACE('',(#646),#8485,.F.);
#8840=ADVANCED_FACE('',(#647),#8486,.F.);
#8841=ADVANCED_FACE('',(#648),#8487,.F.);
#8842=ADVANCED_FACE('',(#649),#8488,.T.);
#8843=ADVANCED_FACE('',(#650),#8489,.F.);
#8844=ADVANCED_FACE('',(#651),#8490,.F.);
#8845=ADVANCED_FACE('',(#652),#8491,.F.);
#8846=ADVANCED_FACE('',(#653),#8492,.F.);
#8847=ADVANCED_FACE('',(#654),#8493,.F.);
#8848=ADVANCED_FACE('',(#655),#8494,.F.);
#8849=ADVANCED_FACE('',(#656),#8495,.F.);
#8850=ADVANCED_FACE('',(#657),#8496,.F.);
#8851=ADVANCED_FACE('',(#658),#8497,.F.);
#8852=ADVANCED_FACE('',(#659),#8498,.F.);
#8853=ADVANCED_FACE('',(#660),#8499,.F.);
#8854=ADVANCED_FACE('',(#661),#8500,.F.);
#8855=ADVANCED_FACE('',(#662),#8501,.F.);
#8856=ADVANCED_FACE('',(#663),#8502,.F.);
#8857=ADVANCED_FACE('',(#664),#8503,.F.);
#8858=ADVANCED_FACE('',(#665),#8504,.F.);
#8859=ADVANCED_FACE('',(#666),#8505,.F.);
#8860=ADVANCED_FACE('',(#667),#8506,.F.);
#8861=ADVANCED_FACE('',(#668),#8507,.F.);
#8862=ADVANCED_FACE('',(#669),#8508,.F.);
#8863=ADVANCED_FACE('',(#670),#40,.F.);
#8864=ADVANCED_FACE('',(#671),#8509,.F.);
#8865=ADVANCED_FACE('',(#672),#41,.F.);
#8866=ADVANCED_FACE('',(#673),#42,.F.);
#8867=ADVANCED_FACE('',(#674),#8510,.F.);
#8868=ADVANCED_FACE('',(#675),#43,.F.);
#8869=ADVANCED_FACE('',(#676),#8511,.F.);
#8870=ADVANCED_FACE('',(#677),#8512,.F.);
#8871=ADVANCED_FACE('',(#678),#8513,.F.);
#8872=ADVANCED_FACE('',(#679),#8514,.F.);
#8873=ADVANCED_FACE('',(#680),#8515,.F.);
#8874=ADVANCED_FACE('',(#681,#340),#8516,.T.);
#8875=ADVANCED_FACE('',(#682),#8517,.F.);
#8876=ADVANCED_FACE('',(#683),#8518,.F.);
#8877=ADVANCED_FACE('',(#684),#8519,.F.);
#8878=ADVANCED_FACE('',(#685),#8520,.F.);
#8879=ADVANCED_FACE('',(#686),#8521,.F.);
#8880=ADVANCED_FACE('',(#687),#8522,.F.);
#8881=ADVANCED_FACE('',(#688),#8523,.F.);
#8882=ADVANCED_FACE('',(#689),#44,.F.);
#8883=ADVANCED_FACE('',(#690),#8524,.F.);
#8884=ADVANCED_FACE('',(#691),#45,.F.);
#8885=ADVANCED_FACE('',(#692),#46,.F.);
#8886=ADVANCED_FACE('',(#693),#8525,.F.);
#8887=ADVANCED_FACE('',(#694),#47,.F.);
#8888=ADVANCED_FACE('',(#695),#8526,.F.);
#8889=ADVANCED_FACE('',(#696),#8527,.F.);
#8890=ADVANCED_FACE('',(#697),#8528,.F.);
#8891=ADVANCED_FACE('',(#698),#8529,.F.);
#8892=ADVANCED_FACE('',(#699),#8530,.F.);
#8893=ADVANCED_FACE('',(#700,#341),#8531,.T.);
#8894=ADVANCED_FACE('',(#701),#8532,.F.);
#8895=ADVANCED_FACE('',(#702),#8533,.F.);
#8896=ADVANCED_FACE('',(#703),#48,.F.);
#8897=ADVANCED_FACE('',(#704),#49,.F.);
#8898=ADVANCED_FACE('',(#705),#50,.F.);
#8899=ADVANCED_FACE('',(#706),#51,.F.);
#8900=ADVANCED_FACE('',(#707),#52,.F.);
#8901=ADVANCED_FACE('',(#708),#8534,.F.);
#8902=ADVANCED_FACE('',(#709),#8535,.F.);
#8903=ADVANCED_FACE('',(#710),#53,.F.);
#8904=ADVANCED_FACE('',(#711),#54,.F.);
#8905=ADVANCED_FACE('',(#712),#55,.F.);
#8906=ADVANCED_FACE('',(#713),#8536,.F.);
#8907=ADVANCED_FACE('',(#714),#8537,.F.);
#8908=ADVANCED_FACE('',(#715),#8538,.F.);
#8909=ADVANCED_FACE('',(#716),#8539,.F.);
#8910=ADVANCED_FACE('',(#717),#8540,.F.);
#8911=ADVANCED_FACE('',(#718),#8541,.F.);
#8912=ADVANCED_FACE('',(#719),#8542,.F.);
#8913=ADVANCED_FACE('',(#720),#8543,.F.);
#8914=ADVANCED_FACE('',(#721),#8544,.F.);
#8915=ADVANCED_FACE('',(#722),#8545,.T.);
#8916=ADVANCED_FACE('',(#723),#8546,.F.);
#8917=ADVANCED_FACE('',(#724),#8547,.F.);
#8918=ADVANCED_FACE('',(#725),#8548,.F.);
#8919=ADVANCED_FACE('',(#726),#8549,.F.);
#8920=ADVANCED_FACE('',(#727),#8550,.F.);
#8921=ADVANCED_FACE('',(#728),#8551,.F.);
#8922=ADVANCED_FACE('',(#729),#8552,.F.);
#8923=ADVANCED_FACE('',(#730),#56,.F.);
#8924=ADVANCED_FACE('',(#731),#8553,.F.);
#8925=ADVANCED_FACE('',(#732),#57,.F.);
#8926=ADVANCED_FACE('',(#733),#8554,.F.);
#8927=ADVANCED_FACE('',(#734),#58,.F.);
#8928=ADVANCED_FACE('',(#735),#8555,.F.);
#8929=ADVANCED_FACE('',(#736),#8556,.F.);
#8930=ADVANCED_FACE('',(#737),#8557,.F.);
#8931=ADVANCED_FACE('',(#738),#8558,.F.);
#8932=ADVANCED_FACE('',(#739),#8559,.F.);
#8933=ADVANCED_FACE('',(#740),#59,.F.);
#8934=ADVANCED_FACE('',(#741,#342),#8560,.T.);
#8935=ADVANCED_FACE('',(#742),#8561,.F.);
#8936=ADVANCED_FACE('',(#743),#8562,.F.);
#8937=ADVANCED_FACE('',(#744),#8563,.F.);
#8938=ADVANCED_FACE('',(#745),#8564,.F.);
#8939=ADVANCED_FACE('',(#746),#8565,.F.);
#8940=ADVANCED_FACE('',(#747),#8566,.F.);
#8941=ADVANCED_FACE('',(#748),#8567,.F.);
#8942=ADVANCED_FACE('',(#749),#8568,.F.);
#8943=ADVANCED_FACE('',(#750),#60,.F.);
#8944=ADVANCED_FACE('',(#751),#8569,.F.);
#8945=ADVANCED_FACE('',(#752),#61,.F.);
#8946=ADVANCED_FACE('',(#753),#8570,.F.);
#8947=ADVANCED_FACE('',(#754),#62,.F.);
#8948=ADVANCED_FACE('',(#755),#8571,.F.);
#8949=ADVANCED_FACE('',(#756),#63,.F.);
#8950=ADVANCED_FACE('',(#757),#8572,.F.);
#8951=ADVANCED_FACE('',(#758),#8573,.F.);
#8952=ADVANCED_FACE('',(#759),#8574,.F.);
#8953=ADVANCED_FACE('',(#760),#8575,.F.);
#8954=ADVANCED_FACE('',(#761),#8576,.F.);
#8955=ADVANCED_FACE('',(#762,#343),#8577,.T.);
#8956=ADVANCED_FACE('',(#763),#8578,.F.);
#8957=ADVANCED_FACE('',(#764),#8579,.F.);
#8958=ADVANCED_FACE('',(#765),#8580,.F.);
#8959=ADVANCED_FACE('',(#766),#8581,.F.);
#8960=ADVANCED_FACE('',(#767),#8582,.F.);
#8961=ADVANCED_FACE('',(#768),#8583,.F.);
#8962=ADVANCED_FACE('',(#769),#8584,.F.);
#8963=ADVANCED_FACE('',(#770),#8585,.F.);
#8964=ADVANCED_FACE('',(#771),#8586,.F.);
#8965=ADVANCED_FACE('',(#772),#8587,.F.);
#8966=ADVANCED_FACE('',(#773),#8588,.F.);
#8967=ADVANCED_FACE('',(#774),#8589,.F.);
#8968=ADVANCED_FACE('',(#775),#8590,.F.);
#8969=ADVANCED_FACE('',(#776),#8591,.F.);
#8970=ADVANCED_FACE('',(#777),#8592,.F.);
#8971=ADVANCED_FACE('',(#778),#8593,.F.);
#8972=ADVANCED_FACE('',(#779),#8594,.F.);
#8973=ADVANCED_FACE('',(#780),#8595,.F.);
#8974=ADVANCED_FACE('',(#781),#8596,.F.);
#8975=ADVANCED_FACE('',(#782),#8597,.F.);
#8976=ADVANCED_FACE('',(#783),#8598,.F.);
#8977=ADVANCED_FACE('',(#784),#8599,.F.);
#8978=ADVANCED_FACE('',(#785),#64,.F.);
#8979=ADVANCED_FACE('',(#786),#8600,.F.);
#8980=ADVANCED_FACE('',(#787),#65,.F.);
#8981=ADVANCED_FACE('',(#788),#8601,.F.);
#8982=ADVANCED_FACE('',(#789),#66,.F.);
#8983=ADVANCED_FACE('',(#790),#8602,.F.);
#8984=ADVANCED_FACE('',(#791),#67,.F.);
#8985=ADVANCED_FACE('',(#792),#8603,.F.);
#8986=ADVANCED_FACE('',(#793),#68,.F.);
#8987=ADVANCED_FACE('',(#794),#8604,.F.);
#8988=ADVANCED_FACE('',(#795),#8605,.F.);
#8989=ADVANCED_FACE('',(#796),#8606,.F.);
#8990=ADVANCED_FACE('',(#797),#8607,.F.);
#8991=ADVANCED_FACE('',(#798),#8608,.F.);
#8992=ADVANCED_FACE('',(#799),#8609,.F.);
#8993=ADVANCED_FACE('',(#800),#8610,.F.);
#8994=ADVANCED_FACE('',(#801),#8611,.T.);
#8995=ADVANCED_FACE('',(#802),#8612,.F.);
#8996=ADVANCED_FACE('',(#803),#8613,.F.);
#8997=ADVANCED_FACE('',(#804),#8614,.F.);
#8998=ADVANCED_FACE('',(#805),#8615,.F.);
#8999=ADVANCED_FACE('',(#806),#8616,.F.);
#9000=ADVANCED_FACE('',(#807),#8617,.F.);
#9001=ADVANCED_FACE('',(#808),#8618,.F.);
#9002=ADVANCED_FACE('',(#809),#8619,.F.);
#9003=ADVANCED_FACE('',(#810),#69,.F.);
#9004=ADVANCED_FACE('',(#811),#8620,.F.);
#9005=ADVANCED_FACE('',(#812),#70,.F.);
#9006=ADVANCED_FACE('',(#813),#8621,.F.);
#9007=ADVANCED_FACE('',(#814),#71,.F.);
#9008=ADVANCED_FACE('',(#815),#8622,.F.);
#9009=ADVANCED_FACE('',(#816),#72,.F.);
#9010=ADVANCED_FACE('',(#817),#8623,.F.);
#9011=ADVANCED_FACE('',(#818),#8624,.F.);
#9012=ADVANCED_FACE('',(#819),#8625,.F.);
#9013=ADVANCED_FACE('',(#820),#8626,.F.);
#9014=ADVANCED_FACE('',(#821),#8627,.F.);
#9015=ADVANCED_FACE('',(#822,#344),#8628,.T.);
#9016=ADVANCED_FACE('',(#823),#8629,.T.);
#9017=ADVANCED_FACE('',(#824),#8630,.T.);
#9018=ADVANCED_FACE('',(#825),#8631,.T.);
#9019=ADVANCED_FACE('',(#826),#8632,.T.);
#9020=ADVANCED_FACE('',(#827),#8633,.T.);
#9021=ADVANCED_FACE('',(#828),#8634,.T.);
#9022=ADVANCED_FACE('',(#829),#8635,.T.);
#9023=ADVANCED_FACE('',(#830),#8636,.T.);
#9024=ADVANCED_FACE('',(#831),#79,.F.);
#9025=ADVANCED_FACE('',(#832),#8637,.T.);
#9026=ADVANCED_FACE('',(#833),#80,.F.);
#9027=ADVANCED_FACE('',(#834),#8638,.T.);
#9028=ADVANCED_FACE('',(#835),#81,.F.);
#9029=ADVANCED_FACE('',(#836),#8639,.T.);
#9030=ADVANCED_FACE('',(#837),#82,.F.);
#9031=ADVANCED_FACE('',(#838),#8640,.T.);
#9032=ADVANCED_FACE('',(#839),#83,.F.);
#9033=ADVANCED_FACE('',(#840),#8641,.T.);
#9034=ADVANCED_FACE('',(#841),#84,.F.);
#9035=ADVANCED_FACE('',(#842),#8642,.T.);
#9036=ADVANCED_FACE('',(#843),#85,.F.);
#9037=ADVANCED_FACE('',(#844),#8643,.T.);
#9038=ADVANCED_FACE('',(#845),#86,.F.);
#9039=ADVANCED_FACE('',(#846),#8644,.T.);
#9040=ADVANCED_FACE('',(#847),#87,.F.);
#9041=ADVANCED_FACE('',(#848),#8645,.T.);
#9042=ADVANCED_FACE('',(#849),#88,.F.);
#9043=ADVANCED_FACE('',(#850),#8646,.T.);
#9044=ADVANCED_FACE('',(#851),#89,.F.);
#9045=ADVANCED_FACE('',(#852),#8647,.T.);
#9046=ADVANCED_FACE('',(#853),#90,.F.);
#9047=ADVANCED_FACE('',(#854),#91,.F.);
#9048=ADVANCED_FACE('',(#855),#92,.F.);
#9049=ADVANCED_FACE('',(#856),#8648,.T.);
#9050=ADVANCED_FACE('',(#857),#93,.F.);
#9051=ADVANCED_FACE('',(#858),#8649,.T.);
#9052=ADVANCED_FACE('',(#859),#94,.F.);
#9053=ADVANCED_FACE('',(#860),#8650,.T.);
#9054=ADVANCED_FACE('',(#861),#95,.F.);
#9055=ADVANCED_FACE('',(#862),#8651,.T.);
#9056=ADVANCED_FACE('',(#863),#96,.F.);
#9057=ADVANCED_FACE('',(#864),#8652,.T.);
#9058=ADVANCED_FACE('',(#865),#97,.F.);
#9059=ADVANCED_FACE('',(#866),#8653,.T.);
#9060=ADVANCED_FACE('',(#867),#98,.F.);
#9061=ADVANCED_FACE('',(#868),#8654,.T.);
#9062=ADVANCED_FACE('',(#869),#99,.F.);
#9063=ADVANCED_FACE('',(#870),#8655,.T.);
#9064=ADVANCED_FACE('',(#871),#100,.F.);
#9065=ADVANCED_FACE('',(#872),#8656,.T.);
#9066=ADVANCED_FACE('',(#873),#101,.F.);
#9067=ADVANCED_FACE('',(#874),#8657,.T.);
#9068=ADVANCED_FACE('',(#875),#102,.F.);
#9069=ADVANCED_FACE('',(#876),#8658,.T.);
#9070=ADVANCED_FACE('',(#877),#103,.F.);
#9071=ADVANCED_FACE('',(#878),#8659,.T.);
#9072=ADVANCED_FACE('',(#879),#104,.F.);
#9073=ADVANCED_FACE('',(#880),#8660,.T.);
#9074=ADVANCED_FACE('',(#881),#105,.F.);
#9075=ADVANCED_FACE('',(#882),#8661,.T.);
#9076=ADVANCED_FACE('',(#883),#106,.F.);
#9077=ADVANCED_FACE('',(#884),#8662,.T.);
#9078=ADVANCED_FACE('',(#885),#107,.F.);
#9079=ADVANCED_FACE('',(#886),#8663,.T.);
#9080=ADVANCED_FACE('',(#887),#108,.F.);
#9081=ADVANCED_FACE('',(#888),#8664,.T.);
#9082=ADVANCED_FACE('',(#889),#109,.F.);
#9083=ADVANCED_FACE('',(#890),#8665,.T.);
#9084=ADVANCED_FACE('',(#891),#110,.F.);
#9085=ADVANCED_FACE('',(#892),#8666,.T.);
#9086=ADVANCED_FACE('',(#893),#111,.F.);
#9087=ADVANCED_FACE('',(#894),#8667,.T.);
#9088=ADVANCED_FACE('',(#895),#112,.F.);
#9089=ADVANCED_FACE('',(#896),#8668,.T.);
#9090=ADVANCED_FACE('',(#897),#113,.F.);
#9091=ADVANCED_FACE('',(#898),#8669,.T.);
#9092=ADVANCED_FACE('',(#899),#114,.F.);
#9093=ADVANCED_FACE('',(#900),#8670,.T.);
#9094=ADVANCED_FACE('',(#901),#115,.F.);
#9095=ADVANCED_FACE('',(#902),#8671,.T.);
#9096=ADVANCED_FACE('',(#903),#116,.F.);
#9097=ADVANCED_FACE('',(#904),#8672,.T.);
#9098=ADVANCED_FACE('',(#905),#117,.F.);
#9099=ADVANCED_FACE('',(#906),#8673,.T.);
#9100=ADVANCED_FACE('',(#907),#118,.F.);
#9101=ADVANCED_FACE('',(#908),#8674,.T.);
#9102=ADVANCED_FACE('',(#909),#119,.F.);
#9103=ADVANCED_FACE('',(#910),#8675,.T.);
#9104=ADVANCED_FACE('',(#911),#120,.F.);
#9105=ADVANCED_FACE('',(#912),#8676,.T.);
#9106=ADVANCED_FACE('',(#913),#121,.F.);
#9107=ADVANCED_FACE('',(#914),#8677,.T.);
#9108=ADVANCED_FACE('',(#915),#122,.F.);
#9109=ADVANCED_FACE('',(#916),#8678,.T.);
#9110=ADVANCED_FACE('',(#917),#123,.F.);
#9111=ADVANCED_FACE('',(#918),#8679,.T.);
#9112=ADVANCED_FACE('',(#919),#124,.F.);
#9113=ADVANCED_FACE('',(#920),#8680,.T.);
#9114=ADVANCED_FACE('',(#921),#125,.F.);
#9115=ADVANCED_FACE('',(#922),#8681,.T.);
#9116=ADVANCED_FACE('',(#923),#126,.F.);
#9117=ADVANCED_FACE('',(#924),#8682,.T.);
#9118=ADVANCED_FACE('',(#925),#127,.F.);
#9119=ADVANCED_FACE('',(#926),#8683,.T.);
#9120=ADVANCED_FACE('',(#927),#128,.F.);
#9121=ADVANCED_FACE('',(#928),#8684,.T.);
#9122=ADVANCED_FACE('',(#929),#129,.F.);
#9123=ADVANCED_FACE('',(#930),#8685,.T.);
#9124=ADVANCED_FACE('',(#931),#130,.F.);
#9125=ADVANCED_FACE('',(#932),#8686,.T.);
#9126=ADVANCED_FACE('',(#933),#131,.F.);
#9127=ADVANCED_FACE('',(#934),#8687,.T.);
#9128=ADVANCED_FACE('',(#935),#132,.F.);
#9129=ADVANCED_FACE('',(#936),#8688,.T.);
#9130=ADVANCED_FACE('',(#937),#133,.F.);
#9131=ADVANCED_FACE('',(#938),#8689,.T.);
#9132=ADVANCED_FACE('',(#939),#134,.F.);
#9133=ADVANCED_FACE('',(#940),#8690,.T.);
#9134=ADVANCED_FACE('',(#941),#135,.F.);
#9135=ADVANCED_FACE('',(#942),#8691,.T.);
#9136=ADVANCED_FACE('',(#943),#136,.F.);
#9137=ADVANCED_FACE('',(#944),#8692,.T.);
#9138=ADVANCED_FACE('',(#945),#137,.F.);
#9139=ADVANCED_FACE('',(#946),#8693,.T.);
#9140=ADVANCED_FACE('',(#947),#138,.F.);
#9141=ADVANCED_FACE('',(#948),#8694,.T.);
#9142=ADVANCED_FACE('',(#949),#139,.F.);
#9143=ADVANCED_FACE('',(#950),#8695,.T.);
#9144=ADVANCED_FACE('',(#951),#140,.F.);
#9145=ADVANCED_FACE('',(#952),#141,.F.);
#9146=ADVANCED_FACE('',(#953),#8696,.T.);
#9147=ADVANCED_FACE('',(#954),#142,.F.);
#9148=ADVANCED_FACE('',(#955),#8697,.T.);
#9149=ADVANCED_FACE('',(#956),#143,.F.);
#9150=ADVANCED_FACE('',(#957),#8698,.T.);
#9151=ADVANCED_FACE('',(#958),#144,.F.);
#9152=ADVANCED_FACE('',(#959),#8699,.T.);
#9153=ADVANCED_FACE('',(#960),#145,.F.);
#9154=ADVANCED_FACE('',(#961),#8700,.T.);
#9155=ADVANCED_FACE('',(#962),#146,.F.);
#9156=ADVANCED_FACE('',(#963),#8701,.T.);
#9157=ADVANCED_FACE('',(#964),#147,.F.);
#9158=ADVANCED_FACE('',(#965),#8702,.T.);
#9159=ADVANCED_FACE('',(#966),#148,.F.);
#9160=ADVANCED_FACE('',(#967),#8703,.T.);
#9161=ADVANCED_FACE('',(#968),#149,.F.);
#9162=ADVANCED_FACE('',(#969),#8704,.T.);
#9163=ADVANCED_FACE('',(#970),#150,.T.);
#9164=ADVANCED_FACE('',(#971),#8705,.T.);
#9165=ADVANCED_FACE('',(#972),#151,.F.);
#9166=ADVANCED_FACE('',(#973),#8706,.T.);
#9167=ADVANCED_FACE('',(#974),#8707,.T.);
#9168=ADVANCED_FACE('',(#975),#152,.T.);
#9169=ADVANCED_FACE('',(#976),#8708,.T.);
#9170=ADVANCED_FACE('',(#977),#153,.F.);
#9171=ADVANCED_FACE('',(#978),#154,.T.);
#9172=ADVANCED_FACE('',(#979),#8709,.T.);
#9173=ADVANCED_FACE('',(#980),#8710,.T.);
#9174=ADVANCED_FACE('',(#981),#155,.F.);
#9175=ADVANCED_FACE('',(#982),#8711,.T.);
#9176=ADVANCED_FACE('',(#983),#156,.T.);
#9177=ADVANCED_FACE('',(#984),#8712,.T.);
#9178=ADVANCED_FACE('',(#985),#157,.F.);
#9179=ADVANCED_FACE('',(#986),#8713,.T.);
#9180=ADVANCED_FACE('',(#987),#8714,.T.);
#9181=ADVANCED_FACE('',(#988),#158,.T.);
#9182=ADVANCED_FACE('',(#989),#8715,.T.);
#9183=ADVANCED_FACE('',(#990,#345),#8716,.F.);
#9184=CLOSED_SHELL('',(#8717,#8718,#8719,#8720,#8721,#8722,#8723,#8724,
#8725,#8726,#8727,#8728,#8729,#8730,#8731,#8732,#8733,#8734,#8735,#8736,
#8737,#8738,#8739,#8740,#8741,#8742,#8743,#8744,#8745,#8746,#8747,#8748,
#8749,#8750,#8751,#8752,#8753,#8754,#8755,#8756,#8757,#8758,#8759,#8760,
#8761,#8762,#8763,#8764,#8765,#8766,#8767,#8768,#8769,#8770,#8771,#8772,
#8773,#8774,#8775,#8776,#8777,#8778,#8779,#8780,#8781,#8782,#8783,#8784,
#8785,#8786,#8787,#8788,#8789,#8790,#8791,#8792,#8793,#8794,#8795,#8796,
#8797,#8798,#8799,#8800,#8801,#8802,#8803,#8804,#8805,#8806,#8807,#8808,
#8809,#8810,#8811,#8812,#8813,#8814,#8815,#8816,#8817,#8818,#8819,#8820,
#8821,#8822,#8823,#8824,#8825,#8826,#8827,#8828,#8829,#8830,#8831,#8832,
#8833,#8834,#8835,#8836,#8837,#8838,#8839,#8840,#8841,#8842,#8843,#8844,
#8845,#8846,#8847,#8848,#8849,#8850,#8851,#8852,#8853,#8854,#8855,#8856,
#8857,#8858,#8859,#8860,#8861,#8862,#8863,#8864,#8865,#8866,#8867,#8868,
#8869,#8870,#8871,#8872,#8873,#8874,#8875,#8876,#8877,#8878,#8879,#8880,
#8881,#8882,#8883,#8884,#8885,#8886,#8887,#8888,#8889,#8890,#8891,#8892,
#8893,#8894,#8895,#8896,#8897,#8898,#8899,#8900,#8901,#8902,#8903,#8904,
#8905,#8906,#8907,#8908,#8909,#8910,#8911,#8912,#8913,#8914,#8915,#8916,
#8917,#8918,#8919,#8920,#8921,#8922,#8923,#8924,#8925,#8926,#8927,#8928,
#8929,#8930,#8931,#8932,#8933,#8934,#8935,#8936,#8937,#8938,#8939,#8940,
#8941,#8942,#8943,#8944,#8945,#8946,#8947,#8948,#8949,#8950,#8951,#8952,
#8953,#8954,#8955,#8956,#8957,#8958,#8959,#8960,#8961,#8962,#8963,#8964,
#8965,#8966,#8967,#8968,#8969,#8970,#8971,#8972,#8973,#8974,#8975,#8976,
#8977,#8978,#8979,#8980,#8981,#8982,#8983,#8984,#8985,#8986,#8987,#8988,
#8989,#8990,#8991,#8992,#8993,#8994,#8995,#8996,#8997,#8998,#8999,#9000,
#9001,#9002,#9003,#9004,#9005,#9006,#9007,#9008,#9009,#9010,#9011,#9012,
#9013,#9014,#9015,#9016,#9017,#9018,#9019,#9020,#9021,#9022,#9023,#9024,
#9025,#9026,#9027,#9028,#9029,#9030,#9031,#9032,#9033,#9034,#9035,#9036,
#9037,#9038,#9039,#9040,#9041,#9042,#9043,#9044,#9045,#9046,#9047,#9048,
#9049,#9050,#9051,#9052,#9053,#9054,#9055,#9056,#9057,#9058,#9059,#9060,
#9061,#9062,#9063,#9064,#9065,#9066,#9067,#9068,#9069,#9070,#9071,#9072,
#9073,#9074,#9075,#9076,#9077,#9078,#9079,#9080,#9081,#9082,#9083,#9084,
#9085,#9086,#9087,#9088,#9089,#9090,#9091,#9092,#9093,#9094,#9095,#9096,
#9097,#9098,#9099,#9100,#9101,#9102,#9103,#9104,#9105,#9106,#9107,#9108,
#9109,#9110,#9111,#9112,#9113,#9114,#9115,#9116,#9117,#9118,#9119,#9120,
#9121,#9122,#9123,#9124,#9125,#9126,#9127,#9128,#9129,#9130,#9131,#9132,
#9133,#9134,#9135,#9136,#9137,#9138,#9139,#9140,#9141,#9142,#9143,#9144,
#9145,#9146,#9147,#9148,#9149,#9150,#9151,#9152,#9153,#9154,#9155,#9156,
#9157,#9158,#9159,#9160,#9161,#9162,#9163,#9164,#9165,#9166,#9167,#9168,
#9169,#9170,#9171,#9172,#9173,#9174,#9175,#9176,#9177,#9178,#9179,#9180,
#9181,#9182,#9183));
#9185=DERIVED_UNIT_ELEMENT(#9187,1.);
#9186=DERIVED_UNIT_ELEMENT(#15212,-3.);
#9187=(
MASS_UNIT()
NAMED_UNIT(*)
SI_UNIT(.KILO.,.GRAM.)
);
#9188=DERIVED_UNIT((#9185,#9186));
#9189=MEASURE_REPRESENTATION_ITEM('density measure',
POSITIVE_RATIO_MEASURE(7850.),#9188);
#9190=PROPERTY_DEFINITION_REPRESENTATION(#9195,#9192);
#9191=PROPERTY_DEFINITION_REPRESENTATION(#9196,#9193);
#9192=REPRESENTATION('material name',(#9194),#15209);
#9193=REPRESENTATION('density',(#9189),#15209);
#9194=DESCRIPTIVE_REPRESENTATION_ITEM('Steel','Steel');
#9195=PROPERTY_DEFINITION('material property','material name',#15219);
#9196=PROPERTY_DEFINITION('material property','density of part',#15219);
#9197=AXIS2_PLACEMENT_3D('',#11982,#9785,#9786);
#9198=AXIS2_PLACEMENT_3D('',#11983,#9787,#9788);
#9199=AXIS2_PLACEMENT_3D('',#11992,#9793,#9794);
#9200=AXIS2_PLACEMENT_3D('',#12001,#9799,#9800);
#9201=AXIS2_PLACEMENT_3D('',#12004,#9803,#9804);
#9202=AXIS2_PLACEMENT_3D('',#12010,#9808,#9809);
#9203=AXIS2_PLACEMENT_3D('',#12016,#9813,#9814);
#9204=AXIS2_PLACEMENT_3D('',#12018,#9815,#9816);
#9205=AXIS2_PLACEMENT_3D('',#12024,#9819,#9820);
#9206=AXIS2_PLACEMENT_3D('',#12028,#9822,#9823);
#9207=AXIS2_PLACEMENT_3D('',#12032,#9825,#9826);
#9208=AXIS2_PLACEMENT_3D('',#12038,#9829,#9830);
#9209=AXIS2_PLACEMENT_3D('',#12042,#9832,#9833);
#9210=AXIS2_PLACEMENT_3D('',#12046,#9835,#9836);
#9211=AXIS2_PLACEMENT_3D('',#12052,#9839,#9840);
#9212=AXIS2_PLACEMENT_3D('',#12055,#9842,#9843);
#9213=AXIS2_PLACEMENT_3D('',#12058,#9844,#9845);
#9214=AXIS2_PLACEMENT_3D('',#12062,#9847,#9848);
#9215=AXIS2_PLACEMENT_3D('',#12066,#9850,#9851);
#9216=AXIS2_PLACEMENT_3D('',#12070,#9853,#9854);
#9217=AXIS2_PLACEMENT_3D('',#12074,#9856,#9857);
#9218=AXIS2_PLACEMENT_3D('',#12078,#9859,#9860);
#9219=AXIS2_PLACEMENT_3D('',#12082,#9862,#9863);
#9220=AXIS2_PLACEMENT_3D('',#12086,#9865,#9866);
#9221=AXIS2_PLACEMENT_3D('',#12090,#9868,#9869);
#9222=AXIS2_PLACEMENT_3D('',#12094,#9871,#9872);
#9223=AXIS2_PLACEMENT_3D('',#12098,#9874,#9875);
#9224=AXIS2_PLACEMENT_3D('',#12102,#9877,#9878);
#9225=AXIS2_PLACEMENT_3D('',#12105,#9880,#9881);
#9226=AXIS2_PLACEMENT_3D('',#12107,#9882,#9883);
#9227=AXIS2_PLACEMENT_3D('',#12110,#9884,#9885);
#9228=AXIS2_PLACEMENT_3D('',#12114,#9887,#9888);
#9229=AXIS2_PLACEMENT_3D('',#12118,#9890,#9891);
#9230=AXIS2_PLACEMENT_3D('',#12122,#9893,#9894);
#9231=AXIS2_PLACEMENT_3D('',#12126,#9896,#9897);
#9232=AXIS2_PLACEMENT_3D('',#12130,#9899,#9900);
#9233=AXIS2_PLACEMENT_3D('',#12134,#9902,#9903);
#9234=AXIS2_PLACEMENT_3D('',#12138,#9905,#9906);
#9235=AXIS2_PLACEMENT_3D('',#12142,#9908,#9909);
#9236=AXIS2_PLACEMENT_3D('',#12146,#9911,#9912);
#9237=AXIS2_PLACEMENT_3D('',#12150,#9914,#9915);
#9238=AXIS2_PLACEMENT_3D('',#12154,#9917,#9918);
#9239=AXIS2_PLACEMENT_3D('',#12158,#9920,#9921);
#9240=AXIS2_PLACEMENT_3D('',#12162,#9923,#9924);
#9241=AXIS2_PLACEMENT_3D('',#12166,#9926,#9927);
#9242=AXIS2_PLACEMENT_3D('',#12170,#9929,#9930);
#9243=AXIS2_PLACEMENT_3D('',#12174,#9932,#9933);
#9244=AXIS2_PLACEMENT_3D('',#12178,#9935,#9936);
#9245=AXIS2_PLACEMENT_3D('',#12182,#9938,#9939);
#9246=AXIS2_PLACEMENT_3D('',#12186,#9941,#9942);
#9247=AXIS2_PLACEMENT_3D('',#12190,#9944,#9945);
#9248=AXIS2_PLACEMENT_3D('',#12194,#9947,#9948);
#9249=AXIS2_PLACEMENT_3D('',#12198,#9950,#9951);
#9250=AXIS2_PLACEMENT_3D('',#12202,#9953,#9954);
#9251=AXIS2_PLACEMENT_3D('',#12206,#9956,#9957);
#9252=AXIS2_PLACEMENT_3D('',#12210,#9959,#9960);
#9253=AXIS2_PLACEMENT_3D('',#12214,#9962,#9963);
#9254=AXIS2_PLACEMENT_3D('',#12218,#9965,#9966);
#9255=AXIS2_PLACEMENT_3D('',#12222,#9968,#9969);
#9256=AXIS2_PLACEMENT_3D('',#12226,#9971,#9972);
#9257=AXIS2_PLACEMENT_3D('',#12230,#9974,#9975);
#9258=AXIS2_PLACEMENT_3D('',#12234,#9977,#9978);
#9259=AXIS2_PLACEMENT_3D('',#12238,#9980,#9981);
#9260=AXIS2_PLACEMENT_3D('',#12242,#9983,#9984);
#9261=AXIS2_PLACEMENT_3D('',#12246,#9986,#9987);
#9262=AXIS2_PLACEMENT_3D('',#12250,#9989,#9990);
#9263=AXIS2_PLACEMENT_3D('',#12254,#9992,#9993);
#9264=AXIS2_PLACEMENT_3D('',#12258,#9995,#9996);
#9265=AXIS2_PLACEMENT_3D('',#12262,#9998,#9999);
#9266=AXIS2_PLACEMENT_3D('',#12266,#10001,#10002);
#9267=AXIS2_PLACEMENT_3D('',#12270,#10004,#10005);
#9268=AXIS2_PLACEMENT_3D('',#12274,#10007,#10008);
#9269=AXIS2_PLACEMENT_3D('',#12278,#10010,#10011);
#9270=AXIS2_PLACEMENT_3D('',#12282,#10013,#10014);
#9271=AXIS2_PLACEMENT_3D('',#12286,#10016,#10017);
#9272=AXIS2_PLACEMENT_3D('',#12290,#10019,#10020);
#9273=AXIS2_PLACEMENT_3D('',#12294,#10022,#10023);
#9274=AXIS2_PLACEMENT_3D('',#12298,#10025,#10026);
#9275=AXIS2_PLACEMENT_3D('',#12301,#10028,#10029);
#9276=AXIS2_PLACEMENT_3D('',#12304,#10030,#10031);
#9277=AXIS2_PLACEMENT_3D('',#12308,#10033,#10034);
#9278=AXIS2_PLACEMENT_3D('',#12312,#10036,#10037);
#9279=AXIS2_PLACEMENT_3D('',#12316,#10039,#10040);
#9280=AXIS2_PLACEMENT_3D('',#12320,#10042,#10043);
#9281=AXIS2_PLACEMENT_3D('',#12324,#10045,#10046);
#9282=AXIS2_PLACEMENT_3D('',#12328,#10048,#10049);
#9283=AXIS2_PLACEMENT_3D('',#12332,#10051,#10052);
#9284=AXIS2_PLACEMENT_3D('',#12890,#10216,#10217);
#9285=AXIS2_PLACEMENT_3D('',#12892,#10218,#10219);
#9286=AXIS2_PLACEMENT_3D('',#12894,#10220,#10221);
#9287=AXIS2_PLACEMENT_3D('',#12895,#10222,#10223);
#9288=AXIS2_PLACEMENT_3D('',#12896,#10224,#10225);
#9289=AXIS2_PLACEMENT_3D('',#12898,#10226,#10227);
#9290=AXIS2_PLACEMENT_3D('',#12902,#10229,#10230);
#9291=AXIS2_PLACEMENT_3D('',#12908,#10233,#10234);
#9292=AXIS2_PLACEMENT_3D('',#12912,#10236,#10237);
#9293=AXIS2_PLACEMENT_3D('',#12916,#10239,#10240);
#9294=AXIS2_PLACEMENT_3D('',#12922,#10243,#10244);
#9295=AXIS2_PLACEMENT_3D('',#12926,#10246,#10247);
#9296=AXIS2_PLACEMENT_3D('',#12930,#10249,#10250);
#9297=AXIS2_PLACEMENT_3D('',#12934,#10252,#10253);
#9298=AXIS2_PLACEMENT_3D('',#12938,#10255,#10256);
#9299=AXIS2_PLACEMENT_3D('',#12942,#10258,#10259);
#9300=AXIS2_PLACEMENT_3D('',#12946,#10261,#10262);
#9301=AXIS2_PLACEMENT_3D('',#12950,#10264,#10265);
#9302=AXIS2_PLACEMENT_3D('',#12954,#10267,#10268);
#9303=AXIS2_PLACEMENT_3D('',#12959,#10271,#10272);
#9304=AXIS2_PLACEMENT_3D('',#12961,#10273,#10274);
#9305=AXIS2_PLACEMENT_3D('',#12964,#10275,#10276);
#9306=AXIS2_PLACEMENT_3D('',#12968,#10278,#10279);
#9307=AXIS2_PLACEMENT_3D('',#12972,#10281,#10282);
#9308=AXIS2_PLACEMENT_3D('',#12976,#10284,#10285);
#9309=AXIS2_PLACEMENT_3D('',#12980,#10287,#10288);
#9310=AXIS2_PLACEMENT_3D('',#12984,#10290,#10291);
#9311=AXIS2_PLACEMENT_3D('',#12988,#10293,#10294);
#9312=AXIS2_PLACEMENT_3D('',#12992,#10296,#10297);
#9313=AXIS2_PLACEMENT_3D('',#12996,#10299,#10300);
#9314=AXIS2_PLACEMENT_3D('',#13000,#10302,#10303);
#9315=AXIS2_PLACEMENT_3D('',#13004,#10305,#10306);
#9316=AXIS2_PLACEMENT_3D('',#13008,#10308,#10309);
#9317=AXIS2_PLACEMENT_3D('',#13012,#10311,#10312);
#9318=AXIS2_PLACEMENT_3D('',#13016,#10314,#10315);
#9319=AXIS2_PLACEMENT_3D('',#13020,#10317,#10318);
#9320=AXIS2_PLACEMENT_3D('',#13024,#10320,#10321);
#9321=AXIS2_PLACEMENT_3D('',#13028,#10323,#10324);
#9322=AXIS2_PLACEMENT_3D('',#13032,#10326,#10327);
#9323=AXIS2_PLACEMENT_3D('',#13036,#10329,#10330);
#9324=AXIS2_PLACEMENT_3D('',#13040,#10332,#10333);
#9325=AXIS2_PLACEMENT_3D('',#13044,#10335,#10336);
#9326=AXIS2_PLACEMENT_3D('',#13048,#10338,#10339);
#9327=AXIS2_PLACEMENT_3D('',#13052,#10341,#10342);
#9328=AXIS2_PLACEMENT_3D('',#13056,#10344,#10345);
#9329=AXIS2_PLACEMENT_3D('',#13060,#10347,#10348);
#9330=AXIS2_PLACEMENT_3D('',#13064,#10350,#10351);
#9331=AXIS2_PLACEMENT_3D('',#13068,#10353,#10354);
#9332=AXIS2_PLACEMENT_3D('',#13072,#10356,#10357);
#9333=AXIS2_PLACEMENT_3D('',#13076,#10359,#10360);
#9334=AXIS2_PLACEMENT_3D('',#13080,#10362,#10363);
#9335=AXIS2_PLACEMENT_3D('',#13084,#10365,#10366);
#9336=AXIS2_PLACEMENT_3D('',#13088,#10368,#10369);
#9337=AXIS2_PLACEMENT_3D('',#13092,#10371,#10372);
#9338=AXIS2_PLACEMENT_3D('',#13096,#10374,#10375);
#9339=AXIS2_PLACEMENT_3D('',#13100,#10377,#10378);
#9340=AXIS2_PLACEMENT_3D('',#13104,#10380,#10381);
#9341=AXIS2_PLACEMENT_3D('',#13108,#10383,#10384);
#9342=AXIS2_PLACEMENT_3D('',#13112,#10386,#10387);
#9343=AXIS2_PLACEMENT_3D('',#13116,#10389,#10390);
#9344=AXIS2_PLACEMENT_3D('',#13120,#10392,#10393);
#9345=AXIS2_PLACEMENT_3D('',#13124,#10395,#10396);
#9346=AXIS2_PLACEMENT_3D('',#13128,#10398,#10399);
#9347=AXIS2_PLACEMENT_3D('',#13132,#10401,#10402);
#9348=AXIS2_PLACEMENT_3D('',#13136,#10404,#10405);
#9349=AXIS2_PLACEMENT_3D('',#13140,#10407,#10408);
#9350=AXIS2_PLACEMENT_3D('',#13144,#10410,#10411);
#9351=AXIS2_PLACEMENT_3D('',#13148,#10413,#10414);
#9352=AXIS2_PLACEMENT_3D('',#13152,#10416,#10417);
#9353=AXIS2_PLACEMENT_3D('',#13156,#10419,#10420);
#9354=AXIS2_PLACEMENT_3D('',#13160,#10422,#10423);
#9355=AXIS2_PLACEMENT_3D('',#13164,#10425,#10426);
#9356=AXIS2_PLACEMENT_3D('',#13168,#10428,#10429);
#9357=AXIS2_PLACEMENT_3D('',#13172,#10431,#10432);
#9358=AXIS2_PLACEMENT_3D('',#13176,#10434,#10435);
#9359=AXIS2_PLACEMENT_3D('',#13180,#10437,#10438);
#9360=AXIS2_PLACEMENT_3D('',#13184,#10440,#10441);
#9361=AXIS2_PLACEMENT_3D('',#13188,#10443,#10444);
#9362=AXIS2_PLACEMENT_3D('',#13192,#10446,#10447);
#9363=AXIS2_PLACEMENT_3D('',#13196,#10449,#10450);
#9364=AXIS2_PLACEMENT_3D('',#13200,#10452,#10453);
#9365=AXIS2_PLACEMENT_3D('',#13204,#10455,#10456);
#9366=AXIS2_PLACEMENT_3D('',#13208,#10458,#10459);
#9367=AXIS2_PLACEMENT_3D('',#13212,#10461,#10462);
#9368=AXIS2_PLACEMENT_3D('',#13216,#10464,#10465);
#9369=AXIS2_PLACEMENT_3D('',#13218,#10467,#10468);
#9370=AXIS2_PLACEMENT_3D('',#13220,#10469,#10470);
#9371=AXIS2_PLACEMENT_3D('',#13222,#10472,#10473);
#9372=AXIS2_PLACEMENT_3D('',#13224,#10474,#10475);
#9373=AXIS2_PLACEMENT_3D('',#13225,#10476,#10477);
#9374=AXIS2_PLACEMENT_3D('',#13226,#10478,#10479);
#9375=AXIS2_PLACEMENT_3D('',#13228,#10480,#10481);
#9376=AXIS2_PLACEMENT_3D('',#13230,#10483,#10484);
#9377=AXIS2_PLACEMENT_3D('',#13265,#10485,#10486);
#9378=AXIS2_PLACEMENT_3D('',#13276,#10487,#10488);
#9379=AXIS2_PLACEMENT_3D('',#13280,#10490,#10491);
#9380=AXIS2_PLACEMENT_3D('',#13282,#10493,#10494);
#9381=AXIS2_PLACEMENT_3D('',#13284,#10495,#10496);
#9382=AXIS2_PLACEMENT_3D('',#13287,#10498,#10499);
#9383=AXIS2_PLACEMENT_3D('',#13288,#10500,#10501);
#9384=AXIS2_PLACEMENT_3D('',#13289,#10502,#10503);
#9385=AXIS2_PLACEMENT_3D('',#13291,#10504,#10505);
#9386=AXIS2_PLACEMENT_3D('',#13294,#10507,#10508);
#9387=AXIS2_PLACEMENT_3D('',#13295,#10509,#10510);
#9388=AXIS2_PLACEMENT_3D('',#13296,#10511,#10512);
#9389=AXIS2_PLACEMENT_3D('',#13298,#10513,#10514);
#9390=AXIS2_PLACEMENT_3D('',#13299,#10515,#10516);
#9391=AXIS2_PLACEMENT_3D('',#13302,#10517,#10518);
#9392=AXIS2_PLACEMENT_3D('',#13306,#10520,#10521);
#9393=AXIS2_PLACEMENT_3D('',#13308,#10523,#10524);
#9394=AXIS2_PLACEMENT_3D('',#13311,#10527,#10528);
#9395=AXIS2_PLACEMENT_3D('',#13314,#10530,#10531);
#9396=AXIS2_PLACEMENT_3D('',#13315,#10532,#10533);
#9397=AXIS2_PLACEMENT_3D('',#13324,#10538,#10539);
#9398=AXIS2_PLACEMENT_3D('',#13330,#10543,#10544);
#9399=AXIS2_PLACEMENT_3D('',#13336,#10548,#10549);
#9400=AXIS2_PLACEMENT_3D('',#13342,#10553,#10554);
#9401=AXIS2_PLACEMENT_3D('',#13348,#10558,#10559);
#9402=AXIS2_PLACEMENT_3D('',#13351,#10562,#10563);
#9403=AXIS2_PLACEMENT_3D('',#13368,#10568,#10569);
#9404=AXIS2_PLACEMENT_3D('',#13383,#10573,#10574);
#9405=AXIS2_PLACEMENT_3D('',#13398,#10578,#10579);
#9406=AXIS2_PLACEMENT_3D('',#13402,#10582,#10583);
#9407=AXIS2_PLACEMENT_3D('',#13406,#10586,#10587);
#9408=AXIS2_PLACEMENT_3D('',#13410,#10590,#10591);
#9409=AXIS2_PLACEMENT_3D('',#13414,#10594,#10595);
#9410=AXIS2_PLACEMENT_3D('',#13427,#10598,#10599);
#9411=AXIS2_PLACEMENT_3D('',#13428,#10600,#10601);
#9412=AXIS2_PLACEMENT_3D('',#13434,#10605,#10606);
#9413=AXIS2_PLACEMENT_3D('',#13493,#10614,#10615);
#9414=AXIS2_PLACEMENT_3D('',#13497,#10618,#10619);
#9415=AXIS2_PLACEMENT_3D('',#13534,#10625,#10626);
#9416=AXIS2_PLACEMENT_3D('',#13538,#10629,#10630);
#9417=AXIS2_PLACEMENT_3D('',#13542,#10633,#10634);
#9418=AXIS2_PLACEMENT_3D('',#13546,#10637,#10638);
#9419=AXIS2_PLACEMENT_3D('',#13550,#10641,#10642);
#9420=AXIS2_PLACEMENT_3D('',#13554,#10645,#10646);
#9421=AXIS2_PLACEMENT_3D('',#13558,#10649,#10650);
#9422=AXIS2_PLACEMENT_3D('',#13562,#10653,#10654);
#9423=AXIS2_PLACEMENT_3D('',#13566,#10657,#10658);
#9424=AXIS2_PLACEMENT_3D('',#13568,#10660,#10661);
#9425=AXIS2_PLACEMENT_3D('',#13569,#10662,#10663);
#9426=AXIS2_PLACEMENT_3D('',#13578,#10668,#10669);
#9427=AXIS2_PLACEMENT_3D('',#13584,#10673,#10674);
#9428=AXIS2_PLACEMENT_3D('',#13590,#10678,#10679);
#9429=AXIS2_PLACEMENT_3D('',#13596,#10683,#10684);
#9430=AXIS2_PLACEMENT_3D('',#13599,#10687,#10688);
#9431=AXIS2_PLACEMENT_3D('',#13605,#10692,#10693);
#9432=AXIS2_PLACEMENT_3D('',#13620,#10697,#10698);
#9433=AXIS2_PLACEMENT_3D('',#13646,#10703,#10704);
#9434=AXIS2_PLACEMENT_3D('',#13661,#10708,#10709);
#9435=AXIS2_PLACEMENT_3D('',#13665,#10712,#10713);
#9436=AXIS2_PLACEMENT_3D('',#13669,#10716,#10717);
#9437=AXIS2_PLACEMENT_3D('',#13673,#10720,#10721);
#9438=AXIS2_PLACEMENT_3D('',#13677,#10724,#10725);
#9439=AXIS2_PLACEMENT_3D('',#13679,#10727,#10728);
#9440=AXIS2_PLACEMENT_3D('',#13680,#10729,#10730);
#9441=AXIS2_PLACEMENT_3D('',#13689,#10735,#10736);
#9442=AXIS2_PLACEMENT_3D('',#13695,#10740,#10741);
#9443=AXIS2_PLACEMENT_3D('',#13701,#10745,#10746);
#9444=AXIS2_PLACEMENT_3D('',#13707,#10750,#10751);
#9445=AXIS2_PLACEMENT_3D('',#13710,#10754,#10755);
#9446=AXIS2_PLACEMENT_3D('',#13716,#10759,#10760);
#9447=AXIS2_PLACEMENT_3D('',#13731,#10764,#10765);
#9448=AXIS2_PLACEMENT_3D('',#13757,#10770,#10771);
#9449=AXIS2_PLACEMENT_3D('',#13772,#10775,#10776);
#9450=AXIS2_PLACEMENT_3D('',#13776,#10779,#10780);
#9451=AXIS2_PLACEMENT_3D('',#13780,#10783,#10784);
#9452=AXIS2_PLACEMENT_3D('',#13784,#10787,#10788);
#9453=AXIS2_PLACEMENT_3D('',#13788,#10791,#10792);
#9454=AXIS2_PLACEMENT_3D('',#13790,#10794,#10795);
#9455=AXIS2_PLACEMENT_3D('',#13791,#10796,#10797);
#9456=AXIS2_PLACEMENT_3D('',#13797,#10801,#10802);
#9457=AXIS2_PLACEMENT_3D('',#13801,#10805,#10806);
#9458=AXIS2_PLACEMENT_3D('',#13805,#10809,#10810);
#9459=AXIS2_PLACEMENT_3D('',#13809,#10813,#10814);
#9460=AXIS2_PLACEMENT_3D('',#13813,#10817,#10818);
#9461=AXIS2_PLACEMENT_3D('',#13817,#10821,#10822);
#9462=AXIS2_PLACEMENT_3D('',#13821,#10825,#10826);
#9463=AXIS2_PLACEMENT_3D('',#13825,#10829,#10830);
#9464=AXIS2_PLACEMENT_3D('',#13840,#10834,#10835);
#9465=AXIS2_PLACEMENT_3D('',#13855,#10839,#10840);
#9466=AXIS2_PLACEMENT_3D('',#13870,#10844,#10845);
#9467=AXIS2_PLACEMENT_3D('',#13885,#10849,#10850);
#9468=AXIS2_PLACEMENT_3D('',#13900,#10854,#10855);
#9469=AXIS2_PLACEMENT_3D('',#13904,#10858,#10859);
#9470=AXIS2_PLACEMENT_3D('',#13908,#10862,#10863);
#9471=AXIS2_PLACEMENT_3D('',#13912,#10866,#10867);
#9472=AXIS2_PLACEMENT_3D('',#13916,#10870,#10871);
#9473=AXIS2_PLACEMENT_3D('',#13920,#10874,#10875);
#9474=AXIS2_PLACEMENT_3D('',#13924,#10878,#10879);
#9475=AXIS2_PLACEMENT_3D('',#13926,#10881,#10882);
#9476=AXIS2_PLACEMENT_3D('',#13927,#10883,#10884);
#9477=AXIS2_PLACEMENT_3D('',#13933,#10888,#10889);
#9478=AXIS2_PLACEMENT_3D('',#13937,#10892,#10893);
#9479=AXIS2_PLACEMENT_3D('',#13941,#10896,#10897);
#9480=AXIS2_PLACEMENT_3D('',#13945,#10900,#10901);
#9481=AXIS2_PLACEMENT_3D('',#13949,#10904,#10905);
#9482=AXIS2_PLACEMENT_3D('',#13953,#10908,#10909);
#9483=AXIS2_PLACEMENT_3D('',#13957,#10912,#10913);
#9484=AXIS2_PLACEMENT_3D('',#13961,#10916,#10917);
#9485=AXIS2_PLACEMENT_3D('',#13965,#10920,#10921);
#9486=AXIS2_PLACEMENT_3D('',#13969,#10924,#10925);
#9487=AXIS2_PLACEMENT_3D('',#13973,#10928,#10929);
#9488=AXIS2_PLACEMENT_3D('',#13975,#10931,#10932);
#9489=AXIS2_PLACEMENT_3D('',#13976,#10933,#10934);
#9490=AXIS2_PLACEMENT_3D('',#13985,#10939,#10940);
#9491=AXIS2_PLACEMENT_3D('',#13991,#10944,#10945);
#9492=AXIS2_PLACEMENT_3D('',#13997,#10949,#10950);
#9493=AXIS2_PLACEMENT_3D('',#14003,#10954,#10955);
#9494=AXIS2_PLACEMENT_3D('',#14006,#10958,#10959);
#9495=AXIS2_PLACEMENT_3D('',#14012,#10963,#10964);
#9496=AXIS2_PLACEMENT_3D('',#14027,#10968,#10969);
#9497=AXIS2_PLACEMENT_3D('',#14053,#10974,#10975);
#9498=AXIS2_PLACEMENT_3D('',#14068,#10979,#10980);
#9499=AXIS2_PLACEMENT_3D('',#14072,#10983,#10984);
#9500=AXIS2_PLACEMENT_3D('',#14076,#10987,#10988);
#9501=AXIS2_PLACEMENT_3D('',#14080,#10991,#10992);
#9502=AXIS2_PLACEMENT_3D('',#14084,#10995,#10996);
#9503=AXIS2_PLACEMENT_3D('',#14086,#10998,#10999);
#9504=AXIS2_PLACEMENT_3D('',#14087,#11000,#11001);
#9505=AXIS2_PLACEMENT_3D('',#14096,#11006,#11007);
#9506=AXIS2_PLACEMENT_3D('',#14102,#11011,#11012);
#9507=AXIS2_PLACEMENT_3D('',#14108,#11016,#11017);
#9508=AXIS2_PLACEMENT_3D('',#14114,#11021,#11022);
#9509=AXIS2_PLACEMENT_3D('',#14117,#11025,#11026);
#9510=AXIS2_PLACEMENT_3D('',#14123,#11030,#11031);
#9511=AXIS2_PLACEMENT_3D('',#14138,#11035,#11036);
#9512=AXIS2_PLACEMENT_3D('',#14164,#11041,#11042);
#9513=AXIS2_PLACEMENT_3D('',#14179,#11046,#11047);
#9514=AXIS2_PLACEMENT_3D('',#14183,#11050,#11051);
#9515=AXIS2_PLACEMENT_3D('',#14187,#11054,#11055);
#9516=AXIS2_PLACEMENT_3D('',#14191,#11058,#11059);
#9517=AXIS2_PLACEMENT_3D('',#14195,#11062,#11063);
#9518=AXIS2_PLACEMENT_3D('',#14197,#11065,#11066);
#9519=AXIS2_PLACEMENT_3D('',#14198,#11067,#11068);
#9520=AXIS2_PLACEMENT_3D('',#14204,#11072,#11073);
#9521=AXIS2_PLACEMENT_3D('',#14263,#11081,#11082);
#9522=AXIS2_PLACEMENT_3D('',#14267,#11085,#11086);
#9523=AXIS2_PLACEMENT_3D('',#14304,#11092,#11093);
#9524=AXIS2_PLACEMENT_3D('',#14308,#11096,#11097);
#9525=AXIS2_PLACEMENT_3D('',#14312,#11100,#11101);
#9526=AXIS2_PLACEMENT_3D('',#14316,#11104,#11105);
#9527=AXIS2_PLACEMENT_3D('',#14320,#11108,#11109);
#9528=AXIS2_PLACEMENT_3D('',#14324,#11112,#11113);
#9529=AXIS2_PLACEMENT_3D('',#14328,#11116,#11117);
#9530=AXIS2_PLACEMENT_3D('',#14332,#11120,#11121);
#9531=AXIS2_PLACEMENT_3D('',#14336,#11124,#11125);
#9532=AXIS2_PLACEMENT_3D('',#14338,#11127,#11128);
#9533=AXIS2_PLACEMENT_3D('',#14339,#11129,#11130);
#9534=AXIS2_PLACEMENT_3D('',#14348,#11135,#11136);
#9535=AXIS2_PLACEMENT_3D('',#14354,#11140,#11141);
#9536=AXIS2_PLACEMENT_3D('',#14360,#11145,#11146);
#9537=AXIS2_PLACEMENT_3D('',#14366,#11150,#11151);
#9538=AXIS2_PLACEMENT_3D('',#14372,#11155,#11156);
#9539=AXIS2_PLACEMENT_3D('',#14375,#11159,#11160);
#9540=AXIS2_PLACEMENT_3D('',#14392,#11165,#11166);
#9541=AXIS2_PLACEMENT_3D('',#14407,#11170,#11171);
#9542=AXIS2_PLACEMENT_3D('',#14422,#11175,#11176);
#9543=AXIS2_PLACEMENT_3D('',#14426,#11179,#11180);
#9544=AXIS2_PLACEMENT_3D('',#14430,#11183,#11184);
#9545=AXIS2_PLACEMENT_3D('',#14434,#11187,#11188);
#9546=AXIS2_PLACEMENT_3D('',#14438,#11191,#11192);
#9547=AXIS2_PLACEMENT_3D('',#14451,#11195,#11196);
#9548=AXIS2_PLACEMENT_3D('',#14452,#11197,#11198);
#9549=AXIS2_PLACEMENT_3D('',#14461,#11203,#11204);
#9550=AXIS2_PLACEMENT_3D('',#14467,#11208,#11209);
#9551=AXIS2_PLACEMENT_3D('',#14473,#11213,#11214);
#9552=AXIS2_PLACEMENT_3D('',#14479,#11218,#11219);
#9553=AXIS2_PLACEMENT_3D('',#14485,#11223,#11224);
#9554=AXIS2_PLACEMENT_3D('',#14488,#11227,#11228);
#9555=AXIS2_PLACEMENT_3D('',#14494,#11232,#11233);
#9556=AXIS2_PLACEMENT_3D('',#14509,#11237,#11238);
#9557=AXIS2_PLACEMENT_3D('',#14524,#11242,#11243);
#9558=AXIS2_PLACEMENT_3D('',#14539,#11247,#11248);
#9559=AXIS2_PLACEMENT_3D('',#14554,#11252,#11253);
#9560=AXIS2_PLACEMENT_3D('',#14558,#11256,#11257);
#9561=AXIS2_PLACEMENT_3D('',#14562,#11260,#11261);
#9562=AXIS2_PLACEMENT_3D('',#14566,#11264,#11265);
#9563=AXIS2_PLACEMENT_3D('',#14570,#11268,#11269);
#9564=AXIS2_PLACEMENT_3D('',#14572,#11271,#11272);
#9565=AXIS2_PLACEMENT_3D('',#14573,#11273,#11274);
#9566=AXIS2_PLACEMENT_3D('',#14579,#11278,#11279);
#9567=AXIS2_PLACEMENT_3D('',#14583,#11282,#11283);
#9568=AXIS2_PLACEMENT_3D('',#14587,#11286,#11287);
#9569=AXIS2_PLACEMENT_3D('',#14591,#11290,#11291);
#9570=AXIS2_PLACEMENT_3D('',#14595,#11294,#11295);
#9571=AXIS2_PLACEMENT_3D('',#14599,#11298,#11299);
#9572=AXIS2_PLACEMENT_3D('',#14603,#11302,#11303);
#9573=AXIS2_PLACEMENT_3D('',#14607,#11306,#11307);
#9574=AXIS2_PLACEMENT_3D('',#14611,#11310,#11311);
#9575=AXIS2_PLACEMENT_3D('',#14615,#11314,#11315);
#9576=AXIS2_PLACEMENT_3D('',#14619,#11318,#11319);
#9577=AXIS2_PLACEMENT_3D('',#14621,#11321,#11322);
#9578=AXIS2_PLACEMENT_3D('',#14622,#11323,#11324);
#9579=AXIS2_PLACEMENT_3D('',#14628,#11328,#11329);
#9580=AXIS2_PLACEMENT_3D('',#14632,#11332,#11333);
#9581=AXIS2_PLACEMENT_3D('',#14636,#11336,#11337);
#9582=AXIS2_PLACEMENT_3D('',#14640,#11340,#11341);
#9583=AXIS2_PLACEMENT_3D('',#14644,#11344,#11345);
#9584=AXIS2_PLACEMENT_3D('',#14648,#11348,#11349);
#9585=AXIS2_PLACEMENT_3D('',#14652,#11352,#11353);
#9586=AXIS2_PLACEMENT_3D('',#14656,#11356,#11357);
#9587=AXIS2_PLACEMENT_3D('',#14671,#11361,#11362);
#9588=AXIS2_PLACEMENT_3D('',#14686,#11366,#11367);
#9589=AXIS2_PLACEMENT_3D('',#14701,#11371,#11372);
#9590=AXIS2_PLACEMENT_3D('',#14716,#11376,#11377);
#9591=AXIS2_PLACEMENT_3D('',#14731,#11381,#11382);
#9592=AXIS2_PLACEMENT_3D('',#14735,#11385,#11386);
#9593=AXIS2_PLACEMENT_3D('',#14739,#11389,#11390);
#9594=AXIS2_PLACEMENT_3D('',#14743,#11393,#11394);
#9595=AXIS2_PLACEMENT_3D('',#14747,#11397,#11398);
#9596=AXIS2_PLACEMENT_3D('',#14751,#11401,#11402);
#9597=AXIS2_PLACEMENT_3D('',#14755,#11405,#11406);
#9598=AXIS2_PLACEMENT_3D('',#14757,#11408,#11409);
#9599=AXIS2_PLACEMENT_3D('',#14758,#11410,#11411);
#9600=AXIS2_PLACEMENT_3D('',#14767,#11416,#11417);
#9601=AXIS2_PLACEMENT_3D('',#14773,#11421,#11422);
#9602=AXIS2_PLACEMENT_3D('',#14779,#11426,#11427);
#9603=AXIS2_PLACEMENT_3D('',#14785,#11431,#11432);
#9604=AXIS2_PLACEMENT_3D('',#14791,#11436,#11437);
#9605=AXIS2_PLACEMENT_3D('',#14794,#11440,#11441);
#9606=AXIS2_PLACEMENT_3D('',#14800,#11445,#11446);
#9607=AXIS2_PLACEMENT_3D('',#14815,#11450,#11451);
#9608=AXIS2_PLACEMENT_3D('',#14830,#11455,#11456);
#9609=AXIS2_PLACEMENT_3D('',#14845,#11460,#11461);
#9610=AXIS2_PLACEMENT_3D('',#14860,#11465,#11466);
#9611=AXIS2_PLACEMENT_3D('',#14864,#11469,#11470);
#9612=AXIS2_PLACEMENT_3D('',#14868,#11473,#11474);
#9613=AXIS2_PLACEMENT_3D('',#14872,#11477,#11478);
#9614=AXIS2_PLACEMENT_3D('',#14876,#11481,#11482);
#9615=AXIS2_PLACEMENT_3D('',#14878,#11484,#11485);
#9616=AXIS2_PLACEMENT_3D('',#14879,#11486,#11487);
#9617=AXIS2_PLACEMENT_3D('',#14880,#11488,#11489);
#9618=AXIS2_PLACEMENT_3D('',#14881,#11490,#11491);
#9619=AXIS2_PLACEMENT_3D('',#14882,#11492,#11493);
#9620=AXIS2_PLACEMENT_3D('',#14883,#11494,#11495);
#9621=AXIS2_PLACEMENT_3D('',#14884,#11496,#11497);
#9622=AXIS2_PLACEMENT_3D('',#14885,#11498,#11499);
#9623=AXIS2_PLACEMENT_3D('',#14886,#11500,#11501);
#9624=AXIS2_PLACEMENT_3D('',#14889,#11504,#11505);
#9625=AXIS2_PLACEMENT_3D('',#14891,#11507,#11508);
#9626=AXIS2_PLACEMENT_3D('',#14893,#11510,#11511);
#9627=AXIS2_PLACEMENT_3D('',#14895,#11513,#11514);
#9628=AXIS2_PLACEMENT_3D('',#14897,#11516,#11517);
#9629=AXIS2_PLACEMENT_3D('',#14899,#11519,#11520);
#9630=AXIS2_PLACEMENT_3D('',#14901,#11522,#11523);
#9631=AXIS2_PLACEMENT_3D('',#14902,#11524,#11525);
#9632=AXIS2_PLACEMENT_3D('',#14905,#11528,#11529);
#9633=AXIS2_PLACEMENT_3D('',#14907,#11531,#11532);
#9634=AXIS2_PLACEMENT_3D('',#14909,#11534,#11535);
#9635=AXIS2_PLACEMENT_3D('',#14911,#11537,#11538);
#9636=AXIS2_PLACEMENT_3D('',#14913,#11540,#11541);
#9637=AXIS2_PLACEMENT_3D('',#14915,#11543,#11544);
#9638=AXIS2_PLACEMENT_3D('',#14917,#11546,#11547);
#9639=AXIS2_PLACEMENT_3D('',#14918,#11548,#11549);
#9640=AXIS2_PLACEMENT_3D('',#14921,#11552,#11553);
#9641=AXIS2_PLACEMENT_3D('',#14923,#11555,#11556);
#9642=AXIS2_PLACEMENT_3D('',#14925,#11558,#11559);
#9643=AXIS2_PLACEMENT_3D('',#14927,#11561,#11562);
#9644=AXIS2_PLACEMENT_3D('',#14929,#11564,#11565);
#9645=AXIS2_PLACEMENT_3D('',#14931,#11567,#11568);
#9646=AXIS2_PLACEMENT_3D('',#14933,#11570,#11571);
#9647=AXIS2_PLACEMENT_3D('',#14934,#11572,#11573);
#9648=AXIS2_PLACEMENT_3D('',#14936,#11575,#11576);
#9649=AXIS2_PLACEMENT_3D('',#14938,#11577,#11578);
#9650=AXIS2_PLACEMENT_3D('',#14940,#11580,#11581);
#9651=AXIS2_PLACEMENT_3D('',#14943,#11584,#11585);
#9652=AXIS2_PLACEMENT_3D('',#14945,#11587,#11588);
#9653=AXIS2_PLACEMENT_3D('',#14947,#11590,#11591);
#9654=AXIS2_PLACEMENT_3D('',#14949,#11593,#11594);
#9655=AXIS2_PLACEMENT_3D('',#14951,#11596,#11597);
#9656=AXIS2_PLACEMENT_3D('',#14953,#11599,#11600);
#9657=AXIS2_PLACEMENT_3D('',#14955,#11602,#11603);
#9658=AXIS2_PLACEMENT_3D('',#14956,#11604,#11605);
#9659=AXIS2_PLACEMENT_3D('',#14959,#11608,#11609);
#9660=AXIS2_PLACEMENT_3D('',#14961,#11611,#11612);
#9661=AXIS2_PLACEMENT_3D('',#14963,#11614,#11615);
#9662=AXIS2_PLACEMENT_3D('',#14965,#11617,#11618);
#9663=AXIS2_PLACEMENT_3D('',#14967,#11620,#11621);
#9664=AXIS2_PLACEMENT_3D('',#14969,#11623,#11624);
#9665=AXIS2_PLACEMENT_3D('',#14971,#11626,#11627);
#9666=AXIS2_PLACEMENT_3D('',#14972,#11628,#11629);
#9667=AXIS2_PLACEMENT_3D('',#14975,#11632,#11633);
#9668=AXIS2_PLACEMENT_3D('',#14977,#11635,#11636);
#9669=AXIS2_PLACEMENT_3D('',#14979,#11638,#11639);
#9670=AXIS2_PLACEMENT_3D('',#14981,#11641,#11642);
#9671=AXIS2_PLACEMENT_3D('',#14983,#11644,#11645);
#9672=AXIS2_PLACEMENT_3D('',#14985,#11647,#11648);
#9673=AXIS2_PLACEMENT_3D('',#14987,#11650,#11651);
#9674=AXIS2_PLACEMENT_3D('',#14988,#11652,#11653);
#9675=AXIS2_PLACEMENT_3D('',#14991,#11656,#11657);
#9676=AXIS2_PLACEMENT_3D('',#14993,#11659,#11660);
#9677=AXIS2_PLACEMENT_3D('',#14995,#11662,#11663);
#9678=AXIS2_PLACEMENT_3D('',#14997,#11665,#11666);
#9679=AXIS2_PLACEMENT_3D('',#14999,#11668,#11669);
#9680=AXIS2_PLACEMENT_3D('',#15001,#11671,#11672);
#9681=AXIS2_PLACEMENT_3D('',#15003,#11674,#11675);
#9682=AXIS2_PLACEMENT_3D('',#15004,#11676,#11677);
#9683=AXIS2_PLACEMENT_3D('',#15007,#11680,#11681);
#9684=AXIS2_PLACEMENT_3D('',#15009,#11683,#11684);
#9685=AXIS2_PLACEMENT_3D('',#15011,#11686,#11687);
#9686=AXIS2_PLACEMENT_3D('',#15013,#11689,#11690);
#9687=AXIS2_PLACEMENT_3D('',#15015,#11692,#11693);
#9688=AXIS2_PLACEMENT_3D('',#15017,#11695,#11696);
#9689=AXIS2_PLACEMENT_3D('',#15019,#11698,#11699);
#9690=AXIS2_PLACEMENT_3D('',#15020,#11700,#11701);
#9691=AXIS2_PLACEMENT_3D('',#15023,#11704,#11705);
#9692=AXIS2_PLACEMENT_3D('',#15025,#11707,#11708);
#9693=AXIS2_PLACEMENT_3D('',#15027,#11710,#11711);
#9694=AXIS2_PLACEMENT_3D('',#15029,#11713,#11714);
#9695=AXIS2_PLACEMENT_3D('',#15031,#11716,#11717);
#9696=AXIS2_PLACEMENT_3D('',#15033,#11719,#11720);
#9697=AXIS2_PLACEMENT_3D('',#15035,#11722,#11723);
#9698=AXIS2_PLACEMENT_3D('',#15036,#11724,#11725);
#9699=AXIS2_PLACEMENT_3D('',#15039,#11728,#11729);
#9700=AXIS2_PLACEMENT_3D('',#15041,#11731,#11732);
#9701=AXIS2_PLACEMENT_3D('',#15043,#11734,#11735);
#9702=AXIS2_PLACEMENT_3D('',#15045,#11737,#11738);
#9703=AXIS2_PLACEMENT_3D('',#15047,#11740,#11741);
#9704=AXIS2_PLACEMENT_3D('',#15049,#11743,#11744);
#9705=AXIS2_PLACEMENT_3D('',#15051,#11746,#11747);
#9706=AXIS2_PLACEMENT_3D('',#15052,#11748,#11749);
#9707=AXIS2_PLACEMENT_3D('',#15055,#11752,#11753);
#9708=AXIS2_PLACEMENT_3D('',#15057,#11755,#11756);
#9709=AXIS2_PLACEMENT_3D('',#15059,#11758,#11759);
#9710=AXIS2_PLACEMENT_3D('',#15061,#11761,#11762);
#9711=AXIS2_PLACEMENT_3D('',#15063,#11764,#11765);
#9712=AXIS2_PLACEMENT_3D('',#15065,#11767,#11768);
#9713=AXIS2_PLACEMENT_3D('',#15067,#11770,#11771);
#9714=AXIS2_PLACEMENT_3D('',#15068,#11772,#11773);
#9715=AXIS2_PLACEMENT_3D('',#15071,#11776,#11777);
#9716=AXIS2_PLACEMENT_3D('',#15073,#11779,#11780);
#9717=AXIS2_PLACEMENT_3D('',#15075,#11782,#11783);
#9718=AXIS2_PLACEMENT_3D('',#15077,#11785,#11786);
#9719=AXIS2_PLACEMENT_3D('',#15079,#11788,#11789);
#9720=AXIS2_PLACEMENT_3D('',#15081,#11791,#11792);
#9721=AXIS2_PLACEMENT_3D('',#15083,#11794,#11795);
#9722=AXIS2_PLACEMENT_3D('',#15084,#11796,#11797);
#9723=AXIS2_PLACEMENT_3D('',#15087,#11800,#11801);
#9724=AXIS2_PLACEMENT_3D('',#15089,#11803,#11804);
#9725=AXIS2_PLACEMENT_3D('',#15091,#11806,#11807);
#9726=AXIS2_PLACEMENT_3D('',#15093,#11809,#11810);
#9727=AXIS2_PLACEMENT_3D('',#15095,#11812,#11813);
#9728=AXIS2_PLACEMENT_3D('',#15097,#11815,#11816);
#9729=AXIS2_PLACEMENT_3D('',#15099,#11818,#11819);
#9730=AXIS2_PLACEMENT_3D('',#15100,#11820,#11821);
#9731=AXIS2_PLACEMENT_3D('',#15103,#11824,#11825);
#9732=AXIS2_PLACEMENT_3D('',#15105,#11827,#11828);
#9733=AXIS2_PLACEMENT_3D('',#15107,#11830,#11831);
#9734=AXIS2_PLACEMENT_3D('',#15109,#11833,#11834);
#9735=AXIS2_PLACEMENT_3D('',#15111,#11836,#11837);
#9736=AXIS2_PLACEMENT_3D('',#15113,#11839,#11840);
#9737=AXIS2_PLACEMENT_3D('',#15115,#11842,#11843);
#9738=AXIS2_PLACEMENT_3D('',#15116,#11844,#11845);
#9739=AXIS2_PLACEMENT_3D('',#15119,#11848,#11849);
#9740=AXIS2_PLACEMENT_3D('',#15121,#11851,#11852);
#9741=AXIS2_PLACEMENT_3D('',#15123,#11854,#11855);
#9742=AXIS2_PLACEMENT_3D('',#15125,#11857,#11858);
#9743=AXIS2_PLACEMENT_3D('',#15127,#11860,#11861);
#9744=AXIS2_PLACEMENT_3D('',#15129,#11863,#11864);
#9745=AXIS2_PLACEMENT_3D('',#15131,#11866,#11867);
#9746=AXIS2_PLACEMENT_3D('',#15132,#11868,#11869);
#9747=AXIS2_PLACEMENT_3D('',#15134,#11871,#11872);
#9748=AXIS2_PLACEMENT_3D('',#15137,#11875,#11876);
#9749=AXIS2_PLACEMENT_3D('',#15139,#11878,#11879);
#9750=AXIS2_PLACEMENT_3D('',#15141,#11881,#11882);
#9751=AXIS2_PLACEMENT_3D('',#15143,#11884,#11885);
#9752=AXIS2_PLACEMENT_3D('',#15145,#11887,#11888);
#9753=AXIS2_PLACEMENT_3D('',#15147,#11890,#11891);
#9754=AXIS2_PLACEMENT_3D('',#15149,#11893,#11894);
#9755=AXIS2_PLACEMENT_3D('',#15150,#11895,#11896);
#9756=AXIS2_PLACEMENT_3D('',#15153,#11899,#11900);
#9757=AXIS2_PLACEMENT_3D('',#15155,#11902,#11903);
#9758=AXIS2_PLACEMENT_3D('',#15157,#11905,#11906);
#9759=AXIS2_PLACEMENT_3D('',#15159,#11908,#11909);
#9760=AXIS2_PLACEMENT_3D('',#15161,#11911,#11912);
#9761=AXIS2_PLACEMENT_3D('',#15163,#11914,#11915);
#9762=AXIS2_PLACEMENT_3D('',#15165,#11917,#11918);
#9763=AXIS2_PLACEMENT_3D('',#15166,#11919,#11920);
#9764=AXIS2_PLACEMENT_3D('',#15169,#11923,#11924);
#9765=AXIS2_PLACEMENT_3D('',#15171,#11926,#11927);
#9766=AXIS2_PLACEMENT_3D('',#15173,#11929,#11930);
#9767=AXIS2_PLACEMENT_3D('',#15175,#11932,#11933);
#9768=AXIS2_PLACEMENT_3D('',#15177,#11935,#11936);
#9769=AXIS2_PLACEMENT_3D('',#15179,#11938,#11939);
#9770=AXIS2_PLACEMENT_3D('',#15181,#11941,#11942);
#9771=AXIS2_PLACEMENT_3D('',#15183,#11944,#11945);
#9772=AXIS2_PLACEMENT_3D('',#15184,#11946,#11947);
#9773=AXIS2_PLACEMENT_3D('',#15186,#11949,#11950);
#9774=AXIS2_PLACEMENT_3D('',#15188,#11952,#11953);
#9775=AXIS2_PLACEMENT_3D('',#15190,#11955,#11956);
#9776=AXIS2_PLACEMENT_3D('',#15192,#11958,#11959);
#9777=AXIS2_PLACEMENT_3D('',#15194,#11961,#11962);
#9778=AXIS2_PLACEMENT_3D('',#15196,#11964,#11965);
#9779=AXIS2_PLACEMENT_3D('',#15198,#11967,#11968);
#9780=AXIS2_PLACEMENT_3D('',#15200,#11970,#11971);
#9781=AXIS2_PLACEMENT_3D('',#15202,#11973,#11974);
#9782=AXIS2_PLACEMENT_3D('',#15204,#11976,#11977);
#9783=AXIS2_PLACEMENT_3D('',#15205,#11978,#11979);
#9784=AXIS2_PLACEMENT_3D('',#15206,#11980,#11981);
#9785=DIRECTION('axis',(0.,0.,1.));
#9786=DIRECTION('refdir',(1.,0.,0.));
#9787=DIRECTION('center_axis',(1.,0.,0.));
#9788=DIRECTION('ref_axis',(0.,-1.,0.));
#9789=DIRECTION('',(0.,1.,0.));
#9790=DIRECTION('',(0.,0.,-1.));
#9791=DIRECTION('',(0.,-1.,0.));
#9792=DIRECTION('',(0.,0.,1.));
#9793=DIRECTION('center_axis',(-1.,0.,0.));
#9794=DIRECTION('ref_axis',(0.,1.,0.));
#9795=DIRECTION('',(0.,-1.,0.));
#9796=DIRECTION('',(0.,0.,-1.));
#9797=DIRECTION('',(0.,1.,0.));
#9798=DIRECTION('',(0.,0.,-1.));
#9799=DIRECTION('center_axis',(0.,-1.,0.));
#9800=DIRECTION('ref_axis',(-1.,0.,0.));
#9801=DIRECTION('',(1.,0.,0.));
#9802=DIRECTION('',(-1.,0.,0.));
#9803=DIRECTION('center_axis',(-2.37058302103921E-16,1.,0.));
#9804=DIRECTION('ref_axis',(1.,2.37058302103921E-16,0.));
#9805=DIRECTION('',(1.,2.37058302103921E-16,0.));
#9806=DIRECTION('',(0.,0.,-1.));
#9807=DIRECTION('',(1.,2.37058302103921E-16,0.));
#9808=DIRECTION('center_axis',(-2.37058302103921E-16,1.,0.));
#9809=DIRECTION('ref_axis',(1.,2.37058302103921E-16,0.));
#9810=DIRECTION('',(1.,2.37058302103921E-16,0.));
#9811=DIRECTION('',(0.,0.,-1.));
#9812=DIRECTION('',(1.,2.37058302103921E-16,0.));
#9813=DIRECTION('center_axis',(0.,0.,1.));
#9814=DIRECTION('ref_axis',(1.,0.,0.));
#9815=DIRECTION('center_axis',(0.,0.,1.));
#9816=DIRECTION('ref_axis',(6.42320068579885E-8,0.999999999999998,0.));
#9817=DIRECTION('',(-1.35465327624533E-16,1.,0.));
#9818=DIRECTION('',(-1.,-4.8296981273041E-14,0.));
#9819=DIRECTION('center_axis',(0.,0.,1.));
#9820=DIRECTION('ref_axis',(1.,4.85326065050435E-14,0.));
#9821=DIRECTION('',(-4.88575271770059E-14,1.,0.));
#9822=DIRECTION('center_axis',(0.,0.,1.));
#9823=DIRECTION('ref_axis',(-1.,-4.88498130835084E-14,0.));
#9824=DIRECTION('',(1.,0.,0.));
#9825=DIRECTION('center_axis',(0.,0.,1.));
#9826=DIRECTION('ref_axis',(1.,0.,0.));
#9827=DIRECTION('',(0.,1.,0.));
#9828=DIRECTION('',(-1.,0.,0.));
#9829=DIRECTION('center_axis',(0.,0.,1.));
#9830=DIRECTION('ref_axis',(9.71016551207302E-6,-0.999999999952856,0.));
#9831=DIRECTION('',(-0.427006302953664,-0.904248647904902,0.));
#9832=DIRECTION('center_axis',(0.,0.,1.));
#9833=DIRECTION('ref_axis',(0.90424844920369,-0.42700672373245,0.));
#9834=DIRECTION('',(-1.,1.09760061752365E-16,0.));
#9835=DIRECTION('center_axis',(0.,0.,1.));
#9836=DIRECTION('ref_axis',(-1.,-3.1720657846433E-16,0.));
#9837=DIRECTION('',(0.,1.,0.));
#9838=DIRECTION('',(-1.,0.,0.));
#9839=DIRECTION('center_axis',(0.,0.,1.));
#9840=DIRECTION('ref_axis',(-5.06987223914214E-7,0.999999999999872,0.));
#9841=DIRECTION('',(0.800000038761974,0.599999948317364,0.));
#9842=DIRECTION('center_axis',(0.,0.,1.));
#9843=DIRECTION('ref_axis',(6.33731297181384E-7,-0.999999999999799,0.));
#9844=DIRECTION('center_axis',(0.,0.,-1.));
#9845=DIRECTION('ref_axis',(0.,1.,0.));
#9846=DIRECTION('',(1.,0.,0.));
#9847=DIRECTION('center_axis',(0.,0.,-1.));
#9848=DIRECTION('ref_axis',(1.,0.,0.));
#9849=DIRECTION('',(0.,-1.,0.));
#9850=DIRECTION('center_axis',(0.,0.,-1.));
#9851=DIRECTION('ref_axis',(0.,-1.,0.));
#9852=DIRECTION('',(-1.,0.,0.));
#9853=DIRECTION('center_axis',(0.,0.,-1.));
#9854=DIRECTION('ref_axis',(-1.,0.,0.));
#9855=DIRECTION('',(0.,1.,0.));
#9856=DIRECTION('center_axis',(0.,0.,-1.));
#9857=DIRECTION('ref_axis',(0.,1.,0.));
#9858=DIRECTION('',(1.,0.,0.));
#9859=DIRECTION('center_axis',(0.,0.,-1.));
#9860=DIRECTION('ref_axis',(1.,0.,0.));
#9861=DIRECTION('',(0.,-1.,0.));
#9862=DIRECTION('center_axis',(0.,0.,-1.));
#9863=DIRECTION('ref_axis',(0.,-1.,0.));
#9864=DIRECTION('',(-1.,0.,0.));
#9865=DIRECTION('center_axis',(0.,0.,-1.));
#9866=DIRECTION('ref_axis',(-1.,0.,0.));
#9867=DIRECTION('',(0.,1.,0.));
#9868=DIRECTION('center_axis',(0.,0.,-1.));
#9869=DIRECTION('ref_axis',(0.,1.,0.));
#9870=DIRECTION('',(1.,0.,0.));
#9871=DIRECTION('center_axis',(0.,0.,-1.));
#9872=DIRECTION('ref_axis',(1.,0.,0.));
#9873=DIRECTION('',(0.,-1.,0.));
#9874=DIRECTION('center_axis',(0.,0.,-1.));
#9875=DIRECTION('ref_axis',(0.,-1.,0.));
#9876=DIRECTION('',(-1.,0.,0.));
#9877=DIRECTION('center_axis',(0.,0.,-1.));
#9878=DIRECTION('ref_axis',(-1.,0.,0.));
#9879=DIRECTION('',(0.,1.,0.));
#9880=DIRECTION('center_axis',(0.,0.,-1.));
#9881=DIRECTION('ref_axis',(1.,0.,0.));
#9882=DIRECTION('center_axis',(0.,0.,-1.));
#9883=DIRECTION('ref_axis',(1.,0.,0.));
#9884=DIRECTION('center_axis',(0.,0.,-1.));
#9885=DIRECTION('ref_axis',(0.,1.,0.));
#9886=DIRECTION('',(1.,0.,0.));
#9887=DIRECTION('center_axis',(0.,0.,-1.));
#9888=DIRECTION('ref_axis',(1.,0.,0.));
#9889=DIRECTION('',(0.,-1.,0.));
#9890=DIRECTION('center_axis',(0.,0.,-1.));
#9891=DIRECTION('ref_axis',(0.,-1.,0.));
#9892=DIRECTION('',(-1.,0.,0.));
#9893=DIRECTION('center_axis',(0.,0.,-1.));
#9894=DIRECTION('ref_axis',(-1.,0.,0.));
#9895=DIRECTION('',(0.,1.,0.));
#9896=DIRECTION('center_axis',(0.,0.,-1.));
#9897=DIRECTION('ref_axis',(0.,1.,0.));
#9898=DIRECTION('',(1.,0.,0.));
#9899=DIRECTION('center_axis',(0.,0.,-1.));
#9900=DIRECTION('ref_axis',(1.,0.,0.));
#9901=DIRECTION('',(0.,-1.,0.));
#9902=DIRECTION('center_axis',(0.,0.,-1.));
#9903=DIRECTION('ref_axis',(4.44089209850064E-15,-1.,0.));
#9904=DIRECTION('',(-1.,0.,0.));
#9905=DIRECTION('center_axis',(0.,0.,-1.));
#9906=DIRECTION('ref_axis',(-1.,0.,0.));
#9907=DIRECTION('',(0.,1.,0.));
#9908=DIRECTION('center_axis',(0.,0.,-1.));
#9909=DIRECTION('ref_axis',(0.,1.,0.));
#9910=DIRECTION('',(1.,0.,0.));
#9911=DIRECTION('center_axis',(0.,0.,-1.));
#9912=DIRECTION('ref_axis',(1.,0.,0.));
#9913=DIRECTION('',(0.,-1.,0.));
#9914=DIRECTION('center_axis',(0.,0.,-1.));
#9915=DIRECTION('ref_axis',(4.44089209850064E-15,-1.,0.));
#9916=DIRECTION('',(-1.,0.,0.));
#9917=DIRECTION('center_axis',(0.,0.,-1.));
#9918=DIRECTION('ref_axis',(-1.,0.,0.));
#9919=DIRECTION('',(0.,1.,0.));
#9920=DIRECTION('center_axis',(0.,0.,-1.));
#9921=DIRECTION('ref_axis',(0.,1.,0.));
#9922=DIRECTION('',(1.,0.,0.));
#9923=DIRECTION('center_axis',(0.,0.,-1.));
#9924=DIRECTION('ref_axis',(1.,0.,0.));
#9925=DIRECTION('',(0.,-1.,0.));
#9926=DIRECTION('center_axis',(0.,0.,-1.));
#9927=DIRECTION('ref_axis',(0.,-1.,0.));
#9928=DIRECTION('',(-1.,0.,0.));
#9929=DIRECTION('center_axis',(0.,0.,-1.));
#9930=DIRECTION('ref_axis',(-1.,0.,0.));
#9931=DIRECTION('',(0.,1.,0.));
#9932=DIRECTION('center_axis',(0.,0.,-1.));
#9933=DIRECTION('ref_axis',(0.,1.,0.));
#9934=DIRECTION('',(1.,0.,0.));
#9935=DIRECTION('center_axis',(0.,0.,-1.));
#9936=DIRECTION('ref_axis',(1.,0.,0.));
#9937=DIRECTION('',(0.,-1.,0.));
#9938=DIRECTION('center_axis',(0.,0.,-1.));
#9939=DIRECTION('ref_axis',(0.,-1.,0.));
#9940=DIRECTION('',(-1.,0.,0.));
#9941=DIRECTION('center_axis',(0.,0.,-1.));
#9942=DIRECTION('ref_axis',(-1.,0.,0.));
#9943=DIRECTION('',(0.,1.,0.));
#9944=DIRECTION('center_axis',(0.,0.,-1.));
#9945=DIRECTION('ref_axis',(0.,1.,0.));
#9946=DIRECTION('',(1.,0.,0.));
#9947=DIRECTION('center_axis',(0.,0.,-1.));
#9948=DIRECTION('ref_axis',(1.,0.,0.));
#9949=DIRECTION('',(0.,-1.,0.));
#9950=DIRECTION('center_axis',(0.,0.,-1.));
#9951=DIRECTION('ref_axis',(4.4408920985006E-15,-1.,0.));
#9952=DIRECTION('',(-1.,0.,0.));
#9953=DIRECTION('center_axis',(0.,0.,-1.));
#9954=DIRECTION('ref_axis',(-1.,0.,0.));
#9955=DIRECTION('',(0.,1.,0.));
#9956=DIRECTION('center_axis',(0.,0.,-1.));
#9957=DIRECTION('ref_axis',(0.,1.,0.));
#9958=DIRECTION('',(1.,0.,0.));
#9959=DIRECTION('center_axis',(0.,0.,-1.));
#9960=DIRECTION('ref_axis',(1.,0.,0.));
#9961=DIRECTION('',(0.,-1.,0.));
#9962=DIRECTION('center_axis',(0.,0.,-1.));
#9963=DIRECTION('ref_axis',(0.,-1.,0.));
#9964=DIRECTION('',(-1.,0.,0.));
#9965=DIRECTION('center_axis',(0.,0.,-1.));
#9966=DIRECTION('ref_axis',(-1.,0.,0.));
#9967=DIRECTION('',(0.,1.,0.));
#9968=DIRECTION('center_axis',(0.,0.,-1.));
#9969=DIRECTION('ref_axis',(0.,1.,0.));
#9970=DIRECTION('',(1.,0.,0.));
#9971=DIRECTION('center_axis',(0.,0.,-1.));
#9972=DIRECTION('ref_axis',(1.,0.,0.));
#9973=DIRECTION('',(0.,-1.,0.));
#9974=DIRECTION('center_axis',(0.,0.,-1.));
#9975=DIRECTION('ref_axis',(0.,-1.,0.));
#9976=DIRECTION('',(-1.,0.,0.));
#9977=DIRECTION('center_axis',(0.,0.,-1.));
#9978=DIRECTION('ref_axis',(-1.,0.,0.));
#9979=DIRECTION('',(0.,1.,0.));
#9980=DIRECTION('center_axis',(0.,0.,-1.));
#9981=DIRECTION('ref_axis',(0.,1.,0.));
#9982=DIRECTION('',(1.,0.,0.));
#9983=DIRECTION('center_axis',(0.,0.,-1.));
#9984=DIRECTION('ref_axis',(1.,0.,0.));
#9985=DIRECTION('',(0.,-1.,0.));
#9986=DIRECTION('center_axis',(0.,0.,-1.));
#9987=DIRECTION('ref_axis',(0.,-1.,0.));
#9988=DIRECTION('',(-1.,0.,0.));
#9989=DIRECTION('center_axis',(0.,0.,-1.));
#9990=DIRECTION('ref_axis',(-1.,0.,0.));
#9991=DIRECTION('',(0.,1.,0.));
#9992=DIRECTION('center_axis',(0.,0.,-1.));
#9993=DIRECTION('ref_axis',(0.,1.,0.));
#9994=DIRECTION('',(1.,0.,0.));
#9995=DIRECTION('center_axis',(0.,0.,-1.));
#9996=DIRECTION('ref_axis',(1.,0.,0.));
#9997=DIRECTION('',(0.,-1.,0.));
#9998=DIRECTION('center_axis',(0.,0.,-1.));
#9999=DIRECTION('ref_axis',(0.,-1.,0.));
#10000=DIRECTION('',(-1.,0.,0.));
#10001=DIRECTION('center_axis',(0.,0.,-1.));
#10002=DIRECTION('ref_axis',(-1.,0.,0.));
#10003=DIRECTION('',(0.,1.,0.));
#10004=DIRECTION('center_axis',(0.,0.,-1.));
#10005=DIRECTION('ref_axis',(0.,1.,0.));
#10006=DIRECTION('',(1.,0.,0.));
#10007=DIRECTION('center_axis',(0.,0.,-1.));
#10008=DIRECTION('ref_axis',(1.,0.,0.));
#10009=DIRECTION('',(0.,-1.,0.));
#10010=DIRECTION('center_axis',(0.,0.,-1.));
#10011=DIRECTION('ref_axis',(4.44089209850064E-15,-1.,0.));
#10012=DIRECTION('',(-1.,0.,0.));
#10013=DIRECTION('center_axis',(0.,0.,-1.));
#10014=DIRECTION('ref_axis',(-1.,0.,0.));
#10015=DIRECTION('',(0.,1.,0.));
#10016=DIRECTION('center_axis',(0.,0.,-1.));
#10017=DIRECTION('ref_axis',(0.,1.,0.));
#10018=DIRECTION('',(1.,0.,0.));
#10019=DIRECTION('center_axis',(0.,0.,-1.));
#10020=DIRECTION('ref_axis',(1.,0.,0.));
#10021=DIRECTION('',(0.,-1.,0.));
#10022=DIRECTION('center_axis',(0.,0.,-1.));
#10023=DIRECTION('ref_axis',(0.,-1.,0.));
#10024=DIRECTION('',(-1.,0.,0.));
#10025=DIRECTION('center_axis',(0.,0.,-1.));
#10026=DIRECTION('ref_axis',(-1.,0.,0.));
#10027=DIRECTION('',(0.,1.,0.));
#10028=DIRECTION('center_axis',(0.,0.,-1.));
#10029=DIRECTION('ref_axis',(1.,0.,0.));
#10030=DIRECTION('center_axis',(0.,0.,-1.));
#10031=DIRECTION('ref_axis',(0.,1.,0.));
#10032=DIRECTION('',(1.,0.,0.));
#10033=DIRECTION('center_axis',(0.,0.,-1.));
#10034=DIRECTION('ref_axis',(1.,0.,0.));
#10035=DIRECTION('',(0.,-1.,0.));
#10036=DIRECTION('center_axis',(0.,0.,-1.));
#10037=DIRECTION('ref_axis',(0.,-1.,0.));
#10038=DIRECTION('',(-1.,0.,0.));
#10039=DIRECTION('center_axis',(0.,0.,-1.));
#10040=DIRECTION('ref_axis',(-1.,0.,0.));
#10041=DIRECTION('',(0.,1.,0.));
#10042=DIRECTION('center_axis',(0.,0.,-1.));
#10043=DIRECTION('ref_axis',(4.4408920985006E-15,-1.,0.));
#10044=DIRECTION('',(-1.,0.,0.));
#10045=DIRECTION('center_axis',(0.,0.,-1.));
#10046=DIRECTION('ref_axis',(-1.,4.44089209850064E-15,0.));
#10047=DIRECTION('',(0.,1.,0.));
#10048=DIRECTION('center_axis',(0.,0.,-1.));
#10049=DIRECTION('ref_axis',(0.,1.,0.));
#10050=DIRECTION('',(1.,5.82794238648377E-16,0.));
#10051=DIRECTION('center_axis',(0.,0.,-1.));
#10052=DIRECTION('ref_axis',(1.,6.6613381477509E-15,0.));
#10053=DIRECTION('',(0.,-1.,0.));
#10054=DIRECTION('',(0.,1.,0.));
#10055=DIRECTION('',(1.,-1.00915964659494E-14,0.));
#10056=DIRECTION('',(0.,1.,0.));
#10057=DIRECTION('',(-1.,0.,0.));
#10058=DIRECTION('',(0.,1.,0.));
#10059=DIRECTION('',(1.,0.,0.));
#10060=DIRECTION('',(0.701241140640871,-0.712924163339054,0.));
#10061=DIRECTION('',(0.,-1.,0.));
#10062=DIRECTION('',(-0.710033643884494,-0.704167753132808,0.));
#10063=DIRECTION('',(-1.,0.,0.));
#10064=DIRECTION('',(8.95341221635473E-15,1.,0.));
#10065=DIRECTION('',(-1.,-4.96169464922427E-15,0.));
#10066=DIRECTION('',(2.6818279310842E-5,0.99999999964039,0.));
#10067=DIRECTION('',(1.,0.,0.));
#10068=DIRECTION('',(0.,-1.,0.));
#10069=DIRECTION('',(-1.,-1.0091545089615E-14,0.));
#10070=DIRECTION('',(6.16998706454894E-15,-1.,0.));
#10071=DIRECTION('',(-1.,-5.75269424820362E-15,0.));
#10072=DIRECTION('',(-0.710057194380486,0.704144005661138,0.));
#10073=DIRECTION('',(0.,1.,0.));
#10074=DIRECTION('',(0.710057194380489,0.704144005661134,0.));
#10075=DIRECTION('',(1.,0.,0.));
#10076=DIRECTION('',(0.702410277188018,-0.711772296806115,0.));
#10077=DIRECTION('',(-0.715375598303313,-0.698740118607897,0.));
#10078=DIRECTION('',(-0.701767522236452,0.71240602519498,0.));
#10079=DIRECTION('',(-1.,-1.25347827646501E-14,0.));
#10080=DIRECTION('',(-0.703647269673212,-0.71054944928656,0.));
#10081=DIRECTION('',(5.33994888102532E-15,-1.,0.));
#10082=DIRECTION('',(0.710581208287043,-0.703615197696387,0.));
#10083=DIRECTION('',(1.,4.37796199928808E-15,0.));
#10084=DIRECTION('',(0.906307787036649,-0.4226182617407,0.));
#10085=DIRECTION('',(-0.422618261740698,-0.906307787036651,0.));
#10086=DIRECTION('',(-0.90630778703665,0.4226182617407,0.));
#10087=DIRECTION('',(0.422618261740698,0.90630778703665,0.));
#10088=DIRECTION('',(0.906307787036649,-0.422618261740701,0.));
#10089=DIRECTION('',(-0.4226182617407,-0.90630778703665,0.));
#10090=DIRECTION('',(0.906307787036649,-0.422618261740701,0.));
#10091=DIRECTION('',(0.422618261740694,0.906307787036653,0.));
#10092=DIRECTION('',(0.906307787036653,-0.422618261740693,0.));
#10093=DIRECTION('',(-0.422618261740706,-0.906307787036647,0.));
#10094=DIRECTION('',(0.906307787036652,-0.422618261740694,0.));
#10095=DIRECTION('',(0.422618261740702,0.906307787036649,0.));
#10096=DIRECTION('',(-0.906307787036647,0.422618261740706,0.));
#10097=DIRECTION('',(0.422618261740705,0.906307787036647,0.));
#10098=DIRECTION('',(-0.90630778703665,0.422618261740699,0.));
#10099=DIRECTION('',(-0.422618261740702,-0.906307787036649,0.));
#10100=DIRECTION('',(-0.906307787036646,0.422618261740708,0.));
#10101=DIRECTION('',(0.422618261740699,0.90630778703665,0.));
#10102=DIRECTION('',(0.942486032719484,0.334245535689989,0.));
#10103=DIRECTION('',(0.90630778703665,-0.422618261740699,0.));
#10104=DIRECTION('',(0.338119533688486,-0.941103172313366,0.));
#10105=DIRECTION('',(-0.422618261740694,-0.906307787036652,0.));
#10106=DIRECTION('',(0.349711408595155,-0.936857476192827,0.));
#10107=DIRECTION('',(-0.422602479857504,-0.906315146082359,0.));
#10108=DIRECTION('',(0.90630778703665,-0.4226182617407,0.));
#10109=DIRECTION('',(-0.422618261740691,-0.906307787036654,0.));
#10110=DIRECTION('',(-0.90630778703665,0.4226182617407,0.));
#10111=DIRECTION('',(0.422618261740701,0.906307787036649,0.));
#10112=DIRECTION('',(0.938254332751425,0.345946248820793,0.));
#10113=DIRECTION('',(0.906307787036649,-0.422618261740701,0.));
#10114=DIRECTION('',(-0.422618261740705,-0.906307787036647,0.));
#10115=DIRECTION('',(-0.90630778703665,0.422618261740699,0.));
#10116=DIRECTION('',(0.372592239905582,-0.927995163113548,0.));
#10117=DIRECTION('',(0.906307787036651,-0.422618261740698,0.));
#10118=DIRECTION('',(-0.422618261740704,-0.906307787036648,0.));
#10119=DIRECTION('',(-0.906307787036651,0.422618261740698,0.));
#10120=DIRECTION('',(-0.949226258978917,-0.314594197761004,0.));
#10121=DIRECTION('',(0.906307787036651,-0.422618261740697,0.));
#10122=DIRECTION('',(-0.422618261740705,-0.906307787036648,0.));
#10123=DIRECTION('',(-0.90630778703665,0.4226182617407,0.));
#10124=DIRECTION('',(0.946015594786436,0.324121110730024,0.));
#10125=DIRECTION('',(-0.35366613792167,0.935371724443053,0.));
#10126=DIRECTION('',(0.90630778703665,-0.422618261740699,0.));
#10127=DIRECTION('',(-1.,-9.92336445942328E-15,0.));
#10128=DIRECTION('',(0.,1.,0.));
#10129=DIRECTION('',(-0.999999999991817,4.04538108456183E-6,0.));
#10130=DIRECTION('',(0.,-1.,0.));
#10131=DIRECTION('',(-1.,-2.01831929318987E-14,0.));
#10132=DIRECTION('',(0.,1.,0.));
#10133=DIRECTION('',(0.69916186972854,0.714963411593693,0.));
#10134=DIRECTION('',(0.701206151193441,-0.712958577708748,0.));
#10135=DIRECTION('',(0.,-1.,0.));
#10136=DIRECTION('',(-1.,-9.92336445942328E-15,0.));
#10137=DIRECTION('',(0.,1.,0.));
#10138=DIRECTION('',(-0.999999999991817,4.04538108456182E-6,0.));
#10139=DIRECTION('',(0.,-1.,0.));
#10140=DIRECTION('',(-1.,-2.01831929318987E-14,0.));
#10141=DIRECTION('',(0.,1.,0.));
#10142=DIRECTION('',(0.69916186972854,0.714963411593693,0.));
#10143=DIRECTION('',(0.701206151193441,-0.712958577708748,0.));
#10144=DIRECTION('',(0.,-1.,0.));
#10145=DIRECTION('',(0.,-1.,0.));
#10146=DIRECTION('',(-1.,-4.29376987526917E-15,0.));
#10147=DIRECTION('',(2.16904271729761E-15,1.,0.));
#10148=DIRECTION('',(1.,0.,0.));
#10149=DIRECTION('',(-1.95212990115188E-14,-1.,0.));
#10150=DIRECTION('',(-1.,0.,0.));
#10151=DIRECTION('',(0.,-1.,0.));
#10152=DIRECTION('',(1.,0.,0.));
#10153=DIRECTION('',(0.,-1.,0.));
#10154=DIRECTION('',(-1.,0.,0.));
#10155=DIRECTION('',(0.,-1.,0.));
#10156=DIRECTION('',(1.,5.00338672068524E-15,0.));
#10157=DIRECTION('',(-0.906307787036649,0.422618261740701,0.));
#10158=DIRECTION('',(-0.422618261740701,-0.906307787036649,0.));
#10159=DIRECTION('',(-0.906296452816143,0.422642567204104,0.));
#10160=DIRECTION('',(0.422618261740698,0.906307787036651,0.));
#10161=DIRECTION('',(0.906307787036651,-0.422618261740698,0.));
#10162=DIRECTION('',(-0.422618261740708,-0.906307787036646,0.));
#10163=DIRECTION('',(0.906307787036651,-0.422618261740696,0.));
#10164=DIRECTION('',(-0.422618261740696,-0.906307787036651,0.));
#10165=DIRECTION('',(-0.938254332751426,-0.345946248820791,0.));
#10166=DIRECTION('',(-0.90630778703665,0.422618261740699,0.));
#10167=DIRECTION('',(-0.338088058300304,0.941114480196076,0.));
#10168=DIRECTION('',(0.4226182617407,0.90630778703665,0.));
#10169=DIRECTION('',(0.941936185566347,0.335791933078685,0.));
#10170=DIRECTION('',(0.330942818762613,-0.943650809732846,0.));
#10171=DIRECTION('',(-0.942238898559683,-0.334941574070816,0.));
#10172=DIRECTION('',(-0.422618261740704,-0.906307787036648,0.));
#10173=DIRECTION('',(0.346602312975136,-0.938012172970205,0.));
#10174=DIRECTION('',(0.906307787036649,-0.422618261740702,0.));
#10175=DIRECTION('',(0.937996527821443,0.346644650607675,0.));
#10176=DIRECTION('',(0.422618261740691,0.906307787036654,0.));
#10177=DIRECTION('',(-0.422618261740676,-0.906307787036661,0.));
#10178=DIRECTION('',(-0.90630778703665,0.4226182617407,0.));
#10179=DIRECTION('',(-0.422621928097621,-0.906306077377311,0.));
#10180=DIRECTION('',(0.906307787036651,-0.422618261740698,0.));
#10181=DIRECTION('',(-0.422618261740698,-0.906307787036651,0.));
#10182=DIRECTION('',(-0.906307787036649,0.422618261740701,0.));
#10183=DIRECTION('',(-0.352498333313597,0.935812441150007,0.));
#10184=DIRECTION('',(0.942502435551271,0.334199280340221,0.));
#10185=DIRECTION('',(0.90630778703665,-0.4226182617407,0.));
#10186=DIRECTION('',(-0.422618261740645,-0.906307787036675,0.));
#10187=DIRECTION('',(-0.90630778703665,0.422618261740699,0.));
#10188=DIRECTION('',(-0.422621928097621,-0.906306077377311,0.));
#10189=DIRECTION('',(0.906307787036651,-0.422618261740698,0.));
#10190=DIRECTION('',(-0.422618261740698,-0.906307787036651,0.));
#10191=DIRECTION('',(-0.906307787036649,0.422618261740701,0.));
#10192=DIRECTION('',(-0.352498333313597,0.935812441150007,0.));
#10193=DIRECTION('',(0.942502435551271,0.334199280340221,0.));
#10194=DIRECTION('',(0.90630778703665,-0.4226182617407,0.));
#10195=DIRECTION('',(-1.,0.,0.));
#10196=DIRECTION('',(0.,1.,0.));
#10197=DIRECTION('',(-0.683584957895177,-0.729870951154688,0.));
#10198=DIRECTION('',(0.,-1.,0.));
#10199=DIRECTION('',(-1.,2.92820927043767E-14,0.));
#10200=DIRECTION('',(-1.56685775371721E-14,1.,0.));
#10201=DIRECTION('',(-0.686279522755643,0.727337897160795,0.));
#10202=DIRECTION('',(0.,-1.,0.));
#10203=DIRECTION('',(-1.,-9.92338929844845E-15,0.));
#10204=DIRECTION('',(0.,1.,0.));
#10205=DIRECTION('',(0.693556952845825,-0.72040179980287,0.));
#10206=DIRECTION('',(0.698268909191633,0.715835547075114,0.));
#10207=DIRECTION('',(0.,-1.,0.));
#10208=DIRECTION('',(-0.701286798405682,-0.712879250912739,0.));
#10209=DIRECTION('',(-0.999999999848388,-1.74133107360446E-5,0.));
#10210=DIRECTION('',(0.,-1.,0.));
#10211=DIRECTION('',(-1.,2.01804189770236E-14,0.));
#10212=DIRECTION('',(0.,1.,0.));
#10213=DIRECTION('',(1.,0.,0.));
#10214=DIRECTION('',(0.710057194380486,-0.704144005661138,0.));
#10215=DIRECTION('',(0.,-1.,0.));
#10216=DIRECTION('center_axis',(0.,0.,1.));
#10217=DIRECTION('ref_axis',(1.,0.,0.));
#10218=DIRECTION('center_axis',(0.,0.,1.));
#10219=DIRECTION('ref_axis',(1.,0.,0.));
#10220=DIRECTION('center_axis',(1.38777878078145E-16,-1.,0.));
#10221=DIRECTION('ref_axis',(-1.,-1.38777878078145E-16,0.));
#10222=DIRECTION('center_axis',(0.,0.,-1.));
#10223=DIRECTION('ref_axis',(1.,0.,0.));
#10224=DIRECTION('center_axis',(0.,0.,1.));
#10225=DIRECTION('ref_axis',(1.,0.,0.));
#10226=DIRECTION('center_axis',(0.,0.,1.));
#10227=DIRECTION('ref_axis',(6.33731297181384E-7,-0.999999999999799,0.));
#10228=DIRECTION('',(0.800000038761974,0.599999948317364,0.));
#10229=DIRECTION('center_axis',(0.,0.,-1.));
#10230=DIRECTION('ref_axis',(-5.06987223914214E-7,0.999999999999872,0.));
#10231=DIRECTION('',(1.,0.,0.));
#10232=DIRECTION('',(0.,-1.,0.));
#10233=DIRECTION('center_axis',(0.,0.,1.));
#10234=DIRECTION('ref_axis',(-1.,-3.1720657846433E-16,0.));
#10235=DIRECTION('',(1.,-1.09760061752365E-16,0.));
#10236=DIRECTION('center_axis',(0.,0.,-1.));
#10237=DIRECTION('ref_axis',(0.90424844920369,-0.42700672373245,0.));
#10238=DIRECTION('',(-0.427006302953664,-0.904248647904902,0.));
#10239=DIRECTION('center_axis',(0.,0.,-1.));
#10240=DIRECTION('ref_axis',(9.71016551207302E-6,-0.999999999952856,0.));
#10241=DIRECTION('',(-1.,0.,0.));
#10242=DIRECTION('',(0.,1.,0.));
#10243=DIRECTION('center_axis',(0.,0.,1.));
#10244=DIRECTION('ref_axis',(1.,0.,0.));
#10245=DIRECTION('',(-1.,0.,0.));
#10246=DIRECTION('center_axis',(0.,0.,-1.));
#10247=DIRECTION('ref_axis',(-1.,-4.88498130835084E-14,0.));
#10248=DIRECTION('',(-4.88575271770059E-14,1.,0.));
#10249=DIRECTION('center_axis',(0.,0.,-1.));
#10250=DIRECTION('ref_axis',(1.,4.85885841365363E-14,0.));
#10251=DIRECTION('',(0.,-1.,0.));
#10252=DIRECTION('center_axis',(0.,0.,1.));
#10253=DIRECTION('ref_axis',(-1.,4.44089209850064E-15,0.));
#10254=DIRECTION('',(1.,0.,0.));
#10255=DIRECTION('center_axis',(0.,0.,1.));
#10256=DIRECTION('ref_axis',(4.4408920985006E-15,-1.,0.));
#10257=DIRECTION('',(0.,1.,0.));
#10258=DIRECTION('center_axis',(0.,0.,1.));
#10259=DIRECTION('ref_axis',(1.,6.6613381477509E-15,0.));
#10260=DIRECTION('',(-1.,-5.82794238648377E-16,0.));
#10261=DIRECTION('center_axis',(0.,0.,1.));
#10262=DIRECTION('ref_axis',(0.,1.,0.));
#10263=DIRECTION('',(0.,-1.,0.));
#10264=DIRECTION('center_axis',(0.,0.,-1.));
#10265=DIRECTION('ref_axis',(1.,4.85885841365363E-14,0.));
#10266=DIRECTION('',(-4.88575271770059E-14,1.,0.));
#10267=DIRECTION('center_axis',(0.,0.,1.));
#10268=DIRECTION('ref_axis',(1.,4.85326065050435E-14,0.));
#10269=DIRECTION('',(-1.,-4.8296981273041E-14,0.));
#10270=DIRECTION('',(-1.35465327624533E-16,1.,0.));
#10271=DIRECTION('center_axis',(0.,0.,-1.));
#10272=DIRECTION('ref_axis',(6.42320068579885E-8,0.999999999999998,0.));
#10273=DIRECTION('center_axis',(0.,0.,-1.));
#10274=DIRECTION('ref_axis',(1.,0.,0.));
#10275=DIRECTION('center_axis',(0.,0.,1.));
#10276=DIRECTION('ref_axis',(0.,1.,0.));
#10277=DIRECTION('',(0.,-1.,0.));
#10278=DIRECTION('center_axis',(0.,0.,1.));
#10279=DIRECTION('ref_axis',(-1.,0.,0.));
#10280=DIRECTION('',(1.,0.,0.));
#10281=DIRECTION('center_axis',(0.,0.,1.));
#10282=DIRECTION('ref_axis',(0.,-1.,0.));
#10283=DIRECTION('',(0.,1.,0.));
#10284=DIRECTION('center_axis',(0.,0.,1.));
#10285=DIRECTION('ref_axis',(1.,0.,0.));
#10286=DIRECTION('',(-1.,0.,0.));
#10287=DIRECTION('center_axis',(0.,0.,1.));
#10288=DIRECTION('ref_axis',(0.,1.,0.));
#10289=DIRECTION('',(0.,-1.,0.));
#10290=DIRECTION('center_axis',(0.,0.,1.));
#10291=DIRECTION('ref_axis',(-1.,0.,0.));
#10292=DIRECTION('',(1.,0.,0.));
#10293=DIRECTION('center_axis',(0.,0.,1.));
#10294=DIRECTION('ref_axis',(0.,-1.,0.));
#10295=DIRECTION('',(0.,1.,0.));
#10296=DIRECTION('center_axis',(0.,0.,1.));
#10297=DIRECTION('ref_axis',(1.,0.,0.));
#10298=DIRECTION('',(-1.,0.,0.));
#10299=DIRECTION('center_axis',(0.,0.,1.));
#10300=DIRECTION('ref_axis',(0.,1.,0.));
#10301=DIRECTION('',(0.,-1.,0.));
#10302=DIRECTION('center_axis',(0.,0.,1.));
#10303=DIRECTION('ref_axis',(-1.,0.,0.));
#10304=DIRECTION('',(1.,0.,0.));
#10305=DIRECTION('center_axis',(0.,0.,1.));
#10306=DIRECTION('ref_axis',(4.44089209850064E-15,-1.,0.));
#10307=DIRECTION('',(0.,1.,0.));
#10308=DIRECTION('center_axis',(0.,0.,1.));
#10309=DIRECTION('ref_axis',(1.,0.,0.));
#10310=DIRECTION('',(-1.,0.,0.));
#10311=DIRECTION('center_axis',(0.,0.,1.));
#10312=DIRECTION('ref_axis',(0.,1.,0.));
#10313=DIRECTION('',(0.,-1.,0.));
#10314=DIRECTION('center_axis',(0.,0.,1.));
#10315=DIRECTION('ref_axis',(-1.,0.,0.));
#10316=DIRECTION('',(1.,0.,0.));
#10317=DIRECTION('center_axis',(0.,0.,1.));
#10318=DIRECTION('ref_axis',(0.,-1.,0.));
#10319=DIRECTION('',(0.,1.,0.));
#10320=DIRECTION('center_axis',(0.,0.,1.));
#10321=DIRECTION('ref_axis',(1.,0.,0.));
#10322=DIRECTION('',(-1.,0.,0.));
#10323=DIRECTION('center_axis',(0.,0.,1.));
#10324=DIRECTION('ref_axis',(0.,1.,0.));
#10325=DIRECTION('',(0.,-1.,0.));
#10326=DIRECTION('center_axis',(0.,0.,1.));
#10327=DIRECTION('ref_axis',(-1.,0.,0.));
#10328=DIRECTION('',(1.,0.,0.));
#10329=DIRECTION('center_axis',(0.,0.,1.));
#10330=DIRECTION('ref_axis',(0.,-1.,0.));
#10331=DIRECTION('',(0.,1.,0.));
#10332=DIRECTION('center_axis',(0.,0.,1.));
#10333=DIRECTION('ref_axis',(1.,0.,0.));
#10334=DIRECTION('',(-1.,0.,0.));
#10335=DIRECTION('center_axis',(0.,0.,1.));
#10336=DIRECTION('ref_axis',(0.,1.,0.));
#10337=DIRECTION('',(0.,-1.,0.));
#10338=DIRECTION('center_axis',(0.,0.,1.));
#10339=DIRECTION('ref_axis',(-1.,0.,0.));
#10340=DIRECTION('',(1.,0.,0.));
#10341=DIRECTION('center_axis',(0.,0.,1.));
#10342=DIRECTION('ref_axis',(0.,-1.,0.));
#10343=DIRECTION('',(0.,1.,0.));
#10344=DIRECTION('center_axis',(0.,0.,1.));
#10345=DIRECTION('ref_axis',(1.,0.,0.));
#10346=DIRECTION('',(-1.,0.,0.));
#10347=DIRECTION('center_axis',(0.,0.,1.));
#10348=DIRECTION('ref_axis',(0.,1.,0.));
#10349=DIRECTION('',(0.,-1.,0.));
#10350=DIRECTION('center_axis',(0.,0.,1.));
#10351=DIRECTION('ref_axis',(-1.,0.,0.));
#10352=DIRECTION('',(1.,0.,0.));
#10353=DIRECTION('center_axis',(0.,0.,1.));
#10354=DIRECTION('ref_axis',(0.,-1.,0.));
#10355=DIRECTION('',(0.,1.,0.));
#10356=DIRECTION('center_axis',(0.,0.,1.));
#10357=DIRECTION('ref_axis',(1.,0.,0.));
#10358=DIRECTION('',(-1.,0.,0.));
#10359=DIRECTION('center_axis',(0.,0.,1.));
#10360=DIRECTION('ref_axis',(0.,1.,0.));
#10361=DIRECTION('',(0.,-1.,0.));
#10362=DIRECTION('center_axis',(0.,0.,1.));
#10363=DIRECTION('ref_axis',(-1.,0.,0.));
#10364=DIRECTION('',(1.,0.,0.));
#10365=DIRECTION('center_axis',(0.,0.,1.));
#10366=DIRECTION('ref_axis',(4.4408920985006E-15,-1.,0.));
#10367=DIRECTION('',(0.,1.,0.));
#10368=DIRECTION('center_axis',(0.,0.,1.));
#10369=DIRECTION('ref_axis',(1.,0.,0.));
#10370=DIRECTION('',(-1.,0.,0.));
#10371=DIRECTION('center_axis',(0.,0.,1.));
#10372=DIRECTION('ref_axis',(0.,1.,0.));
#10373=DIRECTION('',(0.,-1.,0.));
#10374=DIRECTION('center_axis',(0.,0.,1.));
#10375=DIRECTION('ref_axis',(-1.,0.,0.));
#10376=DIRECTION('',(1.,0.,0.));
#10377=DIRECTION('center_axis',(0.,0.,1.));
#10378=DIRECTION('ref_axis',(0.,-1.,0.));
#10379=DIRECTION('',(0.,1.,0.));
#10380=DIRECTION('center_axis',(0.,0.,1.));
#10381=DIRECTION('ref_axis',(1.,0.,0.));
#10382=DIRECTION('',(-1.,0.,0.));
#10383=DIRECTION('center_axis',(0.,0.,1.));
#10384=DIRECTION('ref_axis',(0.,1.,0.));
#10385=DIRECTION('',(0.,-1.,0.));
#10386=DIRECTION('center_axis',(0.,0.,1.));
#10387=DIRECTION('ref_axis',(-1.,0.,0.));
#10388=DIRECTION('',(1.,0.,0.));
#10389=DIRECTION('center_axis',(0.,0.,1.));
#10390=DIRECTION('ref_axis',(0.,-1.,0.));
#10391=DIRECTION('',(0.,1.,0.));
#10392=DIRECTION('center_axis',(0.,0.,1.));
#10393=DIRECTION('ref_axis',(1.,0.,0.));
#10394=DIRECTION('',(-1.,0.,0.));
#10395=DIRECTION('center_axis',(0.,0.,1.));
#10396=DIRECTION('ref_axis',(0.,1.,0.));
#10397=DIRECTION('',(0.,-1.,0.));
#10398=DIRECTION('center_axis',(0.,0.,1.));
#10399=DIRECTION('ref_axis',(-1.,0.,0.));
#10400=DIRECTION('',(1.,0.,0.));
#10401=DIRECTION('center_axis',(0.,0.,1.));
#10402=DIRECTION('ref_axis',(4.44089209850064E-15,-1.,0.));
#10403=DIRECTION('',(0.,1.,0.));
#10404=DIRECTION('center_axis',(0.,0.,1.));
#10405=DIRECTION('ref_axis',(1.,0.,0.));
#10406=DIRECTION('',(-1.,0.,0.));
#10407=DIRECTION('center_axis',(0.,0.,1.));
#10408=DIRECTION('ref_axis',(0.,1.,0.));
#10409=DIRECTION('',(0.,-1.,0.));
#10410=DIRECTION('center_axis',(0.,0.,1.));
#10411=DIRECTION('ref_axis',(-1.,0.,0.));
#10412=DIRECTION('',(1.,0.,0.));
#10413=DIRECTION('center_axis',(0.,0.,1.));
#10414=DIRECTION('ref_axis',(4.44089209850064E-15,-1.,0.));
#10415=DIRECTION('',(0.,1.,0.));
#10416=DIRECTION('center_axis',(0.,0.,1.));
#10417=DIRECTION('ref_axis',(1.,0.,0.));
#10418=DIRECTION('',(-1.,0.,0.));
#10419=DIRECTION('center_axis',(0.,0.,1.));
#10420=DIRECTION('ref_axis',(0.,1.,0.));
#10421=DIRECTION('',(0.,-1.,0.));
#10422=DIRECTION('center_axis',(0.,0.,1.));
#10423=DIRECTION('ref_axis',(-1.,0.,0.));
#10424=DIRECTION('',(1.,0.,0.));
#10425=DIRECTION('center_axis',(0.,0.,1.));
#10426=DIRECTION('ref_axis',(0.,-1.,0.));
#10427=DIRECTION('',(0.,1.,0.));
#10428=DIRECTION('center_axis',(0.,0.,1.));
#10429=DIRECTION('ref_axis',(1.,0.,0.));
#10430=DIRECTION('',(-1.,0.,0.));
#10431=DIRECTION('center_axis',(0.,0.,1.));
#10432=DIRECTION('ref_axis',(0.,1.,0.));
#10433=DIRECTION('',(0.,-1.,0.));
#10434=DIRECTION('center_axis',(0.,0.,1.));
#10435=DIRECTION('ref_axis',(-1.,0.,0.));
#10436=DIRECTION('',(1.,0.,0.));
#10437=DIRECTION('center_axis',(0.,0.,1.));
#10438=DIRECTION('ref_axis',(0.,-1.,0.));
#10439=DIRECTION('',(0.,1.,0.));
#10440=DIRECTION('center_axis',(0.,0.,1.));
#10441=DIRECTION('ref_axis',(1.,0.,0.));
#10442=DIRECTION('',(-1.,0.,0.));
#10443=DIRECTION('center_axis',(0.,0.,1.));
#10444=DIRECTION('ref_axis',(0.,1.,0.));
#10445=DIRECTION('',(0.,-1.,0.));
#10446=DIRECTION('center_axis',(0.,0.,1.));
#10447=DIRECTION('ref_axis',(-1.,0.,0.));
#10448=DIRECTION('',(1.,0.,0.));
#10449=DIRECTION('center_axis',(0.,0.,1.));
#10450=DIRECTION('ref_axis',(0.,-1.,0.));
#10451=DIRECTION('',(0.,1.,0.));
#10452=DIRECTION('center_axis',(0.,0.,1.));
#10453=DIRECTION('ref_axis',(1.,0.,0.));
#10454=DIRECTION('',(-1.,0.,0.));
#10455=DIRECTION('center_axis',(0.,0.,1.));
#10456=DIRECTION('ref_axis',(0.,1.,0.));
#10457=DIRECTION('',(0.,-1.,0.));
#10458=DIRECTION('center_axis',(0.,0.,1.));
#10459=DIRECTION('ref_axis',(-1.,0.,0.));
#10460=DIRECTION('',(1.,0.,0.));
#10461=DIRECTION('center_axis',(0.,0.,1.));
#10462=DIRECTION('ref_axis',(0.,-1.,0.));
#10463=DIRECTION('',(0.,1.,0.));
#10464=DIRECTION('center_axis',(0.,0.,1.));
#10465=DIRECTION('ref_axis',(1.,0.,0.));
#10466=DIRECTION('',(-1.,0.,0.));
#10467=DIRECTION('center_axis',(0.,0.,-1.));
#10468=DIRECTION('ref_axis',(1.,0.,0.));
#10469=DIRECTION('center_axis',(0.,0.,-1.));
#10470=DIRECTION('ref_axis',(1.,0.,0.));
#10471=DIRECTION('',(0.,0.,1.));
#10472=DIRECTION('center_axis',(0.,0.,1.));
#10473=DIRECTION('ref_axis',(1.,0.,0.));
#10474=DIRECTION('center_axis',(0.,0.,1.));
#10475=DIRECTION('ref_axis',(1.,0.,0.));
#10476=DIRECTION('center_axis',(0.,-1.,0.));
#10477=DIRECTION('ref_axis',(-1.,0.,0.));
#10478=DIRECTION('center_axis',(0.,0.,-1.));
#10479=DIRECTION('ref_axis',(1.,0.,0.));
#10480=DIRECTION('center_axis',(0.,0.,-1.));
#10481=DIRECTION('ref_axis',(1.,0.,0.));
#10482=DIRECTION('',(0.,0.,1.));
#10483=DIRECTION('center_axis',(0.,0.,1.));
#10484=DIRECTION('ref_axis',(1.,0.,0.));
#10485=DIRECTION('center_axis',(0.,0.,1.));
#10486=DIRECTION('ref_axis',(1.,4.85885841365363E-14,0.));
#10487=DIRECTION('center_axis',(0.,0.,-1.));
#10488=DIRECTION('ref_axis',(1.,0.,0.));
#10489=DIRECTION('',(0.,0.,-1.));
#10490=DIRECTION('center_axis',(0.,0.,-1.));
#10491=DIRECTION('ref_axis',(1.,0.,0.));
#10492=DIRECTION('',(0.,0.,-1.));
#10493=DIRECTION('center_axis',(0.,0.,-1.));
#10494=DIRECTION('ref_axis',(1.,0.,0.));
#10495=DIRECTION('center_axis',(0.,0.,1.));
#10496=DIRECTION('ref_axis',(1.,0.,0.));
#10497=DIRECTION('',(0.,0.,1.));
#10498=DIRECTION('center_axis',(0.,0.,-1.));
#10499=DIRECTION('ref_axis',(1.,0.,0.));
#10500=DIRECTION('center_axis',(0.,0.,-1.));
#10501=DIRECTION('ref_axis',(1.,0.,0.));
#10502=DIRECTION('center_axis',(0.,0.,-1.));
#10503=DIRECTION('ref_axis',(1.,0.,0.));
#10504=DIRECTION('center_axis',(0.,0.,1.));
#10505=DIRECTION('ref_axis',(1.,0.,0.));
#10506=DIRECTION('',(0.,0.,1.));
#10507=DIRECTION('center_axis',(0.,0.,-1.));
#10508=DIRECTION('ref_axis',(1.,0.,0.));
#10509=DIRECTION('center_axis',(0.,0.,-1.));
#10510=DIRECTION('ref_axis',(1.,0.,0.));
#10511=DIRECTION('center_axis',(0.,0.,1.));
#10512=DIRECTION('ref_axis',(1.,0.,0.));
#10513=DIRECTION('center_axis',(0.,0.,1.));
#10514=DIRECTION('ref_axis',(1.,0.,0.));
#10515=DIRECTION('center_axis',(0.,0.,-1.));
#10516=DIRECTION('ref_axis',(1.,0.,0.));
#10517=DIRECTION('center_axis',(0.,0.,-1.));
#10518=DIRECTION('ref_axis',(1.,0.,0.));
#10519=DIRECTION('',(0.,0.,-1.));
#10520=DIRECTION('center_axis',(0.,0.,1.));
#10521=DIRECTION('ref_axis',(1.,0.,0.));
#10522=DIRECTION('',(0.,0.,-1.));
#10523=DIRECTION('center_axis',(0.,0.,-1.));
#10524=DIRECTION('ref_axis',(1.,0.,0.));
#10525=DIRECTION('',(-4.87483708557682E-14,1.,0.));
#10526=DIRECTION('',(-4.87483708557682E-14,1.,0.));
#10527=DIRECTION('center_axis',(0.,0.,1.));
#10528=DIRECTION('ref_axis',(1.,0.,0.));
#10529=DIRECTION('',(-4.88575271770059E-14,1.,0.));
#10530=DIRECTION('center_axis',(0.,0.,1.));
#10531=DIRECTION('ref_axis',(1.,0.,0.));
#10532=DIRECTION('center_axis',(0.,-1.,0.));
#10533=DIRECTION('ref_axis',(-1.,0.,0.));
#10534=DIRECTION('',(-1.,0.,0.));
#10535=DIRECTION('',(0.,0.,-1.));
#10536=DIRECTION('',(-1.,0.,0.));
#10537=DIRECTION('',(0.,0.,-1.));
#10538=DIRECTION('center_axis',(-0.696581618088848,-0.71747756016528,0.));
#10539=DIRECTION('ref_axis',(-0.71747756016528,0.696581618088848,0.));
#10540=DIRECTION('',(-0.71747756016528,0.696581618088848,0.));
#10541=DIRECTION('',(0.,0.,-1.));
#10542=DIRECTION('',(-0.71747756016528,0.696581618088848,0.));
#10543=DIRECTION('center_axis',(-1.,0.,0.));
#10544=DIRECTION('ref_axis',(0.,1.,0.));
#10545=DIRECTION('',(0.,1.,0.));
#10546=DIRECTION('',(0.,0.,-1.));
#10547=DIRECTION('',(0.,1.,0.));
#10548=DIRECTION('center_axis',(-0.710480695874471,0.703716690714187,0.));
#10549=DIRECTION('ref_axis',(0.703716690714187,0.710480695874471,0.));
#10550=DIRECTION('',(0.703716690714187,0.710480695874471,0.));
#10551=DIRECTION('',(0.,0.,-1.));
#10552=DIRECTION('',(0.703716690714187,0.710480695874471,0.));
#10553=DIRECTION('center_axis',(0.,1.,0.));
#10554=DIRECTION('ref_axis',(1.,0.,0.));
#10555=DIRECTION('',(1.,0.,0.));
#10556=DIRECTION('',(0.,0.,-1.));
#10557=DIRECTION('',(1.,0.,0.));
#10558=DIRECTION('center_axis',(0.999999999999242,1.23102376481891E-6,0.));
#10559=DIRECTION('ref_axis',(1.23102376481891E-6,-0.999999999999242,0.));
#10560=DIRECTION('',(1.23102376481891E-6,-0.999999999999242,0.));
#10561=DIRECTION('',(1.23102376481891E-6,-0.999999999999242,0.));
#10562=DIRECTION('center_axis',(0.712879250912739,-0.701286798405682,0.));
#10563=DIRECTION('ref_axis',(-0.701286798405682,-0.712879250912739,0.));
#10564=DIRECTION('',(0.,0.,-1.));
#10565=DIRECTION('',(-0.701286798405682,-0.712879250912739,0.));
#10566=DIRECTION('',(0.,0.,-1.));
#10567=DIRECTION('',(0.,0.,-1.));
#10568=DIRECTION('center_axis',(1.,0.,0.));
#10569=DIRECTION('ref_axis',(0.,-1.,0.));
#10570=DIRECTION('',(0.,0.,-1.));
#10571=DIRECTION('',(0.,-1.,0.));
#10572=DIRECTION('',(0.,0.,-1.));
#10573=DIRECTION('center_axis',(0.704144005661138,0.710057194380486,0.));
#10574=DIRECTION('ref_axis',(0.710057194380486,-0.704144005661138,0.));
#10575=DIRECTION('',(0.,0.,-1.));
#10576=DIRECTION('',(0.710057194380486,-0.704144005661138,0.));
#10577=DIRECTION('',(0.,0.,-1.));
#10578=DIRECTION('center_axis',(0.,1.,0.));
#10579=DIRECTION('ref_axis',(1.,0.,0.));
#10580=DIRECTION('',(0.,0.,-1.));
#10581=DIRECTION('',(1.,0.,0.));
#10582=DIRECTION('center_axis',(-1.,0.,0.));
#10583=DIRECTION('ref_axis',(0.,1.,0.));
#10584=DIRECTION('',(0.,0.,-1.));
#10585=DIRECTION('',(0.,1.,0.));
#10586=DIRECTION('center_axis',(-2.01804189770236E-14,-1.,0.));
#10587=DIRECTION('ref_axis',(-1.,2.01804189770236E-14,0.));
#10588=DIRECTION('',(0.,0.,-1.));
#10589=DIRECTION('',(-1.,2.01804189770236E-14,0.));
#10590=DIRECTION('center_axis',(1.,0.,0.));
#10591=DIRECTION('ref_axis',(0.,-1.,0.));
#10592=DIRECTION('',(0.,0.,-1.));
#10593=DIRECTION('',(0.,-1.,0.));
#10594=DIRECTION('center_axis',(1.74133107360446E-5,-0.999999999848388,
0.));
#10595=DIRECTION('ref_axis',(-0.999999999848388,-1.74133107360446E-5,0.));
#10596=DIRECTION('',(0.,0.,-1.));
#10597=DIRECTION('',(-0.999999999848388,-1.74133107360446E-5,0.));
#10598=DIRECTION('center_axis',(0.,0.,1.));
#10599=DIRECTION('ref_axis',(-1.,0.,0.));
#10600=DIRECTION('center_axis',(0.,-1.,0.));
#10601=DIRECTION('ref_axis',(-1.,0.,0.));
#10602=DIRECTION('',(0.,0.,-1.));
#10603=DIRECTION('',(-1.,0.,0.));
#10604=DIRECTION('',(0.,0.,-1.));
#10605=DIRECTION('center_axis',(1.,0.,0.));
#10606=DIRECTION('ref_axis',(0.,-1.,0.));
#10607=DIRECTION('',(0.,0.,-1.));
#10608=DIRECTION('',(0.,-1.,0.));
#10609=DIRECTION('',(0.,0.,-1.));
#10610=DIRECTION('',(0.,0.,-1.));
#10611=DIRECTION('',(0.,0.,-1.));
#10612=DIRECTION('',(0.,0.,-1.));
#10613=DIRECTION('',(0.,0.,-1.));
#10614=DIRECTION('center_axis',(-0.715835547075114,0.698268909191633,0.));
#10615=DIRECTION('ref_axis',(0.698268909191633,0.715835547075114,0.));
#10616=DIRECTION('',(0.,0.,-1.));
#10617=DIRECTION('',(0.698268909191633,0.715835547075114,0.));
#10618=DIRECTION('center_axis',(0.72040179980287,0.693556952845825,0.));
#10619=DIRECTION('ref_axis',(0.693556952845825,-0.72040179980287,0.));
#10620=DIRECTION('',(0.,0.,-1.));
#10621=DIRECTION('',(0.693556952845825,-0.72040179980287,0.));
#10622=DIRECTION('',(0.,0.,-1.));
#10623=DIRECTION('',(0.,0.,-1.));
#10624=DIRECTION('',(0.,0.,-1.));
#10625=DIRECTION('center_axis',(-1.,0.,0.));
#10626=DIRECTION('ref_axis',(0.,1.,0.));
#10627=DIRECTION('',(0.,0.,-1.));
#10628=DIRECTION('',(0.,1.,0.));
#10629=DIRECTION('center_axis',(9.92338929844845E-15,-1.,0.));
#10630=DIRECTION('ref_axis',(-1.,-9.92338929844845E-15,0.));
#10631=DIRECTION('',(0.,0.,-1.));
#10632=DIRECTION('',(-1.,-9.92338929844845E-15,0.));
#10633=DIRECTION('center_axis',(1.,0.,0.));
#10634=DIRECTION('ref_axis',(0.,-1.,0.));
#10635=DIRECTION('',(0.,0.,-1.));
#10636=DIRECTION('',(0.,-1.,0.));
#10637=DIRECTION('center_axis',(-0.727337897160795,-0.686279522755643,0.));
#10638=DIRECTION('ref_axis',(-0.686279522755643,0.727337897160795,0.));
#10639=DIRECTION('',(0.,0.,-1.));
#10640=DIRECTION('',(-0.686279522755643,0.727337897160795,0.));
#10641=DIRECTION('center_axis',(-1.,-1.56685775371721E-14,0.));
#10642=DIRECTION('ref_axis',(-1.56685775371721E-14,1.,0.));
#10643=DIRECTION('',(0.,0.,-1.));
#10644=DIRECTION('',(-1.56685775371721E-14,1.,0.));
#10645=DIRECTION('center_axis',(-2.92820927043767E-14,-1.,0.));
#10646=DIRECTION('ref_axis',(-1.,2.92820927043767E-14,0.));
#10647=DIRECTION('',(0.,0.,-1.));
#10648=DIRECTION('',(-1.,2.92820927043767E-14,0.));
#10649=DIRECTION('center_axis',(1.,0.,0.));
#10650=DIRECTION('ref_axis',(0.,-1.,0.));
#10651=DIRECTION('',(0.,0.,-1.));
#10652=DIRECTION('',(0.,-1.,0.));
#10653=DIRECTION('center_axis',(0.729870951154688,-0.683584957895177,0.));
#10654=DIRECTION('ref_axis',(-0.683584957895177,-0.729870951154688,0.));
#10655=DIRECTION('',(0.,0.,-1.));
#10656=DIRECTION('',(-0.683584957895177,-0.729870951154688,0.));
#10657=DIRECTION('center_axis',(-1.,0.,0.));
#10658=DIRECTION('ref_axis',(0.,1.,0.));
#10659=DIRECTION('',(0.,1.,0.));
#10660=DIRECTION('center_axis',(0.,0.,1.));
#10661=DIRECTION('ref_axis',(-1.,0.,0.));
#10662=DIRECTION('center_axis',(0.937360088418149,0.348361973585981,0.));
#10663=DIRECTION('ref_axis',(0.348361973585981,-0.937360088418149,0.));
#10664=DIRECTION('',(0.348361973585981,-0.937360088418149,0.));
#10665=DIRECTION('',(0.,0.,-1.));
#10666=DIRECTION('',(0.348361973585981,-0.937360088418149,0.));
#10667=DIRECTION('',(0.,0.,-1.));
#10668=DIRECTION('center_axis',(0.338875678336902,-0.940831161596864,0.));
#10669=DIRECTION('ref_axis',(-0.940831161596864,-0.338875678336902,0.));
#10670=DIRECTION('',(-0.940831161596864,-0.338875678336902,0.));
#10671=DIRECTION('',(0.,0.,-1.));
#10672=DIRECTION('',(-0.940831161596864,-0.338875678336902,0.));
#10673=DIRECTION('center_axis',(-0.422618261740698,-0.906307787036651,0.));
#10674=DIRECTION('ref_axis',(-0.906307787036651,0.422618261740698,0.));
#10675=DIRECTION('',(-0.906307787036651,0.422618261740698,0.));
#10676=DIRECTION('',(0.,0.,-1.));
#10677=DIRECTION('',(-0.906307787036651,0.422618261740698,0.));
#10678=DIRECTION('center_axis',(-0.906307787036649,0.422618261740701,0.));
#10679=DIRECTION('ref_axis',(0.422618261740701,0.906307787036649,0.));
#10680=DIRECTION('',(0.422618261740701,0.906307787036649,0.));
#10681=DIRECTION('',(0.,0.,-1.));
#10682=DIRECTION('',(0.422618261740701,0.906307787036649,0.));
#10683=DIRECTION('center_axis',(0.422618261740709,0.906307787036645,0.));
#10684=DIRECTION('ref_axis',(0.906307787036645,-0.422618261740709,0.));
#10685=DIRECTION('',(0.906307787036645,-0.422618261740709,0.));
#10686=DIRECTION('',(0.906307787036645,-0.422618261740709,0.));
#10687=DIRECTION('center_axis',(0.906307787036675,-0.422618261740645,0.));
#10688=DIRECTION('ref_axis',(-0.422618261740645,-0.906307787036675,0.));
#10689=DIRECTION('',(0.,0.,-1.));
#10690=DIRECTION('',(-0.422618261740645,-0.906307787036675,0.));
#10691=DIRECTION('',(0.,0.,-1.));
#10692=DIRECTION('center_axis',(0.4226182617407,0.90630778703665,0.));
#10693=DIRECTION('ref_axis',(0.90630778703665,-0.4226182617407,0.));
#10694=DIRECTION('',(0.,0.,-1.));
#10695=DIRECTION('',(0.90630778703665,-0.4226182617407,0.));
#10696=DIRECTION('',(0.,0.,-1.));
#10697=DIRECTION('center_axis',(-0.334199280340221,0.942502435551271,0.));
#10698=DIRECTION('ref_axis',(0.942502435551271,0.334199280340221,0.));
#10699=DIRECTION('',(0.,0.,-1.));
#10700=DIRECTION('',(0.942502435551271,0.334199280340221,0.));
#10701=DIRECTION('',(0.,0.,-1.));
#10702=DIRECTION('',(0.,0.,-1.));
#10703=DIRECTION('center_axis',(-0.935812441150007,-0.352498333313597,0.));
#10704=DIRECTION('ref_axis',(-0.352498333313597,0.935812441150007,0.));
#10705=DIRECTION('',(0.,0.,-1.));
#10706=DIRECTION('',(-0.352498333313597,0.935812441150007,0.));
#10707=DIRECTION('',(0.,0.,-1.));
#10708=DIRECTION('center_axis',(-0.422618261740701,-0.906307787036649,0.));
#10709=DIRECTION('ref_axis',(-0.906307787036649,0.422618261740701,0.));
#10710=DIRECTION('',(0.,0.,-1.));
#10711=DIRECTION('',(-0.906307787036649,0.422618261740701,0.));
#10712=DIRECTION('center_axis',(0.90630778703665,-0.422618261740698,0.));
#10713=DIRECTION('ref_axis',(-0.422618261740698,-0.906307787036651,0.));
#10714=DIRECTION('',(0.,0.,-1.));
#10715=DIRECTION('',(-0.422618261740698,-0.906307787036651,0.));
#10716=DIRECTION('center_axis',(0.422618261740698,0.906307787036651,0.));
#10717=DIRECTION('ref_axis',(0.906307787036651,-0.422618261740698,0.));
#10718=DIRECTION('',(0.,0.,-1.));
#10719=DIRECTION('',(0.906307787036651,-0.422618261740698,0.));
#10720=DIRECTION('center_axis',(0.906306077377311,-0.422621928097621,0.));
#10721=DIRECTION('ref_axis',(-0.422621928097621,-0.906306077377311,0.));
#10722=DIRECTION('',(0.,0.,-1.));
#10723=DIRECTION('',(-0.422621928097621,-0.906306077377311,0.));
#10724=DIRECTION('center_axis',(-0.422618261740699,-0.90630778703665,0.));
#10725=DIRECTION('ref_axis',(-0.90630778703665,0.422618261740699,0.));
#10726=DIRECTION('',(-0.90630778703665,0.422618261740699,0.));
#10727=DIRECTION('center_axis',(0.,0.,1.));
#10728=DIRECTION('ref_axis',(-1.,0.,0.));
#10729=DIRECTION('center_axis',(0.937359732540416,0.348362931167713,0.));
#10730=DIRECTION('ref_axis',(0.348362931167713,-0.937359732540415,0.));
#10731=DIRECTION('',(0.348362931167713,-0.937359732540415,0.));
#10732=DIRECTION('',(0.,0.,-1.));
#10733=DIRECTION('',(0.348362931167713,-0.937359732540415,0.));
#10734=DIRECTION('',(0.,0.,-1.));
#10735=DIRECTION('center_axis',(0.338876626627922,-0.940830820033698,0.));
#10736=DIRECTION('ref_axis',(-0.940830820033698,-0.338876626627922,0.));
#10737=DIRECTION('',(-0.940830820033698,-0.338876626627922,0.));
#10738=DIRECTION('',(0.,0.,-1.));
#10739=DIRECTION('',(-0.940830820033698,-0.338876626627922,0.));
#10740=DIRECTION('center_axis',(-0.422618261740696,-0.906307787036651,0.));
#10741=DIRECTION('ref_axis',(-0.906307787036651,0.422618261740696,0.));
#10742=DIRECTION('',(-0.906307787036651,0.422618261740696,0.));
#10743=DIRECTION('',(0.,0.,-1.));
#10744=DIRECTION('',(-0.906307787036651,0.422618261740696,0.));
#10745=DIRECTION('center_axis',(-0.906307787036649,0.422618261740701,0.));
#10746=DIRECTION('ref_axis',(0.422618261740701,0.906307787036649,0.));
#10747=DIRECTION('',(0.422618261740701,0.906307787036649,0.));
#10748=DIRECTION('',(0.,0.,-1.));
#10749=DIRECTION('',(0.422618261740701,0.906307787036649,0.));
#10750=DIRECTION('center_axis',(0.422618261740703,0.906307787036648,0.));
#10751=DIRECTION('ref_axis',(0.906307787036648,-0.422618261740703,0.));
#10752=DIRECTION('',(0.906307787036648,-0.422618261740703,0.));
#10753=DIRECTION('',(0.906307787036648,-0.422618261740703,0.));
#10754=DIRECTION('center_axis',(0.906307787036661,-0.422618261740676,0.));
#10755=DIRECTION('ref_axis',(-0.422618261740676,-0.906307787036661,0.));
#10756=DIRECTION('',(0.,0.,-1.));
#10757=DIRECTION('',(-0.422618261740676,-0.906307787036661,0.));
#10758=DIRECTION('',(0.,0.,-1.));
#10759=DIRECTION('center_axis',(0.4226182617407,0.90630778703665,0.));
#10760=DIRECTION('ref_axis',(0.90630778703665,-0.4226182617407,0.));
#10761=DIRECTION('',(0.,0.,-1.));
#10762=DIRECTION('',(0.90630778703665,-0.4226182617407,0.));
#10763=DIRECTION('',(0.,0.,-1.));
#10764=DIRECTION('center_axis',(-0.334199280340221,0.942502435551271,0.));
#10765=DIRECTION('ref_axis',(0.942502435551271,0.334199280340221,0.));
#10766=DIRECTION('',(0.,0.,-1.));
#10767=DIRECTION('',(0.942502435551271,0.334199280340221,0.));
#10768=DIRECTION('',(0.,0.,-1.));
#10769=DIRECTION('',(0.,0.,-1.));
#10770=DIRECTION('center_axis',(-0.935812441150007,-0.352498333313597,0.));
#10771=DIRECTION('ref_axis',(-0.352498333313597,0.935812441150007,0.));
#10772=DIRECTION('',(0.,0.,-1.));
#10773=DIRECTION('',(-0.352498333313597,0.935812441150007,0.));
#10774=DIRECTION('',(0.,0.,-1.));
#10775=DIRECTION('center_axis',(-0.422618261740701,-0.906307787036649,0.));
#10776=DIRECTION('ref_axis',(-0.906307787036649,0.422618261740701,0.));
#10777=DIRECTION('',(0.,0.,-1.));
#10778=DIRECTION('',(-0.906307787036649,0.422618261740701,0.));
#10779=DIRECTION('center_axis',(0.90630778703665,-0.422618261740698,0.));
#10780=DIRECTION('ref_axis',(-0.422618261740698,-0.906307787036651,0.));
#10781=DIRECTION('',(0.,0.,-1.));
#10782=DIRECTION('',(-0.422618261740698,-0.906307787036651,0.));
#10783=DIRECTION('center_axis',(0.422618261740698,0.906307787036651,0.));
#10784=DIRECTION('ref_axis',(0.906307787036651,-0.422618261740698,0.));
#10785=DIRECTION('',(0.,0.,-1.));
#10786=DIRECTION('',(0.906307787036651,-0.422618261740698,0.));
#10787=DIRECTION('center_axis',(0.906306077377311,-0.422621928097621,0.));
#10788=DIRECTION('ref_axis',(-0.422621928097621,-0.906306077377311,0.));
#10789=DIRECTION('',(0.,0.,-1.));
#10790=DIRECTION('',(-0.422621928097621,-0.906306077377311,0.));
#10791=DIRECTION('center_axis',(-0.4226182617407,-0.90630778703665,0.));
#10792=DIRECTION('ref_axis',(-0.90630778703665,0.4226182617407,0.));
#10793=DIRECTION('',(-0.90630778703665,0.4226182617407,0.));
#10794=DIRECTION('center_axis',(0.,0.,1.));
#10795=DIRECTION('ref_axis',(-1.,0.,0.));
#10796=DIRECTION('center_axis',(-0.422618261740701,-0.906307787036649,0.));
#10797=DIRECTION('ref_axis',(-0.906307787036649,0.422618261740701,0.));
#10798=DIRECTION('',(0.,0.,-1.));
#10799=DIRECTION('',(-0.906307787036649,0.422618261740701,0.));
#10800=DIRECTION('',(0.,0.,-1.));
#10801=DIRECTION('center_axis',(-0.906307787036654,0.422618261740691,0.));
#10802=DIRECTION('ref_axis',(0.422618261740691,0.906307787036654,0.));
#10803=DIRECTION('',(0.,0.,-1.));
#10804=DIRECTION('',(0.422618261740691,0.906307787036654,0.));
#10805=DIRECTION('center_axis',(-0.346644650607675,0.937996527821443,0.));
#10806=DIRECTION('ref_axis',(0.937996527821443,0.346644650607675,0.));
#10807=DIRECTION('',(0.,0.,-1.));
#10808=DIRECTION('',(0.937996527821443,0.346644650607675,0.));
#10809=DIRECTION('center_axis',(0.422618261740702,0.906307787036649,0.));
#10810=DIRECTION('ref_axis',(0.906307787036649,-0.422618261740702,0.));
#10811=DIRECTION('',(0.,0.,-1.));
#10812=DIRECTION('',(0.906307787036649,-0.422618261740702,0.));
#10813=DIRECTION('center_axis',(0.938012172970205,0.346602312975136,0.));
#10814=DIRECTION('ref_axis',(0.346602312975136,-0.938012172970205,0.));
#10815=DIRECTION('',(0.,0.,-1.));
#10816=DIRECTION('',(0.346602312975136,-0.938012172970205,0.));
#10817=DIRECTION('center_axis',(0.906307787036648,-0.422618261740704,0.));
#10818=DIRECTION('ref_axis',(-0.422618261740704,-0.906307787036648,0.));
#10819=DIRECTION('',(0.,0.,-1.));
#10820=DIRECTION('',(-0.422618261740704,-0.906307787036648,0.));
#10821=DIRECTION('center_axis',(0.334941574070816,-0.942238898559683,0.));
#10822=DIRECTION('ref_axis',(-0.942238898559683,-0.334941574070816,0.));
#10823=DIRECTION('',(0.,0.,-1.));
#10824=DIRECTION('',(-0.942238898559683,-0.334941574070816,0.));
#10825=DIRECTION('center_axis',(0.943650809732846,0.330942818762613,0.));
#10826=DIRECTION('ref_axis',(0.330942818762613,-0.943650809732846,0.));
#10827=DIRECTION('',(0.,0.,-1.));
#10828=DIRECTION('',(0.330942818762613,-0.943650809732846,0.));
#10829=DIRECTION('center_axis',(-0.335791933078685,0.941936185566347,0.));
#10830=DIRECTION('ref_axis',(0.941936185566347,0.335791933078685,0.));
#10831=DIRECTION('',(0.,0.,-1.));
#10832=DIRECTION('',(0.941936185566347,0.335791933078685,0.));
#10833=DIRECTION('',(0.,0.,-1.));
#10834=DIRECTION('center_axis',(-0.90630778703665,0.4226182617407,0.));
#10835=DIRECTION('ref_axis',(0.4226182617407,0.90630778703665,0.));
#10836=DIRECTION('',(0.,0.,-1.));
#10837=DIRECTION('',(0.4226182617407,0.90630778703665,0.));
#10838=DIRECTION('',(0.,0.,-1.));
#10839=DIRECTION('center_axis',(-0.941114480196076,-0.338088058300304,0.));
#10840=DIRECTION('ref_axis',(-0.338088058300304,0.941114480196076,0.));
#10841=DIRECTION('',(0.,0.,-1.));
#10842=DIRECTION('',(-0.338088058300304,0.941114480196076,0.));
#10843=DIRECTION('',(0.,0.,-1.));
#10844=DIRECTION('center_axis',(-0.422618261740699,-0.90630778703665,0.));
#10845=DIRECTION('ref_axis',(-0.90630778703665,0.422618261740699,0.));
#10846=DIRECTION('',(0.,0.,-1.));
#10847=DIRECTION('',(-0.90630778703665,0.422618261740699,0.));
#10848=DIRECTION('',(0.,0.,-1.));
#10849=DIRECTION('center_axis',(0.345946248820791,-0.938254332751426,0.));
#10850=DIRECTION('ref_axis',(-0.938254332751426,-0.345946248820791,0.));
#10851=DIRECTION('',(0.,0.,-1.));
#10852=DIRECTION('',(-0.938254332751426,-0.345946248820791,0.));
#10853=DIRECTION('',(0.,0.,-1.));
#10854=DIRECTION('center_axis',(0.906307787036651,-0.422618261740696,0.));
#10855=DIRECTION('ref_axis',(-0.422618261740696,-0.906307787036651,0.));
#10856=DIRECTION('',(0.,0.,-1.));
#10857=DIRECTION('',(-0.422618261740696,-0.906307787036651,0.));
#10858=DIRECTION('center_axis',(0.422618261740696,0.906307787036651,0.));
#10859=DIRECTION('ref_axis',(0.906307787036651,-0.422618261740696,0.));
#10860=DIRECTION('',(0.,0.,-1.));
#10861=DIRECTION('',(0.906307787036651,-0.422618261740696,0.));
#10862=DIRECTION('center_axis',(0.906307787036646,-0.422618261740708,0.));
#10863=DIRECTION('ref_axis',(-0.422618261740708,-0.906307787036646,0.));
#10864=DIRECTION('',(0.,0.,-1.));
#10865=DIRECTION('',(-0.422618261740708,-0.906307787036646,0.));
#10866=DIRECTION('center_axis',(0.422618261740698,0.906307787036651,0.));
#10867=DIRECTION('ref_axis',(0.906307787036651,-0.422618261740698,0.));
#10868=DIRECTION('',(0.,0.,-1.));
#10869=DIRECTION('',(0.906307787036651,-0.422618261740698,0.));
#10870=DIRECTION('center_axis',(-0.906307787036651,0.422618261740698,0.));
#10871=DIRECTION('ref_axis',(0.422618261740698,0.906307787036651,0.));
#10872=DIRECTION('',(0.,0.,-1.));
#10873=DIRECTION('',(0.422618261740698,0.906307787036651,0.));
#10874=DIRECTION('center_axis',(-0.422642567204104,-0.906296452816143,0.));
#10875=DIRECTION('ref_axis',(-0.906296452816143,0.422642567204104,0.));
#10876=DIRECTION('',(0.,0.,-1.));
#10877=DIRECTION('',(-0.906296452816143,0.422642567204104,0.));
#10878=DIRECTION('center_axis',(0.906307787036649,-0.422618261740701,0.));
#10879=DIRECTION('ref_axis',(-0.422618261740701,-0.906307787036649,0.));
#10880=DIRECTION('',(-0.422618261740701,-0.906307787036649,0.));
#10881=DIRECTION('center_axis',(0.,0.,1.));
#10882=DIRECTION('ref_axis',(-1.,0.,0.));
#10883=DIRECTION('center_axis',(1.,0.,0.));
#10884=DIRECTION('ref_axis',(0.,-1.,0.));
#10885=DIRECTION('',(0.,0.,-1.));
#10886=DIRECTION('',(0.,-1.,0.));
#10887=DIRECTION('',(0.,0.,-1.));
#10888=DIRECTION('center_axis',(-5.00338672068524E-15,1.,0.));
#10889=DIRECTION('ref_axis',(1.,5.00338672068524E-15,0.));
#10890=DIRECTION('',(0.,0.,-1.));
#10891=DIRECTION('',(1.,5.00338672068524E-15,0.));
#10892=DIRECTION('center_axis',(1.,0.,0.));
#10893=DIRECTION('ref_axis',(0.,-1.,0.));
#10894=DIRECTION('',(0.,0.,-1.));
#10895=DIRECTION('',(0.,-1.,0.));
#10896=DIRECTION('center_axis',(0.,-1.,0.));
#10897=DIRECTION('ref_axis',(-1.,0.,0.));
#10898=DIRECTION('',(0.,0.,-1.));
#10899=DIRECTION('',(-1.,0.,0.));
#10900=DIRECTION('center_axis',(1.,0.,0.));
#10901=DIRECTION('ref_axis',(0.,-1.,0.));
#10902=DIRECTION('',(0.,0.,-1.));
#10903=DIRECTION('',(0.,-1.,0.));
#10904=DIRECTION('center_axis',(0.,1.,0.));
#10905=DIRECTION('ref_axis',(1.,0.,0.));
#10906=DIRECTION('',(0.,0.,-1.));
#10907=DIRECTION('',(1.,0.,0.));
#10908=DIRECTION('center_axis',(1.,0.,0.));
#10909=DIRECTION('ref_axis',(0.,-1.,0.));
#10910=DIRECTION('',(0.,0.,-1.));
#10911=DIRECTION('',(0.,-1.,0.));
#10912=DIRECTION('center_axis',(0.,-1.,0.));
#10913=DIRECTION('ref_axis',(-1.,0.,0.));
#10914=DIRECTION('',(0.,0.,-1.));
#10915=DIRECTION('',(-1.,0.,0.));
#10916=DIRECTION('center_axis',(1.,-1.95212990115188E-14,0.));
#10917=DIRECTION('ref_axis',(-1.95212990115188E-14,-1.,0.));
#10918=DIRECTION('',(0.,0.,-1.));
#10919=DIRECTION('',(-1.95212990115188E-14,-1.,0.));
#10920=DIRECTION('center_axis',(0.,1.,0.));
#10921=DIRECTION('ref_axis',(1.,0.,0.));
#10922=DIRECTION('',(0.,0.,-1.));
#10923=DIRECTION('',(1.,0.,0.));
#10924=DIRECTION('center_axis',(-1.,2.16904271729761E-15,0.));
#10925=DIRECTION('ref_axis',(2.16904271729761E-15,1.,0.));
#10926=DIRECTION('',(0.,0.,-1.));
#10927=DIRECTION('',(2.16904271729761E-15,1.,0.));
#10928=DIRECTION('center_axis',(4.29376987526917E-15,-1.,0.));
#10929=DIRECTION('ref_axis',(-1.,-4.29376987526917E-15,0.));
#10930=DIRECTION('',(-1.,-4.29376987526917E-15,0.));
#10931=DIRECTION('center_axis',(0.,0.,-1.));
#10932=DIRECTION('ref_axis',(-1.,0.,0.));
#10933=DIRECTION('center_axis',(0.711869378024167,-0.702311888430977,0.));
#10934=DIRECTION('ref_axis',(-0.702311888430977,-0.711869378024167,0.));
#10935=DIRECTION('',(-0.702311888430977,-0.711869378024167,0.));
#10936=DIRECTION('',(0.,0.,-1.));
#10937=DIRECTION('',(-0.702311888430977,-0.711869378024167,0.));
#10938=DIRECTION('',(0.,0.,-1.));
#10939=DIRECTION('center_axis',(-0.709466847590569,-0.704738811312319,0.));
#10940=DIRECTION('ref_axis',(-0.704738811312319,0.709466847590569,0.));
#10941=DIRECTION('',(-0.704738811312319,0.709466847590569,0.));
#10942=DIRECTION('',(0.,0.,-1.));
#10943=DIRECTION('',(-0.704738811312319,0.709466847590569,0.));
#10944=DIRECTION('center_axis',(-1.,1.63125164112351E-14,0.));
#10945=DIRECTION('ref_axis',(1.63125164112351E-14,1.,0.));
#10946=DIRECTION('',(1.63125164112351E-14,1.,0.));
#10947=DIRECTION('',(0.,0.,-1.));
#10948=DIRECTION('',(1.63125164112351E-14,1.,0.));
#10949=DIRECTION('center_axis',(0.,1.,0.));
#10950=DIRECTION('ref_axis',(1.,0.,0.));
#10951=DIRECTION('',(1.,0.,0.));
#10952=DIRECTION('',(0.,0.,-1.));
#10953=DIRECTION('',(1.,0.,0.));
#10954=DIRECTION('center_axis',(1.,0.,0.));
#10955=DIRECTION('ref_axis',(0.,-1.,0.));
#10956=DIRECTION('',(0.,-1.,0.));
#10957=DIRECTION('',(0.,-1.,0.));
#10958=DIRECTION('center_axis',(9.92336445942328E-15,-1.,0.));
#10959=DIRECTION('ref_axis',(-1.,-9.92336445942328E-15,0.));
#10960=DIRECTION('',(0.,0.,-1.));
#10961=DIRECTION('',(-1.,-9.92336445942328E-15,0.));
#10962=DIRECTION('',(0.,0.,-1.));
#10963=DIRECTION('center_axis',(1.,0.,0.));
#10964=DIRECTION('ref_axis',(0.,-1.,0.));
#10965=DIRECTION('',(0.,0.,-1.));
#10966=DIRECTION('',(0.,-1.,0.));
#10967=DIRECTION('',(0.,0.,-1.));
#10968=DIRECTION('center_axis',(0.712958577708748,0.701206151193441,0.));
#10969=DIRECTION('ref_axis',(0.701206151193441,-0.712958577708748,0.));
#10970=DIRECTION('',(0.,0.,-1.));
#10971=DIRECTION('',(0.701206151193441,-0.712958577708748,0.));
#10972=DIRECTION('',(0.,0.,-1.));
#10973=DIRECTION('',(0.,0.,-1.));
#10974=DIRECTION('center_axis',(-0.714963411593693,0.69916186972854,0.));
#10975=DIRECTION('ref_axis',(0.69916186972854,0.714963411593693,0.));
#10976=DIRECTION('',(0.,0.,-1.));
#10977=DIRECTION('',(0.69916186972854,0.714963411593693,0.));
#10978=DIRECTION('',(0.,0.,-1.));
#10979=DIRECTION('center_axis',(-1.,0.,0.));
#10980=DIRECTION('ref_axis',(0.,1.,0.));
#10981=DIRECTION('',(0.,0.,-1.));
#10982=DIRECTION('',(0.,1.,0.));
#10983=DIRECTION('center_axis',(2.01831929318987E-14,-1.,0.));
#10984=DIRECTION('ref_axis',(-1.,-2.01831929318987E-14,0.));
#10985=DIRECTION('',(0.,0.,-1.));
#10986=DIRECTION('',(-1.,-2.01831929318987E-14,0.));
#10987=DIRECTION('center_axis',(1.,0.,0.));
#10988=DIRECTION('ref_axis',(0.,-1.,0.));
#10989=DIRECTION('',(0.,0.,-1.));
#10990=DIRECTION('',(0.,-1.,0.));
#10991=DIRECTION('center_axis',(-4.04538108456182E-6,-0.999999999991817,
0.));
#10992=DIRECTION('ref_axis',(-0.999999999991817,4.04538108456182E-6,0.));
#10993=DIRECTION('',(0.,0.,-1.));
#10994=DIRECTION('',(-0.999999999991817,4.04538108456182E-6,0.));
#10995=DIRECTION('center_axis',(-1.,0.,0.));
#10996=DIRECTION('ref_axis',(0.,1.,0.));
#10997=DIRECTION('',(0.,1.,0.));
#10998=DIRECTION('center_axis',(0.,0.,1.));
#10999=DIRECTION('ref_axis',(-1.,0.,0.));
#11000=DIRECTION('center_axis',(0.711868660560815,-0.702312615657266,0.));
#11001=DIRECTION('ref_axis',(-0.702312615657266,-0.711868660560815,0.));
#11002=DIRECTION('',(-0.702312615657266,-0.711868660560815,0.));
#11003=DIRECTION('',(0.,0.,-1.));
#11004=DIRECTION('',(-0.702312615657266,-0.711868660560815,0.));
#11005=DIRECTION('',(0.,0.,-1.));
#11006=DIRECTION('center_axis',(-0.70946755791703,-0.704738096219614,0.));
#11007=DIRECTION('ref_axis',(-0.704738096219614,0.70946755791703,0.));
#11008=DIRECTION('',(-0.704738096219614,0.70946755791703,0.));
#11009=DIRECTION('',(0.,0.,-1.));
#11010=DIRECTION('',(-0.704738096219614,0.70946755791703,0.));
#11011=DIRECTION('center_axis',(-1.,1.63125164112351E-14,0.));
#11012=DIRECTION('ref_axis',(1.63125164112351E-14,1.,0.));
#11013=DIRECTION('',(1.63125164112351E-14,1.,0.));
#11014=DIRECTION('',(0.,0.,-1.));
#11015=DIRECTION('',(1.63125164112351E-14,1.,0.));
#11016=DIRECTION('center_axis',(0.,1.,0.));
#11017=DIRECTION('ref_axis',(1.,0.,0.));
#11018=DIRECTION('',(1.,0.,0.));
#11019=DIRECTION('',(0.,0.,-1.));
#11020=DIRECTION('',(1.,0.,0.));
#11021=DIRECTION('center_axis',(1.,-1.60921557414164E-14,0.));
#11022=DIRECTION('ref_axis',(-1.60921557414164E-14,-1.,0.));
#11023=DIRECTION('',(-1.60921557414164E-14,-1.,0.));
#11024=DIRECTION('',(-1.60921557414164E-14,-1.,0.));
#11025=DIRECTION('center_axis',(9.92336445942328E-15,-1.,0.));
#11026=DIRECTION('ref_axis',(-1.,-9.92336445942328E-15,0.));
#11027=DIRECTION('',(0.,0.,-1.));
#11028=DIRECTION('',(-1.,-9.92336445942328E-15,0.));
#11029=DIRECTION('',(0.,0.,-1.));
#11030=DIRECTION('center_axis',(1.,0.,0.));
#11031=DIRECTION('ref_axis',(0.,-1.,0.));
#11032=DIRECTION('',(0.,0.,-1.));
#11033=DIRECTION('',(0.,-1.,0.));
#11034=DIRECTION('',(0.,0.,-1.));
#11035=DIRECTION('center_axis',(0.712958577708748,0.701206151193441,0.));
#11036=DIRECTION('ref_axis',(0.701206151193441,-0.712958577708748,0.));
#11037=DIRECTION('',(0.,0.,-1.));
#11038=DIRECTION('',(0.701206151193441,-0.712958577708748,0.));
#11039=DIRECTION('',(0.,0.,-1.));
#11040=DIRECTION('',(0.,0.,-1.));
#11041=DIRECTION('center_axis',(-0.714963411593693,0.69916186972854,0.));
#11042=DIRECTION('ref_axis',(0.69916186972854,0.714963411593693,0.));
#11043=DIRECTION('',(0.,0.,-1.));
#11044=DIRECTION('',(0.69916186972854,0.714963411593693,0.));
#11045=DIRECTION('',(0.,0.,-1.));
#11046=DIRECTION('center_axis',(-1.,0.,0.));
#11047=DIRECTION('ref_axis',(0.,1.,0.));
#11048=DIRECTION('',(0.,0.,-1.));
#11049=DIRECTION('',(0.,1.,0.));
#11050=DIRECTION('center_axis',(2.01831929318987E-14,-1.,0.));
#11051=DIRECTION('ref_axis',(-1.,-2.01831929318987E-14,0.));
#11052=DIRECTION('',(0.,0.,-1.));
#11053=DIRECTION('',(-1.,-2.01831929318987E-14,0.));
#11054=DIRECTION('center_axis',(1.,0.,0.));
#11055=DIRECTION('ref_axis',(0.,-1.,0.));
#11056=DIRECTION('',(0.,0.,-1.));
#11057=DIRECTION('',(0.,-1.,0.));
#11058=DIRECTION('center_axis',(-4.04538108456183E-6,-0.999999999991817,
0.));
#11059=DIRECTION('ref_axis',(-0.999999999991817,4.04538108456183E-6,0.));
#11060=DIRECTION('',(0.,0.,-1.));
#11061=DIRECTION('',(-0.999999999991817,4.04538108456183E-6,0.));
#11062=DIRECTION('center_axis',(-1.,0.,0.));
#11063=DIRECTION('ref_axis',(0.,1.,0.));
#11064=DIRECTION('',(0.,1.,0.));
#11065=DIRECTION('center_axis',(0.,0.,1.));
#11066=DIRECTION('ref_axis',(-1.,0.,0.));
#11067=DIRECTION('center_axis',(0.906307787036647,-0.422618261740705,0.));
#11068=DIRECTION('ref_axis',(-0.422618261740705,-0.906307787036647,0.));
#11069=DIRECTION('',(0.,0.,-1.));
#11070=DIRECTION('',(-0.422618261740705,-0.906307787036647,0.));
#11071=DIRECTION('',(0.,0.,-1.));
#11072=DIRECTION('center_axis',(0.422618261740699,0.90630778703665,0.));
#11073=DIRECTION('ref_axis',(0.90630778703665,-0.422618261740699,0.));
#11074=DIRECTION('',(0.,0.,-1.));
#11075=DIRECTION('',(0.90630778703665,-0.422618261740699,0.));
#11076=DIRECTION('',(0.,0.,-1.));
#11077=DIRECTION('',(0.,0.,-1.));
#11078=DIRECTION('',(0.,0.,-1.));
#11079=DIRECTION('',(0.,0.,-1.));
#11080=DIRECTION('',(0.,0.,-1.));
#11081=DIRECTION('center_axis',(-0.935371724443053,-0.35366613792167,0.));
#11082=DIRECTION('ref_axis',(-0.35366613792167,0.935371724443053,0.));
#11083=DIRECTION('',(0.,0.,-1.));
#11084=DIRECTION('',(-0.35366613792167,0.935371724443053,0.));
#11085=DIRECTION('center_axis',(-0.324121110730024,0.946015594786437,0.));
#11086=DIRECTION('ref_axis',(0.946015594786436,0.324121110730024,0.));
#11087=DIRECTION('',(0.,0.,-1.));
#11088=DIRECTION('',(0.946015594786436,0.324121110730024,0.));
#11089=DIRECTION('',(0.,0.,-1.));
#11090=DIRECTION('',(0.,0.,-1.));
#11091=DIRECTION('',(0.,0.,-1.));
#11092=DIRECTION('center_axis',(-0.4226182617407,-0.90630778703665,0.));
#11093=DIRECTION('ref_axis',(-0.90630778703665,0.4226182617407,0.));
#11094=DIRECTION('',(0.,0.,-1.));
#11095=DIRECTION('',(-0.90630778703665,0.4226182617407,0.));
#11096=DIRECTION('center_axis',(0.906307787036648,-0.422618261740705,0.));
#11097=DIRECTION('ref_axis',(-0.422618261740705,-0.906307787036648,0.));
#11098=DIRECTION('',(0.,0.,-1.));
#11099=DIRECTION('',(-0.422618261740705,-0.906307787036648,0.));
#11100=DIRECTION('center_axis',(0.422618261740697,0.906307787036651,0.));
#11101=DIRECTION('ref_axis',(0.906307787036651,-0.422618261740697,0.));
#11102=DIRECTION('',(0.,0.,-1.));
#11103=DIRECTION('',(0.906307787036651,-0.422618261740697,0.));
#11104=DIRECTION('center_axis',(0.314594197761004,-0.949226258978917,0.));
#11105=DIRECTION('ref_axis',(-0.949226258978917,-0.314594197761004,0.));
#11106=DIRECTION('',(0.,0.,-1.));
#11107=DIRECTION('',(-0.949226258978917,-0.314594197761004,0.));
#11108=DIRECTION('center_axis',(-0.422618261740698,-0.906307787036651,0.));
#11109=DIRECTION('ref_axis',(-0.906307787036651,0.422618261740698,0.));
#11110=DIRECTION('',(0.,0.,-1.));
#11111=DIRECTION('',(-0.906307787036651,0.422618261740698,0.));
#11112=DIRECTION('center_axis',(0.906307787036648,-0.422618261740703,0.));
#11113=DIRECTION('ref_axis',(-0.422618261740704,-0.906307787036648,0.));
#11114=DIRECTION('',(0.,0.,-1.));
#11115=DIRECTION('',(-0.422618261740704,-0.906307787036648,0.));
#11116=DIRECTION('center_axis',(0.422618261740698,0.90630778703665,0.));
#11117=DIRECTION('ref_axis',(0.906307787036651,-0.422618261740698,0.));
#11118=DIRECTION('',(0.,0.,-1.));
#11119=DIRECTION('',(0.906307787036651,-0.422618261740698,0.));
#11120=DIRECTION('center_axis',(0.927995163113548,0.372592239905582,0.));
#11121=DIRECTION('ref_axis',(0.372592239905582,-0.927995163113548,0.));
#11122=DIRECTION('',(0.,0.,-1.));
#11123=DIRECTION('',(0.372592239905582,-0.927995163113548,0.));
#11124=DIRECTION('center_axis',(-0.422618261740699,-0.90630778703665,0.));
#11125=DIRECTION('ref_axis',(-0.90630778703665,0.422618261740699,0.));
#11126=DIRECTION('',(-0.90630778703665,0.422618261740699,0.));
#11127=DIRECTION('center_axis',(0.,0.,1.));
#11128=DIRECTION('ref_axis',(-1.,0.,0.));
#11129=DIRECTION('center_axis',(0.906307787036651,-0.422618261740698,0.));
#11130=DIRECTION('ref_axis',(-0.422618261740698,-0.906307787036651,0.));
#11131=DIRECTION('',(-0.422618261740698,-0.906307787036651,0.));
#11132=DIRECTION('',(0.,0.,-1.));
#11133=DIRECTION('',(-0.422618261740698,-0.906307787036651,0.));
#11134=DIRECTION('',(0.,0.,-1.));
#11135=DIRECTION('center_axis',(0.355867387204622,-0.934536464095519,0.));
#11136=DIRECTION('ref_axis',(-0.934536464095519,-0.355867387204622,0.));
#11137=DIRECTION('',(-0.934536464095519,-0.355867387204622,0.));
#11138=DIRECTION('',(0.,0.,-1.));
#11139=DIRECTION('',(-0.934536464095519,-0.355867387204622,0.));
#11140=DIRECTION('center_axis',(-0.422618261740733,-0.906307787036634,0.));
#11141=DIRECTION('ref_axis',(-0.906307787036634,0.422618261740733,0.));
#11142=DIRECTION('',(-0.906307787036634,0.422618261740733,0.));
#11143=DIRECTION('',(0.,0.,-1.));
#11144=DIRECTION('',(-0.906307787036634,0.422618261740733,0.));
#11145=DIRECTION('center_axis',(-0.938046033352719,-0.34651066262271,0.));
#11146=DIRECTION('ref_axis',(-0.34651066262271,0.938046033352719,0.));
#11147=DIRECTION('',(-0.34651066262271,0.938046033352719,0.));
#11148=DIRECTION('',(0.,0.,-1.));
#11149=DIRECTION('',(-0.34651066262271,0.938046033352719,0.));
#11150=DIRECTION('center_axis',(-0.906307787036649,0.422618261740701,0.));
#11151=DIRECTION('ref_axis',(0.422618261740701,0.906307787036649,0.));
#11152=DIRECTION('',(0.422618261740701,0.906307787036649,0.));
#11153=DIRECTION('',(0.,0.,-1.));
#11154=DIRECTION('',(0.422618261740701,0.906307787036649,0.));
#11155=DIRECTION('center_axis',(0.422617146053957,0.906308307289086,0.));
#11156=DIRECTION('ref_axis',(0.906308307289086,-0.422617146053957,0.));
#11157=DIRECTION('',(0.906308307289086,-0.422617146053957,0.));
#11158=DIRECTION('',(0.906308307289086,-0.422617146053957,0.));
#11159=DIRECTION('center_axis',(0.936857476192827,0.349711408595155,0.));
#11160=DIRECTION('ref_axis',(0.349711408595155,-0.936857476192827,0.));
#11161=DIRECTION('',(0.,0.,-1.));
#11162=DIRECTION('',(0.349711408595155,-0.936857476192827,0.));
#11163=DIRECTION('',(0.,0.,-1.));
#11164=DIRECTION('',(0.,0.,-1.));
#11165=DIRECTION('center_axis',(0.422618261740701,0.906307787036649,0.));
#11166=DIRECTION('ref_axis',(0.906307787036649,-0.422618261740701,0.));
#11167=DIRECTION('',(0.,0.,-1.));
#11168=DIRECTION('',(0.906307787036649,-0.422618261740701,0.));
#11169=DIRECTION('',(0.,0.,-1.));
#11170=DIRECTION('center_axis',(-0.345946248820793,0.938254332751425,0.));
#11171=DIRECTION('ref_axis',(0.938254332751425,0.345946248820793,0.));
#11172=DIRECTION('',(0.,0.,-1.));
#11173=DIRECTION('',(0.938254332751425,0.345946248820793,0.));
#11174=DIRECTION('',(0.,0.,-1.));
#11175=DIRECTION('center_axis',(-0.906307787036649,0.422618261740701,0.));
#11176=DIRECTION('ref_axis',(0.422618261740701,0.906307787036649,0.));
#11177=DIRECTION('',(0.,0.,-1.));
#11178=DIRECTION('',(0.422618261740701,0.906307787036649,0.));
#11179=DIRECTION('center_axis',(-0.4226182617407,-0.90630778703665,0.));
#11180=DIRECTION('ref_axis',(-0.90630778703665,0.4226182617407,0.));
#11181=DIRECTION('',(0.,0.,-1.));
#11182=DIRECTION('',(-0.90630778703665,0.4226182617407,0.));
#11183=DIRECTION('center_axis',(0.906307787036654,-0.422618261740691,0.));
#11184=DIRECTION('ref_axis',(-0.422618261740691,-0.906307787036654,0.));
#11185=DIRECTION('',(0.,0.,-1.));
#11186=DIRECTION('',(-0.422618261740691,-0.906307787036654,0.));
#11187=DIRECTION('center_axis',(0.4226182617407,0.90630778703665,0.));
#11188=DIRECTION('ref_axis',(0.90630778703665,-0.4226182617407,0.));
#11189=DIRECTION('',(0.,0.,-1.));
#11190=DIRECTION('',(0.90630778703665,-0.4226182617407,0.));
#11191=DIRECTION('center_axis',(0.906315146082359,-0.422602479857504,0.));
#11192=DIRECTION('ref_axis',(-0.422602479857504,-0.906315146082359,0.));
#11193=DIRECTION('',(0.,0.,-1.));
#11194=DIRECTION('',(-0.422602479857504,-0.906315146082359,0.));
#11195=DIRECTION('center_axis',(0.,0.,1.));
#11196=DIRECTION('ref_axis',(-1.,0.,0.));
#11197=DIRECTION('center_axis',(0.906307787036646,-0.422618261740708,0.));
#11198=DIRECTION('ref_axis',(-0.422618261740708,-0.906307787036646,0.));
#11199=DIRECTION('',(-0.422618261740708,-0.906307787036646,0.));
#11200=DIRECTION('',(0.,0.,-1.));
#11201=DIRECTION('',(-0.422618261740708,-0.906307787036646,0.));
#11202=DIRECTION('',(0.,0.,-1.));
#11203=DIRECTION('center_axis',(0.332969847501621,-0.942937474414262,0.));
#11204=DIRECTION('ref_axis',(-0.942937474414262,-0.332969847501621,0.));
#11205=DIRECTION('',(-0.942937474414262,-0.332969847501621,0.));
#11206=DIRECTION('',(0.,0.,-1.));
#11207=DIRECTION('',(-0.942937474414262,-0.332969847501621,0.));
#11208=DIRECTION('center_axis',(-0.422618261740699,-0.90630778703665,0.));
#11209=DIRECTION('ref_axis',(-0.90630778703665,0.422618261740699,0.));
#11210=DIRECTION('',(-0.90630778703665,0.422618261740699,0.));
#11211=DIRECTION('',(0.,0.,-1.));
#11212=DIRECTION('',(-0.90630778703665,0.422618261740699,0.));
#11213=DIRECTION('center_axis',(-0.939691623379835,-0.342022883663901,0.));
#11214=DIRECTION('ref_axis',(-0.342022883663901,0.939691623379835,0.));
#11215=DIRECTION('',(-0.342022883663901,0.939691623379835,0.));
#11216=DIRECTION('',(0.,0.,-1.));
#11217=DIRECTION('',(-0.342022883663901,0.939691623379835,0.));
#11218=DIRECTION('center_axis',(-0.906307787036649,0.422618261740701,0.));
#11219=DIRECTION('ref_axis',(0.422618261740701,0.906307787036649,0.));
#11220=DIRECTION('',(0.422618261740701,0.906307787036649,0.));
#11221=DIRECTION('',(0.,0.,-1.));
#11222=DIRECTION('',(0.422618261740701,0.906307787036649,0.));
#11223=DIRECTION('center_axis',(0.422618261740698,0.906307787036651,0.));
#11224=DIRECTION('ref_axis',(0.906307787036651,-0.422618261740698,0.));
#11225=DIRECTION('',(0.906307787036651,-0.422618261740698,0.));
#11226=DIRECTION('',(0.906307787036651,-0.422618261740698,0.));
#11227=DIRECTION('center_axis',(-0.422618261740706,-0.906307787036647,0.));
#11228=DIRECTION('ref_axis',(-0.906307787036647,0.422618261740706,0.));
#11229=DIRECTION('',(0.,0.,-1.));
#11230=DIRECTION('',(-0.906307787036647,0.422618261740706,0.));
#11231=DIRECTION('',(0.,0.,-1.));
#11232=DIRECTION('center_axis',(0.906307787036652,-0.422618261740694,0.));
#11233=DIRECTION('ref_axis',(-0.422618261740695,-0.906307787036652,0.));
#11234=DIRECTION('',(0.,0.,-1.));
#11235=DIRECTION('',(-0.422618261740695,-0.906307787036652,0.));
#11236=DIRECTION('',(0.,0.,-1.));
#11237=DIRECTION('center_axis',(0.941103172313366,0.338119533688486,0.));
#11238=DIRECTION('ref_axis',(0.338119533688486,-0.941103172313366,0.));
#11239=DIRECTION('',(0.,0.,-1.));
#11240=DIRECTION('',(0.338119533688486,-0.941103172313366,0.));
#11241=DIRECTION('',(0.,0.,-1.));
#11242=DIRECTION('center_axis',(0.422618261740699,0.90630778703665,0.));
#11243=DIRECTION('ref_axis',(0.90630778703665,-0.422618261740699,0.));
#11244=DIRECTION('',(0.,0.,-1.));
#11245=DIRECTION('',(0.90630778703665,-0.422618261740699,0.));
#11246=DIRECTION('',(0.,0.,-1.));
#11247=DIRECTION('center_axis',(-0.334245535689989,0.942486032719484,0.));
#11248=DIRECTION('ref_axis',(0.942486032719484,0.334245535689989,0.));
#11249=DIRECTION('',(0.,0.,-1.));
#11250=DIRECTION('',(0.942486032719484,0.334245535689989,0.));
#11251=DIRECTION('',(0.,0.,-1.));
#11252=DIRECTION('center_axis',(-0.90630778703665,0.422618261740699,0.));
#11253=DIRECTION('ref_axis',(0.422618261740699,0.90630778703665,0.));
#11254=DIRECTION('',(0.,0.,-1.));
#11255=DIRECTION('',(0.422618261740699,0.90630778703665,0.));
#11256=DIRECTION('center_axis',(-0.422618261740708,-0.906307787036646,0.));
#11257=DIRECTION('ref_axis',(-0.906307787036646,0.422618261740708,0.));
#11258=DIRECTION('',(0.,0.,-1.));
#11259=DIRECTION('',(-0.906307787036646,0.422618261740708,0.));
#11260=DIRECTION('center_axis',(0.906307787036649,-0.422618261740702,0.));
#11261=DIRECTION('ref_axis',(-0.422618261740702,-0.906307787036649,0.));
#11262=DIRECTION('',(0.,0.,-1.));
#11263=DIRECTION('',(-0.422618261740702,-0.906307787036649,0.));
#11264=DIRECTION('center_axis',(-0.422618261740699,-0.90630778703665,0.));
#11265=DIRECTION('ref_axis',(-0.90630778703665,0.422618261740699,0.));
#11266=DIRECTION('',(0.,0.,-1.));
#11267=DIRECTION('',(-0.90630778703665,0.422618261740699,0.));
#11268=DIRECTION('center_axis',(-0.906307787036647,0.422618261740705,0.));
#11269=DIRECTION('ref_axis',(0.422618261740705,0.906307787036647,0.));
#11270=DIRECTION('',(0.422618261740705,0.906307787036647,0.));
#11271=DIRECTION('center_axis',(0.,0.,1.));
#11272=DIRECTION('ref_axis',(-1.,0.,0.));
#11273=DIRECTION('center_axis',(0.4226182617407,0.906307787036649,0.));
#11274=DIRECTION('ref_axis',(0.906307787036649,-0.4226182617407,0.));
#11275=DIRECTION('',(0.,0.,-1.));
#11276=DIRECTION('',(0.906307787036649,-0.4226182617407,0.));
#11277=DIRECTION('',(0.,0.,-1.));
#11278=DIRECTION('center_axis',(-0.906307787036649,0.422618261740702,0.));
#11279=DIRECTION('ref_axis',(0.422618261740702,0.906307787036649,0.));
#11280=DIRECTION('',(0.,0.,-1.));
#11281=DIRECTION('',(0.422618261740702,0.906307787036649,0.));
#11282=DIRECTION('center_axis',(0.422618261740694,0.906307787036653,0.));
#11283=DIRECTION('ref_axis',(0.906307787036652,-0.422618261740694,0.));
#11284=DIRECTION('',(0.,0.,-1.));
#11285=DIRECTION('',(0.906307787036652,-0.422618261740694,0.));
#11286=DIRECTION('center_axis',(0.906307787036647,-0.422618261740706,0.));
#11287=DIRECTION('ref_axis',(-0.422618261740706,-0.906307787036647,0.));
#11288=DIRECTION('',(0.,0.,-1.));
#11289=DIRECTION('',(-0.422618261740706,-0.906307787036647,0.));
#11290=DIRECTION('center_axis',(0.422618261740693,0.906307787036653,0.));
#11291=DIRECTION('ref_axis',(0.906307787036653,-0.422618261740693,0.));
#11292=DIRECTION('',(0.,0.,-1.));
#11293=DIRECTION('',(0.906307787036653,-0.422618261740693,0.));
#11294=DIRECTION('center_axis',(-0.906307787036653,0.422618261740694,0.));
#11295=DIRECTION('ref_axis',(0.422618261740694,0.906307787036653,0.));
#11296=DIRECTION('',(0.,0.,-1.));
#11297=DIRECTION('',(0.422618261740694,0.906307787036652,0.));
#11298=DIRECTION('center_axis',(0.422618261740701,0.906307787036649,0.));
#11299=DIRECTION('ref_axis',(0.906307787036649,-0.422618261740701,0.));
#11300=DIRECTION('',(0.,0.,-1.));
#11301=DIRECTION('',(0.906307787036649,-0.422618261740701,0.));
#11302=DIRECTION('center_axis',(0.90630778703665,-0.4226182617407,0.));
#11303=DIRECTION('ref_axis',(-0.4226182617407,-0.90630778703665,0.));
#11304=DIRECTION('',(0.,0.,-1.));
#11305=DIRECTION('',(-0.4226182617407,-0.90630778703665,0.));
#11306=DIRECTION('center_axis',(0.422618261740701,0.906307787036649,0.));
#11307=DIRECTION('ref_axis',(0.906307787036649,-0.422618261740701,0.));
#11308=DIRECTION('',(0.,0.,-1.));
#11309=DIRECTION('',(0.906307787036649,-0.422618261740701,0.));
#11310=DIRECTION('center_axis',(-0.90630778703665,0.422618261740698,0.));
#11311=DIRECTION('ref_axis',(0.422618261740698,0.90630778703665,0.));
#11312=DIRECTION('',(0.,0.,-1.));
#11313=DIRECTION('',(0.422618261740698,0.90630778703665,0.));
#11314=DIRECTION('center_axis',(-0.4226182617407,-0.90630778703665,0.));
#11315=DIRECTION('ref_axis',(-0.90630778703665,0.4226182617407,0.));
#11316=DIRECTION('',(0.,0.,-1.));
#11317=DIRECTION('',(-0.90630778703665,0.4226182617407,0.));
#11318=DIRECTION('center_axis',(0.906307787036651,-0.422618261740698,0.));
#11319=DIRECTION('ref_axis',(-0.422618261740698,-0.906307787036651,0.));
#11320=DIRECTION('',(-0.422618261740698,-0.906307787036651,0.));
#11321=DIRECTION('center_axis',(0.,0.,-1.));
#11322=DIRECTION('ref_axis',(-1.,0.,0.));
#11323=DIRECTION('center_axis',(-1.,8.95341221635473E-15,0.));
#11324=DIRECTION('ref_axis',(8.95341221635473E-15,1.,0.));
#11325=DIRECTION('',(0.,0.,-1.));
#11326=DIRECTION('',(8.95341221635473E-15,1.,0.));
#11327=DIRECTION('',(0.,0.,-1.));
#11328=DIRECTION('center_axis',(-4.37796199928808E-15,1.,0.));
#11329=DIRECTION('ref_axis',(1.,4.37796199928808E-15,0.));
#11330=DIRECTION('',(0.,0.,-1.));
#11331=DIRECTION('',(1.,4.37796199928808E-15,0.));
#11332=DIRECTION('center_axis',(0.703615197696387,0.710581208287043,0.));
#11333=DIRECTION('ref_axis',(0.710581208287043,-0.703615197696387,0.));
#11334=DIRECTION('',(0.,0.,-1.));
#11335=DIRECTION('',(0.710581208287043,-0.703615197696387,0.));
#11336=DIRECTION('center_axis',(1.,5.33994888102532E-15,0.));
#11337=DIRECTION('ref_axis',(5.33994888102532E-15,-1.,0.));
#11338=DIRECTION('',(0.,0.,-1.));
#11339=DIRECTION('',(5.33994888102532E-15,-1.,0.));
#11340=DIRECTION('center_axis',(0.710549449286561,-0.703647269673212,0.));
#11341=DIRECTION('ref_axis',(-0.703647269673212,-0.71054944928656,0.));
#11342=DIRECTION('',(0.,0.,-1.));
#11343=DIRECTION('',(-0.703647269673212,-0.71054944928656,0.));
#11344=DIRECTION('center_axis',(1.25347827646501E-14,-1.,0.));
#11345=DIRECTION('ref_axis',(-1.,-1.25347827646501E-14,0.));
#11346=DIRECTION('',(0.,0.,-1.));
#11347=DIRECTION('',(-1.,-1.25347827646501E-14,0.));
#11348=DIRECTION('center_axis',(-0.71240602519498,-0.701767522236452,0.));
#11349=DIRECTION('ref_axis',(-0.701767522236452,0.71240602519498,0.));
#11350=DIRECTION('',(0.,0.,-1.));
#11351=DIRECTION('',(-0.701767522236452,0.71240602519498,0.));
#11352=DIRECTION('center_axis',(0.698740118607897,-0.715375598303313,0.));
#11353=DIRECTION('ref_axis',(-0.715375598303313,-0.698740118607897,0.));
#11354=DIRECTION('',(0.,0.,-1.));
#11355=DIRECTION('',(-0.715375598303313,-0.698740118607897,0.));
#11356=DIRECTION('center_axis',(0.711772296806115,0.702410277188018,0.));
#11357=DIRECTION('ref_axis',(0.702410277188018,-0.711772296806115,0.));
#11358=DIRECTION('',(0.,0.,-1.));
#11359=DIRECTION('',(0.702410277188018,-0.711772296806115,0.));
#11360=DIRECTION('',(0.,0.,-1.));
#11361=DIRECTION('center_axis',(0.,1.,0.));
#11362=DIRECTION('ref_axis',(1.,0.,0.));
#11363=DIRECTION('',(0.,0.,-1.));
#11364=DIRECTION('',(1.,0.,0.));
#11365=DIRECTION('',(0.,0.,-1.));
#11366=DIRECTION('center_axis',(-0.704144005661135,0.71005719438049,0.));
#11367=DIRECTION('ref_axis',(0.710057194380489,0.704144005661134,0.));
#11368=DIRECTION('',(0.,0.,-1.));
#11369=DIRECTION('',(0.710057194380489,0.704144005661134,0.));
#11370=DIRECTION('',(0.,0.,-1.));
#11371=DIRECTION('center_axis',(-1.,0.,0.));
#11372=DIRECTION('ref_axis',(0.,1.,0.));
#11373=DIRECTION('',(0.,0.,-1.));
#11374=DIRECTION('',(0.,1.,0.));
#11375=DIRECTION('',(0.,0.,-1.));
#11376=DIRECTION('center_axis',(-0.704144005661138,-0.710057194380486,0.));
#11377=DIRECTION('ref_axis',(-0.710057194380486,0.704144005661138,0.));
#11378=DIRECTION('',(0.,0.,-1.));
#11379=DIRECTION('',(-0.710057194380486,0.704144005661138,0.));
#11380=DIRECTION('',(0.,0.,-1.));
#11381=DIRECTION('center_axis',(5.75269424820362E-15,-1.,0.));
#11382=DIRECTION('ref_axis',(-1.,-5.75269424820362E-15,0.));
#11383=DIRECTION('',(0.,0.,-1.));
#11384=DIRECTION('',(-1.,-5.75269424820362E-15,0.));
#11385=DIRECTION('center_axis',(1.,6.16998706454894E-15,0.));
#11386=DIRECTION('ref_axis',(6.16998706454894E-15,-1.,0.));
#11387=DIRECTION('',(0.,0.,-1.));
#11388=DIRECTION('',(6.16998706454894E-15,-1.,0.));
#11389=DIRECTION('center_axis',(1.0091545089615E-14,-1.,0.));
#11390=DIRECTION('ref_axis',(-1.,-1.0091545089615E-14,0.));
#11391=DIRECTION('',(0.,0.,-1.));
#11392=DIRECTION('',(-1.,-1.0091545089615E-14,0.));
#11393=DIRECTION('center_axis',(1.,0.,0.));
#11394=DIRECTION('ref_axis',(0.,-1.,0.));
#11395=DIRECTION('',(0.,0.,-1.));
#11396=DIRECTION('',(0.,-1.,0.));
#11397=DIRECTION('center_axis',(0.,1.,0.));
#11398=DIRECTION('ref_axis',(1.,0.,0.));
#11399=DIRECTION('',(0.,0.,-1.));
#11400=DIRECTION('',(1.,0.,0.));
#11401=DIRECTION('center_axis',(-0.99999999964039,2.6818279310842E-5,0.));
#11402=DIRECTION('ref_axis',(2.6818279310842E-5,0.99999999964039,0.));
#11403=DIRECTION('',(0.,0.,-1.));
#11404=DIRECTION('',(2.6818279310842E-5,0.99999999964039,0.));
#11405=DIRECTION('center_axis',(4.96169464922427E-15,-1.,0.));
#11406=DIRECTION('ref_axis',(-1.,-4.96169464922427E-15,0.));
#11407=DIRECTION('',(-1.,-4.96169464922427E-15,0.));
#11408=DIRECTION('center_axis',(0.,0.,1.));
#11409=DIRECTION('ref_axis',(-1.,0.,0.));
#11410=DIRECTION('center_axis',(1.33299304052823E-14,-1.,0.));
#11411=DIRECTION('ref_axis',(-1.,-1.33299304052823E-14,0.));
#11412=DIRECTION('',(-1.,-1.33299304052823E-14,0.));
#11413=DIRECTION('',(0.,0.,-1.));
#11414=DIRECTION('',(-1.,-1.33299304052823E-14,0.));
#11415=DIRECTION('',(0.,0.,-1.));
#11416=DIRECTION('center_axis',(-0.713872437587118,-0.700275762006244,0.));
#11417=DIRECTION('ref_axis',(-0.700275762006244,0.713872437587118,0.));
#11418=DIRECTION('',(-0.700275762006244,0.713872437587118,0.));
#11419=DIRECTION('',(0.,0.,-1.));
#11420=DIRECTION('',(-0.700275762006244,0.713872437587118,0.));
#11421=DIRECTION('center_axis',(-1.,0.,0.));
#11422=DIRECTION('ref_axis',(0.,1.,0.));
#11423=DIRECTION('',(0.,1.,0.));
#11424=DIRECTION('',(0.,0.,-1.));
#11425=DIRECTION('',(0.,1.,0.));
#11426=DIRECTION('center_axis',(-0.707108843254402,0.70710471911268,0.));
#11427=DIRECTION('ref_axis',(0.707104719112679,0.707108843254402,0.));
#11428=DIRECTION('',(0.707104719112679,0.707108843254402,0.));
#11429=DIRECTION('',(0.,0.,-1.));
#11430=DIRECTION('',(0.707104719112679,0.707108843254402,0.));
#11431=DIRECTION('center_axis',(0.,1.,0.));
#11432=DIRECTION('ref_axis',(1.,0.,0.));
#11433=DIRECTION('',(1.,0.,0.));
#11434=DIRECTION('',(0.,0.,-1.));
#11435=DIRECTION('',(1.,0.,0.));
#11436=DIRECTION('center_axis',(1.,0.,0.));
#11437=DIRECTION('ref_axis',(0.,-1.,0.));
#11438=DIRECTION('',(0.,-1.,0.));
#11439=DIRECTION('',(0.,-1.,0.));
#11440=DIRECTION('center_axis',(-1.,0.,0.));
#11441=DIRECTION('ref_axis',(0.,1.,0.));
#11442=DIRECTION('',(0.,0.,-1.));
#11443=DIRECTION('',(0.,1.,0.));
#11444=DIRECTION('',(0.,0.,-1.));
#11445=DIRECTION('center_axis',(0.,-1.,0.));
#11446=DIRECTION('ref_axis',(-1.,0.,0.));
#11447=DIRECTION('',(0.,0.,-1.));
#11448=DIRECTION('',(-1.,0.,0.));
#11449=DIRECTION('',(0.,0.,-1.));
#11450=DIRECTION('center_axis',(0.704167753132808,-0.710033643884494,0.));
#11451=DIRECTION('ref_axis',(-0.710033643884494,-0.704167753132808,0.));
#11452=DIRECTION('',(0.,0.,-1.));
#11453=DIRECTION('',(-0.710033643884494,-0.704167753132808,0.));
#11454=DIRECTION('',(0.,0.,-1.));
#11455=DIRECTION('center_axis',(1.,0.,0.));
#11456=DIRECTION('ref_axis',(0.,-1.,0.));
#11457=DIRECTION('',(0.,0.,-1.));
#11458=DIRECTION('',(0.,-1.,0.));
#11459=DIRECTION('',(0.,0.,-1.));
#11460=DIRECTION('center_axis',(0.712924163339054,0.701241140640871,0.));
#11461=DIRECTION('ref_axis',(0.701241140640871,-0.712924163339054,0.));
#11462=DIRECTION('',(0.,0.,-1.));
#11463=DIRECTION('',(0.701241140640871,-0.712924163339054,0.));
#11464=DIRECTION('',(0.,0.,-1.));
#11465=DIRECTION('center_axis',(0.,1.,0.));
#11466=DIRECTION('ref_axis',(1.,0.,0.));
#11467=DIRECTION('',(0.,0.,-1.));
#11468=DIRECTION('',(1.,0.,0.));
#11469=DIRECTION('center_axis',(-1.,0.,0.));
#11470=DIRECTION('ref_axis',(0.,1.,0.));
#11471=DIRECTION('',(0.,0.,-1.));
#11472=DIRECTION('',(0.,1.,0.));
#11473=DIRECTION('center_axis',(0.,-1.,0.));
#11474=DIRECTION('ref_axis',(-1.,0.,0.));
#11475=DIRECTION('',(0.,0.,-1.));
#11476=DIRECTION('',(-1.,0.,0.));
#11477=DIRECTION('center_axis',(-1.,0.,0.));
#11478=DIRECTION('ref_axis',(0.,1.,0.));
#11479=DIRECTION('',(0.,0.,-1.));
#11480=DIRECTION('',(0.,1.,0.));
#11481=DIRECTION('center_axis',(1.00915964659494E-14,1.,0.));
#11482=DIRECTION('ref_axis',(1.,-1.00915964659494E-14,0.));
#11483=DIRECTION('',(1.,-1.00915964659494E-14,0.));
#11484=DIRECTION('center_axis',(0.,0.,1.));
#11485=DIRECTION('ref_axis',(-1.,0.,0.));
#11486=DIRECTION('center_axis',(0.,0.,1.));
#11487=DIRECTION('ref_axis',(1.,0.,0.));
#11488=DIRECTION('center_axis',(0.,0.,1.));
#11489=DIRECTION('ref_axis',(1.,0.,0.));
#11490=DIRECTION('center_axis',(0.,0.,1.));
#11491=DIRECTION('ref_axis',(1.,0.,0.));
#11492=DIRECTION('center_axis',(0.,0.,1.));
#11493=DIRECTION('ref_axis',(1.,0.,0.));
#11494=DIRECTION('center_axis',(0.,0.,1.));
#11495=DIRECTION('ref_axis',(1.,0.,0.));
#11496=DIRECTION('center_axis',(0.,0.,1.));
#11497=DIRECTION('ref_axis',(1.,0.,0.));
#11498=DIRECTION('center_axis',(0.,0.,1.));
#11499=DIRECTION('ref_axis',(1.,0.,0.));
#11500=DIRECTION('center_axis',(0.,-1.,0.));
#11501=DIRECTION('ref_axis',(-1.,0.,0.));
#11502=DIRECTION('',(0.,0.,-1.));
#11503=DIRECTION('',(0.,0.,-1.));
#11504=DIRECTION('center_axis',(0.,0.,-1.));
#11505=DIRECTION('ref_axis',(1.,0.,0.));
#11506=DIRECTION('',(0.,0.,-1.));
#11507=DIRECTION('center_axis',(-1.,0.,0.));
#11508=DIRECTION('ref_axis',(0.,1.,0.));
#11509=DIRECTION('',(0.,0.,-1.));
#11510=DIRECTION('center_axis',(0.,0.,-1.));
#11511=DIRECTION('ref_axis',(0.,-1.,0.));
#11512=DIRECTION('',(0.,0.,-1.));
#11513=DIRECTION('center_axis',(0.,1.,0.));
#11514=DIRECTION('ref_axis',(1.,0.,0.));
#11515=DIRECTION('',(0.,0.,-1.));
#11516=DIRECTION('center_axis',(0.,0.,-1.));
#11517=DIRECTION('ref_axis',(-1.,0.,0.));
#11518=DIRECTION('',(0.,0.,-1.));
#11519=DIRECTION('center_axis',(1.,0.,0.));
#11520=DIRECTION('ref_axis',(0.,-1.,0.));
#11521=DIRECTION('',(0.,0.,-1.));
#11522=DIRECTION('center_axis',(0.,0.,-1.));
#11523=DIRECTION('ref_axis',(0.,1.,0.));
#11524=DIRECTION('center_axis',(0.,-1.,0.));
#11525=DIRECTION('ref_axis',(-1.,0.,0.));
#11526=DIRECTION('',(0.,0.,-1.));
#11527=DIRECTION('',(0.,0.,-1.));
#11528=DIRECTION('center_axis',(0.,0.,-1.));
#11529=DIRECTION('ref_axis',(1.,0.,0.));
#11530=DIRECTION('',(0.,0.,-1.));
#11531=DIRECTION('center_axis',(-1.,0.,0.));
#11532=DIRECTION('ref_axis',(0.,1.,0.));
#11533=DIRECTION('',(0.,0.,-1.));
#11534=DIRECTION('center_axis',(0.,0.,-1.));
#11535=DIRECTION('ref_axis',(0.,-1.,0.));
#11536=DIRECTION('',(0.,0.,-1.));
#11537=DIRECTION('center_axis',(0.,1.,0.));
#11538=DIRECTION('ref_axis',(1.,0.,0.));
#11539=DIRECTION('',(0.,0.,-1.));
#11540=DIRECTION('center_axis',(0.,0.,-1.));
#11541=DIRECTION('ref_axis',(-1.,0.,0.));
#11542=DIRECTION('',(0.,0.,-1.));
#11543=DIRECTION('center_axis',(1.,0.,0.));
#11544=DIRECTION('ref_axis',(0.,-1.,0.));
#11545=DIRECTION('',(0.,0.,-1.));
#11546=DIRECTION('center_axis',(0.,0.,-1.));
#11547=DIRECTION('ref_axis',(0.,1.,0.));
#11548=DIRECTION('center_axis',(0.,-1.,0.));
#11549=DIRECTION('ref_axis',(-1.,0.,0.));
#11550=DIRECTION('',(0.,0.,-1.));
#11551=DIRECTION('',(0.,0.,-1.));
#11552=DIRECTION('center_axis',(0.,0.,-1.));
#11553=DIRECTION('ref_axis',(1.,0.,0.));
#11554=DIRECTION('',(0.,0.,-1.));
#11555=DIRECTION('center_axis',(-1.,0.,0.));
#11556=DIRECTION('ref_axis',(0.,1.,0.));
#11557=DIRECTION('',(0.,0.,-1.));
#11558=DIRECTION('center_axis',(0.,0.,-1.));
#11559=DIRECTION('ref_axis',(0.,-1.,0.));
#11560=DIRECTION('',(0.,0.,-1.));
#11561=DIRECTION('center_axis',(0.,1.,0.));
#11562=DIRECTION('ref_axis',(1.,0.,0.));
#11563=DIRECTION('',(0.,0.,-1.));
#11564=DIRECTION('center_axis',(0.,0.,-1.));
#11565=DIRECTION('ref_axis',(-1.,0.,0.));
#11566=DIRECTION('',(0.,0.,-1.));
#11567=DIRECTION('center_axis',(1.,0.,0.));
#11568=DIRECTION('ref_axis',(0.,-1.,0.));
#11569=DIRECTION('',(0.,0.,-1.));
#11570=DIRECTION('center_axis',(0.,0.,-1.));
#11571=DIRECTION('ref_axis',(0.,1.,0.));
#11572=DIRECTION('center_axis',(0.,0.,-1.));
#11573=DIRECTION('ref_axis',(1.,0.,0.));
#11574=DIRECTION('',(0.,0.,1.));
#11575=DIRECTION('center_axis',(0.,0.,-1.));
#11576=DIRECTION('ref_axis',(1.,0.,0.));
#11577=DIRECTION('center_axis',(0.,0.,1.));
#11578=DIRECTION('ref_axis',(1.,0.,0.));
#11579=DIRECTION('',(0.,0.,1.));
#11580=DIRECTION('center_axis',(0.,-1.,0.));
#11581=DIRECTION('ref_axis',(-1.,0.,0.));
#11582=DIRECTION('',(0.,0.,-1.));
#11583=DIRECTION('',(0.,0.,-1.));
#11584=DIRECTION('center_axis',(0.,0.,-1.));
#11585=DIRECTION('ref_axis',(1.,0.,0.));
#11586=DIRECTION('',(0.,0.,-1.));
#11587=DIRECTION('center_axis',(-1.,0.,0.));
#11588=DIRECTION('ref_axis',(0.,1.,0.));
#11589=DIRECTION('',(0.,0.,-1.));
#11590=DIRECTION('center_axis',(0.,0.,-1.));
#11591=DIRECTION('ref_axis',(0.,-1.,0.));
#11592=DIRECTION('',(0.,0.,-1.));
#11593=DIRECTION('center_axis',(0.,1.,0.));
#11594=DIRECTION('ref_axis',(1.,0.,0.));
#11595=DIRECTION('',(0.,0.,-1.));
#11596=DIRECTION('center_axis',(0.,0.,-1.));
#11597=DIRECTION('ref_axis',(-1.,0.,0.));
#11598=DIRECTION('',(0.,0.,-1.));
#11599=DIRECTION('center_axis',(1.,0.,0.));
#11600=DIRECTION('ref_axis',(0.,-1.,0.));
#11601=DIRECTION('',(0.,0.,-1.));
#11602=DIRECTION('center_axis',(0.,0.,-1.));
#11603=DIRECTION('ref_axis',(0.,1.,0.));
#11604=DIRECTION('center_axis',(0.,-1.,0.));
#11605=DIRECTION('ref_axis',(-1.,0.,0.));
#11606=DIRECTION('',(0.,0.,-1.));
#11607=DIRECTION('',(0.,0.,-1.));
#11608=DIRECTION('center_axis',(0.,0.,-1.));
#11609=DIRECTION('ref_axis',(1.,0.,0.));
#11610=DIRECTION('',(0.,0.,-1.));
#11611=DIRECTION('center_axis',(-1.,0.,0.));
#11612=DIRECTION('ref_axis',(0.,1.,0.));
#11613=DIRECTION('',(0.,0.,-1.));
#11614=DIRECTION('center_axis',(0.,0.,-1.));
#11615=DIRECTION('ref_axis',(4.44089209850064E-15,-1.,0.));
#11616=DIRECTION('',(0.,0.,-1.));
#11617=DIRECTION('center_axis',(0.,1.,0.));
#11618=DIRECTION('ref_axis',(1.,0.,0.));
#11619=DIRECTION('',(0.,0.,-1.));
#11620=DIRECTION('center_axis',(0.,0.,-1.));
#11621=DIRECTION('ref_axis',(-1.,0.,0.));
#11622=DIRECTION('',(0.,0.,-1.));
#11623=DIRECTION('center_axis',(1.,0.,0.));
#11624=DIRECTION('ref_axis',(0.,-1.,0.));
#11625=DIRECTION('',(0.,0.,-1.));
#11626=DIRECTION('center_axis',(0.,0.,-1.));
#11627=DIRECTION('ref_axis',(0.,1.,0.));
#11628=DIRECTION('center_axis',(0.,-1.,0.));
#11629=DIRECTION('ref_axis',(-1.,0.,0.));
#11630=DIRECTION('',(0.,0.,-1.));
#11631=DIRECTION('',(0.,0.,-1.));
#11632=DIRECTION('center_axis',(0.,0.,-1.));
#11633=DIRECTION('ref_axis',(1.,0.,0.));
#11634=DIRECTION('',(0.,0.,-1.));
#11635=DIRECTION('center_axis',(-1.,0.,0.));
#11636=DIRECTION('ref_axis',(0.,1.,0.));
#11637=DIRECTION('',(0.,0.,-1.));
#11638=DIRECTION('center_axis',(0.,0.,-1.));
#11639=DIRECTION('ref_axis',(4.44089209850064E-15,-1.,0.));
#11640=DIRECTION('',(0.,0.,-1.));
#11641=DIRECTION('center_axis',(0.,1.,0.));
#11642=DIRECTION('ref_axis',(1.,0.,0.));
#11643=DIRECTION('',(0.,0.,-1.));
#11644=DIRECTION('center_axis',(0.,0.,-1.));
#11645=DIRECTION('ref_axis',(-1.,0.,0.));
#11646=DIRECTION('',(0.,0.,-1.));
#11647=DIRECTION('center_axis',(1.,0.,0.));
#11648=DIRECTION('ref_axis',(0.,-1.,0.));
#11649=DIRECTION('',(0.,0.,-1.));
#11650=DIRECTION('center_axis',(0.,0.,-1.));
#11651=DIRECTION('ref_axis',(0.,1.,0.));
#11652=DIRECTION('center_axis',(0.,-1.,0.));
#11653=DIRECTION('ref_axis',(-1.,0.,0.));
#11654=DIRECTION('',(0.,0.,-1.));
#11655=DIRECTION('',(0.,0.,-1.));
#11656=DIRECTION('center_axis',(0.,0.,-1.));
#11657=DIRECTION('ref_axis',(1.,0.,0.));
#11658=DIRECTION('',(0.,0.,-1.));
#11659=DIRECTION('center_axis',(-1.,0.,0.));
#11660=DIRECTION('ref_axis',(0.,1.,0.));
#11661=DIRECTION('',(0.,0.,-1.));
#11662=DIRECTION('center_axis',(0.,0.,-1.));
#11663=DIRECTION('ref_axis',(0.,-1.,0.));
#11664=DIRECTION('',(0.,0.,-1.));
#11665=DIRECTION('center_axis',(0.,1.,0.));
#11666=DIRECTION('ref_axis',(1.,0.,0.));
#11667=DIRECTION('',(0.,0.,-1.));
#11668=DIRECTION('center_axis',(0.,0.,-1.));
#11669=DIRECTION('ref_axis',(-1.,0.,0.));
#11670=DIRECTION('',(0.,0.,-1.));
#11671=DIRECTION('center_axis',(1.,0.,0.));
#11672=DIRECTION('ref_axis',(0.,-1.,0.));
#11673=DIRECTION('',(0.,0.,-1.));
#11674=DIRECTION('center_axis',(0.,0.,-1.));
#11675=DIRECTION('ref_axis',(0.,1.,0.));
#11676=DIRECTION('center_axis',(0.,-1.,0.));
#11677=DIRECTION('ref_axis',(-1.,0.,0.));
#11678=DIRECTION('',(0.,0.,-1.));
#11679=DIRECTION('',(0.,0.,-1.));
#11680=DIRECTION('center_axis',(0.,0.,-1.));
#11681=DIRECTION('ref_axis',(1.,0.,0.));
#11682=DIRECTION('',(0.,0.,-1.));
#11683=DIRECTION('center_axis',(-1.,0.,0.));
#11684=DIRECTION('ref_axis',(0.,1.,0.));
#11685=DIRECTION('',(0.,0.,-1.));
#11686=DIRECTION('center_axis',(0.,0.,-1.));
#11687=DIRECTION('ref_axis',(0.,-1.,0.));
#11688=DIRECTION('',(0.,0.,-1.));
#11689=DIRECTION('center_axis',(0.,1.,0.));
#11690=DIRECTION('ref_axis',(1.,0.,0.));
#11691=DIRECTION('',(0.,0.,-1.));
#11692=DIRECTION('center_axis',(0.,0.,-1.));
#11693=DIRECTION('ref_axis',(-1.,0.,0.));
#11694=DIRECTION('',(0.,0.,-1.));
#11695=DIRECTION('center_axis',(1.,0.,0.));
#11696=DIRECTION('ref_axis',(0.,-1.,0.));
#11697=DIRECTION('',(0.,0.,-1.));
#11698=DIRECTION('center_axis',(0.,0.,-1.));
#11699=DIRECTION('ref_axis',(0.,1.,0.));
#11700=DIRECTION('center_axis',(0.,-1.,0.));
#11701=DIRECTION('ref_axis',(-1.,0.,0.));
#11702=DIRECTION('',(0.,0.,-1.));
#11703=DIRECTION('',(0.,0.,-1.));
#11704=DIRECTION('center_axis',(0.,0.,-1.));
#11705=DIRECTION('ref_axis',(1.,0.,0.));
#11706=DIRECTION('',(0.,0.,-1.));
#11707=DIRECTION('center_axis',(-1.,0.,0.));
#11708=DIRECTION('ref_axis',(0.,1.,0.));
#11709=DIRECTION('',(0.,0.,-1.));
#11710=DIRECTION('center_axis',(0.,0.,-1.));
#11711=DIRECTION('ref_axis',(4.4408920985006E-15,-1.,0.));
#11712=DIRECTION('',(0.,0.,-1.));
#11713=DIRECTION('center_axis',(0.,1.,0.));
#11714=DIRECTION('ref_axis',(1.,0.,0.));
#11715=DIRECTION('',(0.,0.,-1.));
#11716=DIRECTION('center_axis',(0.,0.,-1.));
#11717=DIRECTION('ref_axis',(-1.,0.,0.));
#11718=DIRECTION('',(0.,0.,-1.));
#11719=DIRECTION('center_axis',(1.,0.,0.));
#11720=DIRECTION('ref_axis',(0.,-1.,0.));
#11721=DIRECTION('',(0.,0.,-1.));
#11722=DIRECTION('center_axis',(0.,0.,-1.));
#11723=DIRECTION('ref_axis',(0.,1.,0.));
#11724=DIRECTION('center_axis',(0.,-1.,0.));
#11725=DIRECTION('ref_axis',(-1.,0.,0.));
#11726=DIRECTION('',(0.,0.,-1.));
#11727=DIRECTION('',(0.,0.,-1.));
#11728=DIRECTION('center_axis',(0.,0.,-1.));
#11729=DIRECTION('ref_axis',(1.,0.,0.));
#11730=DIRECTION('',(0.,0.,-1.));
#11731=DIRECTION('center_axis',(-1.,0.,0.));
#11732=DIRECTION('ref_axis',(0.,1.,0.));
#11733=DIRECTION('',(0.,0.,-1.));
#11734=DIRECTION('center_axis',(0.,0.,-1.));
#11735=DIRECTION('ref_axis',(0.,-1.,0.));
#11736=DIRECTION('',(0.,0.,-1.));
#11737=DIRECTION('center_axis',(0.,1.,0.));
#11738=DIRECTION('ref_axis',(1.,0.,0.));
#11739=DIRECTION('',(0.,0.,-1.));
#11740=DIRECTION('center_axis',(0.,0.,-1.));
#11741=DIRECTION('ref_axis',(-1.,0.,0.));
#11742=DIRECTION('',(0.,0.,-1.));
#11743=DIRECTION('center_axis',(1.,0.,0.));
#11744=DIRECTION('ref_axis',(0.,-1.,0.));
#11745=DIRECTION('',(0.,0.,-1.));
#11746=DIRECTION('center_axis',(0.,0.,-1.));
#11747=DIRECTION('ref_axis',(0.,1.,0.));
#11748=DIRECTION('center_axis',(0.,-1.,0.));
#11749=DIRECTION('ref_axis',(-1.,0.,0.));
#11750=DIRECTION('',(0.,0.,-1.));
#11751=DIRECTION('',(0.,0.,-1.));
#11752=DIRECTION('center_axis',(0.,0.,-1.));
#11753=DIRECTION('ref_axis',(1.,0.,0.));
#11754=DIRECTION('',(0.,0.,-1.));
#11755=DIRECTION('center_axis',(-1.,0.,0.));
#11756=DIRECTION('ref_axis',(0.,1.,0.));
#11757=DIRECTION('',(0.,0.,-1.));
#11758=DIRECTION('center_axis',(0.,0.,-1.));
#11759=DIRECTION('ref_axis',(0.,-1.,0.));
#11760=DIRECTION('',(0.,0.,-1.));
#11761=DIRECTION('center_axis',(0.,1.,0.));
#11762=DIRECTION('ref_axis',(1.,0.,0.));
#11763=DIRECTION('',(0.,0.,-1.));
#11764=DIRECTION('center_axis',(0.,0.,-1.));
#11765=DIRECTION('ref_axis',(-1.,0.,0.));
#11766=DIRECTION('',(0.,0.,-1.));
#11767=DIRECTION('center_axis',(1.,0.,0.));
#11768=DIRECTION('ref_axis',(0.,-1.,0.));
#11769=DIRECTION('',(0.,0.,-1.));
#11770=DIRECTION('center_axis',(0.,0.,-1.));
#11771=DIRECTION('ref_axis',(0.,1.,0.));
#11772=DIRECTION('center_axis',(0.,-1.,0.));
#11773=DIRECTION('ref_axis',(-1.,0.,0.));
#11774=DIRECTION('',(0.,0.,-1.));
#11775=DIRECTION('',(0.,0.,-1.));
#11776=DIRECTION('center_axis',(0.,0.,-1.));
#11777=DIRECTION('ref_axis',(1.,0.,0.));
#11778=DIRECTION('',(0.,0.,-1.));
#11779=DIRECTION('center_axis',(-1.,0.,0.));
#11780=DIRECTION('ref_axis',(0.,1.,0.));
#11781=DIRECTION('',(0.,0.,-1.));
#11782=DIRECTION('center_axis',(0.,0.,-1.));
#11783=DIRECTION('ref_axis',(0.,-1.,0.));
#11784=DIRECTION('',(0.,0.,-1.));
#11785=DIRECTION('center_axis',(0.,1.,0.));
#11786=DIRECTION('ref_axis',(1.,0.,0.));
#11787=DIRECTION('',(0.,0.,-1.));
#11788=DIRECTION('center_axis',(0.,0.,-1.));
#11789=DIRECTION('ref_axis',(-1.,0.,0.));
#11790=DIRECTION('',(0.,0.,-1.));
#11791=DIRECTION('center_axis',(1.,0.,0.));
#11792=DIRECTION('ref_axis',(0.,-1.,0.));
#11793=DIRECTION('',(0.,0.,-1.));
#11794=DIRECTION('center_axis',(0.,0.,-1.));
#11795=DIRECTION('ref_axis',(0.,1.,0.));
#11796=DIRECTION('center_axis',(0.,-1.,0.));
#11797=DIRECTION('ref_axis',(-1.,0.,0.));
#11798=DIRECTION('',(0.,0.,-1.));
#11799=DIRECTION('',(0.,0.,-1.));
#11800=DIRECTION('center_axis',(0.,0.,-1.));
#11801=DIRECTION('ref_axis',(1.,0.,0.));
#11802=DIRECTION('',(0.,0.,-1.));
#11803=DIRECTION('center_axis',(-1.,0.,0.));
#11804=DIRECTION('ref_axis',(0.,1.,0.));
#11805=DIRECTION('',(0.,0.,-1.));
#11806=DIRECTION('center_axis',(0.,0.,-1.));
#11807=DIRECTION('ref_axis',(0.,-1.,0.));
#11808=DIRECTION('',(0.,0.,-1.));
#11809=DIRECTION('center_axis',(0.,1.,0.));
#11810=DIRECTION('ref_axis',(1.,0.,0.));
#11811=DIRECTION('',(0.,0.,-1.));
#11812=DIRECTION('center_axis',(0.,0.,-1.));
#11813=DIRECTION('ref_axis',(-1.,0.,0.));
#11814=DIRECTION('',(0.,0.,-1.));
#11815=DIRECTION('center_axis',(1.,0.,0.));
#11816=DIRECTION('ref_axis',(0.,-1.,0.));
#11817=DIRECTION('',(0.,0.,-1.));
#11818=DIRECTION('center_axis',(0.,0.,-1.));
#11819=DIRECTION('ref_axis',(0.,1.,0.));
#11820=DIRECTION('center_axis',(0.,-1.,0.));
#11821=DIRECTION('ref_axis',(-1.,0.,0.));
#11822=DIRECTION('',(0.,0.,-1.));
#11823=DIRECTION('',(0.,0.,-1.));
#11824=DIRECTION('center_axis',(0.,0.,-1.));
#11825=DIRECTION('ref_axis',(1.,0.,0.));
#11826=DIRECTION('',(0.,0.,-1.));
#11827=DIRECTION('center_axis',(-1.,0.,0.));
#11828=DIRECTION('ref_axis',(0.,1.,0.));
#11829=DIRECTION('',(0.,0.,-1.));
#11830=DIRECTION('center_axis',(0.,0.,-1.));
#11831=DIRECTION('ref_axis',(4.44089209850064E-15,-1.,0.));
#11832=DIRECTION('',(0.,0.,-1.));
#11833=DIRECTION('center_axis',(0.,1.,0.));
#11834=DIRECTION('ref_axis',(1.,0.,0.));
#11835=DIRECTION('',(0.,0.,-1.));
#11836=DIRECTION('center_axis',(0.,0.,-1.));
#11837=DIRECTION('ref_axis',(-1.,0.,0.));
#11838=DIRECTION('',(0.,0.,-1.));
#11839=DIRECTION('center_axis',(1.,0.,0.));
#11840=DIRECTION('ref_axis',(0.,-1.,0.));
#11841=DIRECTION('',(0.,0.,-1.));
#11842=DIRECTION('center_axis',(0.,0.,-1.));
#11843=DIRECTION('ref_axis',(0.,1.,0.));
#11844=DIRECTION('center_axis',(0.,-1.,0.));
#11845=DIRECTION('ref_axis',(-1.,0.,0.));
#11846=DIRECTION('',(0.,0.,-1.));
#11847=DIRECTION('',(0.,0.,-1.));
#11848=DIRECTION('center_axis',(0.,0.,-1.));
#11849=DIRECTION('ref_axis',(1.,0.,0.));
#11850=DIRECTION('',(0.,0.,-1.));
#11851=DIRECTION('center_axis',(-1.,0.,0.));
#11852=DIRECTION('ref_axis',(0.,1.,0.));
#11853=DIRECTION('',(0.,0.,-1.));
#11854=DIRECTION('center_axis',(0.,0.,-1.));
#11855=DIRECTION('ref_axis',(0.,-1.,0.));
#11856=DIRECTION('',(0.,0.,-1.));
#11857=DIRECTION('center_axis',(0.,1.,0.));
#11858=DIRECTION('ref_axis',(1.,0.,0.));
#11859=DIRECTION('',(0.,0.,-1.));
#11860=DIRECTION('center_axis',(0.,0.,-1.));
#11861=DIRECTION('ref_axis',(-1.,0.,0.));
#11862=DIRECTION('',(0.,0.,-1.));
#11863=DIRECTION('center_axis',(1.,0.,0.));
#11864=DIRECTION('ref_axis',(0.,-1.,0.));
#11865=DIRECTION('',(0.,0.,-1.));
#11866=DIRECTION('center_axis',(0.,0.,-1.));
#11867=DIRECTION('ref_axis',(0.,1.,0.));
#11868=DIRECTION('center_axis',(0.,0.,-1.));
#11869=DIRECTION('ref_axis',(1.,0.,0.));
#11870=DIRECTION('',(0.,0.,1.));
#11871=DIRECTION('center_axis',(0.,-1.,0.));
#11872=DIRECTION('ref_axis',(-1.,0.,0.));
#11873=DIRECTION('',(0.,0.,-1.));
#11874=DIRECTION('',(0.,0.,-1.));
#11875=DIRECTION('center_axis',(0.,0.,-1.));
#11876=DIRECTION('ref_axis',(1.,0.,0.));
#11877=DIRECTION('',(0.,0.,-1.));
#11878=DIRECTION('center_axis',(-1.,0.,0.));
#11879=DIRECTION('ref_axis',(0.,1.,0.));
#11880=DIRECTION('',(0.,0.,-1.));
#11881=DIRECTION('center_axis',(0.,0.,-1.));
#11882=DIRECTION('ref_axis',(0.,-1.,0.));
#11883=DIRECTION('',(0.,0.,-1.));
#11884=DIRECTION('center_axis',(0.,1.,0.));
#11885=DIRECTION('ref_axis',(1.,0.,0.));
#11886=DIRECTION('',(0.,0.,-1.));
#11887=DIRECTION('center_axis',(0.,0.,-1.));
#11888=DIRECTION('ref_axis',(-1.,0.,0.));
#11889=DIRECTION('',(0.,0.,-1.));
#11890=DIRECTION('center_axis',(1.,0.,0.));
#11891=DIRECTION('ref_axis',(0.,-1.,0.));
#11892=DIRECTION('',(0.,0.,-1.));
#11893=DIRECTION('center_axis',(0.,0.,-1.));
#11894=DIRECTION('ref_axis',(0.,1.,0.));
#11895=DIRECTION('center_axis',(0.,1.,0.));
#11896=DIRECTION('ref_axis',(1.,0.,0.));
#11897=DIRECTION('',(0.,0.,-1.));
#11898=DIRECTION('',(0.,0.,-1.));
#11899=DIRECTION('center_axis',(0.,0.,-1.));
#11900=DIRECTION('ref_axis',(-1.,4.44089209850064E-15,0.));
#11901=DIRECTION('',(0.,0.,-1.));
#11902=DIRECTION('center_axis',(1.,0.,0.));
#11903=DIRECTION('ref_axis',(0.,-1.,0.));
#11904=DIRECTION('',(0.,0.,-1.));
#11905=DIRECTION('center_axis',(0.,0.,-1.));
#11906=DIRECTION('ref_axis',(0.,1.,0.));
#11907=DIRECTION('',(0.,0.,-1.));
#11908=DIRECTION('center_axis',(5.82794238648377E-16,-1.,0.));
#11909=DIRECTION('ref_axis',(-1.,-5.82794238648377E-16,0.));
#11910=DIRECTION('',(0.,0.,-1.));
#11911=DIRECTION('center_axis',(0.,0.,-1.));
#11912=DIRECTION('ref_axis',(1.,6.6613381477509E-15,0.));
#11913=DIRECTION('',(0.,0.,-1.));
#11914=DIRECTION('center_axis',(-1.,0.,0.));
#11915=DIRECTION('ref_axis',(0.,1.,0.));
#11916=DIRECTION('',(0.,0.,-1.));
#11917=DIRECTION('center_axis',(0.,0.,-1.));
#11918=DIRECTION('ref_axis',(4.4408920985006E-15,-1.,0.));
#11919=DIRECTION('center_axis',(0.904248647904902,-0.427006302953664,0.));
#11920=DIRECTION('ref_axis',(-0.427006302953664,-0.904248647904902,0.));
#11921=DIRECTION('',(0.,0.,-1.));
#11922=DIRECTION('',(0.,0.,-1.));
#11923=DIRECTION('center_axis',(0.,0.,-1.));
#11924=DIRECTION('ref_axis',(0.90424844920369,-0.42700672373245,0.));
#11925=DIRECTION('',(0.,0.,-1.));
#11926=DIRECTION('center_axis',(1.09760061752365E-16,1.,0.));
#11927=DIRECTION('ref_axis',(1.,-1.09760061752365E-16,0.));
#11928=DIRECTION('',(0.,0.,-1.));
#11929=DIRECTION('center_axis',(0.,0.,-1.));
#11930=DIRECTION('ref_axis',(-1.,-3.1720657846433E-16,0.));
#11931=DIRECTION('',(0.,0.,-1.));
#11932=DIRECTION('center_axis',(1.,0.,0.));
#11933=DIRECTION('ref_axis',(0.,-1.,0.));
#11934=DIRECTION('',(0.,0.,-1.));
#11935=DIRECTION('center_axis',(0.,1.,0.));
#11936=DIRECTION('ref_axis',(1.,0.,0.));
#11937=DIRECTION('',(0.,0.,-1.));
#11938=DIRECTION('center_axis',(0.,0.,-1.));
#11939=DIRECTION('ref_axis',(-5.06987223914214E-7,0.999999999999872,0.));
#11940=DIRECTION('',(0.,0.,-1.));
#11941=DIRECTION('center_axis',(-0.599999948317364,0.800000038761974,0.));
#11942=DIRECTION('ref_axis',(0.800000038761974,0.599999948317364,0.));
#11943=DIRECTION('',(0.,0.,-1.));
#11944=DIRECTION('center_axis',(0.,0.,-1.));
#11945=DIRECTION('ref_axis',(6.33731297181384E-7,-0.999999999999799,0.));
#11946=DIRECTION('center_axis',(0.,0.,-1.));
#11947=DIRECTION('ref_axis',(6.42320068579885E-8,0.999999999999998,0.));
#11948=DIRECTION('',(0.,0.,-1.));
#11949=DIRECTION('center_axis',(-1.,-1.35465327624533E-16,0.));
#11950=DIRECTION('ref_axis',(-1.35465327624533E-16,1.,0.));
#11951=DIRECTION('',(0.,0.,-1.));
#11952=DIRECTION('center_axis',(4.8296981273041E-14,-1.,0.));
#11953=DIRECTION('ref_axis',(-1.,-4.8296981273041E-14,0.));
#11954=DIRECTION('',(0.,0.,-1.));
#11955=DIRECTION('center_axis',(0.,0.,-1.));
#11956=DIRECTION('ref_axis',(1.,4.85326065050435E-14,0.));
#11957=DIRECTION('',(0.,0.,-1.));
#11958=DIRECTION('center_axis',(-1.,-4.88575271770059E-14,0.));
#11959=DIRECTION('ref_axis',(-4.88575271770059E-14,1.,0.));
#11960=DIRECTION('',(0.,0.,-1.));
#11961=DIRECTION('center_axis',(0.,0.,-1.));
#11962=DIRECTION('ref_axis',(-1.,-4.88498130835084E-14,0.));
#11963=DIRECTION('',(0.,0.,-1.));
#11964=DIRECTION('center_axis',(0.,-1.,0.));
#11965=DIRECTION('ref_axis',(-1.,0.,0.));
#11966=DIRECTION('',(0.,0.,-1.));
#11967=DIRECTION('center_axis',(0.,0.,-1.));
#11968=DIRECTION('ref_axis',(1.,0.,0.));
#11969=DIRECTION('',(0.,0.,-1.));
#11970=DIRECTION('center_axis',(-1.,0.,0.));
#11971=DIRECTION('ref_axis',(0.,1.,0.));
#11972=DIRECTION('',(0.,0.,-1.));
#11973=DIRECTION('center_axis',(0.,-1.,0.));
#11974=DIRECTION('ref_axis',(-1.,0.,0.));
#11975=DIRECTION('',(0.,0.,-1.));
#11976=DIRECTION('center_axis',(0.,0.,-1.));
#11977=DIRECTION('ref_axis',(9.71016551207302E-6,-0.999999999952856,0.));
#11978=DIRECTION('center_axis',(0.,0.,1.));
#11979=DIRECTION('ref_axis',(1.,0.,0.));
#11980=DIRECTION('center_axis',(0.,0.,1.));
#11981=DIRECTION('ref_axis',(1.,0.,0.));
#11982=CARTESIAN_POINT('',(0.,0.,0.));
#11983=CARTESIAN_POINT('Origin',(-53.83,35.925,18.51));
#11984=CARTESIAN_POINT('',(-53.83,28.,17.01));
#11985=CARTESIAN_POINT('',(-53.83,35.925,17.01));
#11986=CARTESIAN_POINT('',(-53.83,17.962500000003,17.01));
#11987=CARTESIAN_POINT('',(-53.83,28.,18.51));
#11988=CARTESIAN_POINT('',(-53.83,28.,18.51));
#11989=CARTESIAN_POINT('',(-53.83,35.925,18.51));
#11990=CARTESIAN_POINT('',(-53.83,17.962500000003,18.51));
#11991=CARTESIAN_POINT('',(-53.83,35.925,18.51));
#11992=CARTESIAN_POINT('Origin',(-63.17,28.,18.51));
#11993=CARTESIAN_POINT('',(-63.17,35.925,17.01));
#11994=CARTESIAN_POINT('',(-63.17,28.,17.01));
#11995=CARTESIAN_POINT('',(-63.17,14.000000000003,17.01));
#11996=CARTESIAN_POINT('',(-63.17,35.925,18.51));
#11997=CARTESIAN_POINT('',(-63.17,35.925,18.51));
#11998=CARTESIAN_POINT('',(-63.17,28.,18.51));
#11999=CARTESIAN_POINT('',(-63.17,14.000000000003,18.51));
#12000=CARTESIAN_POINT('',(-63.17,28.,18.51));
#12001=CARTESIAN_POINT('Origin',(-53.83,28.,18.51));
#12002=CARTESIAN_POINT('',(-26.9149999999985,28.,17.01));
#12003=CARTESIAN_POINT('',(-26.9149999999985,28.,18.51));
#12004=CARTESIAN_POINT('Origin',(-69.929999935768,35.925,18.51));
#12005=CARTESIAN_POINT('',(-69.929999935768,35.925,17.01));
#12006=CARTESIAN_POINT('',(-69.929999935768,35.925,17.01));
#12007=CARTESIAN_POINT('',(-69.929999935768,35.925,18.51));
#12008=CARTESIAN_POINT('',(-69.929999935768,35.925,18.51));
#12009=CARTESIAN_POINT('',(-69.929999935768,35.925,18.51));
#12010=CARTESIAN_POINT('Origin',(-69.929999935768,35.925,18.51));
#12011=CARTESIAN_POINT('',(-51.196667,35.925,18.51));
#12012=CARTESIAN_POINT('',(-69.929999935768,35.925,18.51));
#12013=CARTESIAN_POINT('',(-51.196667,35.925,17.01));
#12014=CARTESIAN_POINT('',(-51.196667,35.925,18.51));
#12015=CARTESIAN_POINT('',(-69.929999935768,35.925,17.01));
#12016=CARTESIAN_POINT('Origin',(3.00204305858642E-12,6.01296790136985E-12,
18.51));
#12017=CARTESIAN_POINT('',(-75.929999999994,29.9249999999999,18.51));
#12018=CARTESIAN_POINT('Origin',(-69.93000032116,29.925000321166,18.51));
#12019=CARTESIAN_POINT('',(-75.929999999994,18.2699999999989,18.51));
#12020=CARTESIAN_POINT('',(-75.929999999994,-35.639999935768,18.51));
#12021=CARTESIAN_POINT('',(-54.0000007003564,18.27,18.51));
#12022=CARTESIAN_POINT('',(-54.0000007003564,18.27,18.51));
#12023=CARTESIAN_POINT('',(-47.0000007003565,11.2700000000005,18.51));
#12024=CARTESIAN_POINT('Origin',(-54.0000007003564,11.2700000000001,18.51));
#12025=CARTESIAN_POINT('',(-47.000000700355,-20.2500003427269,18.51));
#12026=CARTESIAN_POINT('',(-47.0000007003557,-6.00000008940697,18.51));
#12027=CARTESIAN_POINT('',(-43.0000007003551,-24.2500003427266,18.51));
#12028=CARTESIAN_POINT('Origin',(-43.0000007003551,-20.2500003427267,18.51));
#12029=CARTESIAN_POINT('',(-31.5,-24.2500003427267,18.51));
#12030=CARTESIAN_POINT('',(-43.0000007003551,-24.2500003427267,18.51));
#12031=CARTESIAN_POINT('',(-27.5,-28.2500003427267,18.51));
#12032=CARTESIAN_POINT('Origin',(-31.5,-28.2500003427267,18.51));
#12033=CARTESIAN_POINT('',(-27.5,-41.6399999999882,18.51));
#12034=CARTESIAN_POINT('',(-27.5,-37.45,18.51));
#12035=CARTESIAN_POINT('',(50.1716642964473,-41.6399999999881,18.51));
#12036=CARTESIAN_POINT('',(48.7,-41.6399999999882,18.51));
#12037=CARTESIAN_POINT('',(55.5971484311982,-38.2020419971399,18.51));
#12038=CARTESIAN_POINT('Origin',(50.17160603465,-35.63991717633,18.51));
#12039=CARTESIAN_POINT('',(75.3554914492036,3.6391552762676,18.51));
#12040=CARTESIAN_POINT('',(75.3554914492036,3.6391552762676,18.51));
#12041=CARTESIAN_POINT('',(75.9299999999998,6.201194,18.51));
#12042=CARTESIAN_POINT('Origin',(69.9300078743522,6.20119225626098,18.51));
#12043=CARTESIAN_POINT('',(55.7,6.201194,18.51));
#12044=CARTESIAN_POINT('',(75.9299999999998,6.201194,18.51));
#12045=CARTESIAN_POINT('',(48.7,13.201194,18.51));
#12046=CARTESIAN_POINT('Origin',(55.7,13.201194,18.51));
#12047=CARTESIAN_POINT('',(48.7,41.64,18.51));
#12048=CARTESIAN_POINT('',(48.7,13.201194,18.51));
#12049=CARTESIAN_POINT('',(-40.2433335069872,41.6400000000002,18.51));
#12050=CARTESIAN_POINT('',(48.7,41.64,18.51));
#12051=CARTESIAN_POINT('',(-43.8433329483155,40.4400000387584,18.51));
#12052=CARTESIAN_POINT('Origin',(-40.24333046506,35.6399923952021,18.51));
#12053=CARTESIAN_POINT('',(-48.7966665944099,36.7250003041902,18.51));
#12054=CARTESIAN_POINT('',(-48.7966665944099,36.7250003041902,18.51));
#12055=CARTESIAN_POINT('Origin',(-51.19666953493,39.925007604798,18.51));
#12056=CARTESIAN_POINT('',(13.125,-21.425,18.51));
#12057=CARTESIAN_POINT('',(13.625,-20.925,18.51));
#12058=CARTESIAN_POINT('Origin',(13.625,-21.425,18.51));
#12059=CARTESIAN_POINT('',(26.625,-20.925,18.51));
#12060=CARTESIAN_POINT('',(13.625,-20.925,18.51));
#12061=CARTESIAN_POINT('',(27.125,-21.425,18.51));
#12062=CARTESIAN_POINT('Origin',(26.625,-21.425,18.51));
#12063=CARTESIAN_POINT('',(27.125,-34.425,18.51));
#12064=CARTESIAN_POINT('',(27.125,-21.425,18.51));
#12065=CARTESIAN_POINT('',(26.625,-34.925,18.51));
#12066=CARTESIAN_POINT('Origin',(26.625,-34.425,18.51));
#12067=CARTESIAN_POINT('',(13.625,-34.925,18.51));
#12068=CARTESIAN_POINT('',(13.625,-34.925,18.51));
#12069=CARTESIAN_POINT('',(13.125,-34.425,18.51));
#12070=CARTESIAN_POINT('Origin',(13.625,-34.425,18.51));
#12071=CARTESIAN_POINT('',(13.125,-21.425,18.51));
#12072=CARTESIAN_POINT('',(-5.925,-21.425,18.51));
#12073=CARTESIAN_POINT('',(-5.425,-20.925,18.51));
#12074=CARTESIAN_POINT('Origin',(-5.425,-21.425,18.51));
#12075=CARTESIAN_POINT('',(7.575,-20.925,18.51));
#12076=CARTESIAN_POINT('',(-5.425,-20.925,18.51));
#12077=CARTESIAN_POINT('',(8.07500000000001,-21.425,18.51));
#12078=CARTESIAN_POINT('Origin',(7.575,-21.425,18.51));
#12079=CARTESIAN_POINT('',(8.075,-34.425,18.51));
#12080=CARTESIAN_POINT('',(8.07500000000001,-21.425,18.51));
#12081=CARTESIAN_POINT('',(7.575,-34.925,18.51));
#12082=CARTESIAN_POINT('Origin',(7.575,-34.425,18.51));
#12083=CARTESIAN_POINT('',(-5.425,-34.925,18.51));
#12084=CARTESIAN_POINT('',(-5.425,-34.925,18.51));
#12085=CARTESIAN_POINT('',(-5.925,-34.425,18.51));
#12086=CARTESIAN_POINT('Origin',(-5.425,-34.425,18.51));
#12087=CARTESIAN_POINT('',(-5.925,-21.425,18.51));
#12088=CARTESIAN_POINT('',(-5.925,-2.375,18.51));
#12089=CARTESIAN_POINT('',(-5.425,-1.875,18.51));
#12090=CARTESIAN_POINT('Origin',(-5.425,-2.375,18.51));
#12091=CARTESIAN_POINT('',(7.575,-1.875,18.51));
#12092=CARTESIAN_POINT('',(-5.425,-1.875,18.51));
#12093=CARTESIAN_POINT('',(8.07500000000001,-2.375,18.51));
#12094=CARTESIAN_POINT('Origin',(7.575,-2.375,18.51));
#12095=CARTESIAN_POINT('',(8.075,-15.375,18.51));
#12096=CARTESIAN_POINT('',(8.07500000000001,-2.375,18.51));
#12097=CARTESIAN_POINT('',(7.575,-15.875,18.51));
#12098=CARTESIAN_POINT('Origin',(7.575,-15.375,18.51));
#12099=CARTESIAN_POINT('',(-5.425,-15.875,18.51));
#12100=CARTESIAN_POINT('',(-5.425,-15.875,18.51));
#12101=CARTESIAN_POINT('',(-5.925,-15.375,18.51));
#12102=CARTESIAN_POINT('Origin',(-5.425,-15.375,18.51));
#12103=CARTESIAN_POINT('',(-5.925,-2.375,18.51));
#12104=CARTESIAN_POINT('',(58.09,-3.92,18.51));
#12105=CARTESIAN_POINT('Origin',(59.69,-3.92,18.51));
#12106=CARTESIAN_POINT('',(-37.41,28.08,18.51));
#12107=CARTESIAN_POINT('Origin',(-35.81,28.08,18.51));
#12108=CARTESIAN_POINT('',(32.175,35.725,18.51));
#12109=CARTESIAN_POINT('',(32.675,36.225,18.51));
#12110=CARTESIAN_POINT('Origin',(32.675,35.725,18.51));
#12111=CARTESIAN_POINT('',(45.675,36.225,18.51));
#12112=CARTESIAN_POINT('',(32.675,36.225,18.51));
#12113=CARTESIAN_POINT('',(46.175,35.725,18.51));
#12114=CARTESIAN_POINT('Origin',(45.675,35.725,18.51));
#12115=CARTESIAN_POINT('',(46.175,22.725,18.51));
#12116=CARTESIAN_POINT('',(46.175,35.725,18.51));
#12117=CARTESIAN_POINT('',(45.675,22.225,18.51));
#12118=CARTESIAN_POINT('Origin',(45.675,22.725,18.51));
#12119=CARTESIAN_POINT('',(32.675,22.225,18.51));
#12120=CARTESIAN_POINT('',(32.675,22.225,18.51));
#12121=CARTESIAN_POINT('',(32.175,22.725,18.51));
#12122=CARTESIAN_POINT('Origin',(32.675,22.725,18.51));
#12123=CARTESIAN_POINT('',(32.175,35.725,18.51));
#12124=CARTESIAN_POINT('',(-24.975,-21.425,18.51));
#12125=CARTESIAN_POINT('',(-24.475,-20.925,18.51));
#12126=CARTESIAN_POINT('Origin',(-24.475,-21.425,18.51));
#12127=CARTESIAN_POINT('',(-11.475,-20.925,18.51));
#12128=CARTESIAN_POINT('',(-24.475,-20.925,18.51));
#12129=CARTESIAN_POINT('',(-10.975,-21.425,18.51));
#12130=CARTESIAN_POINT('Origin',(-11.475,-21.425,18.51));
#12131=CARTESIAN_POINT('',(-10.975,-34.425,18.51));
#12132=CARTESIAN_POINT('',(-10.975,-21.425,18.51));
#12133=CARTESIAN_POINT('',(-11.475,-34.925,18.51));
#12134=CARTESIAN_POINT('Origin',(-11.475,-34.425,18.51));
#12135=CARTESIAN_POINT('',(-24.475,-34.925,18.51));
#12136=CARTESIAN_POINT('',(-24.475,-34.925,18.51));
#12137=CARTESIAN_POINT('',(-24.975,-34.425,18.51));
#12138=CARTESIAN_POINT('Origin',(-24.475,-34.425,18.51));
#12139=CARTESIAN_POINT('',(-24.975,-21.425,18.51));
#12140=CARTESIAN_POINT('',(-24.975,-2.375,18.51));
#12141=CARTESIAN_POINT('',(-24.475,-1.875,18.51));
#12142=CARTESIAN_POINT('Origin',(-24.475,-2.375,18.51));
#12143=CARTESIAN_POINT('',(-11.475,-1.875,18.51));
#12144=CARTESIAN_POINT('',(-24.475,-1.875,18.51));
#12145=CARTESIAN_POINT('',(-10.975,-2.375,18.51));
#12146=CARTESIAN_POINT('Origin',(-11.475,-2.375,18.51));
#12147=CARTESIAN_POINT('',(-10.975,-15.375,18.51));
#12148=CARTESIAN_POINT('',(-10.975,-2.375,18.51));
#12149=CARTESIAN_POINT('',(-11.475,-15.875,18.51));
#12150=CARTESIAN_POINT('Origin',(-11.475,-15.375,18.51));
#12151=CARTESIAN_POINT('',(-24.475,-15.875,18.51));
#12152=CARTESIAN_POINT('',(-24.475,-15.875,18.51));
#12153=CARTESIAN_POINT('',(-24.975,-15.375,18.51));
#12154=CARTESIAN_POINT('Origin',(-24.475,-15.375,18.51));
#12155=CARTESIAN_POINT('',(-24.975,-2.375,18.51));
#12156=CARTESIAN_POINT('',(13.125,16.675,18.51));
#12157=CARTESIAN_POINT('',(13.625,17.175,18.51));
#12158=CARTESIAN_POINT('Origin',(13.625,16.675,18.51));
#12159=CARTESIAN_POINT('',(26.625,17.175,18.51));
#12160=CARTESIAN_POINT('',(13.625,17.175,18.51));
#12161=CARTESIAN_POINT('',(27.125,16.675,18.51));
#12162=CARTESIAN_POINT('Origin',(26.625,16.675,18.51));
#12163=CARTESIAN_POINT('',(27.125,3.675,18.51));
#12164=CARTESIAN_POINT('',(27.125,16.675,18.51));
#12165=CARTESIAN_POINT('',(26.625,3.17499999999999,18.51));
#12166=CARTESIAN_POINT('Origin',(26.625,3.675,18.51));
#12167=CARTESIAN_POINT('',(13.625,3.175,18.51));
#12168=CARTESIAN_POINT('',(13.625,3.17499999999999,18.51));
#12169=CARTESIAN_POINT('',(13.125,3.675,18.51));
#12170=CARTESIAN_POINT('Origin',(13.625,3.675,18.51));
#12171=CARTESIAN_POINT('',(13.125,16.675,18.51));
#12172=CARTESIAN_POINT('',(13.125,-2.375,18.51));
#12173=CARTESIAN_POINT('',(13.625,-1.875,18.51));
#12174=CARTESIAN_POINT('Origin',(13.625,-2.375,18.51));
#12175=CARTESIAN_POINT('',(26.625,-1.875,18.51));
#12176=CARTESIAN_POINT('',(13.625,-1.875,18.51));
#12177=CARTESIAN_POINT('',(27.125,-2.375,18.51));
#12178=CARTESIAN_POINT('Origin',(26.625,-2.375,18.51));
#12179=CARTESIAN_POINT('',(27.125,-15.375,18.51));
#12180=CARTESIAN_POINT('',(27.125,-2.375,18.51));
#12181=CARTESIAN_POINT('',(26.625,-15.875,18.51));
#12182=CARTESIAN_POINT('Origin',(26.625,-15.375,18.51));
#12183=CARTESIAN_POINT('',(13.625,-15.875,18.51));
#12184=CARTESIAN_POINT('',(13.625,-15.875,18.51));
#12185=CARTESIAN_POINT('',(13.125,-15.375,18.51));
#12186=CARTESIAN_POINT('Origin',(13.625,-15.375,18.51));
#12187=CARTESIAN_POINT('',(13.125,-2.375,18.51));
#12188=CARTESIAN_POINT('',(-24.975,16.675,18.51));
#12189=CARTESIAN_POINT('',(-24.475,17.175,18.51));
#12190=CARTESIAN_POINT('Origin',(-24.475,16.675,18.51));
#12191=CARTESIAN_POINT('',(-11.475,17.175,18.51));
#12192=CARTESIAN_POINT('',(-24.475,17.175,18.51));
#12193=CARTESIAN_POINT('',(-10.975,16.675,18.51));
#12194=CARTESIAN_POINT('Origin',(-11.475,16.675,18.51));
#12195=CARTESIAN_POINT('',(-10.975,3.675,18.51));
#12196=CARTESIAN_POINT('',(-10.975,16.675,18.51));
#12197=CARTESIAN_POINT('',(-11.475,3.17499999999999,18.51));
#12198=CARTESIAN_POINT('Origin',(-11.475,3.675,18.51));
#12199=CARTESIAN_POINT('',(-24.475,3.17499999999999,18.51));
#12200=CARTESIAN_POINT('',(-24.475,3.17499999999999,18.51));
#12201=CARTESIAN_POINT('',(-24.975,3.675,18.51));
#12202=CARTESIAN_POINT('Origin',(-24.475,3.675,18.51));
#12203=CARTESIAN_POINT('',(-24.975,16.675,18.51));
#12204=CARTESIAN_POINT('',(32.175,-2.375,18.51));
#12205=CARTESIAN_POINT('',(32.675,-1.875,18.51));
#12206=CARTESIAN_POINT('Origin',(32.675,-2.375,18.51));
#12207=CARTESIAN_POINT('',(45.675,-1.875,18.51));
#12208=CARTESIAN_POINT('',(32.675,-1.875,18.51));
#12209=CARTESIAN_POINT('',(46.175,-2.375,18.51));
#12210=CARTESIAN_POINT('Origin',(45.675,-2.375,18.51));
#12211=CARTESIAN_POINT('',(46.175,-15.375,18.51));
#12212=CARTESIAN_POINT('',(46.175,-2.375,18.51));
#12213=CARTESIAN_POINT('',(45.675,-15.875,18.51));
#12214=CARTESIAN_POINT('Origin',(45.675,-15.375,18.51));
#12215=CARTESIAN_POINT('',(32.675,-15.875,18.51));
#12216=CARTESIAN_POINT('',(32.675,-15.875,18.51));
#12217=CARTESIAN_POINT('',(32.175,-15.375,18.51));
#12218=CARTESIAN_POINT('Origin',(32.675,-15.375,18.51));
#12219=CARTESIAN_POINT('',(32.175,-2.375,18.51));
#12220=CARTESIAN_POINT('',(13.125,35.725,18.51));
#12221=CARTESIAN_POINT('',(13.625,36.225,18.51));
#12222=CARTESIAN_POINT('Origin',(13.625,35.725,18.51));
#12223=CARTESIAN_POINT('',(26.625,36.225,18.51));
#12224=CARTESIAN_POINT('',(13.625,36.225,18.51));
#12225=CARTESIAN_POINT('',(27.125,35.725,18.51));
#12226=CARTESIAN_POINT('Origin',(26.625,35.725,18.51));
#12227=CARTESIAN_POINT('',(27.125,22.725,18.51));
#12228=CARTESIAN_POINT('',(27.125,35.725,18.51));
#12229=CARTESIAN_POINT('',(26.625,22.225,18.51));
#12230=CARTESIAN_POINT('Origin',(26.625,22.725,18.51));
#12231=CARTESIAN_POINT('',(13.625,22.225,18.51));
#12232=CARTESIAN_POINT('',(13.625,22.225,18.51));
#12233=CARTESIAN_POINT('',(13.125,22.725,18.51));
#12234=CARTESIAN_POINT('Origin',(13.625,22.725,18.51));
#12235=CARTESIAN_POINT('',(13.125,35.725,18.51));
#12236=CARTESIAN_POINT('',(-5.925,35.725,18.51));
#12237=CARTESIAN_POINT('',(-5.425,36.225,18.51));
#12238=CARTESIAN_POINT('Origin',(-5.425,35.725,18.51));
#12239=CARTESIAN_POINT('',(7.575,36.225,18.51));
#12240=CARTESIAN_POINT('',(-5.425,36.225,18.51));
#12241=CARTESIAN_POINT('',(8.07500000000001,35.725,18.51));
#12242=CARTESIAN_POINT('Origin',(7.575,35.725,18.51));
#12243=CARTESIAN_POINT('',(8.075,22.725,18.51));
#12244=CARTESIAN_POINT('',(8.07500000000001,35.725,18.51));
#12245=CARTESIAN_POINT('',(7.575,22.225,18.51));
#12246=CARTESIAN_POINT('Origin',(7.575,22.725,18.51));
#12247=CARTESIAN_POINT('',(-5.425,22.225,18.51));
#12248=CARTESIAN_POINT('',(-5.425,22.225,18.51));
#12249=CARTESIAN_POINT('',(-5.925,22.725,18.51));
#12250=CARTESIAN_POINT('Origin',(-5.425,22.725,18.51));
#12251=CARTESIAN_POINT('',(-5.925,35.725,18.51));
#12252=CARTESIAN_POINT('',(-5.925,16.675,18.51));
#12253=CARTESIAN_POINT('',(-5.425,17.175,18.51));
#12254=CARTESIAN_POINT('Origin',(-5.425,16.675,18.51));
#12255=CARTESIAN_POINT('',(7.575,17.175,18.51));
#12256=CARTESIAN_POINT('',(-5.425,17.175,18.51));
#12257=CARTESIAN_POINT('',(8.07500000000001,16.675,18.51));
#12258=CARTESIAN_POINT('Origin',(7.575,16.675,18.51));
#12259=CARTESIAN_POINT('',(8.07500000000001,3.675,18.51));
#12260=CARTESIAN_POINT('',(8.07500000000001,16.675,18.51));
#12261=CARTESIAN_POINT('',(7.575,3.17499999999999,18.51));
#12262=CARTESIAN_POINT('Origin',(7.575,3.675,18.51));
#12263=CARTESIAN_POINT('',(-5.425,3.175,18.51));
#12264=CARTESIAN_POINT('',(-5.425,3.17499999999999,18.51));
#12265=CARTESIAN_POINT('',(-5.925,3.675,18.51));
#12266=CARTESIAN_POINT('Origin',(-5.425,3.675,18.51));
#12267=CARTESIAN_POINT('',(-5.925,16.675,18.51));
#12268=CARTESIAN_POINT('',(-24.975,35.725,18.51));
#12269=CARTESIAN_POINT('',(-24.475,36.225,18.51));
#12270=CARTESIAN_POINT('Origin',(-24.475,35.725,18.51));
#12271=CARTESIAN_POINT('',(-11.475,36.225,18.51));
#12272=CARTESIAN_POINT('',(-24.475,36.225,18.51));
#12273=CARTESIAN_POINT('',(-10.975,35.725,18.51));
#12274=CARTESIAN_POINT('Origin',(-11.475,35.725,18.51));
#12275=CARTESIAN_POINT('',(-10.975,22.725,18.51));
#12276=CARTESIAN_POINT('',(-10.975,35.725,18.51));
#12277=CARTESIAN_POINT('',(-11.475,22.225,18.51));
#12278=CARTESIAN_POINT('Origin',(-11.475,22.725,18.51));
#12279=CARTESIAN_POINT('',(-24.475,22.225,18.51));
#12280=CARTESIAN_POINT('',(-24.475,22.225,18.51));
#12281=CARTESIAN_POINT('',(-24.975,22.725,18.51));
#12282=CARTESIAN_POINT('Origin',(-24.475,22.725,18.51));
#12283=CARTESIAN_POINT('',(-24.975,35.725,18.51));
#12284=CARTESIAN_POINT('',(32.175,-21.425,18.51));
#12285=CARTESIAN_POINT('',(32.675,-20.925,18.51));
#12286=CARTESIAN_POINT('Origin',(32.675,-21.425,18.51));
#12287=CARTESIAN_POINT('',(45.675,-20.925,18.51));
#12288=CARTESIAN_POINT('',(32.675,-20.925,18.51));
#12289=CARTESIAN_POINT('',(46.175,-21.425,18.51));
#12290=CARTESIAN_POINT('Origin',(45.675,-21.425,18.51));
#12291=CARTESIAN_POINT('',(46.175,-34.425,18.51));
#12292=CARTESIAN_POINT('',(46.175,-21.425,18.51));
#12293=CARTESIAN_POINT('',(45.675,-34.925,18.51));
#12294=CARTESIAN_POINT('Origin',(45.675,-34.425,18.51));
#12295=CARTESIAN_POINT('',(32.675,-34.925,18.51));
#12296=CARTESIAN_POINT('',(32.675,-34.925,18.51));
#12297=CARTESIAN_POINT('',(32.175,-34.425,18.51));
#12298=CARTESIAN_POINT('Origin',(32.675,-34.425,18.51));
#12299=CARTESIAN_POINT('',(32.175,-21.425,18.51));
#12300=CARTESIAN_POINT('',(-46.41,-5.92,18.51));
#12301=CARTESIAN_POINT('Origin',(-44.81,-5.92,18.51));
#12302=CARTESIAN_POINT('',(32.175,16.675,18.51));
#12303=CARTESIAN_POINT('',(32.675,17.175,18.51));
#12304=CARTESIAN_POINT('Origin',(32.675,16.675,18.51));
#12305=CARTESIAN_POINT('',(45.675,17.175,18.51));
#12306=CARTESIAN_POINT('',(32.675,17.175,18.51));
#12307=CARTESIAN_POINT('',(46.175,16.675,18.51));
#12308=CARTESIAN_POINT('Origin',(45.675,16.675,18.51));
#12309=CARTESIAN_POINT('',(46.175,3.675,18.51));
#12310=CARTESIAN_POINT('',(46.175,16.675,18.51));
#12311=CARTESIAN_POINT('',(45.675,3.17499999999999,18.51));
#12312=CARTESIAN_POINT('Origin',(45.675,3.675,18.51));
#12313=CARTESIAN_POINT('',(32.675,3.175,18.51));
#12314=CARTESIAN_POINT('',(32.675,3.17499999999999,18.51));
#12315=CARTESIAN_POINT('',(32.175,3.675,18.51));
#12316=CARTESIAN_POINT('Origin',(32.675,3.675,18.51));
#12317=CARTESIAN_POINT('',(32.175,16.675,18.51));
#12318=CARTESIAN_POINT('',(-30.75,-13.97,18.51));
#12319=CARTESIAN_POINT('',(-31.75,-14.97,18.51));
#12320=CARTESIAN_POINT('Origin',(-31.75,-13.97,18.51));
#12321=CARTESIAN_POINT('',(-39.37,-14.97,18.51));
#12322=CARTESIAN_POINT('',(-39.37,-14.97,18.51));
#12323=CARTESIAN_POINT('',(-40.37,-13.97,18.51));
#12324=CARTESIAN_POINT('Origin',(-39.37,-13.97,18.51));
#12325=CARTESIAN_POINT('',(-40.37,19.05,18.51));
#12326=CARTESIAN_POINT('',(-40.37,19.05,18.51));
#12327=CARTESIAN_POINT('',(-39.37,20.05,18.51));
#12328=CARTESIAN_POINT('Origin',(-39.37,19.05,18.51));
#12329=CARTESIAN_POINT('',(-31.75,20.05,18.51));
#12330=CARTESIAN_POINT('',(-31.75,20.05,18.51));
#12331=CARTESIAN_POINT('',(-30.75,19.05,18.51));
#12332=CARTESIAN_POINT('Origin',(-31.75,19.05,18.51));
#12333=CARTESIAN_POINT('',(-30.75,-13.97,18.51));
#12334=CARTESIAN_POINT('',(-46.0333263830297,22.0929855417456,18.51));
#12335=CARTESIAN_POINT('',(-46.0333263830297,22.5404998553686,18.51));
#12336=CARTESIAN_POINT('',(-46.0333263830297,11.0464927708758,18.51));
#12337=CARTESIAN_POINT('',(-45.5932679528809,22.5404998553686,18.51));
#12338=CARTESIAN_POINT('',(-23.0166631915132,22.5404998553683,18.51));
#12339=CARTESIAN_POINT('',(-45.5932679528809,25.7402836545828,18.51));
#12340=CARTESIAN_POINT('',(-45.5932679528809,11.2702499276873,18.51));
#12341=CARTESIAN_POINT('',(-46.0333263830297,25.7402836545828,18.51));
#12342=CARTESIAN_POINT('',(-22.796633976439,25.7402836545828,18.51));
#12343=CARTESIAN_POINT('',(-46.0333263830297,26.1803420847316,18.51));
#12344=CARTESIAN_POINT('',(-46.0333263830297,12.8701418272944,18.51));
#12345=CARTESIAN_POINT('',(-44.0493310249239,26.1803420847316,18.51));
#12346=CARTESIAN_POINT('',(-23.0166631915134,26.1803420847316,18.51));
#12347=CARTESIAN_POINT('',(-43.8926857807786,26.1132032878702,18.51));
#12348=CARTESIAN_POINT('Ctrl Pts',(-44.0493310249239,26.1803420847316,18.51));
#12349=CARTESIAN_POINT('Ctrl Pts',(-43.9598290583392,26.1803420847316,18.51));
#12350=CARTESIAN_POINT('Ctrl Pts',(-43.8926857807786,26.1132032878702,18.51));
#12351=CARTESIAN_POINT('',(-42.9976481921342,25.2032539322775,18.51));
#12352=CARTESIAN_POINT('',(-26.573400305893,8.50536998885877,18.51));
#12353=CARTESIAN_POINT('',(-42.9305093952729,25.0466086881321,18.51));
#12354=CARTESIAN_POINT('Ctrl Pts',(-42.9976481921342,25.2032539322775,18.51));
#12355=CARTESIAN_POINT('Ctrl Pts',(-42.9305093952729,25.1361151354161,18.51));
#12356=CARTESIAN_POINT('Ctrl Pts',(-42.9305093952729,25.0466086881321,18.51));
#12357=CARTESIAN_POINT('',(-42.9305093952729,23.2267010155482,18.51));
#12358=CARTESIAN_POINT('',(-42.9305093952729,12.5233043440691,18.51));
#12359=CARTESIAN_POINT('',(-42.9976481921342,23.0626088493271,18.51));
#12360=CARTESIAN_POINT('Ctrl Pts',(-42.9305093952729,23.2267010155482,18.51));
#12361=CARTESIAN_POINT('Ctrl Pts',(-42.9305093952729,23.1297297233917,18.51));
#12362=CARTESIAN_POINT('Ctrl Pts',(-42.9976481921342,23.0626088493271,18.51));
#12363=CARTESIAN_POINT('',(-43.9001416642528,22.1675712606828,18.51));
#12364=CARTESIAN_POINT('',(-37.9245176732368,28.0938280733877,18.51));
#12365=CARTESIAN_POINT('',(-44.0567869083981,22.0929855417456,18.51));
#12366=CARTESIAN_POINT('Ctrl Pts',(-43.9001416642528,22.1675712606828,18.51));
#12367=CARTESIAN_POINT('Ctrl Pts',(-43.97472738319,22.0929855417456,18.51));
#12368=CARTESIAN_POINT('Ctrl Pts',(-44.0567869083981,22.0929855417456,18.51));
#12369=CARTESIAN_POINT('',(-22.0283934541976,22.0929855417456,18.51));
#12370=CARTESIAN_POINT('',(-59.9214663966896,22.5554385065122,18.51));
#12371=CARTESIAN_POINT('',(-59.9214663966896,23.5474384259147,18.51));
#12372=CARTESIAN_POINT('',(-59.9214663966897,11.2777192532594,18.51));
#12373=CARTESIAN_POINT('',(-60.8165017449844,23.5474384259147,18.51));
#12374=CARTESIAN_POINT('',(-29.9607331983434,23.5474384259148,18.51));
#12375=CARTESIAN_POINT('',(-60.8164905432364,23.9651292056409,18.51));
#12376=CARTESIAN_POINT('',(-60.8168174740044,11.7745347183932,18.51));
#12377=CARTESIAN_POINT('',(-59.0413360942945,23.9651292056409,18.51));
#12378=CARTESIAN_POINT('',(-30.4082452716167,23.9651292056409,18.51));
#12379=CARTESIAN_POINT('',(-59.0413360942945,23.5474473873131,18.51));
#12380=CARTESIAN_POINT('',(-59.0413360942945,11.9825646028234,18.51));
#12381=CARTESIAN_POINT('',(-59.4813967647929,23.5474473873131,18.51));
#12382=CARTESIAN_POINT('',(-29.5206680471459,23.5474473873134,18.51));
#12383=CARTESIAN_POINT('',(-59.4813967647928,22.1079331542876,18.51));
#12384=CARTESIAN_POINT('',(-59.4813967647928,11.7737236936594,18.51));
#12385=CARTESIAN_POINT('',(-61.0253314524003,22.1079331542876,18.51));
#12386=CARTESIAN_POINT('',(-29.740698382395,22.1079331542878,18.51));
#12387=CARTESIAN_POINT('',(-61.181974456196,22.167598144878,18.51));
#12388=CARTESIAN_POINT('Ctrl Pts',(-61.0253314524003,22.1079331542876,18.51));
#12389=CARTESIAN_POINT('Ctrl Pts',(-61.1223049849064,22.1079331542876,18.51));
#12390=CARTESIAN_POINT('Ctrl Pts',(-61.181974456196,22.167598144878,18.51));
#12391=CARTESIAN_POINT('',(-62.0770098044907,23.0551798500481,18.51));
#12392=CARTESIAN_POINT('',(-40.2168674569399,1.37708360829819,18.51));
#12393=CARTESIAN_POINT('',(-62.1441486013521,23.2117982099982,18.51));
#12394=CARTESIAN_POINT('Ctrl Pts',(-62.0770098044907,23.0551798500481,18.51));
#12395=CARTESIAN_POINT('Ctrl Pts',(-62.1441486013521,23.1222917627143,18.51));
#12396=CARTESIAN_POINT('Ctrl Pts',(-62.1441486013521,23.2117982099983,18.51));
#12397=CARTESIAN_POINT('',(-62.1441486013521,25.0615383778773,18.51));
#12398=CARTESIAN_POINT('',(-62.1441486013521,11.6058991050021,18.51));
#12399=CARTESIAN_POINT('',(-62.0844791300625,25.2330774661742,18.51));
#12400=CARTESIAN_POINT('Ctrl Pts',(-62.1441486013521,25.0615383778773,18.51));
#12401=CARTESIAN_POINT('Ctrl Pts',(-62.1441486013521,25.1734035141854,18.51));
#12402=CARTESIAN_POINT('Ctrl Pts',(-62.0844791300625,25.2330774661742,18.51));
#12403=CARTESIAN_POINT('',(-61.1894437817678,26.1206591713444,18.51));
#12404=CARTESIAN_POINT('',(-52.7416137294775,34.4981376889082,18.51));
#12405=CARTESIAN_POINT('',(-61.0328007779721,26.1803241619347,18.51));
#12406=CARTESIAN_POINT('Ctrl Pts',(-61.1894437817678,26.1206591713444,18.51));
#12407=CARTESIAN_POINT('Ctrl Pts',(-61.1446927984754,26.1803241619347,18.51));
#12408=CARTESIAN_POINT('Ctrl Pts',(-61.0328007779721,26.1803241619347,18.51));
#12409=CARTESIAN_POINT('',(-60.1377654296773,26.1803241619347,18.51));
#12410=CARTESIAN_POINT('',(-30.5164003889845,26.1803241619347,18.51));
#12411=CARTESIAN_POINT('',(-59.9736755038058,26.1206591713444,18.51));
#12412=CARTESIAN_POINT('Ctrl Pts',(-60.1377654296773,26.1803241619347,18.51));
#12413=CARTESIAN_POINT('Ctrl Pts',(-60.0333449750954,26.1803241619347,18.51));
#12414=CARTESIAN_POINT('Ctrl Pts',(-59.9736755038058,26.1206591713444,18.51));
#12415=CARTESIAN_POINT('',(-59.4142781310779,25.5538059151423,18.51));
#12416=CARTESIAN_POINT('',(-38.6491711305954,4.51193283445849,18.51));
#12417=CARTESIAN_POINT('',(-59.7349998589971,25.2405423110468,18.51));
#12418=CARTESIAN_POINT('',(-50.597969445348,34.1650984883883,18.51));
#12419=CARTESIAN_POINT('',(-60.2272696366117,25.7402746931844,18.51));
#12420=CARTESIAN_POINT('',(-38.7165021142192,3.90341290641518,18.51));
#12421=CARTESIAN_POINT('',(-60.9358406875635,25.7402746931844,18.51));
#12422=CARTESIAN_POINT('',(-30.1136348183045,25.7402746931848,18.51));
#12423=CARTESIAN_POINT('',(-61.6966208456315,24.9720319305934,18.51));
#12424=CARTESIAN_POINT('',(-52.2853419127419,34.4756274834513,18.51));
#12425=CARTESIAN_POINT('',(-61.6966208456315,23.3087605407564,18.51));
#12426=CARTESIAN_POINT('',(-61.6966208456315,12.4860159652995,18.51));
#12427=CARTESIAN_POINT('',(-60.9358406875635,22.5554385065122,18.51));
#12428=CARTESIAN_POINT('',(-40.293610174822,2.11556909576656,18.51));
#12429=CARTESIAN_POINT('',(-30.4679203437803,22.5554385065123,18.51));
#12430=CARTESIAN_POINT('',(59.3411318161118,-24.0073465485973,18.51));
#12431=CARTESIAN_POINT('',(59.7572165074721,-24.2013700266196,18.51));
#12432=CARTESIAN_POINT('',(30.3722391886447,-10.4989300681395,18.51));
#12433=CARTESIAN_POINT('',(58.4119755982529,-27.0862484661928,18.51));
#12434=CARTESIAN_POINT('',(59.0555432268848,-25.7061132327757,18.51));
#12435=CARTESIAN_POINT('',(54.6047648445967,-25.3109169355528,18.51));
#12436=CARTESIAN_POINT('',(29.2350406251057,-13.4808202467238,18.51));
#12437=CARTESIAN_POINT('',(55.9500057538159,-22.4260384959797,18.51));
#12438=CARTESIAN_POINT('',(54.575712018619,-25.3732209219224,18.51));
#12439=CARTESIAN_POINT('',(56.37303102245,-22.6232984183368,18.51));
#12440=CARTESIAN_POINT('',(28.6766761574968,-9.70827604183065,18.51));
#12441=CARTESIAN_POINT('',(55.2185820035275,-25.0990223287917,18.51));
#12442=CARTESIAN_POINT('',(55.6713577418627,-24.128041624493,18.51));
#12443=CARTESIAN_POINT('',(56.4737849869077,-25.6843330924809,18.51));
#12444=CARTESIAN_POINT('',(27.7337397728913,-12.2826299134641,18.51));
#12445=CARTESIAN_POINT('',(57.2434176661894,-24.033850485511,18.51));
#12446=CARTESIAN_POINT('',(56.3493362157817,-25.9512143434094,18.51));
#12447=CARTESIAN_POINT('',(57.6664429348235,-24.2311104078682,18.51));
#12448=CARTESIAN_POINT('',(29.130973943863,-10.924802688339,18.51));
#12449=CARTESIAN_POINT('',(56.8968102555418,-25.8815930148381,18.51));
#12450=CARTESIAN_POINT('',(57.1571778240565,-25.323232962282,18.51));
#12451=CARTESIAN_POINT('',(58.1866827971893,-26.4830704590521,18.51));
#12452=CARTESIAN_POINT('',(28.5728538988984,-12.6739152564875,18.51));
#12453=CARTESIAN_POINT('',(58.0622340260632,-26.7499517099809,18.51));
#12454=CARTESIAN_POINT('',(67.1431989183222,-8.36214489191082,18.51));
#12455=CARTESIAN_POINT('',(66.727114226962,-8.16812141388847,18.51));
#12456=CARTESIAN_POINT('',(37.9662514471369,5.24328915548928,18.51));
#12457=CARTESIAN_POINT('',(66.9179051459368,-7.75896896777656,18.51));
#12458=CARTESIAN_POINT('',(62.3324622389877,-17.5924830153301,18.51));
#12459=CARTESIAN_POINT('',(63.94284711095,-6.37167662260667,18.51));
#12460=CARTESIAN_POINT('',(37.9490000204314,5.7494533406122,18.51));
#12461=CARTESIAN_POINT('',(63.7520561919752,-6.78082906871859,18.51));
#12462=CARTESIAN_POINT('',(59.4527996634885,-16.0006144471042,18.51));
#12463=CARTESIAN_POINT('',(63.3429037458633,-6.59003814974375,18.51));
#12464=CARTESIAN_POINT('',(36.2706800839634,6.03394706708543,18.51));
#12465=CARTESIAN_POINT('',(64.2030811034175,-4.74538185360318,18.51));
#12466=CARTESIAN_POINT('',(58.9482517578892,-16.0143997511853,18.51));
#12467=CARTESIAN_POINT('',(64.333419461051,-4.62884661976053,18.51));
#12468=CARTESIAN_POINT('Ctrl Pts',(64.2030811034175,-4.74538185360318,18.51));
#12469=CARTESIAN_POINT('Ctrl Pts',(64.2418854104932,-4.66216574853368,18.51));
#12470=CARTESIAN_POINT('Ctrl Pts',(64.333419461051,-4.62884661976053,18.51));
#12471=CARTESIAN_POINT('',(65.5675125076257,-4.19118486444151,18.51));
#12472=CARTESIAN_POINT('',(36.4894707335074,-14.5034922219966,18.51));
#12473=CARTESIAN_POINT('',(65.7422648866221,-4.19667615140053,18.51));
#12474=CARTESIAN_POINT('Ctrl Pts',(65.5675125076257,-4.19118486444151,18.51));
#12475=CARTESIAN_POINT('Ctrl Pts',(65.6590446155398,-4.15786990168113,18.51));
#12476=CARTESIAN_POINT('Ctrl Pts',(65.7422648866221,-4.19667615140053,18.51));
#12477=CARTESIAN_POINT('',(67.4343576291331,-4.98571195554191,18.51));
#12478=CARTESIAN_POINT('',(37.9384102281663,8.76847420206593,18.51));
#12479=CARTESIAN_POINT('',(67.5578167761986,-5.11927898693561,18.51));
#12480=CARTESIAN_POINT('Ctrl Pts',(67.4343576291331,-4.98571195554191,18.51));
#12481=CARTESIAN_POINT('Ctrl Pts',(67.5245184774893,-5.02775464959614,18.51));
#12482=CARTESIAN_POINT('Ctrl Pts',(67.5578167761986,-5.11927898693561,18.51));
#12483=CARTESIAN_POINT('',(67.9987110905651,-6.34643978826202,18.51));
#12484=CARTESIAN_POINT('',(62.881558165354,7.89636008370763,18.51));
#12485=CARTESIAN_POINT('',(68.0001437168289,-6.52442084101859,18.51));
#12486=CARTESIAN_POINT('Ctrl Pts',(67.9987110905651,-6.34643978826202,18.51));
#12487=CARTESIAN_POINT('Ctrl Pts',(68.0357212927881,-6.44812448315913,18.51));
#12488=CARTESIAN_POINT('Ctrl Pts',(68.0001437168289,-6.52442084101859,18.51));
#12489=CARTESIAN_POINT('',(63.1770193296016,-16.8676444679061,18.51));
#12490=CARTESIAN_POINT('',(62.7786206633658,-12.0005495687831,18.51));
#12491=CARTESIAN_POINT('',(63.2403190741811,-13.2374140155457,18.51));
#12492=CARTESIAN_POINT('',(56.9739000996366,3.54997501714925,18.51));
#12493=CARTESIAN_POINT('',(63.2486765849895,-13.4186216590561,18.51));
#12494=CARTESIAN_POINT('Ctrl Pts',(63.2403190741811,-13.2374140155457,18.51));
#12495=CARTESIAN_POINT('Ctrl Pts',(63.2810245158667,-13.3492512974258,18.51));
#12496=CARTESIAN_POINT('Ctrl Pts',(63.2486765849895,-13.4186216590561,18.51));
#12497=CARTESIAN_POINT('',(62.579336511567,-14.8540913388062,18.51));
#12498=CARTESIAN_POINT('',(60.1705357305817,-20.0200161399057,18.51));
#12499=CARTESIAN_POINT('',(63.8484039854439,-15.4458672205905,18.51));
#12500=CARTESIAN_POINT('',(34.0334733187469,-1.54293672334929,18.51));
#12501=CARTESIAN_POINT('',(63.6575868407797,-15.8550759078748,18.51));
#12502=CARTESIAN_POINT('',(61.1045989224822,-21.329976166641,18.51));
#12503=CARTESIAN_POINT('',(59.8503760871235,-14.0797443772348,18.51));
#12504=CARTESIAN_POINT('',(34.4771899110211,-2.24803335152569,18.51));
#12505=CARTESIAN_POINT('',(60.7105544159995,-12.2350859980879,18.51));
#12506=CARTESIAN_POINT('',(57.2019795964937,-19.7592489796435,18.51));
#12507=CARTESIAN_POINT('',(60.8339428930117,-12.1153125176295,18.51));
#12508=CARTESIAN_POINT('Ctrl Pts',(60.7105544159995,-12.2350859980879,18.51));
#12509=CARTESIAN_POINT('Ctrl Pts',(60.7525980813755,-12.1449230667253,18.51));
#12510=CARTESIAN_POINT('Ctrl Pts',(60.8339428930117,-12.1153125176295,18.51));
#12511=CARTESIAN_POINT('',(62.0472382325196,-11.6679551681743,18.51));
#12512=CARTESIAN_POINT('',(36.0234660945863,-21.2632493618972,18.51));
#12513=CARTESIAN_POINT('',(62.2150417022166,-11.6702061255112,18.51));
#12514=CARTESIAN_POINT('Ctrl Pts',(62.0472382325196,-11.6679551681743,18.51));
#12515=CARTESIAN_POINT('Ctrl Pts',(62.1387453443571,-11.634628549552,18.51));
#12516=CARTESIAN_POINT('Ctrl Pts',(62.2150417022166,-11.6702061255112,18.51));
#12517=CARTESIAN_POINT('',(62.6588720386213,-11.8771676102982,18.51));
#12518=CARTESIAN_POINT('',(34.4285426529583,1.28685117447463,18.51));
#12519=CARTESIAN_POINT('Ctrl Pts',(62.6588720386213,-11.8771676102982,18.51));
#12520=CARTESIAN_POINT('Ctrl Pts',(62.7490162229264,-11.9192025337778,18.51));
#12521=CARTESIAN_POINT('Ctrl Pts',(62.7786206633658,-12.0005495687831,18.51));
#12522=CARTESIAN_POINT('',(58.0041211611121,-27.9429703492343,18.51));
#12523=CARTESIAN_POINT('',(57.8100957404461,-28.3590592066073,18.51));
#12524=CARTESIAN_POINT('',(58.1755627591827,-27.5753126557088,18.51));
#12525=CARTESIAN_POINT('',(54.7171728721865,-26.9168055870551,18.51));
#12526=CARTESIAN_POINT('',(28.6365935618209,-14.7552317255129,18.51));
#12527=CARTESIAN_POINT('',(55.2093038962941,-28.1425294778848,18.51));
#12528=CARTESIAN_POINT('',(46.2656892889451,-5.86715654345462,18.51));
#12529=CARTESIAN_POINT('',(55.7363461717556,-28.3882933271039,18.51));
#12530=CARTESIAN_POINT('',(27.1454067207701,-15.0561193072636,18.51));
#12531=CARTESIAN_POINT('',(55.5390872207202,-28.8113165127317,18.51));
#12532=CARTESIAN_POINT('',(56.195591399134,-27.4034387587799,18.51));
#12533=CARTESIAN_POINT('',(55.0120449452588,-28.5655526635126,18.51));
#12534=CARTESIAN_POINT('',(27.2116689074654,-15.6020244175009,18.51));
#12535=CARTESIAN_POINT('',(53.7737806385917,-28.9759403476787,18.51));
#12536=CARTESIAN_POINT('',(34.4934180184286,-35.3658712557807,18.51));
#12537=CARTESIAN_POINT('',(56.8528306843291,-30.4117249638486,18.51));
#12538=CARTESIAN_POINT('',(26.1398409769501,-16.0900226584622,18.51));
#12539=CARTESIAN_POINT('',(56.658805749324,-30.8278127797184,18.51));
#12540=CARTESIAN_POINT('',(57.5998800266763,-28.809672479223,18.51));
#12541=CARTESIAN_POINT('',(53.080450741144,-29.1591984358068,18.51));
#12542=CARTESIAN_POINT('',(27.4853410648137,-17.2240027824168,18.51));
#12543=CARTESIAN_POINT('',(52.9477143339263,-28.9368902045221,18.51));
#12544=CARTESIAN_POINT('Ctrl Pts',(53.080450741144,-29.1591984358068,18.51));
#12545=CARTESIAN_POINT('Ctrl Pts',(52.941755844024,-29.0945239431327,18.51));
#12546=CARTESIAN_POINT('Ctrl Pts',(52.9477143339263,-28.9368902045221,18.51));
#12547=CARTESIAN_POINT('',(52.9625388527018,-28.8509330207855,18.51));
#12548=CARTESIAN_POINT('Ctrl Pts',(52.9477143339263,-28.9368902045221,18.51));
#12549=CARTESIAN_POINT('Ctrl Pts',(52.9463702295333,-28.8856067450655,18.51));
#12550=CARTESIAN_POINT('Ctrl Pts',(52.9625388527018,-28.8509330207855,18.51));
#12551=CARTESIAN_POINT('',(53.0997952956271,-28.7376389587414,18.51));
#12552=CARTESIAN_POINT('Ctrl Pts',(52.9625388527018,-28.8509330207855,18.51));
#12553=CARTESIAN_POINT('Ctrl Pts',(52.9981101150691,-28.7746502024675,18.51));
#12554=CARTESIAN_POINT('Ctrl Pts',(53.0997952956271,-28.7376389587414,18.51));
#12555=CARTESIAN_POINT('',(54.7175267390343,-28.1833765182597,18.51));
#12556=CARTESIAN_POINT('',(33.7449032428984,-35.3689557623574,18.51));
#12557=CARTESIAN_POINT('',(54.1013204585884,-26.5536419484181,18.51));
#12558=CARTESIAN_POINT('',(46.6338382054771,-6.80373941777868,18.51));
#12559=CARTESIAN_POINT('',(54.1137548269159,-26.3821423970822,18.51));
#12560=CARTESIAN_POINT('Ctrl Pts',(54.1013204585884,-26.5536419484181,18.51));
#12561=CARTESIAN_POINT('Ctrl Pts',(54.071716018149,-26.4722949134128,18.51));
#12562=CARTESIAN_POINT('Ctrl Pts',(54.1137548269159,-26.3821423970822,18.51));
#12563=CARTESIAN_POINT('',(54.1215815501687,-26.3562432713017,18.51));
#12564=CARTESIAN_POINT('Ctrl Pts',(54.1137548269159,-26.3821423970822,18.51));
#12565=CARTESIAN_POINT('Ctrl Pts',(54.1169932138944,-26.3751976537955,18.51));
#12566=CARTESIAN_POINT('Ctrl Pts',(54.1215815501687,-26.3562432713017,18.51));
#12567=CARTESIAN_POINT('',(54.1310255242671,-26.3268759398907,18.51));
#12568=CARTESIAN_POINT('Ctrl Pts',(54.1215815501687,-26.3562432713017,18.51));
#12569=CARTESIAN_POINT('Ctrl Pts',(54.1261776570177,-26.3372722247569,18.51));
#12570=CARTESIAN_POINT('Ctrl Pts',(54.1310255242671,-26.3268759398907,18.51));
#12571=CARTESIAN_POINT('',(54.1493339356478,-26.3058645055547,18.51));
#12572=CARTESIAN_POINT('Ctrl Pts',(54.1310255242671,-26.3268759398907,18.51));
#12573=CARTESIAN_POINT('Ctrl Pts',(54.1326447177564,-26.3234035682474,18.51));
#12574=CARTESIAN_POINT('Ctrl Pts',(54.1493339356478,-26.3058645055547,18.51));
#12575=CARTESIAN_POINT('',(54.41189333041,-26.2678870019404,18.51));
#12576=CARTESIAN_POINT('Ctrl Pts',(54.1493339356478,-26.3058645055547,18.51));
#12577=CARTESIAN_POINT('Ctrl Pts',(54.2662495239905,-26.1999721796441,18.51));
#12578=CARTESIAN_POINT('Ctrl Pts',(54.41189333041,-26.2678870019404,18.51));
#12579=CARTESIAN_POINT('',(27.0345050671358,-13.5016011944929,18.51));
#12580=CARTESIAN_POINT('',(-55.0136602243461,22.0930034645424,18.51));
#12581=CARTESIAN_POINT('',(-55.4611790186683,22.0930034645424,18.51));
#12582=CARTESIAN_POINT('',(-27.5068301121717,22.0930034645427,18.51));
#12583=CARTESIAN_POINT('',(-55.4611790186683,23.5474384259147,18.51));
#12584=CARTESIAN_POINT('',(-55.4611790186683,11.0465017322742,18.51));
#12585=CARTESIAN_POINT('',(-57.6763963784582,23.5474473873131,18.51));
#12586=CARTESIAN_POINT('',(-27.7305418806055,23.5473262449197,18.51));
#12587=CARTESIAN_POINT('',(-57.6763963784582,22.0930124259408,18.51));
#12588=CARTESIAN_POINT('',(-57.6763963784582,11.7737236936596,18.51));
#12589=CARTESIAN_POINT('',(-58.1164548086069,22.0930124259408,18.51));
#12590=CARTESIAN_POINT('',(-28.8381981892278,22.0930124259414,18.51));
#12591=CARTESIAN_POINT('',(-58.1164548086069,24.6140330256527,18.51));
#12592=CARTESIAN_POINT('',(-58.1164548086069,11.0465062129734,18.51));
#12593=CARTESIAN_POINT('',(-58.0493160117456,24.7632044635271,18.51));
#12594=CARTESIAN_POINT('Ctrl Pts',(-58.1164548086069,24.6140330256527,18.51));
#12595=CARTESIAN_POINT('Ctrl Pts',(-58.1164548086069,24.6960656666657,18.51));
#12596=CARTESIAN_POINT('Ctrl Pts',(-58.0493160117456,24.7632044635271,18.51));
#12597=CARTESIAN_POINT('',(-56.7291362406,26.113221210667,18.51));
#12598=CARTESIAN_POINT('',(-50.0505255650695,32.9427731070502,18.51));
#12599=CARTESIAN_POINT('',(-56.5799625623761,26.1803600075284,18.51));
#12600=CARTESIAN_POINT('Ctrl Pts',(-56.7291362406,26.113221210667,18.51));
#12601=CARTESIAN_POINT('Ctrl Pts',(-56.6732014320964,26.1803600075284,18.51));
#12602=CARTESIAN_POINT('Ctrl Pts',(-56.5799625623761,26.1803600075284,18.51));
#12603=CARTESIAN_POINT('',(-56.4084257144288,26.113221210667,18.51));
#12604=CARTESIAN_POINT('Ctrl Pts',(-56.5799625623761,26.1803600075284,18.51));
#12605=CARTESIAN_POINT('Ctrl Pts',(-56.4755421077941,26.1803600075284,18.51));
#12606=CARTESIAN_POINT('Ctrl Pts',(-56.4084257144288,26.113221210667,18.51));
#12607=CARTESIAN_POINT('',(-55.0733296956357,24.7557485800529,18.51));
#12608=CARTESIAN_POINT('',(-36.0132908036758,5.37625768945404,18.51));
#12609=CARTESIAN_POINT('',(-55.0136602243461,24.5991033359076,18.51));
#12610=CARTESIAN_POINT('Ctrl Pts',(-55.0733296956357,24.7557485800529,18.51));
#12611=CARTESIAN_POINT('Ctrl Pts',(-55.0136602243461,24.6960835894625,18.51));
#12612=CARTESIAN_POINT('Ctrl Pts',(-55.0136602243461,24.5991033359076,18.51));
#12613=CARTESIAN_POINT('',(-55.0136602243461,12.2995516679568,18.51));
#12614=CARTESIAN_POINT('',(-46.9582636774573,22.0930034645424,18.51));
#12615=CARTESIAN_POINT('',(-47.4057824717795,22.0930034645424,18.51));
#12616=CARTESIAN_POINT('',(-23.4791318387273,22.0930034645427,18.51));
#12617=CARTESIAN_POINT('',(-47.4057824717795,23.5474384259147,18.51));
#12618=CARTESIAN_POINT('',(-47.4057824717795,11.0465017322742,18.51));
#12619=CARTESIAN_POINT('',(-49.6209998315694,23.5474473873131,18.51));
#12620=CARTESIAN_POINT('',(-23.7028436070951,23.5473425384942,18.51));
#12621=CARTESIAN_POINT('',(-49.6209998315694,22.0930124259408,18.51));
#12622=CARTESIAN_POINT('',(-49.6209998315694,11.7737236936596,18.51));
#12623=CARTESIAN_POINT('',(-50.0610582617181,22.0930124259408,18.51));
#12624=CARTESIAN_POINT('',(-24.8104999157834,22.0930124259413,18.51));
#12625=CARTESIAN_POINT('',(-50.0610582617181,24.6140330256527,18.51));
#12626=CARTESIAN_POINT('',(-50.0610582617181,11.0465062129734,18.51));
#12627=CARTESIAN_POINT('',(-49.9939194648568,24.7632044635271,18.51));
#12628=CARTESIAN_POINT('Ctrl Pts',(-50.0610582617181,24.6140330256527,18.51));
#12629=CARTESIAN_POINT('Ctrl Pts',(-50.0610582617181,24.6960656666657,18.51));
#12630=CARTESIAN_POINT('Ctrl Pts',(-49.9939194648568,24.7632044635271,18.51));
#12631=CARTESIAN_POINT('',(-48.6737396937112,26.113221210667,18.51));
#12632=CARTESIAN_POINT('',(-43.9639779712887,30.9294268057519,18.51));
#12633=CARTESIAN_POINT('',(-48.5245682558369,26.1803600075284,18.51));
#12634=CARTESIAN_POINT('Ctrl Pts',(-48.6737396937112,26.113221210667,18.51));
#12635=CARTESIAN_POINT('Ctrl Pts',(-48.6178071255572,26.1803600075284,18.51));
#12636=CARTESIAN_POINT('Ctrl Pts',(-48.5245682558369,26.1803600075284,18.51));
#12637=CARTESIAN_POINT('',(-48.35302916754,26.113221210667,18.51));
#12638=CARTESIAN_POINT('Ctrl Pts',(-48.5245682558369,26.1803600075284,18.51));
#12639=CARTESIAN_POINT('Ctrl Pts',(-48.4201455609054,26.1803600075284,18.51));
#12640=CARTESIAN_POINT('Ctrl Pts',(-48.35302916754,26.113221210667,18.51));
#12641=CARTESIAN_POINT('',(-47.0179331487469,24.7557485800529,18.51));
#12642=CARTESIAN_POINT('',(-29.9382734885841,7.389828674282,18.51));
#12643=CARTESIAN_POINT('',(-46.9582636774573,24.5991033359076,18.51));
#12644=CARTESIAN_POINT('Ctrl Pts',(-47.0179331487469,24.7557485800529,18.51));
#12645=CARTESIAN_POINT('Ctrl Pts',(-46.9582636774573,24.6960835894625,18.51));
#12646=CARTESIAN_POINT('Ctrl Pts',(-46.9582636774573,24.5991033359076,18.51));
#12647=CARTESIAN_POINT('',(-46.9582636774573,12.2995516679568,18.51));
#12648=CARTESIAN_POINT('',(-63.069005243194,22.5405267395638,18.51));
#12649=CARTESIAN_POINT('',(-63.069005243194,22.0930124259408,18.51));
#12650=CARTESIAN_POINT('',(-63.069005243194,11.2702633697849,18.51));
#12651=CARTESIAN_POINT('',(-66.1717975871053,22.0930124259408,18.51));
#12652=CARTESIAN_POINT('',(-31.5345026215956,22.093012425941,18.51));
#12653=CARTESIAN_POINT('',(-66.1717975871053,26.1878069296042,18.51));
#12654=CARTESIAN_POINT('',(-66.1717975871053,11.0465062129735,18.51));
#12655=CARTESIAN_POINT('',(-63.069005243194,26.1878069296042,18.51));
#12656=CARTESIAN_POINT('',(-33.0858987935511,26.1878069296042,18.51));
#12657=CARTESIAN_POINT('',(-63.069005243194,25.7328277711086,18.51));
#12658=CARTESIAN_POINT('',(-63.0690052431943,13.0939034648057,18.51));
#12659=CARTESIAN_POINT('',(-65.7317369166069,25.7328277711086,18.51));
#12660=CARTESIAN_POINT('',(-31.5345026215955,25.7328277711086,18.51));
#12661=CARTESIAN_POINT('',(-65.7317369166069,24.3828110239687,18.51));
#12662=CARTESIAN_POINT('',(-65.7317369166069,12.8664138855573,18.51));
#12663=CARTESIAN_POINT('',(-63.956582467665,24.3828110239687,18.51));
#12664=CARTESIAN_POINT('',(-32.8658684583019,24.3828110239687,18.51));
#12665=CARTESIAN_POINT('',(-63.956582467665,23.9278318654731,18.51));
#12666=CARTESIAN_POINT('',(-63.956582467665,12.1914055119873,18.51));
#12667=CARTESIAN_POINT('',(-65.7317369166069,23.9278318654731,18.51));
#12668=CARTESIAN_POINT('',(-31.978291233831,23.9278318654731,18.51));
#12669=CARTESIAN_POINT('',(-65.7317369166069,22.5405267395638,18.51));
#12670=CARTESIAN_POINT('',(-65.7317369166069,11.9639159327395,18.51));
#12671=CARTESIAN_POINT('',(-32.865868458302,22.540526739564,18.51));
#12672=CARTESIAN_POINT('',(60.6919084457285,-21.0743991044071,18.51));
#12673=CARTESIAN_POINT('',(59.7695782146519,-20.6443094543082,18.51));
#12674=CARTESIAN_POINT('',(31.7299480635098,-7.5692151829968,18.51));
#12675=CARTESIAN_POINT('',(59.3815283446417,-21.4764850860479,18.51));
#12676=CARTESIAN_POINT('',(58.3855843740078,-23.612293823512,18.51));
#12677=CARTESIAN_POINT('',(58.9931774908839,-21.2953814291837,18.51));
#12678=CARTESIAN_POINT('',(30.8811579537407,-8.18561357171143,18.51));
#12679=CARTESIAN_POINT('',(59.7628101701656,-19.6448988222138,18.51));
#12680=CARTESIAN_POINT('',(57.8032061569405,-23.8472831900334,18.51));
#12681=CARTESIAN_POINT('',(60.151157548507,-19.8259881787587,18.51));
#12682=CARTESIAN_POINT('',(31.4561927586686,-6.44530634676915,18.51));
#12683=CARTESIAN_POINT('',(59.9603656582103,-20.235142707877,18.51));
#12684=CARTESIAN_POINT('',(58.5763698749225,-23.2031312430938,18.51));
#12685=CARTESIAN_POINT('',(61.2987805806472,-20.8592558359983,18.51));
#12686=CARTESIAN_POINT('',(31.4595745575426,-6.94500555415999,18.51));
#12687=CARTESIAN_POINT('',(60.6293951133897,-22.2947576030206,18.51));
#12688=CARTESIAN_POINT('',(59.8193888522113,-24.0318216357738,18.51));
#12689=CARTESIAN_POINT('',(60.5060066363775,-22.414531083479,18.51));
#12690=CARTESIAN_POINT('Ctrl Pts',(60.6293951133897,-22.2947576030206,18.51));
#12691=CARTESIAN_POINT('Ctrl Pts',(60.5873514480137,-22.3849205343831,18.51));
#12692=CARTESIAN_POINT('Ctrl Pts',(60.5060066363775,-22.414531083479,18.51));
#12693=CARTESIAN_POINT('',(59.2927112968696,-22.8618884329342,18.51));
#12694=CARTESIAN_POINT('',(37.5113633044551,-30.8929471439973,18.51));
#12695=CARTESIAN_POINT('',(59.1179839139498,-22.8564088018371,18.51));
#12696=CARTESIAN_POINT('Ctrl Pts',(59.2927112968696,-22.8618884329342,18.51));
#12697=CARTESIAN_POINT('Ctrl Pts',(59.2012041850321,-22.8952150515565,18.51));
#12698=CARTESIAN_POINT('Ctrl Pts',(59.1179839139498,-22.8564088018371,18.51));
#12699=CARTESIAN_POINT('',(57.3981538584199,-22.0544388762183,18.51));
#12700=CARTESIAN_POINT('',(30.4611548050029,-9.49350992989609,18.51));
#12701=CARTESIAN_POINT('',(57.2645324111531,-21.9245879143511,18.51));
#12702=CARTESIAN_POINT('Ctrl Pts',(57.3981538584199,-22.0544388762183,18.51));
#12703=CARTESIAN_POINT('Ctrl Pts',(57.2941451836181,-22.0059388346437,18.51));
#12704=CARTESIAN_POINT('Ctrl Pts',(57.2645324111531,-21.9245879143511,18.51));
#12705=CARTESIAN_POINT('',(56.8273368116656,-20.7075940003269,18.51));
#12706=CARTESIAN_POINT('',(50.5037852167247,-3.10512083938549,18.51));
#12707=CARTESIAN_POINT('',(56.8397760366022,-20.5360840339591,18.51));
#12708=CARTESIAN_POINT('Ctrl Pts',(56.8273368116656,-20.7075940003269,18.51));
#12709=CARTESIAN_POINT('Ctrl Pts',(56.7912643391657,-20.6401177048375,18.51));
#12710=CARTESIAN_POINT('Ctrl Pts',(56.8397760366022,-20.5360840339591,18.51));
#12711=CARTESIAN_POINT('',(57.2278259066124,-19.7039084022194,18.51));
#12712=CARTESIAN_POINT('',(55.6966962352842,-22.9874265785803,18.51));
#12713=CARTESIAN_POINT('',(57.3544430573848,-19.5772110085382,18.51));
#12714=CARTESIAN_POINT('Ctrl Pts',(57.2278259066124,-19.7039084022194,18.51));
#12715=CARTESIAN_POINT('Ctrl Pts',(57.2730982457487,-19.6068215576341,18.51));
#12716=CARTESIAN_POINT('Ctrl Pts',(57.3544430573848,-19.5772110085382,18.51));
#12717=CARTESIAN_POINT('',(58.1240166230179,-19.3028648275442,18.51));
#12718=CARTESIAN_POINT('',(35.0068394891307,-27.5439343565198,18.51));
#12719=CARTESIAN_POINT('',(58.2762277206804,-19.7368797612919,18.51));
#12720=CARTESIAN_POINT('',(51.9269650847579,-1.63258352668333,18.51));
#12721=CARTESIAN_POINT('',(57.5981647423012,-19.9779136239828,18.51));
#12722=CARTESIAN_POINT('',(35.5214282505909,-27.825622821919,18.51));
#12723=CARTESIAN_POINT('',(57.2909579881337,-20.6367206343224,18.51));
#12724=CARTESIAN_POINT('',(56.2804626451768,-22.803734890436,18.51));
#12725=CARTESIAN_POINT('',(57.6754034354555,-21.6771479365392,18.51));
#12726=CARTESIAN_POINT('',(50.4950096817932,-2.24479998178799,18.51));
#12727=CARTESIAN_POINT('',(59.2218607035725,-22.3982728036716,18.51));
#12728=CARTESIAN_POINT('',(29.8368792187324,-8.69583090254774,18.51));
#12729=CARTESIAN_POINT('',(60.2521182045216,-22.017532320248,18.51));
#12730=CARTESIAN_POINT('',(36.8104699394136,-30.6805942096127,18.51));
#12731=CARTESIAN_POINT('',(59.0880194844812,-24.513950081531,18.51));
#12732=CARTESIAN_POINT('',(66.7421681518069,-9.2221146392927,18.51));
#12733=CARTESIAN_POINT('',(66.5481427311409,-9.63820349666573,18.51));
#12734=CARTESIAN_POINT('',(62.5480232150655,-18.2164874817553,18.51));
#12735=CARTESIAN_POINT('',(65.1958549861817,-9.00762136516212,18.51));
#12736=CARTESIAN_POINT('',(37.3712035919809,3.96722666544691,18.51));
#12737=CARTESIAN_POINT('',(64.235421113256,-11.0672566989694,18.51));
#12738=CARTESIAN_POINT('',(61.0986334516493,-17.7940485006945,18.51));
#12739=CARTESIAN_POINT('',(65.5877088582152,-11.697838830473,18.51));
#12740=CARTESIAN_POINT('',(35.7346300125883,2.22288045474773,18.51));
#12741=CARTESIAN_POINT('',(65.3969179392403,-12.1069912765849,18.51));
#12742=CARTESIAN_POINT('',(61.9707894022563,-19.4543476347024,18.51));
#12743=CARTESIAN_POINT('',(63.0529525146445,-11.0139822486453,18.51));
#12744=CARTESIAN_POINT('',(36.2199829660931,1.49843694288408,18.51));
#12745=CARTESIAN_POINT('',(62.9433661901012,-10.886884220634,18.51));
#12746=CARTESIAN_POINT('Ctrl Pts',(63.0529525146445,-11.0139822486453,18.51));
#12747=CARTESIAN_POINT('Ctrl Pts',(62.9766811528616,-10.9784163285481,18.51));
#12748=CARTESIAN_POINT('Ctrl Pts',(62.9433661901012,-10.886884220634,18.51));
#12749=CARTESIAN_POINT('',(62.2605379062892,-9.07411195259625,18.51));
#12750=CARTESIAN_POINT('',(57.2372089378139,4.26181988145953,18.51));
#12751=CARTESIAN_POINT('',(62.2627888636261,-8.90630848289931,18.51));
#12752=CARTESIAN_POINT('Ctrl Pts',(62.2605379062892,-9.07411195259625,18.51));
#12753=CARTESIAN_POINT('Ctrl Pts',(62.2223643917393,-8.99299904261851,18.51));
#12754=CARTESIAN_POINT('Ctrl Pts',(62.2627888636261,-8.90630848289931,18.51));
#12755=CARTESIAN_POINT('',(62.39958456878,-8.77592542261105,18.51));
#12756=CARTESIAN_POINT('Ctrl Pts',(62.2627888636261,-8.90630848289931,18.51));
#12757=CARTESIAN_POINT('Ctrl Pts',(62.3080621740842,-8.80921955530758,18.51));
#12758=CARTESIAN_POINT('Ctrl Pts',(62.39958456878,-8.77592542261105,18.51));
#12759=CARTESIAN_POINT('',(64.2405615577154,-8.12313858448977,18.51));
#12760=CARTESIAN_POINT('',(36.0666072930199,-18.1132615639516,18.51));
#12761=CARTESIAN_POINT('',(64.4120755497332,-8.13557461473545,18.51));
#12762=CARTESIAN_POINT('Ctrl Pts',(64.2405615577154,-8.12313858448977,18.51));
#12763=CARTESIAN_POINT('Ctrl Pts',(64.3219063693516,-8.09352803539391,18.51));
#12764=CARTESIAN_POINT('Ctrl Pts',(64.4120755497332,-8.13557461473545,18.51));
#12765=CARTESIAN_POINT('',(36.4001827116101,4.92658553509854,18.51));
#12766=CARTESIAN_POINT('',(63.2496853254512,-16.7117682301732,18.51));
#12767=CARTESIAN_POINT('',(63.0556599047852,-17.1278570875463,18.51));
#12768=CARTESIAN_POINT('',(60.8017818018882,-21.9613142771946,18.51));
#12769=CARTESIAN_POINT('',(61.7033721598261,-16.4972749560427,18.51));
#12770=CARTESIAN_POINT('',(33.8787207656252,-3.52242692543365,18.51));
#12771=CARTESIAN_POINT('',(60.7429382869003,-18.5569102898499,18.51));
#12772=CARTESIAN_POINT('',(59.3524071876944,-21.538882360408,18.51));
#12773=CARTESIAN_POINT('',(62.0952260318595,-19.1874924213535,18.51));
#12774=CARTESIAN_POINT('',(32.2421471862327,-5.26677313613282,18.51));
#12775=CARTESIAN_POINT('',(61.9044351128846,-19.5966448674655,18.51));
#12776=CARTESIAN_POINT('',(60.2245479890785,-23.1991744301427,18.51));
#12777=CARTESIAN_POINT('',(59.5604696882888,-18.5036358395259,18.51));
#12778=CARTESIAN_POINT('',(32.7275001397375,-5.99121664799646,18.51));
#12779=CARTESIAN_POINT('',(59.4508833637455,-18.3765378115145,18.51));
#12780=CARTESIAN_POINT('Ctrl Pts',(59.5604696882888,-18.5036358395259,18.51));
#12781=CARTESIAN_POINT('Ctrl Pts',(59.4841983265059,-18.4680699194286,18.51));
#12782=CARTESIAN_POINT('Ctrl Pts',(59.4508833637455,-18.3765378115145,18.51));
#12783=CARTESIAN_POINT('',(58.7680550799335,-16.5637655434768,18.51));
#12784=CARTESIAN_POINT('',(52.7263907444731,-0.524357364640873,18.51));
#12785=CARTESIAN_POINT('',(58.7703070085922,-16.3959599907735,18.51));
#12786=CARTESIAN_POINT('Ctrl Pts',(58.7680550799335,-16.5637655434768,18.51));
#12787=CARTESIAN_POINT('Ctrl Pts',(58.7298825367054,-16.4826505504927,18.51));
#12788=CARTESIAN_POINT('Ctrl Pts',(58.7703070085922,-16.3959599907735,18.51));
#12789=CARTESIAN_POINT('',(58.9071017424243,-16.2655790134916,18.51));
#12790=CARTESIAN_POINT('Ctrl Pts',(58.7703070085922,-16.3959599907735,18.51));
#12791=CARTESIAN_POINT('Ctrl Pts',(58.8155793477285,-16.2988731461881,18.51));
#12792=CARTESIAN_POINT('Ctrl Pts',(58.9071017424243,-16.2655790134916,18.51));
#12793=CARTESIAN_POINT('',(60.7480787313597,-15.6127921753703,18.51));
#12794=CARTESIAN_POINT('',(35.3048888040485,-24.634621130426,18.51));
#12795=CARTESIAN_POINT('',(60.9195927233775,-15.625228205616,18.51));
#12796=CARTESIAN_POINT('Ctrl Pts',(60.7480787313597,-15.6127921753703,18.51));
#12797=CARTESIAN_POINT('Ctrl Pts',(60.8294235429959,-15.5831816262745,18.51));
#12798=CARTESIAN_POINT('Ctrl Pts',(60.9195927233775,-15.625228205616,18.51));
#12799=CARTESIAN_POINT('',(32.9076998852544,-2.563068055782,18.51));
#12800=CARTESIAN_POINT('',(-67.0966766324432,22.1003966182278,18.51));
#12801=CARTESIAN_POINT('',(-67.5441954267654,22.1003966182278,18.51));
#12802=CARTESIAN_POINT('',(-33.5483383162201,22.1003966182278,18.51));
#12803=CARTESIAN_POINT('',(-67.5441954267654,25.4269483593001,18.51));
#12804=CARTESIAN_POINT('',(-67.5441954267654,11.0501983091169,18.51));
#12805=CARTESIAN_POINT('',(-68.4243122870629,24.4872381995994,18.51));
#12806=CARTESIAN_POINT('',(-58.1060045616448,35.5042054205378,18.51));
#12807=CARTESIAN_POINT('',(-68.4243122870629,23.9203849433973,18.51));
#12808=CARTESIAN_POINT('',(-68.4243122870629,12.2436190998027,18.51));
#12809=CARTESIAN_POINT('',(-68.8792892052089,23.9203849433973,18.51));
#12810=CARTESIAN_POINT('',(-34.2121561435296,23.9203849433963,18.51));
#12811=CARTESIAN_POINT('',(-68.8792892052089,24.4872381995994,18.51));
#12812=CARTESIAN_POINT('',(-68.8792892052087,11.9601924717011,18.51));
#12813=CARTESIAN_POINT('',(-69.7519501820323,25.4121082835389,18.51));
#12814=CARTESIAN_POINT('',(-46.5474302755124,0.819320426974275,18.51));
#12815=CARTESIAN_POINT('',(-69.7519501820323,22.1004772708134,18.51));
#12816=CARTESIAN_POINT('',(-69.7519501820323,12.7060541417725,18.51));
#12817=CARTESIAN_POINT('',(-70.1994678561797,22.1004772708134,18.51));
#12818=CARTESIAN_POINT('',(-34.8759750910148,22.1004772708138,18.51));
#12819=CARTESIAN_POINT('',(-70.1994678561797,25.9491290444459,18.51));
#12820=CARTESIAN_POINT('',(-70.1994678561797,11.0502386354097,18.51));
#12821=CARTESIAN_POINT('',(-70.0577534219543,26.157974434309,18.51));
#12822=CARTESIAN_POINT('Ctrl Pts',(-70.1994678561797,25.9491290444459,18.51));
#12823=CARTESIAN_POINT('Ctrl Pts',(-70.1994678561797,26.0983004823202,18.51));
#12824=CARTESIAN_POINT('Ctrl Pts',(-70.0577534219543,26.157974434309,18.51));
#12825=CARTESIAN_POINT('',(-69.9757084590186,26.1802883163411,18.51));
#12826=CARTESIAN_POINT('Ctrl Pts',(-70.0577534219543,26.157974434309,18.51));
#12827=CARTESIAN_POINT('Ctrl Pts',(-70.0130013184871,26.1802883163411,18.51));
#12828=CARTESIAN_POINT('Ctrl Pts',(-69.9757084590186,26.1802883163411,18.51));
#12829=CARTESIAN_POINT('',(-69.8190766569708,26.105702597404,18.51));
#12830=CARTESIAN_POINT('Ctrl Pts',(-69.9757084590186,26.1802883163411,18.51));
#12831=CARTESIAN_POINT('Ctrl Pts',(-69.8936634960828,26.1802883163411,18.51));
#12832=CARTESIAN_POINT('Ctrl Pts',(-69.8190766569709,26.105702597404,18.51));
#12833=CARTESIAN_POINT('',(-68.6629879318716,24.9048662495368,18.51));
#12834=CARTESIAN_POINT('',(-46.5051245955027,1.88935964721946,18.51));
#12835=CARTESIAN_POINT('',(-67.4770655913024,26.1206233257507,18.51));
#12836=CARTESIAN_POINT('',(-58.1479515496641,35.6844337228847,18.51));
#12837=CARTESIAN_POINT('',(-67.3204337892547,26.1802883163411,18.51));
#12838=CARTESIAN_POINT('Ctrl Pts',(-67.4770655913024,26.1206233257507,18.51));
#12839=CARTESIAN_POINT('Ctrl Pts',(-67.4173961200129,26.1802883163411,18.51));
#12840=CARTESIAN_POINT('Ctrl Pts',(-67.3204337892547,26.1802883163411,18.51));
#12841=CARTESIAN_POINT('',(-67.2943292356966,26.1840431422734,18.51));
#12842=CARTESIAN_POINT('Ctrl Pts',(-67.3204337892547,26.1802883163411,18.51));
#12843=CARTESIAN_POINT('Ctrl Pts',(-67.3129644636829,26.1802883163411,18.51));
#12844=CARTESIAN_POINT('Ctrl Pts',(-67.2943292356966,26.1840431422734,18.51));
#12845=CARTESIAN_POINT('',(-67.2644945000518,26.1877979682058,18.51));
#12846=CARTESIAN_POINT('Ctrl Pts',(-67.2943292356966,26.1840431422734,18.51));
#12847=CARTESIAN_POINT('Ctrl Pts',(-67.2756760849135,26.1877979682058,18.51));
#12848=CARTESIAN_POINT('Ctrl Pts',(-67.2644945000518,26.1877979682058,18.51));
#12849=CARTESIAN_POINT('',(-67.2383899464938,26.1802793549427,18.51));
#12850=CARTESIAN_POINT('Ctrl Pts',(-67.2644945000518,26.1877979682058,18.51));
#12851=CARTESIAN_POINT('Ctrl Pts',(-67.2607598372659,26.1877979682058,18.51));
#12852=CARTESIAN_POINT('Ctrl Pts',(-67.2383899464938,26.1802793549427,18.51));
#12853=CARTESIAN_POINT('',(-67.0966766324432,25.963969120207,18.51));
#12854=CARTESIAN_POINT('Ctrl Pts',(-67.2383899464938,26.1802793549427,18.51));
#12855=CARTESIAN_POINT('Ctrl Pts',(-67.0966766324432,26.1206143643524,18.51));
#12856=CARTESIAN_POINT('Ctrl Pts',(-67.0966766324432,25.963969120207,18.51));
#12857=CARTESIAN_POINT('',(-67.0966766324432,12.9819845601065,18.51));
#12858=CARTESIAN_POINT('',(-51.0456426239393,24.4499677436269,18.51));
#12859=CARTESIAN_POINT('',(-51.9481383364074,23.5325535431615,18.51));
#12860=CARTESIAN_POINT('',(-44.6051086119751,30.99696545179,18.51));
#12861=CARTESIAN_POINT('',(-52.1047813402031,23.4505209021486,18.51));
#12862=CARTESIAN_POINT('Ctrl Pts',(-51.9481383364074,23.5325535431615,18.51));
#12863=CARTESIAN_POINT('Ctrl Pts',(-52.0301709774204,23.4505209021486,18.51));
#12864=CARTESIAN_POINT('Ctrl Pts',(-52.1047813402031,23.4505209021486,18.51));
#12865=CARTESIAN_POINT('',(-53.6486689804689,23.4504940179533,18.51));
#12866=CARTESIAN_POINT('',(-26.0525948536034,23.4509745569673,18.51));
#12867=CARTESIAN_POINT('',(-53.6486689804689,22.085565503865,18.51));
#12868=CARTESIAN_POINT('',(-53.6486689804689,11.7252470089797,18.51));
#12869=CARTESIAN_POINT('',(-54.088787900057,22.085565503865,18.51));
#12870=CARTESIAN_POINT('',(-26.8243344902327,22.0855655038645,18.51));
#12871=CARTESIAN_POINT('',(-54.088787900057,26.1803600075284,18.51));
#12872=CARTESIAN_POINT('',(-54.088787900057,11.0427827519355,18.51));
#12873=CARTESIAN_POINT('',(-52.1047903016016,26.1803600075284,18.51));
#12874=CARTESIAN_POINT('',(-27.044393950027,26.1803600075284,18.51));
#12875=CARTESIAN_POINT('',(-51.9481472978058,26.120695016938,18.51));
#12876=CARTESIAN_POINT('Ctrl Pts',(-52.1047903016016,26.1803600075284,18.51));
#12877=CARTESIAN_POINT('Ctrl Pts',(-52.0078167690954,26.1803600075284,18.51));
#12878=CARTESIAN_POINT('Ctrl Pts',(-51.9481472978058,26.120695016938,18.51));
#12879=CARTESIAN_POINT('',(-51.0531119495111,25.2331133117679,18.51));
#12880=CARTESIAN_POINT('',(-32.3225617540562,6.65854671735171,18.51));
#12881=CARTESIAN_POINT('',(-50.9859731526497,25.0839418738935,18.51));
#12882=CARTESIAN_POINT('Ctrl Pts',(-51.0531119495111,25.2331133117679,18.51));
#12883=CARTESIAN_POINT('Ctrl Pts',(-50.9859731526497,25.1660013991017,18.51));
#12884=CARTESIAN_POINT('Ctrl Pts',(-50.9859731526497,25.0839418738935,18.51));
#12885=CARTESIAN_POINT('',(-50.9859731526497,24.606586103577,18.51));
#12886=CARTESIAN_POINT('',(-50.9859731526497,12.5419709369498,18.51));
#12887=CARTESIAN_POINT('Ctrl Pts',(-50.9859731526497,24.606586103577,18.51));
#12888=CARTESIAN_POINT('Ctrl Pts',(-50.9859731526497,24.5096327342172,18.51));
#12889=CARTESIAN_POINT('Ctrl Pts',(-51.0456426239393,24.4499677436269,18.51));
#12890=CARTESIAN_POINT('Origin',(59.69,-3.92,15.01));
#12891=CARTESIAN_POINT('',(55.69,-3.92,15.01));
#12892=CARTESIAN_POINT('Origin',(59.69,-3.92,15.01));
#12893=CARTESIAN_POINT('',(53.69,-3.92,17.01));
#12894=CARTESIAN_POINT('Origin',(53.69,-3.92,15.01));
#12895=CARTESIAN_POINT('Origin',(59.69,-3.92,17.01));
#12896=CARTESIAN_POINT('Origin',(3.00204305858642E-12,6.01296790136985E-12,
17.01));
#12897=CARTESIAN_POINT('',(-48.7966665944099,36.7250003041902,17.01));
#12898=CARTESIAN_POINT('Origin',(-51.19666953493,39.925007604798,17.01));
#12899=CARTESIAN_POINT('',(-43.8433329483155,40.4400000387584,17.01));
#12900=CARTESIAN_POINT('',(-48.7966665944099,36.7250003041902,17.01));
#12901=CARTESIAN_POINT('',(-40.2433335069872,41.6400000000002,17.01));
#12902=CARTESIAN_POINT('Origin',(-40.24333046506,35.6399923952021,17.01));
#12903=CARTESIAN_POINT('',(48.7,41.64,17.01));
#12904=CARTESIAN_POINT('',(48.7,41.64,17.01));
#12905=CARTESIAN_POINT('',(48.7,13.201194,17.01));
#12906=CARTESIAN_POINT('',(48.7,13.201194,17.01));
#12907=CARTESIAN_POINT('',(55.7,6.201194,17.01));
#12908=CARTESIAN_POINT('Origin',(55.7,13.201194,17.01));
#12909=CARTESIAN_POINT('',(75.9299999999997,6.201194,17.01));
#12910=CARTESIAN_POINT('',(75.9299999999998,6.201194,17.01));
#12911=CARTESIAN_POINT('',(75.3554914492036,3.6391552762676,17.01));
#12912=CARTESIAN_POINT('Origin',(69.9300078743522,6.20119225626098,17.01));
#12913=CARTESIAN_POINT('',(55.5971484311982,-38.2020419971399,17.01));
#12914=CARTESIAN_POINT('',(75.3554914492036,3.6391552762676,17.01));
#12915=CARTESIAN_POINT('',(50.1716642964473,-41.6399999999881,17.01));
#12916=CARTESIAN_POINT('Origin',(50.17160603465,-35.63991717633,17.01));
#12917=CARTESIAN_POINT('',(-27.5,-41.6399999999882,17.01));
#12918=CARTESIAN_POINT('',(48.7,-41.6399999999882,17.01));
#12919=CARTESIAN_POINT('',(-27.5,-28.2500003427267,17.01));
#12920=CARTESIAN_POINT('',(-27.5,-37.45,17.01));
#12921=CARTESIAN_POINT('',(-31.5,-24.2500003427267,17.01));
#12922=CARTESIAN_POINT('Origin',(-31.5,-28.2500003427267,17.01));
#12923=CARTESIAN_POINT('',(-43.0000007003551,-24.2500003427266,17.01));
#12924=CARTESIAN_POINT('',(-43.0000007003551,-24.2500003427267,17.01));
#12925=CARTESIAN_POINT('',(-47.000000700355,-20.2500003427269,17.01));
#12926=CARTESIAN_POINT('Origin',(-43.0000007003551,-20.2500003427267,17.01));
#12927=CARTESIAN_POINT('',(-47.0000007003554,-11.7737506722137,17.01));
#12928=CARTESIAN_POINT('',(-47.0000007003557,-6.00000008940697,17.01));
#12929=CARTESIAN_POINT('',(-40.37,-10.318738455512,17.01));
#12930=CARTESIAN_POINT('Origin',(-44.81,-5.92,17.01));
#12931=CARTESIAN_POINT('',(-40.37,-13.97,17.01));
#12932=CARTESIAN_POINT('',(-40.37,19.05,17.01));
#12933=CARTESIAN_POINT('',(-39.37,-14.97,17.01));
#12934=CARTESIAN_POINT('Origin',(-39.37,-13.97,17.01));
#12935=CARTESIAN_POINT('',(-31.75,-14.97,17.01));
#12936=CARTESIAN_POINT('',(-39.37,-14.97,17.01));
#12937=CARTESIAN_POINT('',(-30.75,-13.97,17.01));
#12938=CARTESIAN_POINT('Origin',(-31.75,-13.97,17.01));
#12939=CARTESIAN_POINT('',(-30.75,19.05,17.01));
#12940=CARTESIAN_POINT('',(-30.75,-13.97,17.01));
#12941=CARTESIAN_POINT('',(-31.75,20.05,17.01));
#12942=CARTESIAN_POINT('Origin',(-31.75,19.05,17.01));
#12943=CARTESIAN_POINT('',(-39.37,20.05,17.01));
#12944=CARTESIAN_POINT('',(-31.75,20.05,17.01));
#12945=CARTESIAN_POINT('',(-40.37,19.05,17.01));
#12946=CARTESIAN_POINT('Origin',(-39.37,19.05,17.01));
#12947=CARTESIAN_POINT('',(-40.37,-1.52126154448802,17.01));
#12948=CARTESIAN_POINT('',(-40.37,19.05,17.01));
#12949=CARTESIAN_POINT('',(-47.000000700356,-0.0662493277864729,17.01));
#12950=CARTESIAN_POINT('Origin',(-44.81,-5.92,17.01));
#12951=CARTESIAN_POINT('',(-47.0000007003565,11.2700000000005,17.01));
#12952=CARTESIAN_POINT('',(-47.0000007003557,-6.00000008940697,17.01));
#12953=CARTESIAN_POINT('',(-54.0000007003564,18.27,17.01));
#12954=CARTESIAN_POINT('Origin',(-54.0000007003564,11.2700000000001,17.01));
#12955=CARTESIAN_POINT('',(-75.929999999994,18.2699999999989,17.01));
#12956=CARTESIAN_POINT('',(-54.0000007003564,18.27,17.01));
#12957=CARTESIAN_POINT('',(-75.929999999994,29.9249999999999,17.01));
#12958=CARTESIAN_POINT('',(-75.929999999994,-35.639999935768,17.01));
#12959=CARTESIAN_POINT('Origin',(-69.93000032116,29.925000321166,17.01));
#12960=CARTESIAN_POINT('',(-41.81,28.08,17.01));
#12961=CARTESIAN_POINT('Origin',(-35.81,28.08,17.01));
#12962=CARTESIAN_POINT('',(32.675,17.175,17.01));
#12963=CARTESIAN_POINT('',(32.175,16.675,17.01));
#12964=CARTESIAN_POINT('Origin',(32.675,16.675,17.01));
#12965=CARTESIAN_POINT('',(32.175,3.675,17.01));
#12966=CARTESIAN_POINT('',(32.175,16.675,17.01));
#12967=CARTESIAN_POINT('',(32.675,3.175,17.01));
#12968=CARTESIAN_POINT('Origin',(32.675,3.675,17.01));
#12969=CARTESIAN_POINT('',(45.675,3.17499999999999,17.01));
#12970=CARTESIAN_POINT('',(32.675,3.17499999999999,17.01));
#12971=CARTESIAN_POINT('',(46.175,3.675,17.01));
#12972=CARTESIAN_POINT('Origin',(45.675,3.675,17.01));
#12973=CARTESIAN_POINT('',(46.175,16.675,17.01));
#12974=CARTESIAN_POINT('',(46.175,16.675,17.01));
#12975=CARTESIAN_POINT('',(45.675,17.175,17.01));
#12976=CARTESIAN_POINT('Origin',(45.675,16.675,17.01));
#12977=CARTESIAN_POINT('',(32.675,17.175,17.01));
#12978=CARTESIAN_POINT('',(32.675,-20.925,17.01));
#12979=CARTESIAN_POINT('',(32.175,-21.425,17.01));
#12980=CARTESIAN_POINT('Origin',(32.675,-21.425,17.01));
#12981=CARTESIAN_POINT('',(32.175,-34.425,17.01));
#12982=CARTESIAN_POINT('',(32.175,-21.425,17.01));
#12983=CARTESIAN_POINT('',(32.675,-34.925,17.01));
#12984=CARTESIAN_POINT('Origin',(32.675,-34.425,17.01));
#12985=CARTESIAN_POINT('',(45.675,-34.925,17.01));
#12986=CARTESIAN_POINT('',(32.675,-34.925,17.01));
#12987=CARTESIAN_POINT('',(46.175,-34.425,17.01));
#12988=CARTESIAN_POINT('Origin',(45.675,-34.425,17.01));
#12989=CARTESIAN_POINT('',(46.175,-21.425,17.01));
#12990=CARTESIAN_POINT('',(46.175,-21.425,17.01));
#12991=CARTESIAN_POINT('',(45.675,-20.925,17.01));
#12992=CARTESIAN_POINT('Origin',(45.675,-21.425,17.01));
#12993=CARTESIAN_POINT('',(32.675,-20.925,17.01));
#12994=CARTESIAN_POINT('',(-24.475,36.225,17.01));
#12995=CARTESIAN_POINT('',(-24.975,35.725,17.01));
#12996=CARTESIAN_POINT('Origin',(-24.475,35.725,17.01));
#12997=CARTESIAN_POINT('',(-24.975,22.725,17.01));
#12998=CARTESIAN_POINT('',(-24.975,35.725,17.01));
#12999=CARTESIAN_POINT('',(-24.475,22.225,17.01));
#13000=CARTESIAN_POINT('Origin',(-24.475,22.725,17.01));
#13001=CARTESIAN_POINT('',(-11.475,22.225,17.01));
#13002=CARTESIAN_POINT('',(-24.475,22.225,17.01));
#13003=CARTESIAN_POINT('',(-10.975,22.725,17.01));
#13004=CARTESIAN_POINT('Origin',(-11.475,22.725,17.01));
#13005=CARTESIAN_POINT('',(-10.975,35.725,17.01));
#13006=CARTESIAN_POINT('',(-10.975,35.725,17.01));
#13007=CARTESIAN_POINT('',(-11.475,36.225,17.01));
#13008=CARTESIAN_POINT('Origin',(-11.475,35.725,17.01));
#13009=CARTESIAN_POINT('',(-24.475,36.225,17.01));
#13010=CARTESIAN_POINT('',(-5.425,17.175,17.01));
#13011=CARTESIAN_POINT('',(-5.925,16.675,17.01));
#13012=CARTESIAN_POINT('Origin',(-5.425,16.675,17.01));
#13013=CARTESIAN_POINT('',(-5.925,3.675,17.01));
#13014=CARTESIAN_POINT('',(-5.925,16.675,17.01));
#13015=CARTESIAN_POINT('',(-5.425,3.175,17.01));
#13016=CARTESIAN_POINT('Origin',(-5.425,3.675,17.01));
#13017=CARTESIAN_POINT('',(7.575,3.17499999999999,17.01));
#13018=CARTESIAN_POINT('',(-5.425,3.17499999999999,17.01));
#13019=CARTESIAN_POINT('',(8.07500000000001,3.675,17.01));
#13020=CARTESIAN_POINT('Origin',(7.575,3.675,17.01));
#13021=CARTESIAN_POINT('',(8.07500000000001,16.675,17.01));
#13022=CARTESIAN_POINT('',(8.07500000000001,16.675,17.01));
#13023=CARTESIAN_POINT('',(7.575,17.175,17.01));
#13024=CARTESIAN_POINT('Origin',(7.575,16.675,17.01));
#13025=CARTESIAN_POINT('',(-5.425,17.175,17.01));
#13026=CARTESIAN_POINT('',(-5.425,36.225,17.01));
#13027=CARTESIAN_POINT('',(-5.925,35.725,17.01));
#13028=CARTESIAN_POINT('Origin',(-5.425,35.725,17.01));
#13029=CARTESIAN_POINT('',(-5.925,22.725,17.01));
#13030=CARTESIAN_POINT('',(-5.925,35.725,17.01));
#13031=CARTESIAN_POINT('',(-5.425,22.225,17.01));
#13032=CARTESIAN_POINT('Origin',(-5.425,22.725,17.01));
#13033=CARTESIAN_POINT('',(7.575,22.225,17.01));
#13034=CARTESIAN_POINT('',(-5.425,22.225,17.01));
#13035=CARTESIAN_POINT('',(8.075,22.725,17.01));
#13036=CARTESIAN_POINT('Origin',(7.575,22.725,17.01));
#13037=CARTESIAN_POINT('',(8.07500000000001,35.725,17.01));
#13038=CARTESIAN_POINT('',(8.07500000000001,35.725,17.01));
#13039=CARTESIAN_POINT('',(7.575,36.225,17.01));
#13040=CARTESIAN_POINT('Origin',(7.575,35.725,17.01));
#13041=CARTESIAN_POINT('',(-5.425,36.225,17.01));
#13042=CARTESIAN_POINT('',(13.625,36.225,17.01));
#13043=CARTESIAN_POINT('',(13.125,35.725,17.01));
#13044=CARTESIAN_POINT('Origin',(13.625,35.725,17.01));
#13045=CARTESIAN_POINT('',(13.125,22.725,17.01));
#13046=CARTESIAN_POINT('',(13.125,35.725,17.01));
#13047=CARTESIAN_POINT('',(13.625,22.225,17.01));
#13048=CARTESIAN_POINT('Origin',(13.625,22.725,17.01));
#13049=CARTESIAN_POINT('',(26.625,22.225,17.01));
#13050=CARTESIAN_POINT('',(13.625,22.225,17.01));
#13051=CARTESIAN_POINT('',(27.125,22.725,17.01));
#13052=CARTESIAN_POINT('Origin',(26.625,22.725,17.01));
#13053=CARTESIAN_POINT('',(27.125,35.725,17.01));
#13054=CARTESIAN_POINT('',(27.125,35.725,17.01));
#13055=CARTESIAN_POINT('',(26.625,36.225,17.01));
#13056=CARTESIAN_POINT('Origin',(26.625,35.725,17.01));
#13057=CARTESIAN_POINT('',(13.625,36.225,17.01));
#13058=CARTESIAN_POINT('',(32.675,-1.875,17.01));
#13059=CARTESIAN_POINT('',(32.175,-2.375,17.01));
#13060=CARTESIAN_POINT('Origin',(32.675,-2.375,17.01));
#13061=CARTESIAN_POINT('',(32.175,-15.375,17.01));
#13062=CARTESIAN_POINT('',(32.175,-2.375,17.01));
#13063=CARTESIAN_POINT('',(32.675,-15.875,17.01));
#13064=CARTESIAN_POINT('Origin',(32.675,-15.375,17.01));
#13065=CARTESIAN_POINT('',(45.675,-15.875,17.01));
#13066=CARTESIAN_POINT('',(32.675,-15.875,17.01));
#13067=CARTESIAN_POINT('',(46.175,-15.375,17.01));
#13068=CARTESIAN_POINT('Origin',(45.675,-15.375,17.01));
#13069=CARTESIAN_POINT('',(46.175,-2.375,17.01));
#13070=CARTESIAN_POINT('',(46.175,-2.375,17.01));
#13071=CARTESIAN_POINT('',(45.675,-1.875,17.01));
#13072=CARTESIAN_POINT('Origin',(45.675,-2.375,17.01));
#13073=CARTESIAN_POINT('',(32.675,-1.875,17.01));
#13074=CARTESIAN_POINT('',(-24.475,17.175,17.01));
#13075=CARTESIAN_POINT('',(-24.975,16.675,17.01));
#13076=CARTESIAN_POINT('Origin',(-24.475,16.675,17.01));
#13077=CARTESIAN_POINT('',(-24.975,3.675,17.01));
#13078=CARTESIAN_POINT('',(-24.975,16.675,17.01));
#13079=CARTESIAN_POINT('',(-24.475,3.17499999999999,17.01));
#13080=CARTESIAN_POINT('Origin',(-24.475,3.675,17.01));
#13081=CARTESIAN_POINT('',(-11.475,3.17499999999999,17.01));
#13082=CARTESIAN_POINT('',(-24.475,3.17499999999999,17.01));
#13083=CARTESIAN_POINT('',(-10.975,3.675,17.01));
#13084=CARTESIAN_POINT('Origin',(-11.475,3.675,17.01));
#13085=CARTESIAN_POINT('',(-10.975,16.675,17.01));
#13086=CARTESIAN_POINT('',(-10.975,16.675,17.01));
#13087=CARTESIAN_POINT('',(-11.475,17.175,17.01));
#13088=CARTESIAN_POINT('Origin',(-11.475,16.675,17.01));
#13089=CARTESIAN_POINT('',(-24.475,17.175,17.01));
#13090=CARTESIAN_POINT('',(13.625,-1.875,17.01));
#13091=CARTESIAN_POINT('',(13.125,-2.375,17.01));
#13092=CARTESIAN_POINT('Origin',(13.625,-2.375,17.01));
#13093=CARTESIAN_POINT('',(13.125,-15.375,17.01));
#13094=CARTESIAN_POINT('',(13.125,-2.375,17.01));
#13095=CARTESIAN_POINT('',(13.625,-15.875,17.01));
#13096=CARTESIAN_POINT('Origin',(13.625,-15.375,17.01));
#13097=CARTESIAN_POINT('',(26.625,-15.875,17.01));
#13098=CARTESIAN_POINT('',(13.625,-15.875,17.01));
#13099=CARTESIAN_POINT('',(27.125,-15.375,17.01));
#13100=CARTESIAN_POINT('Origin',(26.625,-15.375,17.01));
#13101=CARTESIAN_POINT('',(27.125,-2.375,17.01));
#13102=CARTESIAN_POINT('',(27.125,-2.375,17.01));
#13103=CARTESIAN_POINT('',(26.625,-1.875,17.01));
#13104=CARTESIAN_POINT('Origin',(26.625,-2.375,17.01));
#13105=CARTESIAN_POINT('',(13.625,-1.875,17.01));
#13106=CARTESIAN_POINT('',(13.625,17.175,17.01));
#13107=CARTESIAN_POINT('',(13.125,16.675,17.01));
#13108=CARTESIAN_POINT('Origin',(13.625,16.675,17.01));
#13109=CARTESIAN_POINT('',(13.125,3.675,17.01));
#13110=CARTESIAN_POINT('',(13.125,16.675,17.01));
#13111=CARTESIAN_POINT('',(13.625,3.175,17.01));
#13112=CARTESIAN_POINT('Origin',(13.625,3.675,17.01));
#13113=CARTESIAN_POINT('',(26.625,3.17499999999999,17.01));
#13114=CARTESIAN_POINT('',(13.625,3.17499999999999,17.01));
#13115=CARTESIAN_POINT('',(27.125,3.675,17.01));
#13116=CARTESIAN_POINT('Origin',(26.625,3.675,17.01));
#13117=CARTESIAN_POINT('',(27.125,16.675,17.01));
#13118=CARTESIAN_POINT('',(27.125,16.675,17.01));
#13119=CARTESIAN_POINT('',(26.625,17.175,17.01));
#13120=CARTESIAN_POINT('Origin',(26.625,16.675,17.01));
#13121=CARTESIAN_POINT('',(13.625,17.175,17.01));
#13122=CARTESIAN_POINT('',(-24.475,-1.875,17.01));
#13123=CARTESIAN_POINT('',(-24.975,-2.375,17.01));
#13124=CARTESIAN_POINT('Origin',(-24.475,-2.375,17.01));
#13125=CARTESIAN_POINT('',(-24.975,-15.375,17.01));
#13126=CARTESIAN_POINT('',(-24.975,-2.375,17.01));
#13127=CARTESIAN_POINT('',(-24.475,-15.875,17.01));
#13128=CARTESIAN_POINT('Origin',(-24.475,-15.375,17.01));
#13129=CARTESIAN_POINT('',(-11.475,-15.875,17.01));
#13130=CARTESIAN_POINT('',(-24.475,-15.875,17.01));
#13131=CARTESIAN_POINT('',(-10.975,-15.375,17.01));
#13132=CARTESIAN_POINT('Origin',(-11.475,-15.375,17.01));
#13133=CARTESIAN_POINT('',(-10.975,-2.375,17.01));
#13134=CARTESIAN_POINT('',(-10.975,-2.375,17.01));
#13135=CARTESIAN_POINT('',(-11.475,-1.875,17.01));
#13136=CARTESIAN_POINT('Origin',(-11.475,-2.375,17.01));
#13137=CARTESIAN_POINT('',(-24.475,-1.875,17.01));
#13138=CARTESIAN_POINT('',(-24.475,-20.925,17.01));
#13139=CARTESIAN_POINT('',(-24.975,-21.425,17.01));
#13140=CARTESIAN_POINT('Origin',(-24.475,-21.425,17.01));
#13141=CARTESIAN_POINT('',(-24.975,-34.425,17.01));
#13142=CARTESIAN_POINT('',(-24.975,-21.425,17.01));
#13143=CARTESIAN_POINT('',(-24.475,-34.925,17.01));
#13144=CARTESIAN_POINT('Origin',(-24.475,-34.425,17.01));
#13145=CARTESIAN_POINT('',(-11.475,-34.925,17.01));
#13146=CARTESIAN_POINT('',(-24.475,-34.925,17.01));
#13147=CARTESIAN_POINT('',(-10.975,-34.425,17.01));
#13148=CARTESIAN_POINT('Origin',(-11.475,-34.425,17.01));
#13149=CARTESIAN_POINT('',(-10.975,-21.425,17.01));
#13150=CARTESIAN_POINT('',(-10.975,-21.425,17.01));
#13151=CARTESIAN_POINT('',(-11.475,-20.925,17.01));
#13152=CARTESIAN_POINT('Origin',(-11.475,-21.425,17.01));
#13153=CARTESIAN_POINT('',(-24.475,-20.925,17.01));
#13154=CARTESIAN_POINT('',(32.675,36.225,17.01));
#13155=CARTESIAN_POINT('',(32.175,35.725,17.01));
#13156=CARTESIAN_POINT('Origin',(32.675,35.725,17.01));
#13157=CARTESIAN_POINT('',(32.175,22.725,17.01));
#13158=CARTESIAN_POINT('',(32.175,35.725,17.01));
#13159=CARTESIAN_POINT('',(32.675,22.225,17.01));
#13160=CARTESIAN_POINT('Origin',(32.675,22.725,17.01));
#13161=CARTESIAN_POINT('',(45.675,22.225,17.01));
#13162=CARTESIAN_POINT('',(32.675,22.225,17.01));
#13163=CARTESIAN_POINT('',(46.175,22.725,17.01));
#13164=CARTESIAN_POINT('Origin',(45.675,22.725,17.01));
#13165=CARTESIAN_POINT('',(46.175,35.725,17.01));
#13166=CARTESIAN_POINT('',(46.175,35.725,17.01));
#13167=CARTESIAN_POINT('',(45.675,36.225,17.01));
#13168=CARTESIAN_POINT('Origin',(45.675,35.725,17.01));
#13169=CARTESIAN_POINT('',(32.675,36.225,17.01));
#13170=CARTESIAN_POINT('',(-5.425,-1.875,17.01));
#13171=CARTESIAN_POINT('',(-5.925,-2.375,17.01));
#13172=CARTESIAN_POINT('Origin',(-5.425,-2.375,17.01));
#13173=CARTESIAN_POINT('',(-5.925,-15.375,17.01));
#13174=CARTESIAN_POINT('',(-5.925,-2.375,17.01));
#13175=CARTESIAN_POINT('',(-5.425,-15.875,17.01));
#13176=CARTESIAN_POINT('Origin',(-5.425,-15.375,17.01));
#13177=CARTESIAN_POINT('',(7.575,-15.875,17.01));
#13178=CARTESIAN_POINT('',(-5.425,-15.875,17.01));
#13179=CARTESIAN_POINT('',(8.075,-15.375,17.01));
#13180=CARTESIAN_POINT('Origin',(7.575,-15.375,17.01));
#13181=CARTESIAN_POINT('',(8.07500000000001,-2.375,17.01));
#13182=CARTESIAN_POINT('',(8.07500000000001,-2.375,17.01));
#13183=CARTESIAN_POINT('',(7.575,-1.875,17.01));
#13184=CARTESIAN_POINT('Origin',(7.575,-2.375,17.01));
#13185=CARTESIAN_POINT('',(-5.425,-1.875,17.01));
#13186=CARTESIAN_POINT('',(-5.425,-20.925,17.01));
#13187=CARTESIAN_POINT('',(-5.925,-21.425,17.01));
#13188=CARTESIAN_POINT('Origin',(-5.425,-21.425,17.01));
#13189=CARTESIAN_POINT('',(-5.925,-34.425,17.01));
#13190=CARTESIAN_POINT('',(-5.925,-21.425,17.01));
#13191=CARTESIAN_POINT('',(-5.425,-34.925,17.01));
#13192=CARTESIAN_POINT('Origin',(-5.425,-34.425,17.01));
#13193=CARTESIAN_POINT('',(7.575,-34.925,17.01));
#13194=CARTESIAN_POINT('',(-5.425,-34.925,17.01));
#13195=CARTESIAN_POINT('',(8.075,-34.425,17.01));
#13196=CARTESIAN_POINT('Origin',(7.575,-34.425,17.01));
#13197=CARTESIAN_POINT('',(8.07500000000001,-21.425,17.01));
#13198=CARTESIAN_POINT('',(8.07500000000001,-21.425,17.01));
#13199=CARTESIAN_POINT('',(7.575,-20.925,17.01));
#13200=CARTESIAN_POINT('Origin',(7.575,-21.425,17.01));
#13201=CARTESIAN_POINT('',(-5.425,-20.925,17.01));
#13202=CARTESIAN_POINT('',(13.625,-20.925,17.01));
#13203=CARTESIAN_POINT('',(13.125,-21.425,17.01));
#13204=CARTESIAN_POINT('Origin',(13.625,-21.425,17.01));
#13205=CARTESIAN_POINT('',(13.125,-34.425,17.01));
#13206=CARTESIAN_POINT('',(13.125,-21.425,17.01));
#13207=CARTESIAN_POINT('',(13.625,-34.925,17.01));
#13208=CARTESIAN_POINT('Origin',(13.625,-34.425,17.01));
#13209=CARTESIAN_POINT('',(26.625,-34.925,17.01));
#13210=CARTESIAN_POINT('',(13.625,-34.925,17.01));
#13211=CARTESIAN_POINT('',(27.125,-34.425,17.01));
#13212=CARTESIAN_POINT('Origin',(26.625,-34.425,17.01));
#13213=CARTESIAN_POINT('',(27.125,-21.425,17.01));
#13214=CARTESIAN_POINT('',(27.125,-21.425,17.01));
#13215=CARTESIAN_POINT('',(26.625,-20.925,17.01));
#13216=CARTESIAN_POINT('Origin',(26.625,-21.425,17.01));
#13217=CARTESIAN_POINT('',(13.625,-20.925,17.01));
#13218=CARTESIAN_POINT('Origin',(59.69,-3.92,17.01));
#13219=CARTESIAN_POINT('',(55.69,-3.92,14.01));
#13220=CARTESIAN_POINT('Origin',(59.69,-3.92,14.01));
#13221=CARTESIAN_POINT('',(55.69,-3.92,17.01));
#13222=CARTESIAN_POINT('Origin',(-35.81,28.08,15.01));
#13223=CARTESIAN_POINT('',(-39.81,28.08,15.01));
#13224=CARTESIAN_POINT('Origin',(-35.81,28.08,15.01));
#13225=CARTESIAN_POINT('Origin',(-41.81,28.08,15.01));
#13226=CARTESIAN_POINT('Origin',(-35.81,28.08,17.01));
#13227=CARTESIAN_POINT('',(-39.81,28.08,14.01));
#13228=CARTESIAN_POINT('Origin',(-35.81,28.08,14.01));
#13229=CARTESIAN_POINT('',(-39.81,28.08,17.01));
#13230=CARTESIAN_POINT('Origin',(-44.81,-5.92,15.01));
#13231=CARTESIAN_POINT('Ctrl Pts',(-40.37,-1.52126154448802,17.01));
#13232=CARTESIAN_POINT('Ctrl Pts',(-40.37,-2.07646478483584,17.01));
#13233=CARTESIAN_POINT('Ctrl Pts',(-40.37,-2.72801403065277,16.870843616284));
#13234=CARTESIAN_POINT('Ctrl Pts',(-40.37,-3.47818968126203,16.6257790279591));
#13235=CARTESIAN_POINT('Ctrl Pts',(-40.37,-3.74129910936692,16.5277338922855));
#13236=CARTESIAN_POINT('Ctrl Pts',(-40.37,-4.07785914962146,16.3951529641951));
#13237=CARTESIAN_POINT('Ctrl Pts',(-40.37,-4.21999734044883,16.3377404180903));
#13238=CARTESIAN_POINT('Ctrl Pts',(-40.37,-4.46959934965301,16.2371888467604));
#13239=CARTESIAN_POINT('Ctrl Pts',(-40.37,-4.62708173015301,16.1741846453619));
#13240=CARTESIAN_POINT('Ctrl Pts',(-40.37,-5.11147030388308,15.991599641213));
#13241=CARTESIAN_POINT('Ctrl Pts',(-40.37,-5.54369046699821,15.8608231308563));
#13242=CARTESIAN_POINT('Ctrl Pts',(-40.37,-6.29630953300179,15.8608231308563));
#13243=CARTESIAN_POINT('Ctrl Pts',(-40.37,-6.72852969611692,15.991599641213));
#13244=CARTESIAN_POINT('Ctrl Pts',(-40.37,-7.21291826984699,16.1741846453619));
#13245=CARTESIAN_POINT('Ctrl Pts',(-40.37,-7.37040065034699,16.2371888467604));
#13246=CARTESIAN_POINT('Ctrl Pts',(-40.37,-7.62000265955117,16.3377404180903));
#13247=CARTESIAN_POINT('Ctrl Pts',(-40.37,-7.76214085037854,16.3951529641951));
#13248=CARTESIAN_POINT('Ctrl Pts',(-40.37,-8.09870089063308,16.5277338922855));
#13249=CARTESIAN_POINT('Ctrl Pts',(-40.37,-8.36181031873797,16.6257790279591));
#13250=CARTESIAN_POINT('Ctrl Pts',(-40.37,-9.11198596934723,16.870843616284));
#13251=CARTESIAN_POINT('Ctrl Pts',(-40.37,-9.76353521516416,17.01));
#13252=CARTESIAN_POINT('Ctrl Pts',(-40.37,-10.318738455512,17.01));
#13253=CARTESIAN_POINT('',(-47.0000007003555,-9.56230654015314,15.01));
#13254=CARTESIAN_POINT('Ctrl Pts',(-47.0000007003554,-11.7737506722137,
17.01));
#13255=CARTESIAN_POINT('Ctrl Pts',(-47.0000007003554,-11.501514735618,17.01));
#13256=CARTESIAN_POINT('Ctrl Pts',(-47.0000007003554,-11.1806422013791,
16.9486593102259));
#13257=CARTESIAN_POINT('Ctrl Pts',(-47.0000007003555,-10.6750530718185,
16.7510057628696));
#13258=CARTESIAN_POINT('Ctrl Pts',(-47.0000007003555,-10.3990311313281,
16.5799304370805));
#13259=CARTESIAN_POINT('Ctrl Pts',(-47.0000007003555,-10.012308307286,16.2218000918063));
#13260=CARTESIAN_POINT('Ctrl Pts',(-47.0000007003555,-9.82879955520169,
15.9747405615476));
#13261=CARTESIAN_POINT('Ctrl Pts',(-47.0000007003555,-9.62497741999775,
15.5250314303692));
#13262=CARTESIAN_POINT('Ctrl Pts',(-47.0000007003555,-9.56230654015314,
15.2472791173857));
#13263=CARTESIAN_POINT('Ctrl Pts',(-47.0000007003555,-9.56230654015314,
15.01));
#13264=CARTESIAN_POINT('',(-47.0000007003559,-2.27769345984707,15.01));
#13265=CARTESIAN_POINT('Origin',(-44.81,-5.92,15.01));
#13266=CARTESIAN_POINT('Ctrl Pts',(-47.0000007003559,-2.27769345984707,
15.01));
#13267=CARTESIAN_POINT('Ctrl Pts',(-47.0000007003559,-2.27769345984707,
15.2472791173857));
#13268=CARTESIAN_POINT('Ctrl Pts',(-47.0000007003559,-2.21502258000246,
15.5250314303692));
#13269=CARTESIAN_POINT('Ctrl Pts',(-47.0000007003559,-2.01120044479852,
15.9747405615476));
#13270=CARTESIAN_POINT('Ctrl Pts',(-47.0000007003559,-1.82769169271422,
16.2218000918063));
#13271=CARTESIAN_POINT('Ctrl Pts',(-47.0000007003559,-1.44096886867214,
16.5799304370805));
#13272=CARTESIAN_POINT('Ctrl Pts',(-47.0000007003559,-1.16494692818171,
16.7510057628696));
#13273=CARTESIAN_POINT('Ctrl Pts',(-47.000000700356,-0.65935779862109,16.9486593102259));
#13274=CARTESIAN_POINT('Ctrl Pts',(-47.000000700356,-0.338485264382251,
17.01));
#13275=CARTESIAN_POINT('Ctrl Pts',(-47.000000700356,-0.0662493277864741,
17.01));
#13276=CARTESIAN_POINT('Origin',(-44.81,-5.92,17.01));
#13277=CARTESIAN_POINT('',(-47.0000007003555,-9.56230654015314,14.01));
#13278=CARTESIAN_POINT('',(-47.0000007003555,-9.56230654015314,17.01));
#13279=CARTESIAN_POINT('',(-47.0000007003559,-2.27769345984707,14.01));
#13280=CARTESIAN_POINT('Origin',(-44.81,-5.92,14.01));
#13281=CARTESIAN_POINT('',(-47.0000007003559,-2.27769345984707,17.01));
#13282=CARTESIAN_POINT('Origin',(59.69,-3.92,17.01));
#13283=CARTESIAN_POINT('',(57.69,-3.92,14.01));
#13284=CARTESIAN_POINT('Origin',(59.69,-3.92,14.01));
#13285=CARTESIAN_POINT('',(57.69,-3.92,17.01));
#13286=CARTESIAN_POINT('',(57.69,-3.92,17.01));
#13287=CARTESIAN_POINT('Origin',(59.69,-3.92,17.01));
#13288=CARTESIAN_POINT('Origin',(59.69,-3.92,14.01));
#13289=CARTESIAN_POINT('Origin',(-35.81,28.08,17.01));
#13290=CARTESIAN_POINT('',(-37.81,28.08,14.01));
#13291=CARTESIAN_POINT('Origin',(-35.81,28.08,14.01));
#13292=CARTESIAN_POINT('',(-37.81,28.08,17.01));
#13293=CARTESIAN_POINT('',(-37.81,28.08,17.01));
#13294=CARTESIAN_POINT('Origin',(-35.81,28.08,17.01));
#13295=CARTESIAN_POINT('Origin',(-35.81,28.08,14.01));
#13296=CARTESIAN_POINT('Origin',(3.00204305858642E-12,6.01296790136985E-12,
17.01));
#13297=CARTESIAN_POINT('',(58.09,-3.92,17.01));
#13298=CARTESIAN_POINT('Origin',(59.69,-3.92,17.01));
#13299=CARTESIAN_POINT('Origin',(-44.81,-5.92,17.01));
#13300=CARTESIAN_POINT('',(-47.0000007003557,-5.40386345562297,17.01));
#13301=CARTESIAN_POINT('',(-47.0000007003557,-6.43613654437724,17.01));
#13302=CARTESIAN_POINT('Origin',(-44.81,-5.92,17.01));
#13303=CARTESIAN_POINT('',(-47.0000007003557,-5.40386345562297,14.01));
#13304=CARTESIAN_POINT('',(-47.0000007003557,-5.40386345562297,17.01));
#13305=CARTESIAN_POINT('',(-47.0000007003557,-6.43613654437724,14.01));
#13306=CARTESIAN_POINT('Origin',(-44.81,-5.92,14.01));
#13307=CARTESIAN_POINT('',(-47.0000007003557,-6.43613654437724,17.01));
#13308=CARTESIAN_POINT('Origin',(-43.7800003501779,-5.92,14.01));
#13309=CARTESIAN_POINT('',(-47.000000700355,-20.2500003427269,14.01));
#13310=CARTESIAN_POINT('',(-47.000000700355,-20.2500003427269,14.01));
#13311=CARTESIAN_POINT('Origin',(3.00204305858642E-12,6.01296790136985E-12,
17.01));
#13312=CARTESIAN_POINT('',(-47.0000007003557,-6.00000008940697,17.01));
#13313=CARTESIAN_POINT('',(-46.41,-5.92,17.01));
#13314=CARTESIAN_POINT('Origin',(-44.81,-5.92,17.01));
#13315=CARTESIAN_POINT('Origin',(-52.1942362594463,25.732836732507,18.51));
#13316=CARTESIAN_POINT('',(-52.1942362594463,25.732836732507,18.51));
#13317=CARTESIAN_POINT('',(-53.6486712208185,25.732836732507,18.51));
#13318=CARTESIAN_POINT('',(-26.0971181297216,25.732836732507,18.51));
#13319=CARTESIAN_POINT('',(-52.1942362594463,25.732836732507,18.01));
#13320=CARTESIAN_POINT('',(-52.1942362594463,25.732836732507,18.51));
#13321=CARTESIAN_POINT('',(-53.6486712208185,25.732836732507,18.01));
#13322=CARTESIAN_POINT('',(-52.1942362594463,25.732836732507,18.01));
#13323=CARTESIAN_POINT('',(-53.6486712208185,25.732836732507,18.51));
#13324=CARTESIAN_POINT('Origin',(-51.4259957372049,24.986970581737,18.51));
#13325=CARTESIAN_POINT('',(-51.4259957372049,24.986970581737,18.51));
#13326=CARTESIAN_POINT('',(-31.9455966384393,6.07392203690346,18.51));
#13327=CARTESIAN_POINT('',(-51.4259957372049,24.986970581737,18.01));
#13328=CARTESIAN_POINT('',(-51.4259957372049,24.986970581737,18.51));
#13329=CARTESIAN_POINT('',(-51.4259957372049,24.986970581737,18.01));
#13330=CARTESIAN_POINT('Origin',(-51.4259957372049,24.6960835894625,18.51));
#13331=CARTESIAN_POINT('',(-51.4259957372049,24.6960835894625,18.51));
#13332=CARTESIAN_POINT('',(-51.4259957372049,12.3480417947343,18.51));
#13333=CARTESIAN_POINT('',(-51.4259957372049,24.6960835894625,18.01));
#13334=CARTESIAN_POINT('',(-51.4259957372049,24.6960835894625,18.51));
#13335=CARTESIAN_POINT('',(-51.4259957372049,24.6960835894625,18.01));
#13336=CARTESIAN_POINT('Origin',(-52.2016943832701,23.9129290599231,18.51));
#13337=CARTESIAN_POINT('',(-52.2016943832701,23.9129290599231,18.51));
#13338=CARTESIAN_POINT('',(-45.2540651711011,30.9273377025972,18.51));
#13339=CARTESIAN_POINT('',(-52.2016943832701,23.9129290599231,18.01));
#13340=CARTESIAN_POINT('',(-52.2016943832701,23.9129290599231,18.51));
#13341=CARTESIAN_POINT('',(-52.2016943832701,23.9129290599231,18.01));
#13342=CARTESIAN_POINT('Origin',(-53.6486689804689,23.9129290599231,18.51));
#13343=CARTESIAN_POINT('',(-53.6486689804689,23.9129290599231,18.51));
#13344=CARTESIAN_POINT('',(-26.824334490233,23.9129290599231,18.51));
#13345=CARTESIAN_POINT('',(-53.6486689804689,23.9129290599231,18.01));
#13346=CARTESIAN_POINT('',(-53.6486689804689,23.9129290599231,18.51));
#13347=CARTESIAN_POINT('',(-53.6486689804689,23.9129290599231,18.01));
#13348=CARTESIAN_POINT('Origin',(-53.6486712208185,25.732836732507,18.51));
#13349=CARTESIAN_POINT('',(-53.6486553819111,12.8663853448814,18.51));
#13350=CARTESIAN_POINT('',(-53.6486712208185,25.732836732507,18.01));
#13351=CARTESIAN_POINT('Origin',(-51.0456426239393,24.4499677436269,18.51));
#13352=CARTESIAN_POINT('',(-51.0456426239393,24.4499677436269,18.01));
#13353=CARTESIAN_POINT('',(-51.0456426239393,24.4499677436269,18.51));
#13354=CARTESIAN_POINT('',(-51.9481383364074,23.5325535431615,18.01));
#13355=CARTESIAN_POINT('',(-51.0456426239393,24.4499677436269,18.01));
#13356=CARTESIAN_POINT('',(-51.9481383364074,23.5325535431615,18.51));
#13357=CARTESIAN_POINT('Ctrl Pts',(-50.9859731526497,24.606586103577,18.51));
#13358=CARTESIAN_POINT('Ctrl Pts',(-50.9859731526497,24.606586103577,18.01));
#13359=CARTESIAN_POINT('Ctrl Pts',(-50.9859731526497,24.5096327342172,18.51));
#13360=CARTESIAN_POINT('Ctrl Pts',(-50.9859731526497,24.5096327342172,18.01));
#13361=CARTESIAN_POINT('Ctrl Pts',(-51.0456426239393,24.4499677436269,18.51));
#13362=CARTESIAN_POINT('Ctrl Pts',(-51.0456426239393,24.4499677436269,18.01));
#13363=CARTESIAN_POINT('',(-50.9859731526497,24.606586103577,18.01));
#13364=CARTESIAN_POINT('',(-50.9859731526497,24.606586103577,18.51));
#13365=CARTESIAN_POINT('Ctrl Pts',(-50.9859731526497,24.606586103577,18.01));
#13366=CARTESIAN_POINT('Ctrl Pts',(-50.9859731526497,24.5096327342172,18.01));
#13367=CARTESIAN_POINT('Ctrl Pts',(-51.0456426239393,24.4499677436269,18.01));
#13368=CARTESIAN_POINT('Origin',(-50.9859731526497,25.0839418738935,18.51));
#13369=CARTESIAN_POINT('',(-50.9859731526497,25.0839418738935,18.01));
#13370=CARTESIAN_POINT('',(-50.9859731526497,25.0839418738935,18.51));
#13371=CARTESIAN_POINT('',(-50.9859731526497,25.0839418738935,18.01));
#13372=CARTESIAN_POINT('Ctrl Pts',(-51.0531119495111,25.2331133117679,18.51));
#13373=CARTESIAN_POINT('Ctrl Pts',(-51.0531119495111,25.2331133117679,18.01));
#13374=CARTESIAN_POINT('Ctrl Pts',(-50.9859731526497,25.1660013991017,18.51));
#13375=CARTESIAN_POINT('Ctrl Pts',(-50.9859731526497,25.1660013991017,18.01));
#13376=CARTESIAN_POINT('Ctrl Pts',(-50.9859731526497,25.0839418738935,18.51));
#13377=CARTESIAN_POINT('Ctrl Pts',(-50.9859731526497,25.0839418738935,18.01));
#13378=CARTESIAN_POINT('',(-51.0531119495111,25.2331133117679,18.01));
#13379=CARTESIAN_POINT('',(-51.0531119495111,25.2331133117679,18.51));
#13380=CARTESIAN_POINT('Ctrl Pts',(-51.0531119495111,25.2331133117679,18.01));
#13381=CARTESIAN_POINT('Ctrl Pts',(-50.9859731526497,25.1660013991017,18.01));
#13382=CARTESIAN_POINT('Ctrl Pts',(-50.9859731526497,25.0839418738935,18.01));
#13383=CARTESIAN_POINT('Origin',(-51.9481472978058,26.120695016938,18.51));
#13384=CARTESIAN_POINT('',(-51.9481472978058,26.120695016938,18.01));
#13385=CARTESIAN_POINT('',(-51.9481472978058,26.120695016938,18.51));
#13386=CARTESIAN_POINT('',(-51.9481472978058,26.120695016938,18.01));
#13387=CARTESIAN_POINT('Ctrl Pts',(-52.1047903016016,26.1803600075284,18.51));
#13388=CARTESIAN_POINT('Ctrl Pts',(-52.1047903016016,26.1803600075284,18.01));
#13389=CARTESIAN_POINT('Ctrl Pts',(-52.0078167690954,26.1803600075284,18.51));
#13390=CARTESIAN_POINT('Ctrl Pts',(-52.0078167690954,26.1803600075284,18.01));
#13391=CARTESIAN_POINT('Ctrl Pts',(-51.9481472978058,26.120695016938,18.51));
#13392=CARTESIAN_POINT('Ctrl Pts',(-51.9481472978058,26.120695016938,18.01));
#13393=CARTESIAN_POINT('',(-52.1047903016016,26.1803600075284,18.01));
#13394=CARTESIAN_POINT('',(-52.1047903016016,26.1803600075284,18.51));
#13395=CARTESIAN_POINT('Ctrl Pts',(-52.1047903016016,26.1803600075284,18.01));
#13396=CARTESIAN_POINT('Ctrl Pts',(-52.0078167690954,26.1803600075284,18.01));
#13397=CARTESIAN_POINT('Ctrl Pts',(-51.9481472978058,26.120695016938,18.01));
#13398=CARTESIAN_POINT('Origin',(-54.088787900057,26.1803600075284,18.51));
#13399=CARTESIAN_POINT('',(-54.088787900057,26.1803600075284,18.01));
#13400=CARTESIAN_POINT('',(-54.088787900057,26.1803600075284,18.51));
#13401=CARTESIAN_POINT('',(-54.088787900057,26.1803600075284,18.01));
#13402=CARTESIAN_POINT('Origin',(-54.088787900057,22.085565503865,18.51));
#13403=CARTESIAN_POINT('',(-54.088787900057,22.085565503865,18.01));
#13404=CARTESIAN_POINT('',(-54.088787900057,22.085565503865,18.51));
#13405=CARTESIAN_POINT('',(-54.088787900057,22.085565503865,18.01));
#13406=CARTESIAN_POINT('Origin',(-53.6486689804689,22.085565503865,18.51));
#13407=CARTESIAN_POINT('',(-53.6486689804689,22.085565503865,18.01));
#13408=CARTESIAN_POINT('',(-53.6486689804689,22.085565503865,18.51));
#13409=CARTESIAN_POINT('',(-53.6486689804689,22.085565503865,18.01));
#13410=CARTESIAN_POINT('Origin',(-53.6486689804689,23.4504940179533,18.51));
#13411=CARTESIAN_POINT('',(-53.6486689804689,23.4504940179533,18.01));
#13412=CARTESIAN_POINT('',(-53.6486689804689,23.4504940179533,18.51));
#13413=CARTESIAN_POINT('',(-53.6486689804689,23.4504940179533,18.01));
#13414=CARTESIAN_POINT('Origin',(-52.1047813402031,23.4505209021486,18.51));
#13415=CARTESIAN_POINT('',(-52.1047813402031,23.4505209021486,18.01));
#13416=CARTESIAN_POINT('',(-52.1047813402031,23.4505209021486,18.51));
#13417=CARTESIAN_POINT('',(-52.1047813402031,23.4505209021486,18.01));
#13418=CARTESIAN_POINT('Ctrl Pts',(-51.9481383364074,23.5325535431615,18.51));
#13419=CARTESIAN_POINT('Ctrl Pts',(-51.9481383364074,23.5325535431615,18.01));
#13420=CARTESIAN_POINT('Ctrl Pts',(-52.0301709774204,23.4505209021486,18.51));
#13421=CARTESIAN_POINT('Ctrl Pts',(-52.0301709774204,23.4505209021486,18.01));
#13422=CARTESIAN_POINT('Ctrl Pts',(-52.1047813402031,23.4505209021486,18.51));
#13423=CARTESIAN_POINT('Ctrl Pts',(-52.1047813402031,23.4505209021486,18.01));
#13424=CARTESIAN_POINT('Ctrl Pts',(-51.9481383364074,23.5325535431615,18.01));
#13425=CARTESIAN_POINT('Ctrl Pts',(-52.0301709774204,23.4505209021486,18.01));
#13426=CARTESIAN_POINT('Ctrl Pts',(-52.1047813402031,23.4505209021486,18.01));
#13427=CARTESIAN_POINT('Origin',(-52.5373805263533,24.1329627556967,18.01));
#13428=CARTESIAN_POINT('Origin',(-67.0966766324432,22.1003966182278,18.51));
#13429=CARTESIAN_POINT('',(-67.0966766324432,22.1003966182278,18.01));
#13430=CARTESIAN_POINT('',(-67.0966766324432,22.1003966182278,18.51));
#13431=CARTESIAN_POINT('',(-67.5441954267654,22.1003966182278,18.01));
#13432=CARTESIAN_POINT('',(-67.0966766324432,22.1003966182278,18.01));
#13433=CARTESIAN_POINT('',(-67.5441954267654,22.1003966182278,18.51));
#13434=CARTESIAN_POINT('Origin',(-67.0966766324432,25.963969120207,18.51));
#13435=CARTESIAN_POINT('',(-67.0966766324432,25.963969120207,18.01));
#13436=CARTESIAN_POINT('',(-67.0966766324432,25.963969120207,18.51));
#13437=CARTESIAN_POINT('',(-67.0966766324432,25.963969120207,18.01));
#13438=CARTESIAN_POINT('Ctrl Pts',(-67.2383899464938,26.1802793549427,18.51));
#13439=CARTESIAN_POINT('Ctrl Pts',(-67.2383899464938,26.1802793549427,18.01));
#13440=CARTESIAN_POINT('Ctrl Pts',(-67.0966766324432,26.1206143643524,18.51));
#13441=CARTESIAN_POINT('Ctrl Pts',(-67.0966766324432,26.1206143643524,18.01));
#13442=CARTESIAN_POINT('Ctrl Pts',(-67.0966766324432,25.963969120207,18.51));
#13443=CARTESIAN_POINT('Ctrl Pts',(-67.0966766324432,25.963969120207,18.01));
#13444=CARTESIAN_POINT('',(-67.2383899464938,26.1802793549427,18.01));
#13445=CARTESIAN_POINT('',(-67.2383899464938,26.1802793549427,18.51));
#13446=CARTESIAN_POINT('Ctrl Pts',(-67.2383899464938,26.1802793549427,18.01));
#13447=CARTESIAN_POINT('Ctrl Pts',(-67.0966766324432,26.1206143643524,18.01));
#13448=CARTESIAN_POINT('Ctrl Pts',(-67.0966766324432,25.963969120207,18.01));
#13449=CARTESIAN_POINT('Ctrl Pts',(-67.2644945000518,26.1877979682058,18.51));
#13450=CARTESIAN_POINT('Ctrl Pts',(-67.2644945000518,26.1877979682058,18.01));
#13451=CARTESIAN_POINT('Ctrl Pts',(-67.2607598372659,26.1877979682058,18.51));
#13452=CARTESIAN_POINT('Ctrl Pts',(-67.2607598372659,26.1877979682058,18.01));
#13453=CARTESIAN_POINT('Ctrl Pts',(-67.2383899464938,26.1802793549427,18.51));
#13454=CARTESIAN_POINT('Ctrl Pts',(-67.2383899464938,26.1802793549427,18.01));
#13455=CARTESIAN_POINT('',(-67.2644945000518,26.1877979682058,18.01));
#13456=CARTESIAN_POINT('',(-67.2644945000518,26.1877979682058,18.51));
#13457=CARTESIAN_POINT('Ctrl Pts',(-67.2644945000518,26.1877979682058,18.01));
#13458=CARTESIAN_POINT('Ctrl Pts',(-67.2607598372659,26.1877979682058,18.01));
#13459=CARTESIAN_POINT('Ctrl Pts',(-67.2383899464938,26.1802793549427,18.01));
#13460=CARTESIAN_POINT('Ctrl Pts',(-67.2943292356966,26.1840431422734,18.51));
#13461=CARTESIAN_POINT('Ctrl Pts',(-67.2943292356966,26.1840431422734,18.01));
#13462=CARTESIAN_POINT('Ctrl Pts',(-67.2756760849135,26.1877979682058,18.51));
#13463=CARTESIAN_POINT('Ctrl Pts',(-67.2756760849135,26.1877979682058,18.01));
#13464=CARTESIAN_POINT('Ctrl Pts',(-67.2644945000518,26.1877979682058,18.51));
#13465=CARTESIAN_POINT('Ctrl Pts',(-67.2644945000518,26.1877979682058,18.01));
#13466=CARTESIAN_POINT('',(-67.2943292356966,26.1840431422734,18.01));
#13467=CARTESIAN_POINT('',(-67.2943292356966,26.1840431422734,18.51));
#13468=CARTESIAN_POINT('Ctrl Pts',(-67.2943292356966,26.1840431422734,18.01));
#13469=CARTESIAN_POINT('Ctrl Pts',(-67.2756760849135,26.1877979682058,18.01));
#13470=CARTESIAN_POINT('Ctrl Pts',(-67.2644945000518,26.1877979682058,18.01));
#13471=CARTESIAN_POINT('Ctrl Pts',(-67.3204337892547,26.1802883163411,18.51));
#13472=CARTESIAN_POINT('Ctrl Pts',(-67.3204337892547,26.1802883163411,18.01));
#13473=CARTESIAN_POINT('Ctrl Pts',(-67.3129644636829,26.1802883163411,18.51));
#13474=CARTESIAN_POINT('Ctrl Pts',(-67.3129644636829,26.1802883163411,18.01));
#13475=CARTESIAN_POINT('Ctrl Pts',(-67.2943292356966,26.1840431422734,18.51));
#13476=CARTESIAN_POINT('Ctrl Pts',(-67.2943292356966,26.1840431422734,18.01));
#13477=CARTESIAN_POINT('',(-67.3204337892547,26.1802883163411,18.01));
#13478=CARTESIAN_POINT('',(-67.3204337892547,26.1802883163411,18.51));
#13479=CARTESIAN_POINT('Ctrl Pts',(-67.3204337892547,26.1802883163411,18.01));
#13480=CARTESIAN_POINT('Ctrl Pts',(-67.3129644636829,26.1802883163411,18.01));
#13481=CARTESIAN_POINT('Ctrl Pts',(-67.2943292356966,26.1840431422734,18.01));
#13482=CARTESIAN_POINT('Ctrl Pts',(-67.4770655913024,26.1206233257507,18.51));
#13483=CARTESIAN_POINT('Ctrl Pts',(-67.4770655913024,26.1206233257507,18.01));
#13484=CARTESIAN_POINT('Ctrl Pts',(-67.4173961200129,26.1802883163411,18.51));
#13485=CARTESIAN_POINT('Ctrl Pts',(-67.4173961200129,26.1802883163411,18.01));
#13486=CARTESIAN_POINT('Ctrl Pts',(-67.3204337892547,26.1802883163411,18.51));
#13487=CARTESIAN_POINT('Ctrl Pts',(-67.3204337892547,26.1802883163411,18.01));
#13488=CARTESIAN_POINT('',(-67.4770655913024,26.1206233257507,18.01));
#13489=CARTESIAN_POINT('',(-67.4770655913024,26.1206233257507,18.51));
#13490=CARTESIAN_POINT('Ctrl Pts',(-67.4770655913024,26.1206233257507,18.01));
#13491=CARTESIAN_POINT('Ctrl Pts',(-67.4173961200129,26.1802883163411,18.01));
#13492=CARTESIAN_POINT('Ctrl Pts',(-67.3204337892547,26.1802883163411,18.01));
#13493=CARTESIAN_POINT('Origin',(-68.6629879318716,24.9048662495368,18.51));
#13494=CARTESIAN_POINT('',(-68.6629879318716,24.9048662495368,18.01));
#13495=CARTESIAN_POINT('',(-68.6629879318716,24.9048662495368,18.51));
#13496=CARTESIAN_POINT('',(-68.6629879318716,24.9048662495368,18.01));
#13497=CARTESIAN_POINT('Origin',(-69.8190766569708,26.105702597404,18.51));
#13498=CARTESIAN_POINT('',(-69.8190766569708,26.105702597404,18.01));
#13499=CARTESIAN_POINT('',(-69.8190766569708,26.105702597404,18.51));
#13500=CARTESIAN_POINT('',(-69.8190766569708,26.105702597404,18.01));
#13501=CARTESIAN_POINT('Ctrl Pts',(-69.9757084590186,26.1802883163411,18.51));
#13502=CARTESIAN_POINT('Ctrl Pts',(-69.9757084590186,26.1802883163411,18.01));
#13503=CARTESIAN_POINT('Ctrl Pts',(-69.8936634960828,26.1802883163411,18.51));
#13504=CARTESIAN_POINT('Ctrl Pts',(-69.8936634960828,26.1802883163411,18.01));
#13505=CARTESIAN_POINT('Ctrl Pts',(-69.8190766569709,26.105702597404,18.51));
#13506=CARTESIAN_POINT('Ctrl Pts',(-69.8190766569709,26.105702597404,18.01));
#13507=CARTESIAN_POINT('',(-69.9757084590186,26.1802883163411,18.01));
#13508=CARTESIAN_POINT('',(-69.9757084590186,26.1802883163411,18.51));
#13509=CARTESIAN_POINT('Ctrl Pts',(-69.9757084590186,26.1802883163411,18.01));
#13510=CARTESIAN_POINT('Ctrl Pts',(-69.8936634960828,26.1802883163411,18.01));
#13511=CARTESIAN_POINT('Ctrl Pts',(-69.8190766569709,26.105702597404,18.01));
#13512=CARTESIAN_POINT('Ctrl Pts',(-70.0577534219543,26.157974434309,18.51));
#13513=CARTESIAN_POINT('Ctrl Pts',(-70.0577534219543,26.157974434309,18.01));
#13514=CARTESIAN_POINT('Ctrl Pts',(-70.0130013184871,26.1802883163411,18.51));
#13515=CARTESIAN_POINT('Ctrl Pts',(-70.0130013184871,26.1802883163411,18.01));
#13516=CARTESIAN_POINT('Ctrl Pts',(-69.9757084590186,26.1802883163411,18.51));
#13517=CARTESIAN_POINT('Ctrl Pts',(-69.9757084590186,26.1802883163411,18.01));
#13518=CARTESIAN_POINT('',(-70.0577534219543,26.157974434309,18.01));
#13519=CARTESIAN_POINT('',(-70.0577534219543,26.157974434309,18.51));
#13520=CARTESIAN_POINT('Ctrl Pts',(-70.0577534219543,26.157974434309,18.01));
#13521=CARTESIAN_POINT('Ctrl Pts',(-70.0130013184871,26.1802883163411,18.01));
#13522=CARTESIAN_POINT('Ctrl Pts',(-69.9757084590186,26.1802883163411,18.01));
#13523=CARTESIAN_POINT('Ctrl Pts',(-70.1994678561797,25.9491290444459,18.51));
#13524=CARTESIAN_POINT('Ctrl Pts',(-70.1994678561797,25.9491290444459,18.01));
#13525=CARTESIAN_POINT('Ctrl Pts',(-70.1994678561797,26.0983004823202,18.51));
#13526=CARTESIAN_POINT('Ctrl Pts',(-70.1994678561797,26.0983004823202,18.01));
#13527=CARTESIAN_POINT('Ctrl Pts',(-70.0577534219543,26.157974434309,18.51));
#13528=CARTESIAN_POINT('Ctrl Pts',(-70.0577534219543,26.157974434309,18.01));
#13529=CARTESIAN_POINT('',(-70.1994678561797,25.9491290444459,18.01));
#13530=CARTESIAN_POINT('',(-70.1994678561797,25.9491290444459,18.51));
#13531=CARTESIAN_POINT('Ctrl Pts',(-70.1994678561797,25.9491290444459,18.01));
#13532=CARTESIAN_POINT('Ctrl Pts',(-70.1994678561797,26.0983004823202,18.01));
#13533=CARTESIAN_POINT('Ctrl Pts',(-70.0577534219543,26.157974434309,18.01));
#13534=CARTESIAN_POINT('Origin',(-70.1994678561797,22.1004772708134,18.51));
#13535=CARTESIAN_POINT('',(-70.1994678561797,22.1004772708134,18.01));
#13536=CARTESIAN_POINT('',(-70.1994678561797,22.1004772708134,18.51));
#13537=CARTESIAN_POINT('',(-70.1994678561797,22.1004772708134,18.01));
#13538=CARTESIAN_POINT('Origin',(-69.7519501820323,22.1004772708134,18.51));
#13539=CARTESIAN_POINT('',(-69.7519501820323,22.1004772708134,18.01));
#13540=CARTESIAN_POINT('',(-69.7519501820323,22.1004772708134,18.51));
#13541=CARTESIAN_POINT('',(-69.7519501820323,22.1004772708134,18.01));
#13542=CARTESIAN_POINT('Origin',(-69.7519501820323,25.4121082835389,18.51));
#13543=CARTESIAN_POINT('',(-69.7519501820323,25.4121082835389,18.01));
#13544=CARTESIAN_POINT('',(-69.7519501820323,25.4121082835389,18.51));
#13545=CARTESIAN_POINT('',(-69.7519501820323,25.4121082835389,18.01));
#13546=CARTESIAN_POINT('Origin',(-68.8792892052089,24.4872381995994,18.51));
#13547=CARTESIAN_POINT('',(-68.8792892052089,24.4872381995994,18.01));
#13548=CARTESIAN_POINT('',(-68.8792892052089,24.4872381995994,18.51));
#13549=CARTESIAN_POINT('',(-68.8792892052089,24.4872381995994,18.01));
#13550=CARTESIAN_POINT('Origin',(-68.8792892052089,23.9203849433973,18.51));
#13551=CARTESIAN_POINT('',(-68.8792892052089,23.9203849433973,18.01));
#13552=CARTESIAN_POINT('',(-68.8792892052089,23.9203849433973,18.51));
#13553=CARTESIAN_POINT('',(-68.8792892052089,23.9203849433973,18.01));
#13554=CARTESIAN_POINT('Origin',(-68.4243122870629,23.9203849433973,18.51));
#13555=CARTESIAN_POINT('',(-68.4243122870629,23.9203849433973,18.01));
#13556=CARTESIAN_POINT('',(-68.4243122870629,23.9203849433973,18.51));
#13557=CARTESIAN_POINT('',(-68.4243122870629,23.9203849433973,18.01));
#13558=CARTESIAN_POINT('Origin',(-68.4243122870629,24.4872381995994,18.51));
#13559=CARTESIAN_POINT('',(-68.4243122870629,24.4872381995994,18.01));
#13560=CARTESIAN_POINT('',(-68.4243122870629,24.4872381995994,18.51));
#13561=CARTESIAN_POINT('',(-68.4243122870629,24.4872381995994,18.01));
#13562=CARTESIAN_POINT('Origin',(-67.5441954267654,25.4269483593001,18.51));
#13563=CARTESIAN_POINT('',(-67.5441954267654,25.4269483593001,18.01));
#13564=CARTESIAN_POINT('',(-67.5441954267654,25.4269483593001,18.51));
#13565=CARTESIAN_POINT('',(-67.5441954267654,25.4269483593001,18.01));
#13566=CARTESIAN_POINT('Origin',(-67.5441954267654,22.1003966182278,18.51));
#13567=CARTESIAN_POINT('',(-67.5441954267654,22.1003966182278,18.01));
#13568=CARTESIAN_POINT('Origin',(-68.6480722443114,24.1440972932168,18.01));
#13569=CARTESIAN_POINT('Origin',(59.286754414414,-16.6282905040898,18.51));
#13570=CARTESIAN_POINT('',(59.286754414414,-16.6282905040898,18.51));
#13571=CARTESIAN_POINT('',(59.8446802403567,-18.1295376010474,18.51));
#13572=CARTESIAN_POINT('',(52.9744447486445,0.356649285752396,18.51));
#13573=CARTESIAN_POINT('',(59.286754414414,-16.6282905040898,18.01));
#13574=CARTESIAN_POINT('',(59.286754414414,-16.6282905040898,18.51));
#13575=CARTESIAN_POINT('',(59.8446802403567,-18.1295376010474,18.01));
#13576=CARTESIAN_POINT('',(59.286754414414,-16.6282905040898,18.01));
#13577=CARTESIAN_POINT('',(59.8446802403567,-18.1295376010474,18.51));
#13578=CARTESIAN_POINT('Origin',(60.808803524814,-16.0800673522615,18.51));
#13579=CARTESIAN_POINT('',(60.808803524814,-16.0800673522615,18.51));
#13580=CARTESIAN_POINT('',(36.4593058109883,-24.8504534658873,18.51));
#13581=CARTESIAN_POINT('',(60.808803524814,-16.0800673522615,18.01));
#13582=CARTESIAN_POINT('',(60.808803524814,-16.0800673522615,18.51));
#13583=CARTESIAN_POINT('',(60.808803524814,-16.0800673522615,18.01));
#13584=CARTESIAN_POINT('Origin',(61.3150407325049,-16.3161296390507,18.51));
#13585=CARTESIAN_POINT('',(61.3150407325049,-16.3161296390507,18.51));
#13586=CARTESIAN_POINT('',(33.0084233210079,-3.11653716360613,18.51));
#13587=CARTESIAN_POINT('',(61.3150407325049,-16.3161296390507,18.01));
#13588=CARTESIAN_POINT('',(61.3150407325049,-16.3161296390507,18.51));
#13589=CARTESIAN_POINT('',(61.3150407325049,-16.3161296390507,18.01));
#13590=CARTESIAN_POINT('Origin',(60.3578496932959,-18.3688324468842,18.51));
#13591=CARTESIAN_POINT('',(60.3578496932959,-18.3688324468842,18.51));
#13592=CARTESIAN_POINT('',(58.4855422581464,-22.3840086988838,18.51));
#13593=CARTESIAN_POINT('',(60.3578496932959,-18.3688324468842,18.01));
#13594=CARTESIAN_POINT('',(60.3578496932959,-18.3688324468842,18.51));
#13595=CARTESIAN_POINT('',(60.3578496932959,-18.3688324468842,18.01));
#13596=CARTESIAN_POINT('Origin',(59.8446802403567,-18.1295376010474,18.51));
#13597=CARTESIAN_POINT('',(31.7946475553295,-5.04959254852089,18.51));
#13598=CARTESIAN_POINT('',(59.8446802403567,-18.1295376010474,18.01));
#13599=CARTESIAN_POINT('Origin',(63.2496853254512,-16.7117682301732,18.51));
#13600=CARTESIAN_POINT('',(63.2496853254512,-16.7117682301732,18.01));
#13601=CARTESIAN_POINT('',(63.2496853254512,-16.7117682301732,18.51));
#13602=CARTESIAN_POINT('',(63.0556599047852,-17.1278570875463,18.01));
#13603=CARTESIAN_POINT('',(63.2496853254512,-16.7117682301732,18.01));
#13604=CARTESIAN_POINT('',(63.0556599047852,-17.1278570875463,18.51));
#13605=CARTESIAN_POINT('Origin',(60.9195927233775,-15.625228205616,18.51));
#13606=CARTESIAN_POINT('',(60.9195927233775,-15.625228205616,18.01));
#13607=CARTESIAN_POINT('',(60.9195927233775,-15.625228205616,18.51));
#13608=CARTESIAN_POINT('',(60.9195927233775,-15.625228205616,18.01));
#13609=CARTESIAN_POINT('Ctrl Pts',(60.7480787313597,-15.6127921753703,18.51));
#13610=CARTESIAN_POINT('Ctrl Pts',(60.7480787313597,-15.6127921753703,18.01));
#13611=CARTESIAN_POINT('Ctrl Pts',(60.8294235429959,-15.5831816262745,18.51));
#13612=CARTESIAN_POINT('Ctrl Pts',(60.8294235429959,-15.5831816262745,18.01));
#13613=CARTESIAN_POINT('Ctrl Pts',(60.9195927233775,-15.625228205616,18.51));
#13614=CARTESIAN_POINT('Ctrl Pts',(60.9195927233775,-15.625228205616,18.01));
#13615=CARTESIAN_POINT('',(60.7480787313597,-15.6127921753703,18.01));
#13616=CARTESIAN_POINT('',(60.7480787313597,-15.6127921753703,18.51));
#13617=CARTESIAN_POINT('Ctrl Pts',(60.7480787313597,-15.6127921753703,18.01));
#13618=CARTESIAN_POINT('Ctrl Pts',(60.8294235429959,-15.5831816262745,18.01));
#13619=CARTESIAN_POINT('Ctrl Pts',(60.9195927233775,-15.625228205616,18.01));
#13620=CARTESIAN_POINT('Origin',(58.9071017424243,-16.2655790134916,18.51));
#13621=CARTESIAN_POINT('',(58.9071017424243,-16.2655790134916,18.01));
#13622=CARTESIAN_POINT('',(58.9071017424243,-16.2655790134916,18.51));
#13623=CARTESIAN_POINT('',(58.9071017424243,-16.2655790134916,18.01));
#13624=CARTESIAN_POINT('Ctrl Pts',(58.7703070085922,-16.3959599907735,18.51));
#13625=CARTESIAN_POINT('Ctrl Pts',(58.7703070085922,-16.3959599907735,18.01));
#13626=CARTESIAN_POINT('Ctrl Pts',(58.8155793477285,-16.2988731461881,18.51));
#13627=CARTESIAN_POINT('Ctrl Pts',(58.8155793477285,-16.2988731461881,18.01));
#13628=CARTESIAN_POINT('Ctrl Pts',(58.9071017424243,-16.2655790134916,18.51));
#13629=CARTESIAN_POINT('Ctrl Pts',(58.9071017424243,-16.2655790134916,18.01));
#13630=CARTESIAN_POINT('',(58.7703070085922,-16.3959599907735,18.01));
#13631=CARTESIAN_POINT('',(58.7703070085922,-16.3959599907735,18.51));
#13632=CARTESIAN_POINT('Ctrl Pts',(58.7703070085922,-16.3959599907735,18.01));
#13633=CARTESIAN_POINT('Ctrl Pts',(58.8155793477285,-16.2988731461881,18.01));
#13634=CARTESIAN_POINT('Ctrl Pts',(58.9071017424243,-16.2655790134916,18.01));
#13635=CARTESIAN_POINT('Ctrl Pts',(58.7680550799335,-16.5637655434768,18.51));
#13636=CARTESIAN_POINT('Ctrl Pts',(58.7680550799335,-16.5637655434768,18.01));
#13637=CARTESIAN_POINT('Ctrl Pts',(58.7298825367054,-16.4826505504927,18.51));
#13638=CARTESIAN_POINT('Ctrl Pts',(58.7298825367054,-16.4826505504927,18.01));
#13639=CARTESIAN_POINT('Ctrl Pts',(58.7703070085922,-16.3959599907735,18.51));
#13640=CARTESIAN_POINT('Ctrl Pts',(58.7703070085922,-16.3959599907735,18.01));
#13641=CARTESIAN_POINT('',(58.7680550799335,-16.5637655434768,18.01));
#13642=CARTESIAN_POINT('',(58.7680550799335,-16.5637655434768,18.51));
#13643=CARTESIAN_POINT('Ctrl Pts',(58.7680550799335,-16.5637655434768,18.01));
#13644=CARTESIAN_POINT('Ctrl Pts',(58.7298825367054,-16.4826505504927,18.01));
#13645=CARTESIAN_POINT('Ctrl Pts',(58.7703070085922,-16.3959599907735,18.01));
#13646=CARTESIAN_POINT('Origin',(59.4508833637455,-18.3765378115145,18.51));
#13647=CARTESIAN_POINT('',(59.4508833637455,-18.3765378115145,18.01));
#13648=CARTESIAN_POINT('',(59.4508833637455,-18.3765378115145,18.51));
#13649=CARTESIAN_POINT('',(59.4508833637455,-18.3765378115145,18.01));
#13650=CARTESIAN_POINT('Ctrl Pts',(59.5604696882888,-18.5036358395259,18.51));
#13651=CARTESIAN_POINT('Ctrl Pts',(59.5604696882888,-18.5036358395259,18.01));
#13652=CARTESIAN_POINT('Ctrl Pts',(59.4841983265059,-18.4680699194286,18.51));
#13653=CARTESIAN_POINT('Ctrl Pts',(59.4841983265059,-18.4680699194286,18.01));
#13654=CARTESIAN_POINT('Ctrl Pts',(59.4508833637455,-18.3765378115145,18.51));
#13655=CARTESIAN_POINT('Ctrl Pts',(59.4508833637455,-18.3765378115145,18.01));
#13656=CARTESIAN_POINT('',(59.5604696882888,-18.5036358395259,18.01));
#13657=CARTESIAN_POINT('',(59.5604696882888,-18.5036358395259,18.51));
#13658=CARTESIAN_POINT('Ctrl Pts',(59.5604696882888,-18.5036358395259,18.01));
#13659=CARTESIAN_POINT('Ctrl Pts',(59.4841983265059,-18.4680699194286,18.01));
#13660=CARTESIAN_POINT('Ctrl Pts',(59.4508833637455,-18.3765378115145,18.01));
#13661=CARTESIAN_POINT('Origin',(61.9044351128846,-19.5966448674655,18.51));
#13662=CARTESIAN_POINT('',(61.9044351128846,-19.5966448674655,18.01));
#13663=CARTESIAN_POINT('',(61.9044351128846,-19.5966448674655,18.51));
#13664=CARTESIAN_POINT('',(61.9044351128846,-19.5966448674655,18.01));
#13665=CARTESIAN_POINT('Origin',(62.0952260318595,-19.1874924213535,18.51));
#13666=CARTESIAN_POINT('',(62.0952260318595,-19.1874924213535,18.01));
#13667=CARTESIAN_POINT('',(62.0952260318595,-19.1874924213535,18.51));
#13668=CARTESIAN_POINT('',(62.0952260318595,-19.1874924213535,18.01));
#13669=CARTESIAN_POINT('Origin',(60.7429382869003,-18.5569102898499,18.51));
#13670=CARTESIAN_POINT('',(60.7429382869003,-18.5569102898499,18.01));
#13671=CARTESIAN_POINT('',(60.7429382869003,-18.5569102898499,18.51));
#13672=CARTESIAN_POINT('',(60.7429382869003,-18.5569102898499,18.01));
#13673=CARTESIAN_POINT('Origin',(61.7033721598261,-16.4972749560427,18.51));
#13674=CARTESIAN_POINT('',(61.7033721598261,-16.4972749560427,18.01));
#13675=CARTESIAN_POINT('',(61.7033721598261,-16.4972749560427,18.51));
#13676=CARTESIAN_POINT('',(61.7033721598261,-16.4972749560427,18.01));
#13677=CARTESIAN_POINT('Origin',(63.0556599047852,-17.1278570875463,18.51));
#13678=CARTESIAN_POINT('',(63.0556599047852,-17.1278570875463,18.01));
#13679=CARTESIAN_POINT('Origin',(60.9897839310783,-17.58991324687,18.01));
#13680=CARTESIAN_POINT('Origin',(62.7792372407697,-9.13863691320922,18.51));
#13681=CARTESIAN_POINT('',(62.7792372407697,-9.13863691320922,18.51));
#13682=CARTESIAN_POINT('',(63.3371640380342,-10.6398819271605,18.51));
#13683=CARTESIAN_POINT('',(57.4778241394873,5.12617349600141,18.51));
#13684=CARTESIAN_POINT('',(62.7792372407697,-9.13863691320922,18.01));
#13685=CARTESIAN_POINT('',(62.7792372407697,-9.13863691320922,18.51));
#13686=CARTESIAN_POINT('',(63.3371640380342,-10.6398819271605,18.01));
#13687=CARTESIAN_POINT('',(62.7792372407697,-9.13863691320922,18.01));
#13688=CARTESIAN_POINT('',(63.3371640380342,-10.6398819271605,18.51));
#13689=CARTESIAN_POINT('Origin',(64.3012873224915,-8.59041167837456,18.51));
#13690=CARTESIAN_POINT('',(64.3012873224915,-8.59041167837456,18.51));
#13691=CARTESIAN_POINT('',(37.2121604305768,-18.3476089809661,18.51));
#13692=CARTESIAN_POINT('',(64.3012873224915,-8.59041167837456,18.01));
#13693=CARTESIAN_POINT('',(64.3012873224915,-8.59041167837456,18.51));
#13694=CARTESIAN_POINT('',(64.3012873224915,-8.59041167837456,18.01));
#13695=CARTESIAN_POINT('Origin',(64.8075245301824,-8.82647396516382,18.51));
#13696=CARTESIAN_POINT('',(64.8075245301824,-8.82647396516382,18.51));
#13697=CARTESIAN_POINT('',(36.5009071186854,4.37311851028076,18.51));
#13698=CARTESIAN_POINT('',(64.8075245301824,-8.82647396516382,18.01));
#13699=CARTESIAN_POINT('',(64.8075245301824,-8.82647396516382,18.51));
#13700=CARTESIAN_POINT('',(64.8075245301824,-8.82647396516382,18.01));
#13701=CARTESIAN_POINT('Origin',(63.8503334909734,-10.8791767729973,18.51));
#13702=CARTESIAN_POINT('',(63.8503334909734,-10.8791767729973,18.51));
#13703=CARTESIAN_POINT('',(60.2317841569851,-18.6391808619403,18.51));
#13704=CARTESIAN_POINT('',(63.8503334909734,-10.8791767729973,18.01));
#13705=CARTESIAN_POINT('',(63.8503334909734,-10.8791767729973,18.51));
#13706=CARTESIAN_POINT('',(63.8503334909734,-10.8791767729973,18.01));
#13707=CARTESIAN_POINT('Origin',(63.3371640380342,-10.6398819271605,18.51));
#13708=CARTESIAN_POINT('',(35.2871313530069,2.44006312536586,18.51));
#13709=CARTESIAN_POINT('',(63.3371640380342,-10.6398819271605,18.01));
#13710=CARTESIAN_POINT('Origin',(66.7421681518069,-9.2221146392927,18.51));
#13711=CARTESIAN_POINT('',(66.7421681518069,-9.2221146392927,18.01));
#13712=CARTESIAN_POINT('',(66.7421681518069,-9.2221146392927,18.51));
#13713=CARTESIAN_POINT('',(66.5481427311409,-9.63820349666573,18.01));
#13714=CARTESIAN_POINT('',(66.7421681518069,-9.2221146392927,18.01));
#13715=CARTESIAN_POINT('',(66.5481427311409,-9.63820349666573,18.51));
#13716=CARTESIAN_POINT('Origin',(64.4120755497332,-8.13557461473545,18.51));
#13717=CARTESIAN_POINT('',(64.4120755497332,-8.13557461473545,18.01));
#13718=CARTESIAN_POINT('',(64.4120755497332,-8.13557461473545,18.51));
#13719=CARTESIAN_POINT('',(64.4120755497332,-8.13557461473545,18.01));
#13720=CARTESIAN_POINT('Ctrl Pts',(64.2405615577154,-8.12313858448977,18.51));
#13721=CARTESIAN_POINT('Ctrl Pts',(64.2405615577154,-8.12313858448977,18.01));
#13722=CARTESIAN_POINT('Ctrl Pts',(64.3219063693516,-8.09352803539391,18.51));
#13723=CARTESIAN_POINT('Ctrl Pts',(64.3219063693516,-8.09352803539391,18.01));
#13724=CARTESIAN_POINT('Ctrl Pts',(64.4120755497332,-8.13557461473545,18.51));
#13725=CARTESIAN_POINT('Ctrl Pts',(64.4120755497332,-8.13557461473545,18.01));
#13726=CARTESIAN_POINT('',(64.2405615577154,-8.12313858448977,18.01));
#13727=CARTESIAN_POINT('',(64.2405615577154,-8.12313858448977,18.51));
#13728=CARTESIAN_POINT('Ctrl Pts',(64.2405615577154,-8.12313858448977,18.01));
#13729=CARTESIAN_POINT('Ctrl Pts',(64.3219063693516,-8.09352803539391,18.01));
#13730=CARTESIAN_POINT('Ctrl Pts',(64.4120755497332,-8.13557461473545,18.01));
#13731=CARTESIAN_POINT('Origin',(62.39958456878,-8.77592542261105,18.51));
#13732=CARTESIAN_POINT('',(62.39958456878,-8.77592542261105,18.01));
#13733=CARTESIAN_POINT('',(62.39958456878,-8.77592542261105,18.51));
#13734=CARTESIAN_POINT('',(62.39958456878,-8.77592542261105,18.01));
#13735=CARTESIAN_POINT('Ctrl Pts',(62.2627888636261,-8.90630848289931,18.51));
#13736=CARTESIAN_POINT('Ctrl Pts',(62.2627888636261,-8.90630848289931,18.01));
#13737=CARTESIAN_POINT('Ctrl Pts',(62.3080621740842,-8.80921955530758,18.51));
#13738=CARTESIAN_POINT('Ctrl Pts',(62.3080621740842,-8.80921955530758,18.01));
#13739=CARTESIAN_POINT('Ctrl Pts',(62.39958456878,-8.77592542261105,18.51));
#13740=CARTESIAN_POINT('Ctrl Pts',(62.39958456878,-8.77592542261105,18.01));
#13741=CARTESIAN_POINT('',(62.2627888636261,-8.90630848289931,18.01));
#13742=CARTESIAN_POINT('',(62.2627888636261,-8.90630848289931,18.51));
#13743=CARTESIAN_POINT('Ctrl Pts',(62.2627888636261,-8.90630848289931,18.01));
#13744=CARTESIAN_POINT('Ctrl Pts',(62.3080621740842,-8.80921955530758,18.01));
#13745=CARTESIAN_POINT('Ctrl Pts',(62.39958456878,-8.77592542261105,18.01));
#13746=CARTESIAN_POINT('Ctrl Pts',(62.2605379062892,-9.07411195259625,18.51));
#13747=CARTESIAN_POINT('Ctrl Pts',(62.2605379062892,-9.07411195259625,18.01));
#13748=CARTESIAN_POINT('Ctrl Pts',(62.2223643917393,-8.99299904261851,18.51));
#13749=CARTESIAN_POINT('Ctrl Pts',(62.2223643917393,-8.99299904261851,18.01));
#13750=CARTESIAN_POINT('Ctrl Pts',(62.2627888636261,-8.90630848289931,18.51));
#13751=CARTESIAN_POINT('Ctrl Pts',(62.2627888636261,-8.90630848289931,18.01));
#13752=CARTESIAN_POINT('',(62.2605379062892,-9.07411195259625,18.01));
#13753=CARTESIAN_POINT('',(62.2605379062892,-9.07411195259625,18.51));
#13754=CARTESIAN_POINT('Ctrl Pts',(62.2605379062892,-9.07411195259625,18.01));
#13755=CARTESIAN_POINT('Ctrl Pts',(62.2223643917393,-8.99299904261851,18.01));
#13756=CARTESIAN_POINT('Ctrl Pts',(62.2627888636261,-8.90630848289931,18.01));
#13757=CARTESIAN_POINT('Origin',(62.9433661901012,-10.886884220634,18.51));
#13758=CARTESIAN_POINT('',(62.9433661901012,-10.886884220634,18.01));
#13759=CARTESIAN_POINT('',(62.9433661901012,-10.886884220634,18.51));
#13760=CARTESIAN_POINT('',(62.9433661901012,-10.886884220634,18.01));
#13761=CARTESIAN_POINT('Ctrl Pts',(63.0529525146445,-11.0139822486453,18.51));
#13762=CARTESIAN_POINT('Ctrl Pts',(63.0529525146445,-11.0139822486453,18.01));
#13763=CARTESIAN_POINT('Ctrl Pts',(62.9766811528616,-10.9784163285481,18.51));
#13764=CARTESIAN_POINT('Ctrl Pts',(62.9766811528616,-10.9784163285481,18.01));
#13765=CARTESIAN_POINT('Ctrl Pts',(62.9433661901012,-10.886884220634,18.51));
#13766=CARTESIAN_POINT('Ctrl Pts',(62.9433661901012,-10.886884220634,18.01));
#13767=CARTESIAN_POINT('',(63.0529525146445,-11.0139822486453,18.01));
#13768=CARTESIAN_POINT('',(63.0529525146445,-11.0139822486453,18.51));
#13769=CARTESIAN_POINT('Ctrl Pts',(63.0529525146445,-11.0139822486453,18.01));
#13770=CARTESIAN_POINT('Ctrl Pts',(62.9766811528616,-10.9784163285481,18.01));
#13771=CARTESIAN_POINT('Ctrl Pts',(62.9433661901012,-10.886884220634,18.01));
#13772=CARTESIAN_POINT('Origin',(65.3969179392403,-12.1069912765849,18.51));
#13773=CARTESIAN_POINT('',(65.3969179392403,-12.1069912765849,18.01));
#13774=CARTESIAN_POINT('',(65.3969179392403,-12.1069912765849,18.51));
#13775=CARTESIAN_POINT('',(65.3969179392403,-12.1069912765849,18.01));
#13776=CARTESIAN_POINT('Origin',(65.5877088582152,-11.697838830473,18.51));
#13777=CARTESIAN_POINT('',(65.5877088582152,-11.697838830473,18.01));
#13778=CARTESIAN_POINT('',(65.5877088582152,-11.697838830473,18.51));
#13779=CARTESIAN_POINT('',(65.5877088582152,-11.697838830473,18.01));
#13780=CARTESIAN_POINT('Origin',(64.235421113256,-11.0672566989694,18.51));
#13781=CARTESIAN_POINT('',(64.235421113256,-11.0672566989694,18.01));
#13782=CARTESIAN_POINT('',(64.235421113256,-11.0672566989694,18.51));
#13783=CARTESIAN_POINT('',(64.235421113256,-11.0672566989694,18.01));
#13784=CARTESIAN_POINT('Origin',(65.1958549861817,-9.00762136516212,18.51));
#13785=CARTESIAN_POINT('',(65.1958549861817,-9.00762136516212,18.01));
#13786=CARTESIAN_POINT('',(65.1958549861817,-9.00762136516212,18.51));
#13787=CARTESIAN_POINT('',(65.1958549861817,-9.00762136516212,18.01));
#13788=CARTESIAN_POINT('Origin',(66.5481427311409,-9.63820349666573,18.51));
#13789=CARTESIAN_POINT('',(66.5481427311409,-9.63820349666573,18.01));
#13790=CARTESIAN_POINT('Origin',(64.4822662717731,-10.1002596559894,18.01));
#13791=CARTESIAN_POINT('Origin',(60.6919084457285,-21.0743991044071,18.51));
#13792=CARTESIAN_POINT('',(60.6919084457285,-21.0743991044071,18.01));
#13793=CARTESIAN_POINT('',(60.6919084457285,-21.0743991044071,18.51));
#13794=CARTESIAN_POINT('',(59.7695782146519,-20.6443094543082,18.01));
#13795=CARTESIAN_POINT('',(60.6919084457285,-21.0743991044071,18.01));
#13796=CARTESIAN_POINT('',(59.7695782146519,-20.6443094543082,18.51));
#13797=CARTESIAN_POINT('Origin',(60.2521182045216,-22.017532320248,18.51));
#13798=CARTESIAN_POINT('',(60.2521182045216,-22.017532320248,18.01));
#13799=CARTESIAN_POINT('',(60.2521182045216,-22.017532320248,18.51));
#13800=CARTESIAN_POINT('',(60.2521182045216,-22.017532320248,18.01));
#13801=CARTESIAN_POINT('Origin',(59.2218607035725,-22.3982728036716,18.51));
#13802=CARTESIAN_POINT('',(59.2218607035725,-22.3982728036716,18.01));
#13803=CARTESIAN_POINT('',(59.2218607035725,-22.3982728036716,18.51));
#13804=CARTESIAN_POINT('',(59.2218607035725,-22.3982728036716,18.01));
#13805=CARTESIAN_POINT('Origin',(57.6754034354555,-21.6771479365392,18.51));
#13806=CARTESIAN_POINT('',(57.6754034354555,-21.6771479365392,18.01));
#13807=CARTESIAN_POINT('',(57.6754034354555,-21.6771479365392,18.51));
#13808=CARTESIAN_POINT('',(57.6754034354555,-21.6771479365392,18.01));
#13809=CARTESIAN_POINT('Origin',(57.2909579881337,-20.6367206343224,18.51));
#13810=CARTESIAN_POINT('',(57.2909579881337,-20.6367206343224,18.01));
#13811=CARTESIAN_POINT('',(57.2909579881337,-20.6367206343224,18.51));
#13812=CARTESIAN_POINT('',(57.2909579881337,-20.6367206343224,18.01));
#13813=CARTESIAN_POINT('Origin',(57.5981647423012,-19.9779136239828,18.51));
#13814=CARTESIAN_POINT('',(57.5981647423012,-19.9779136239828,18.01));
#13815=CARTESIAN_POINT('',(57.5981647423012,-19.9779136239828,18.51));
#13816=CARTESIAN_POINT('',(57.5981647423012,-19.9779136239828,18.01));
#13817=CARTESIAN_POINT('Origin',(58.2762277206804,-19.7368797612919,18.51));
#13818=CARTESIAN_POINT('',(58.2762277206804,-19.7368797612919,18.01));
#13819=CARTESIAN_POINT('',(58.2762277206804,-19.7368797612919,18.51));
#13820=CARTESIAN_POINT('',(58.2762277206804,-19.7368797612919,18.01));
#13821=CARTESIAN_POINT('Origin',(58.1240166230179,-19.3028648275442,18.51));
#13822=CARTESIAN_POINT('',(58.1240166230179,-19.3028648275442,18.01));
#13823=CARTESIAN_POINT('',(58.1240166230179,-19.3028648275442,18.51));
#13824=CARTESIAN_POINT('',(58.1240166230179,-19.3028648275442,18.01));
#13825=CARTESIAN_POINT('Origin',(57.3544430573848,-19.5772110085382,18.51));
#13826=CARTESIAN_POINT('',(57.3544430573848,-19.5772110085382,18.01));
#13827=CARTESIAN_POINT('',(57.3544430573848,-19.5772110085382,18.51));
#13828=CARTESIAN_POINT('',(57.3544430573848,-19.5772110085382,18.01));
#13829=CARTESIAN_POINT('Ctrl Pts',(57.2278259066124,-19.7039084022194,18.51));
#13830=CARTESIAN_POINT('Ctrl Pts',(57.2278259066124,-19.7039084022194,18.01));
#13831=CARTESIAN_POINT('Ctrl Pts',(57.2730982457487,-19.6068215576341,18.51));
#13832=CARTESIAN_POINT('Ctrl Pts',(57.2730982457487,-19.6068215576341,18.01));
#13833=CARTESIAN_POINT('Ctrl Pts',(57.3544430573848,-19.5772110085382,18.51));
#13834=CARTESIAN_POINT('Ctrl Pts',(57.3544430573848,-19.5772110085382,18.01));
#13835=CARTESIAN_POINT('',(57.2278259066124,-19.7039084022194,18.01));
#13836=CARTESIAN_POINT('',(57.2278259066124,-19.7039084022194,18.51));
#13837=CARTESIAN_POINT('Ctrl Pts',(57.2278259066124,-19.7039084022194,18.01));
#13838=CARTESIAN_POINT('Ctrl Pts',(57.2730982457487,-19.6068215576341,18.01));
#13839=CARTESIAN_POINT('Ctrl Pts',(57.3544430573848,-19.5772110085382,18.01));
#13840=CARTESIAN_POINT('Origin',(56.8397760366022,-20.5360840339591,18.51));
#13841=CARTESIAN_POINT('',(56.8397760366022,-20.5360840339591,18.01));
#13842=CARTESIAN_POINT('',(56.8397760366022,-20.5360840339591,18.51));
#13843=CARTESIAN_POINT('',(56.8397760366022,-20.5360840339591,18.01));
#13844=CARTESIAN_POINT('Ctrl Pts',(56.8273368116656,-20.7075940003269,18.51));
#13845=CARTESIAN_POINT('Ctrl Pts',(56.8273368116656,-20.7075940003269,18.01));
#13846=CARTESIAN_POINT('Ctrl Pts',(56.7912643391657,-20.6401177048375,18.51));
#13847=CARTESIAN_POINT('Ctrl Pts',(56.7912643391657,-20.6401177048375,18.01));
#13848=CARTESIAN_POINT('Ctrl Pts',(56.8397760366022,-20.5360840339591,18.51));
#13849=CARTESIAN_POINT('Ctrl Pts',(56.8397760366022,-20.5360840339591,18.01));
#13850=CARTESIAN_POINT('',(56.8273368116656,-20.7075940003269,18.01));
#13851=CARTESIAN_POINT('',(56.8273368116656,-20.7075940003269,18.51));
#13852=CARTESIAN_POINT('Ctrl Pts',(56.8273368116656,-20.7075940003269,18.01));
#13853=CARTESIAN_POINT('Ctrl Pts',(56.7912643391657,-20.6401177048375,18.01));
#13854=CARTESIAN_POINT('Ctrl Pts',(56.8397760366022,-20.5360840339591,18.01));
#13855=CARTESIAN_POINT('Origin',(57.2645324111531,-21.9245879143511,18.51));
#13856=CARTESIAN_POINT('',(57.2645324111531,-21.9245879143511,18.01));
#13857=CARTESIAN_POINT('',(57.2645324111531,-21.9245879143511,18.51));
#13858=CARTESIAN_POINT('',(57.2645324111531,-21.9245879143511,18.01));
#13859=CARTESIAN_POINT('Ctrl Pts',(57.3981538584199,-22.0544388762183,18.51));
#13860=CARTESIAN_POINT('Ctrl Pts',(57.3981538584199,-22.0544388762183,18.01));
#13861=CARTESIAN_POINT('Ctrl Pts',(57.2941451836181,-22.0059388346437,18.51));
#13862=CARTESIAN_POINT('Ctrl Pts',(57.2941451836181,-22.0059388346437,18.01));
#13863=CARTESIAN_POINT('Ctrl Pts',(57.2645324111531,-21.9245879143511,18.51));
#13864=CARTESIAN_POINT('Ctrl Pts',(57.2645324111531,-21.9245879143511,18.01));
#13865=CARTESIAN_POINT('',(57.3981538584199,-22.0544388762183,18.01));
#13866=CARTESIAN_POINT('',(57.3981538584199,-22.0544388762183,18.51));
#13867=CARTESIAN_POINT('Ctrl Pts',(57.3981538584199,-22.0544388762183,18.01));
#13868=CARTESIAN_POINT('Ctrl Pts',(57.2941451836181,-22.0059388346437,18.01));
#13869=CARTESIAN_POINT('Ctrl Pts',(57.2645324111531,-21.9245879143511,18.01));
#13870=CARTESIAN_POINT('Origin',(59.1179839139498,-22.8564088018371,18.51));
#13871=CARTESIAN_POINT('',(59.1179839139498,-22.8564088018371,18.01));
#13872=CARTESIAN_POINT('',(59.1179839139498,-22.8564088018371,18.51));
#13873=CARTESIAN_POINT('',(59.1179839139498,-22.8564088018371,18.01));
#13874=CARTESIAN_POINT('Ctrl Pts',(59.2927112968696,-22.8618884329342,18.51));
#13875=CARTESIAN_POINT('Ctrl Pts',(59.2927112968696,-22.8618884329342,18.01));
#13876=CARTESIAN_POINT('Ctrl Pts',(59.2012041850321,-22.8952150515565,18.51));
#13877=CARTESIAN_POINT('Ctrl Pts',(59.2012041850321,-22.8952150515565,18.01));
#13878=CARTESIAN_POINT('Ctrl Pts',(59.1179839139498,-22.8564088018371,18.51));
#13879=CARTESIAN_POINT('Ctrl Pts',(59.1179839139498,-22.8564088018371,18.01));
#13880=CARTESIAN_POINT('',(59.2927112968696,-22.8618884329342,18.01));
#13881=CARTESIAN_POINT('',(59.2927112968696,-22.8618884329342,18.51));
#13882=CARTESIAN_POINT('Ctrl Pts',(59.2927112968696,-22.8618884329342,18.01));
#13883=CARTESIAN_POINT('Ctrl Pts',(59.2012041850321,-22.8952150515565,18.01));
#13884=CARTESIAN_POINT('Ctrl Pts',(59.1179839139498,-22.8564088018371,18.01));
#13885=CARTESIAN_POINT('Origin',(60.5060066363775,-22.414531083479,18.51));
#13886=CARTESIAN_POINT('',(60.5060066363775,-22.414531083479,18.01));
#13887=CARTESIAN_POINT('',(60.5060066363775,-22.414531083479,18.51));
#13888=CARTESIAN_POINT('',(60.5060066363775,-22.414531083479,18.01));
#13889=CARTESIAN_POINT('Ctrl Pts',(60.6293951133897,-22.2947576030206,18.51));
#13890=CARTESIAN_POINT('Ctrl Pts',(60.6293951133897,-22.2947576030206,18.01));
#13891=CARTESIAN_POINT('Ctrl Pts',(60.5873514480137,-22.3849205343831,18.51));
#13892=CARTESIAN_POINT('Ctrl Pts',(60.5873514480137,-22.3849205343831,18.01));
#13893=CARTESIAN_POINT('Ctrl Pts',(60.5060066363775,-22.414531083479,18.51));
#13894=CARTESIAN_POINT('Ctrl Pts',(60.5060066363775,-22.414531083479,18.01));
#13895=CARTESIAN_POINT('',(60.6293951133897,-22.2947576030206,18.01));
#13896=CARTESIAN_POINT('',(60.6293951133897,-22.2947576030206,18.51));
#13897=CARTESIAN_POINT('Ctrl Pts',(60.6293951133897,-22.2947576030206,18.01));
#13898=CARTESIAN_POINT('Ctrl Pts',(60.5873514480137,-22.3849205343831,18.01));
#13899=CARTESIAN_POINT('Ctrl Pts',(60.5060066363775,-22.414531083479,18.01));
#13900=CARTESIAN_POINT('Origin',(61.2987805806472,-20.8592558359983,18.51));
#13901=CARTESIAN_POINT('',(61.2987805806472,-20.8592558359983,18.01));
#13902=CARTESIAN_POINT('',(61.2987805806472,-20.8592558359983,18.51));
#13903=CARTESIAN_POINT('',(61.2987805806472,-20.8592558359983,18.01));
#13904=CARTESIAN_POINT('Origin',(59.9603656582103,-20.235142707877,18.51));
#13905=CARTESIAN_POINT('',(59.9603656582103,-20.235142707877,18.01));
#13906=CARTESIAN_POINT('',(59.9603656582103,-20.235142707877,18.51));
#13907=CARTESIAN_POINT('',(59.9603656582103,-20.235142707877,18.01));
#13908=CARTESIAN_POINT('Origin',(60.151157548507,-19.8259881787587,18.51));
#13909=CARTESIAN_POINT('',(60.151157548507,-19.8259881787587,18.01));
#13910=CARTESIAN_POINT('',(60.151157548507,-19.8259881787587,18.51));
#13911=CARTESIAN_POINT('',(60.151157548507,-19.8259881787587,18.01));
#13912=CARTESIAN_POINT('Origin',(59.7628101701656,-19.6448988222138,18.51));
#13913=CARTESIAN_POINT('',(59.7628101701656,-19.6448988222138,18.01));
#13914=CARTESIAN_POINT('',(59.7628101701656,-19.6448988222138,18.51));
#13915=CARTESIAN_POINT('',(59.7628101701656,-19.6448988222138,18.01));
#13916=CARTESIAN_POINT('Origin',(58.9931774908839,-21.2953814291837,18.51));
#13917=CARTESIAN_POINT('',(58.9931774908839,-21.2953814291837,18.01));
#13918=CARTESIAN_POINT('',(58.9931774908839,-21.2953814291837,18.51));
#13919=CARTESIAN_POINT('',(58.9931774908839,-21.2953814291837,18.01));
#13920=CARTESIAN_POINT('Origin',(59.3815283446417,-21.4764850860479,18.51));
#13921=CARTESIAN_POINT('',(59.3815283446417,-21.4764850860479,18.01));
#13922=CARTESIAN_POINT('',(59.3815283446417,-21.4764850860479,18.51));
#13923=CARTESIAN_POINT('',(59.3815283446417,-21.4764850860479,18.01));
#13924=CARTESIAN_POINT('Origin',(59.7695782146519,-20.6443094543082,18.51));
#13925=CARTESIAN_POINT('',(59.7695782146519,-20.6443094543082,18.01));
#13926=CARTESIAN_POINT('Origin',(59.0450224599064,-21.0990399395503,18.01));
#13927=CARTESIAN_POINT('Origin',(-63.069005243194,22.5405267395638,18.51));
#13928=CARTESIAN_POINT('',(-63.069005243194,22.5405267395638,18.01));
#13929=CARTESIAN_POINT('',(-63.069005243194,22.5405267395638,18.51));
#13930=CARTESIAN_POINT('',(-63.069005243194,22.0930124259408,18.01));
#13931=CARTESIAN_POINT('',(-63.069005243194,22.5405267395638,18.01));
#13932=CARTESIAN_POINT('',(-63.069005243194,22.0930124259408,18.51));
#13933=CARTESIAN_POINT('Origin',(-65.7317369166069,22.5405267395638,18.51));
#13934=CARTESIAN_POINT('',(-65.7317369166069,22.5405267395638,18.01));
#13935=CARTESIAN_POINT('',(-65.7317369166069,22.5405267395638,18.51));
#13936=CARTESIAN_POINT('',(-65.7317369166069,22.5405267395638,18.01));
#13937=CARTESIAN_POINT('Origin',(-65.7317369166069,23.9278318654731,18.51));
#13938=CARTESIAN_POINT('',(-65.7317369166069,23.9278318654731,18.01));
#13939=CARTESIAN_POINT('',(-65.7317369166069,23.9278318654731,18.51));
#13940=CARTESIAN_POINT('',(-65.7317369166069,23.9278318654731,18.01));
#13941=CARTESIAN_POINT('Origin',(-63.956582467665,23.9278318654731,18.51));
#13942=CARTESIAN_POINT('',(-63.956582467665,23.9278318654731,18.01));
#13943=CARTESIAN_POINT('',(-63.956582467665,23.9278318654731,18.51));
#13944=CARTESIAN_POINT('',(-63.956582467665,23.9278318654731,18.01));
#13945=CARTESIAN_POINT('Origin',(-63.956582467665,24.3828110239687,18.51));
#13946=CARTESIAN_POINT('',(-63.956582467665,24.3828110239687,18.01));
#13947=CARTESIAN_POINT('',(-63.956582467665,24.3828110239687,18.51));
#13948=CARTESIAN_POINT('',(-63.956582467665,24.3828110239687,18.01));
#13949=CARTESIAN_POINT('Origin',(-65.7317369166069,24.3828110239687,18.51));
#13950=CARTESIAN_POINT('',(-65.7317369166069,24.3828110239687,18.01));
#13951=CARTESIAN_POINT('',(-65.7317369166069,24.3828110239687,18.51));
#13952=CARTESIAN_POINT('',(-65.7317369166069,24.3828110239687,18.01));
#13953=CARTESIAN_POINT('Origin',(-65.7317369166069,25.7328277711086,18.51));
#13954=CARTESIAN_POINT('',(-65.7317369166069,25.7328277711086,18.01));
#13955=CARTESIAN_POINT('',(-65.7317369166069,25.7328277711086,18.51));
#13956=CARTESIAN_POINT('',(-65.7317369166069,25.7328277711086,18.01));
#13957=CARTESIAN_POINT('Origin',(-63.069005243194,25.7328277711086,18.51));
#13958=CARTESIAN_POINT('',(-63.069005243194,25.7328277711086,18.01));
#13959=CARTESIAN_POINT('',(-63.069005243194,25.7328277711086,18.51));
#13960=CARTESIAN_POINT('',(-63.069005243194,25.7328277711086,18.01));
#13961=CARTESIAN_POINT('Origin',(-63.069005243194,26.1878069296042,18.51));
#13962=CARTESIAN_POINT('',(-63.069005243194,26.1878069296042,18.01));
#13963=CARTESIAN_POINT('',(-63.069005243194,26.1878069296042,18.51));
#13964=CARTESIAN_POINT('',(-63.069005243194,26.1878069296042,18.01));
#13965=CARTESIAN_POINT('Origin',(-66.1717975871053,26.1878069296042,18.51));
#13966=CARTESIAN_POINT('',(-66.1717975871053,26.1878069296042,18.01));
#13967=CARTESIAN_POINT('',(-66.1717975871053,26.1878069296042,18.51));
#13968=CARTESIAN_POINT('',(-66.1717975871053,26.1878069296042,18.01));
#13969=CARTESIAN_POINT('Origin',(-66.1717975871053,22.0930124259408,18.51));
#13970=CARTESIAN_POINT('',(-66.1717975871053,22.0930124259408,18.01));
#13971=CARTESIAN_POINT('',(-66.1717975871053,22.0930124259408,18.51));
#13972=CARTESIAN_POINT('',(-66.1717975871053,22.0930124259408,18.01));
#13973=CARTESIAN_POINT('Origin',(-63.069005243194,22.0930124259408,18.51));
#13974=CARTESIAN_POINT('',(-63.069005243194,22.0930124259408,18.01));
#13975=CARTESIAN_POINT('Origin',(-64.6204014151497,24.1404096777725,18.01));
#13976=CARTESIAN_POINT('Origin',(-48.5170630846715,25.6284005954778,18.51));
#13977=CARTESIAN_POINT('',(-48.5170630846715,25.6284005954778,18.51));
#13978=CARTESIAN_POINT('',(-49.6134812183063,24.5170617334962,18.51));
#13979=CARTESIAN_POINT('',(-42.9582516338631,31.2628597513397,18.51));
#13980=CARTESIAN_POINT('',(-48.5170630846715,25.6284005954778,18.01));
#13981=CARTESIAN_POINT('',(-48.5170630846715,25.6284005954778,18.51));
#13982=CARTESIAN_POINT('',(-49.6134812183063,24.5170617334962,18.01));
#13983=CARTESIAN_POINT('',(-48.5170630846715,25.6284005954778,18.01));
#13984=CARTESIAN_POINT('',(-49.6134812183063,24.5170617334962,18.51));
#13985=CARTESIAN_POINT('Origin',(-47.4057242226898,24.509605850022,18.51));
#13986=CARTESIAN_POINT('',(-47.4057242226898,24.509605850022,18.51));
#13987=CARTESIAN_POINT('',(-29.5062722726553,6.4900679095154,18.51));
#13988=CARTESIAN_POINT('',(-47.4057242226898,24.509605850022,18.01));
#13989=CARTESIAN_POINT('',(-47.4057242226898,24.509605850022,18.51));
#13990=CARTESIAN_POINT('',(-47.4057242226898,24.509605850022,18.01));
#13991=CARTESIAN_POINT('Origin',(-47.4057242226898,23.9651292056409,18.51));
#13992=CARTESIAN_POINT('',(-47.4057242226898,23.9651292056409,18.51));
#13993=CARTESIAN_POINT('',(-47.40572422269,11.9825646028238,18.51));
#13994=CARTESIAN_POINT('',(-47.4057242226898,23.9651292056409,18.01));
#13995=CARTESIAN_POINT('',(-47.4057242226898,23.9651292056409,18.51));
#13996=CARTESIAN_POINT('',(-47.4057242226898,23.9651292056409,18.01));
#13997=CARTESIAN_POINT('Origin',(-49.6134812183063,23.9651292056409,18.51));
#13998=CARTESIAN_POINT('',(-49.6134812183063,23.9651292056409,18.51));
#13999=CARTESIAN_POINT('',(-24.8067406091517,23.9651292056409,18.51));
#14000=CARTESIAN_POINT('',(-49.6134812183063,23.9651292056409,18.01));
#14001=CARTESIAN_POINT('',(-49.6134812183063,23.9651292056409,18.51));
#14002=CARTESIAN_POINT('',(-49.6134812183063,23.9651292056409,18.01));
#14003=CARTESIAN_POINT('Origin',(-49.6134812183063,24.5170617334962,18.51));
#14004=CARTESIAN_POINT('',(-49.6134812183063,12.2585308667511,18.51));
#14005=CARTESIAN_POINT('',(-49.6134812183063,24.5170617334962,18.01));
#14006=CARTESIAN_POINT('Origin',(-46.9582636774573,22.0930034645424,18.51));
#14007=CARTESIAN_POINT('',(-46.9582636774573,22.0930034645424,18.01));
#14008=CARTESIAN_POINT('',(-46.9582636774573,22.0930034645424,18.51));
#14009=CARTESIAN_POINT('',(-47.4057824717795,22.0930034645424,18.01));
#14010=CARTESIAN_POINT('',(-46.9582636774573,22.0930034645424,18.01));
#14011=CARTESIAN_POINT('',(-47.4057824717795,22.0930034645424,18.51));
#14012=CARTESIAN_POINT('Origin',(-46.9582636774573,24.5991033359076,18.51));
#14013=CARTESIAN_POINT('',(-46.9582636774573,24.5991033359076,18.01));
#14014=CARTESIAN_POINT('',(-46.9582636774573,24.5991033359076,18.51));
#14015=CARTESIAN_POINT('',(-46.9582636774573,24.5991033359076,18.01));
#14016=CARTESIAN_POINT('Ctrl Pts',(-47.0179331487469,24.7557485800529,18.51));
#14017=CARTESIAN_POINT('Ctrl Pts',(-47.0179331487469,24.7557485800529,18.01));
#14018=CARTESIAN_POINT('Ctrl Pts',(-46.9582636774573,24.6960835894625,18.51));
#14019=CARTESIAN_POINT('Ctrl Pts',(-46.9582636774573,24.6960835894625,18.01));
#14020=CARTESIAN_POINT('Ctrl Pts',(-46.9582636774573,24.5991033359076,18.51));
#14021=CARTESIAN_POINT('Ctrl Pts',(-46.9582636774573,24.5991033359076,18.01));
#14022=CARTESIAN_POINT('',(-47.0179331487469,24.7557485800529,18.01));
#14023=CARTESIAN_POINT('',(-47.0179331487469,24.7557485800529,18.51));
#14024=CARTESIAN_POINT('Ctrl Pts',(-47.0179331487469,24.7557485800529,18.01));
#14025=CARTESIAN_POINT('Ctrl Pts',(-46.9582636774573,24.6960835894625,18.01));
#14026=CARTESIAN_POINT('Ctrl Pts',(-46.9582636774573,24.5991033359076,18.01));
#14027=CARTESIAN_POINT('Origin',(-48.35302916754,26.113221210667,18.51));
#14028=CARTESIAN_POINT('',(-48.35302916754,26.113221210667,18.01));
#14029=CARTESIAN_POINT('',(-48.35302916754,26.113221210667,18.51));
#14030=CARTESIAN_POINT('',(-48.35302916754,26.113221210667,18.01));
#14031=CARTESIAN_POINT('Ctrl Pts',(-48.5245682558369,26.1803600075284,18.51));
#14032=CARTESIAN_POINT('Ctrl Pts',(-48.5245682558369,26.1803600075284,18.01));
#14033=CARTESIAN_POINT('Ctrl Pts',(-48.4201455609054,26.1803600075284,18.51));
#14034=CARTESIAN_POINT('Ctrl Pts',(-48.4201455609054,26.1803600075284,18.01));
#14035=CARTESIAN_POINT('Ctrl Pts',(-48.35302916754,26.113221210667,18.51));
#14036=CARTESIAN_POINT('Ctrl Pts',(-48.35302916754,26.113221210667,18.01));
#14037=CARTESIAN_POINT('',(-48.5245682558369,26.1803600075284,18.01));
#14038=CARTESIAN_POINT('',(-48.5245682558369,26.1803600075284,18.51));
#14039=CARTESIAN_POINT('Ctrl Pts',(-48.5245682558369,26.1803600075284,18.01));
#14040=CARTESIAN_POINT('Ctrl Pts',(-48.4201455609054,26.1803600075284,18.01));
#14041=CARTESIAN_POINT('Ctrl Pts',(-48.35302916754,26.113221210667,18.01));
#14042=CARTESIAN_POINT('Ctrl Pts',(-48.6737396937112,26.113221210667,18.51));
#14043=CARTESIAN_POINT('Ctrl Pts',(-48.6737396937112,26.113221210667,18.01));
#14044=CARTESIAN_POINT('Ctrl Pts',(-48.6178071255572,26.1803600075284,18.51));
#14045=CARTESIAN_POINT('Ctrl Pts',(-48.6178071255572,26.1803600075284,18.01));
#14046=CARTESIAN_POINT('Ctrl Pts',(-48.5245682558369,26.1803600075284,18.51));
#14047=CARTESIAN_POINT('Ctrl Pts',(-48.5245682558369,26.1803600075284,18.01));
#14048=CARTESIAN_POINT('',(-48.6737396937112,26.113221210667,18.01));
#14049=CARTESIAN_POINT('',(-48.6737396937112,26.113221210667,18.51));
#14050=CARTESIAN_POINT('Ctrl Pts',(-48.6737396937112,26.113221210667,18.01));
#14051=CARTESIAN_POINT('Ctrl Pts',(-48.6178071255572,26.1803600075284,18.01));
#14052=CARTESIAN_POINT('Ctrl Pts',(-48.5245682558369,26.1803600075284,18.01));
#14053=CARTESIAN_POINT('Origin',(-49.9939194648568,24.7632044635271,18.51));
#14054=CARTESIAN_POINT('',(-49.9939194648568,24.7632044635271,18.01));
#14055=CARTESIAN_POINT('',(-49.9939194648568,24.7632044635271,18.51));
#14056=CARTESIAN_POINT('',(-49.9939194648568,24.7632044635271,18.01));
#14057=CARTESIAN_POINT('Ctrl Pts',(-50.0610582617181,24.6140330256527,18.51));
#14058=CARTESIAN_POINT('Ctrl Pts',(-50.0610582617181,24.6140330256527,18.01));
#14059=CARTESIAN_POINT('Ctrl Pts',(-50.0610582617181,24.6960656666657,18.51));
#14060=CARTESIAN_POINT('Ctrl Pts',(-50.0610582617181,24.6960656666657,18.01));
#14061=CARTESIAN_POINT('Ctrl Pts',(-49.9939194648568,24.7632044635271,18.51));
#14062=CARTESIAN_POINT('Ctrl Pts',(-49.9939194648568,24.7632044635271,18.01));
#14063=CARTESIAN_POINT('',(-50.0610582617181,24.6140330256527,18.01));
#14064=CARTESIAN_POINT('',(-50.0610582617181,24.6140330256527,18.51));
#14065=CARTESIAN_POINT('Ctrl Pts',(-50.0610582617181,24.6140330256527,18.01));
#14066=CARTESIAN_POINT('Ctrl Pts',(-50.0610582617181,24.6960656666657,18.01));
#14067=CARTESIAN_POINT('Ctrl Pts',(-49.9939194648568,24.7632044635271,18.01));
#14068=CARTESIAN_POINT('Origin',(-50.0610582617181,22.0930124259408,18.51));
#14069=CARTESIAN_POINT('',(-50.0610582617181,22.0930124259408,18.01));
#14070=CARTESIAN_POINT('',(-50.0610582617181,22.0930124259408,18.51));
#14071=CARTESIAN_POINT('',(-50.0610582617181,22.0930124259408,18.01));
#14072=CARTESIAN_POINT('Origin',(-49.6209998315694,22.0930124259408,18.51));
#14073=CARTESIAN_POINT('',(-49.6209998315694,22.0930124259408,18.01));
#14074=CARTESIAN_POINT('',(-49.6209998315694,22.0930124259408,18.51));
#14075=CARTESIAN_POINT('',(-49.6209998315694,22.0930124259408,18.01));
#14076=CARTESIAN_POINT('Origin',(-49.6209998315694,23.5474473873131,18.51));
#14077=CARTESIAN_POINT('',(-49.6209998315694,23.5474473873131,18.01));
#14078=CARTESIAN_POINT('',(-49.6209998315694,23.5474473873131,18.51));
#14079=CARTESIAN_POINT('',(-49.6209998315694,23.5474473873131,18.01));
#14080=CARTESIAN_POINT('Origin',(-47.4057824717795,23.5474384259147,18.51));
#14081=CARTESIAN_POINT('',(-47.4057824717795,23.5474384259147,18.01));
#14082=CARTESIAN_POINT('',(-47.4057824717795,23.5474384259147,18.51));
#14083=CARTESIAN_POINT('',(-47.4057824717795,23.5474384259147,18.01));
#14084=CARTESIAN_POINT('Origin',(-47.4057824717795,22.0930034645424,18.51));
#14085=CARTESIAN_POINT('',(-47.4057824717795,22.0930034645424,18.01));
#14086=CARTESIAN_POINT('Origin',(-48.5096609695877,24.1366817360354,18.01));
#14087=CARTESIAN_POINT('Origin',(-56.5724596315603,25.6284005954778,18.51));
#14088=CARTESIAN_POINT('',(-56.5724596315603,25.6284005954778,18.51));
#14089=CARTESIAN_POINT('',(-57.6688800055447,24.5170617334962,18.51));
#14090=CARTESIAN_POINT('',(-49.0269895578564,33.2765384117727,18.51));
#14091=CARTESIAN_POINT('',(-56.5724596315603,25.6284005954778,18.01));
#14092=CARTESIAN_POINT('',(-56.5724596315603,25.6284005954778,18.51));
#14093=CARTESIAN_POINT('',(-57.6688800055447,24.5170617334962,18.01));
#14094=CARTESIAN_POINT('',(-56.5724596315603,25.6284005954778,18.01));
#14095=CARTESIAN_POINT('',(-57.6688800055447,24.5170617334962,18.51));
#14096=CARTESIAN_POINT('Origin',(-55.4611230099282,24.509605850022,18.51));
#14097=CARTESIAN_POINT('',(-55.4611230099282,24.509605850022,18.51));
#14098=CARTESIAN_POINT('',(-35.5613148316545,4.47625106617958,18.51));
#14099=CARTESIAN_POINT('',(-55.4611230099282,24.509605850022,18.01));
#14100=CARTESIAN_POINT('',(-55.4611230099282,24.509605850022,18.51));
#14101=CARTESIAN_POINT('',(-55.4611230099282,24.509605850022,18.01));
#14102=CARTESIAN_POINT('Origin',(-55.4611230099282,23.9651292056409,18.51));
#14103=CARTESIAN_POINT('',(-55.4611230099282,23.9651292056409,18.51));
#14104=CARTESIAN_POINT('',(-55.4611230099284,11.9825646028239,18.51));
#14105=CARTESIAN_POINT('',(-55.4611230099282,23.9651292056409,18.01));
#14106=CARTESIAN_POINT('',(-55.4611230099282,23.9651292056409,18.51));
#14107=CARTESIAN_POINT('',(-55.4611230099282,23.9651292056409,18.01));
#14108=CARTESIAN_POINT('Origin',(-57.6688800055447,23.9651292056409,18.51));
#14109=CARTESIAN_POINT('',(-57.6688800055447,23.9651292056409,18.51));
#14110=CARTESIAN_POINT('',(-28.8344400027709,23.9651292056409,18.51));
#14111=CARTESIAN_POINT('',(-57.6688800055447,23.9651292056409,18.01));
#14112=CARTESIAN_POINT('',(-57.6688800055447,23.9651292056409,18.51));
#14113=CARTESIAN_POINT('',(-57.6688800055447,23.9651292056409,18.01));
#14114=CARTESIAN_POINT('Origin',(-57.6688800055447,24.5170617334962,18.51));
#14115=CARTESIAN_POINT('',(-57.6688800055449,12.2585308667516,18.51));
#14116=CARTESIAN_POINT('',(-57.6688800055447,24.5170617334962,18.01));
#14117=CARTESIAN_POINT('Origin',(-55.0136602243461,22.0930034645424,18.51));
#14118=CARTESIAN_POINT('',(-55.0136602243461,22.0930034645424,18.01));
#14119=CARTESIAN_POINT('',(-55.0136602243461,22.0930034645424,18.51));
#14120=CARTESIAN_POINT('',(-55.4611790186683,22.0930034645424,18.01));
#14121=CARTESIAN_POINT('',(-55.0136602243461,22.0930034645424,18.01));
#14122=CARTESIAN_POINT('',(-55.4611790186683,22.0930034645424,18.51));
#14123=CARTESIAN_POINT('Origin',(-55.0136602243461,24.5991033359076,18.51));
#14124=CARTESIAN_POINT('',(-55.0136602243461,24.5991033359076,18.01));
#14125=CARTESIAN_POINT('',(-55.0136602243461,24.5991033359076,18.51));
#14126=CARTESIAN_POINT('',(-55.0136602243461,24.5991033359076,18.01));
#14127=CARTESIAN_POINT('Ctrl Pts',(-55.0733296956357,24.7557485800529,18.51));
#14128=CARTESIAN_POINT('Ctrl Pts',(-55.0733296956357,24.7557485800529,18.01));
#14129=CARTESIAN_POINT('Ctrl Pts',(-55.0136602243461,24.6960835894625,18.51));
#14130=CARTESIAN_POINT('Ctrl Pts',(-55.0136602243461,24.6960835894625,18.01));
#14131=CARTESIAN_POINT('Ctrl Pts',(-55.0136602243461,24.5991033359076,18.51));
#14132=CARTESIAN_POINT('Ctrl Pts',(-55.0136602243461,24.5991033359076,18.01));
#14133=CARTESIAN_POINT('',(-55.0733296956357,24.7557485800529,18.01));
#14134=CARTESIAN_POINT('',(-55.0733296956357,24.7557485800529,18.51));
#14135=CARTESIAN_POINT('Ctrl Pts',(-55.0733296956357,24.7557485800529,18.01));
#14136=CARTESIAN_POINT('Ctrl Pts',(-55.0136602243461,24.6960835894625,18.01));
#14137=CARTESIAN_POINT('Ctrl Pts',(-55.0136602243461,24.5991033359076,18.01));
#14138=CARTESIAN_POINT('Origin',(-56.4084257144288,26.113221210667,18.51));
#14139=CARTESIAN_POINT('',(-56.4084257144288,26.113221210667,18.01));
#14140=CARTESIAN_POINT('',(-56.4084257144288,26.113221210667,18.51));
#14141=CARTESIAN_POINT('',(-56.4084257144288,26.113221210667,18.01));
#14142=CARTESIAN_POINT('Ctrl Pts',(-56.5799625623761,26.1803600075284,18.51));
#14143=CARTESIAN_POINT('Ctrl Pts',(-56.5799625623761,26.1803600075284,18.01));
#14144=CARTESIAN_POINT('Ctrl Pts',(-56.4755421077941,26.1803600075284,18.51));
#14145=CARTESIAN_POINT('Ctrl Pts',(-56.4755421077941,26.1803600075284,18.01));
#14146=CARTESIAN_POINT('Ctrl Pts',(-56.4084257144288,26.113221210667,18.51));
#14147=CARTESIAN_POINT('Ctrl Pts',(-56.4084257144288,26.113221210667,18.01));
#14148=CARTESIAN_POINT('',(-56.5799625623761,26.1803600075284,18.01));
#14149=CARTESIAN_POINT('',(-56.5799625623761,26.1803600075284,18.51));
#14150=CARTESIAN_POINT('Ctrl Pts',(-56.5799625623761,26.1803600075284,18.01));
#14151=CARTESIAN_POINT('Ctrl Pts',(-56.4755421077941,26.1803600075284,18.01));
#14152=CARTESIAN_POINT('Ctrl Pts',(-56.4084257144288,26.113221210667,18.01));
#14153=CARTESIAN_POINT('Ctrl Pts',(-56.7291362406,26.113221210667,18.51));
#14154=CARTESIAN_POINT('Ctrl Pts',(-56.7291362406,26.113221210667,18.01));
#14155=CARTESIAN_POINT('Ctrl Pts',(-56.6732014320964,26.1803600075284,18.51));
#14156=CARTESIAN_POINT('Ctrl Pts',(-56.6732014320964,26.1803600075284,18.01));
#14157=CARTESIAN_POINT('Ctrl Pts',(-56.5799625623761,26.1803600075284,18.51));
#14158=CARTESIAN_POINT('Ctrl Pts',(-56.5799625623761,26.1803600075284,18.01));
#14159=CARTESIAN_POINT('',(-56.7291362406,26.113221210667,18.01));
#14160=CARTESIAN_POINT('',(-56.7291362406,26.113221210667,18.51));
#14161=CARTESIAN_POINT('Ctrl Pts',(-56.7291362406,26.113221210667,18.01));
#14162=CARTESIAN_POINT('Ctrl Pts',(-56.6732014320964,26.1803600075284,18.01));
#14163=CARTESIAN_POINT('Ctrl Pts',(-56.5799625623761,26.1803600075284,18.01));
#14164=CARTESIAN_POINT('Origin',(-58.0493160117456,24.7632044635271,18.51));
#14165=CARTESIAN_POINT('',(-58.0493160117456,24.7632044635271,18.01));
#14166=CARTESIAN_POINT('',(-58.0493160117456,24.7632044635271,18.51));
#14167=CARTESIAN_POINT('',(-58.0493160117456,24.7632044635271,18.01));
#14168=CARTESIAN_POINT('Ctrl Pts',(-58.1164548086069,24.6140330256527,18.51));
#14169=CARTESIAN_POINT('Ctrl Pts',(-58.1164548086069,24.6140330256527,18.01));
#14170=CARTESIAN_POINT('Ctrl Pts',(-58.1164548086069,24.6960656666657,18.51));
#14171=CARTESIAN_POINT('Ctrl Pts',(-58.1164548086069,24.6960656666657,18.01));
#14172=CARTESIAN_POINT('Ctrl Pts',(-58.0493160117456,24.7632044635271,18.51));
#14173=CARTESIAN_POINT('Ctrl Pts',(-58.0493160117456,24.7632044635271,18.01));
#14174=CARTESIAN_POINT('',(-58.1164548086069,24.6140330256527,18.01));
#14175=CARTESIAN_POINT('',(-58.1164548086069,24.6140330256527,18.51));
#14176=CARTESIAN_POINT('Ctrl Pts',(-58.1164548086069,24.6140330256527,18.01));
#14177=CARTESIAN_POINT('Ctrl Pts',(-58.1164548086069,24.6960656666657,18.01));
#14178=CARTESIAN_POINT('Ctrl Pts',(-58.0493160117456,24.7632044635271,18.01));
#14179=CARTESIAN_POINT('Origin',(-58.1164548086069,22.0930124259408,18.51));
#14180=CARTESIAN_POINT('',(-58.1164548086069,22.0930124259408,18.01));
#14181=CARTESIAN_POINT('',(-58.1164548086069,22.0930124259408,18.51));
#14182=CARTESIAN_POINT('',(-58.1164548086069,22.0930124259408,18.01));
#14183=CARTESIAN_POINT('Origin',(-57.6763963784582,22.0930124259408,18.51));
#14184=CARTESIAN_POINT('',(-57.6763963784582,22.0930124259408,18.01));
#14185=CARTESIAN_POINT('',(-57.6763963784582,22.0930124259408,18.51));
#14186=CARTESIAN_POINT('',(-57.6763963784582,22.0930124259408,18.01));
#14187=CARTESIAN_POINT('Origin',(-57.6763963784582,23.5474473873131,18.51));
#14188=CARTESIAN_POINT('',(-57.6763963784582,23.5474473873131,18.01));
#14189=CARTESIAN_POINT('',(-57.6763963784582,23.5474473873131,18.51));
#14190=CARTESIAN_POINT('',(-57.6763963784582,23.5474473873131,18.01));
#14191=CARTESIAN_POINT('Origin',(-55.4611790186683,23.5474384259147,18.51));
#14192=CARTESIAN_POINT('',(-55.4611790186683,23.5474384259147,18.01));
#14193=CARTESIAN_POINT('',(-55.4611790186683,23.5474384259147,18.51));
#14194=CARTESIAN_POINT('',(-55.4611790186683,23.5474384259147,18.01));
#14195=CARTESIAN_POINT('Origin',(-55.4611790186683,22.0930034645424,18.51));
#14196=CARTESIAN_POINT('',(-55.4611790186683,22.0930034645424,18.01));
#14197=CARTESIAN_POINT('Origin',(-56.5650575164765,24.1366817360354,18.01));
#14198=CARTESIAN_POINT('Origin',(58.0041211611121,-27.9429703492343,18.51));
#14199=CARTESIAN_POINT('',(58.0041211611121,-27.9429703492343,18.01));
#14200=CARTESIAN_POINT('',(58.0041211611121,-27.9429703492343,18.51));
#14201=CARTESIAN_POINT('',(57.8100957404461,-28.3590592066073,18.01));
#14202=CARTESIAN_POINT('',(58.0041211611121,-27.9429703492343,18.01));
#14203=CARTESIAN_POINT('',(57.8100957404461,-28.3590592066073,18.51));
#14204=CARTESIAN_POINT('Origin',(54.41189333041,-26.2678870019404,18.51));
#14205=CARTESIAN_POINT('',(54.41189333041,-26.2678870019404,18.01));
#14206=CARTESIAN_POINT('',(54.41189333041,-26.2678870019404,18.51));
#14207=CARTESIAN_POINT('',(54.41189333041,-26.2678870019404,18.01));
#14208=CARTESIAN_POINT('Ctrl Pts',(54.1493339356478,-26.3058645055547,18.51));
#14209=CARTESIAN_POINT('Ctrl Pts',(54.1493339356478,-26.3058645055547,18.01));
#14210=CARTESIAN_POINT('Ctrl Pts',(54.2662495239905,-26.1999721796441,18.51));
#14211=CARTESIAN_POINT('Ctrl Pts',(54.2662495239905,-26.1999721796441,18.01));
#14212=CARTESIAN_POINT('Ctrl Pts',(54.41189333041,-26.2678870019404,18.51));
#14213=CARTESIAN_POINT('Ctrl Pts',(54.41189333041,-26.2678870019404,18.01));
#14214=CARTESIAN_POINT('',(54.1493339356478,-26.3058645055547,18.01));
#14215=CARTESIAN_POINT('',(54.1493339356478,-26.3058645055547,18.51));
#14216=CARTESIAN_POINT('Ctrl Pts',(54.1493339356478,-26.3058645055547,18.01));
#14217=CARTESIAN_POINT('Ctrl Pts',(54.2662495239905,-26.1999721796441,18.01));
#14218=CARTESIAN_POINT('Ctrl Pts',(54.41189333041,-26.2678870019404,18.01));
#14219=CARTESIAN_POINT('Ctrl Pts',(54.1310255242671,-26.3268759398907,18.51));
#14220=CARTESIAN_POINT('Ctrl Pts',(54.1310255242671,-26.3268759398907,18.01));
#14221=CARTESIAN_POINT('Ctrl Pts',(54.1326447177564,-26.3234035682474,18.51));
#14222=CARTESIAN_POINT('Ctrl Pts',(54.1326447177564,-26.3234035682474,18.01));
#14223=CARTESIAN_POINT('Ctrl Pts',(54.1493339356478,-26.3058645055547,18.51));
#14224=CARTESIAN_POINT('Ctrl Pts',(54.1493339356478,-26.3058645055547,18.01));
#14225=CARTESIAN_POINT('',(54.1310255242671,-26.3268759398907,18.01));
#14226=CARTESIAN_POINT('',(54.1310255242671,-26.3268759398907,18.51));
#14227=CARTESIAN_POINT('Ctrl Pts',(54.1310255242671,-26.3268759398907,18.01));
#14228=CARTESIAN_POINT('Ctrl Pts',(54.1326447177564,-26.3234035682474,18.01));
#14229=CARTESIAN_POINT('Ctrl Pts',(54.1493339356478,-26.3058645055547,18.01));
#14230=CARTESIAN_POINT('Ctrl Pts',(54.1215815501687,-26.3562432713017,18.51));
#14231=CARTESIAN_POINT('Ctrl Pts',(54.1215815501687,-26.3562432713017,18.01));
#14232=CARTESIAN_POINT('Ctrl Pts',(54.1261776570177,-26.3372722247569,18.51));
#14233=CARTESIAN_POINT('Ctrl Pts',(54.1261776570177,-26.3372722247569,18.01));
#14234=CARTESIAN_POINT('Ctrl Pts',(54.1310255242671,-26.3268759398907,18.51));
#14235=CARTESIAN_POINT('Ctrl Pts',(54.1310255242671,-26.3268759398907,18.01));
#14236=CARTESIAN_POINT('',(54.1215815501687,-26.3562432713017,18.01));
#14237=CARTESIAN_POINT('',(54.1215815501687,-26.3562432713017,18.51));
#14238=CARTESIAN_POINT('Ctrl Pts',(54.1215815501687,-26.3562432713017,18.01));
#14239=CARTESIAN_POINT('Ctrl Pts',(54.1261776570177,-26.3372722247569,18.01));
#14240=CARTESIAN_POINT('Ctrl Pts',(54.1310255242671,-26.3268759398907,18.01));
#14241=CARTESIAN_POINT('Ctrl Pts',(54.1137548269159,-26.3821423970822,18.51));
#14242=CARTESIAN_POINT('Ctrl Pts',(54.1137548269159,-26.3821423970822,18.01));
#14243=CARTESIAN_POINT('Ctrl Pts',(54.1169932138944,-26.3751976537955,18.51));
#14244=CARTESIAN_POINT('Ctrl Pts',(54.1169932138944,-26.3751976537955,18.01));
#14245=CARTESIAN_POINT('Ctrl Pts',(54.1215815501687,-26.3562432713017,18.51));
#14246=CARTESIAN_POINT('Ctrl Pts',(54.1215815501687,-26.3562432713017,18.01));
#14247=CARTESIAN_POINT('',(54.1137548269159,-26.3821423970822,18.01));
#14248=CARTESIAN_POINT('',(54.1137548269159,-26.3821423970822,18.51));
#14249=CARTESIAN_POINT('Ctrl Pts',(54.1137548269159,-26.3821423970822,18.01));
#14250=CARTESIAN_POINT('Ctrl Pts',(54.1169932138944,-26.3751976537955,18.01));
#14251=CARTESIAN_POINT('Ctrl Pts',(54.1215815501687,-26.3562432713017,18.01));
#14252=CARTESIAN_POINT('Ctrl Pts',(54.1013204585884,-26.5536419484181,18.51));
#14253=CARTESIAN_POINT('Ctrl Pts',(54.1013204585884,-26.5536419484181,18.01));
#14254=CARTESIAN_POINT('Ctrl Pts',(54.071716018149,-26.4722949134128,18.51));
#14255=CARTESIAN_POINT('Ctrl Pts',(54.071716018149,-26.4722949134128,18.01));
#14256=CARTESIAN_POINT('Ctrl Pts',(54.1137548269159,-26.3821423970822,18.51));
#14257=CARTESIAN_POINT('Ctrl Pts',(54.1137548269159,-26.3821423970822,18.01));
#14258=CARTESIAN_POINT('',(54.1013204585884,-26.5536419484181,18.01));
#14259=CARTESIAN_POINT('',(54.1013204585884,-26.5536419484181,18.51));
#14260=CARTESIAN_POINT('Ctrl Pts',(54.1013204585884,-26.5536419484181,18.01));
#14261=CARTESIAN_POINT('Ctrl Pts',(54.071716018149,-26.4722949134128,18.01));
#14262=CARTESIAN_POINT('Ctrl Pts',(54.1137548269159,-26.3821423970822,18.01));
#14263=CARTESIAN_POINT('Origin',(54.7175267390343,-28.1833765182597,18.51));
#14264=CARTESIAN_POINT('',(54.7175267390343,-28.1833765182597,18.01));
#14265=CARTESIAN_POINT('',(54.7175267390343,-28.1833765182597,18.51));
#14266=CARTESIAN_POINT('',(54.7175267390343,-28.1833765182597,18.01));
#14267=CARTESIAN_POINT('Origin',(53.0997952956271,-28.7376389587414,18.51));
#14268=CARTESIAN_POINT('',(53.0997952956271,-28.7376389587414,18.01));
#14269=CARTESIAN_POINT('',(53.0997952956271,-28.7376389587414,18.51));
#14270=CARTESIAN_POINT('',(53.0997952956271,-28.7376389587414,18.01));
#14271=CARTESIAN_POINT('Ctrl Pts',(52.9625388527018,-28.8509330207855,18.51));
#14272=CARTESIAN_POINT('Ctrl Pts',(52.9625388527018,-28.8509330207855,18.01));
#14273=CARTESIAN_POINT('Ctrl Pts',(52.9981101150691,-28.7746502024675,18.51));
#14274=CARTESIAN_POINT('Ctrl Pts',(52.9981101150691,-28.7746502024675,18.01));
#14275=CARTESIAN_POINT('Ctrl Pts',(53.0997952956271,-28.7376389587414,18.51));
#14276=CARTESIAN_POINT('Ctrl Pts',(53.0997952956271,-28.7376389587414,18.01));
#14277=CARTESIAN_POINT('',(52.9625388527018,-28.8509330207855,18.01));
#14278=CARTESIAN_POINT('',(52.9625388527018,-28.8509330207855,18.51));
#14279=CARTESIAN_POINT('Ctrl Pts',(52.9625388527018,-28.8509330207855,18.01));
#14280=CARTESIAN_POINT('Ctrl Pts',(52.9981101150691,-28.7746502024675,18.01));
#14281=CARTESIAN_POINT('Ctrl Pts',(53.0997952956271,-28.7376389587414,18.01));
#14282=CARTESIAN_POINT('Ctrl Pts',(52.9477143339263,-28.9368902045221,18.51));
#14283=CARTESIAN_POINT('Ctrl Pts',(52.9477143339263,-28.9368902045221,18.01));
#14284=CARTESIAN_POINT('Ctrl Pts',(52.9463702295333,-28.8856067450655,18.51));
#14285=CARTESIAN_POINT('Ctrl Pts',(52.9463702295333,-28.8856067450655,18.01));
#14286=CARTESIAN_POINT('Ctrl Pts',(52.9625388527018,-28.8509330207855,18.51));
#14287=CARTESIAN_POINT('Ctrl Pts',(52.9625388527018,-28.8509330207855,18.01));
#14288=CARTESIAN_POINT('',(52.9477143339263,-28.9368902045221,18.01));
#14289=CARTESIAN_POINT('',(52.9477143339263,-28.9368902045221,18.51));
#14290=CARTESIAN_POINT('Ctrl Pts',(52.9477143339263,-28.9368902045221,18.01));
#14291=CARTESIAN_POINT('Ctrl Pts',(52.9463702295333,-28.8856067450655,18.01));
#14292=CARTESIAN_POINT('Ctrl Pts',(52.9625388527018,-28.8509330207855,18.01));
#14293=CARTESIAN_POINT('Ctrl Pts',(53.080450741144,-29.1591984358068,18.51));
#14294=CARTESIAN_POINT('Ctrl Pts',(53.080450741144,-29.1591984358068,18.01));
#14295=CARTESIAN_POINT('Ctrl Pts',(52.941755844024,-29.0945239431327,18.51));
#14296=CARTESIAN_POINT('Ctrl Pts',(52.941755844024,-29.0945239431327,18.01));
#14297=CARTESIAN_POINT('Ctrl Pts',(52.9477143339263,-28.9368902045221,18.51));
#14298=CARTESIAN_POINT('Ctrl Pts',(52.9477143339263,-28.9368902045221,18.01));
#14299=CARTESIAN_POINT('',(53.080450741144,-29.1591984358068,18.01));
#14300=CARTESIAN_POINT('',(53.080450741144,-29.1591984358068,18.51));
#14301=CARTESIAN_POINT('Ctrl Pts',(53.080450741144,-29.1591984358068,18.01));
#14302=CARTESIAN_POINT('Ctrl Pts',(52.941755844024,-29.0945239431327,18.01));
#14303=CARTESIAN_POINT('Ctrl Pts',(52.9477143339263,-28.9368902045221,18.01));
#14304=CARTESIAN_POINT('Origin',(56.658805749324,-30.8278127797184,18.51));
#14305=CARTESIAN_POINT('',(56.658805749324,-30.8278127797184,18.01));
#14306=CARTESIAN_POINT('',(56.658805749324,-30.8278127797184,18.51));
#14307=CARTESIAN_POINT('',(56.658805749324,-30.8278127797184,18.01));
#14308=CARTESIAN_POINT('Origin',(56.8528306843291,-30.4117249638486,18.51));
#14309=CARTESIAN_POINT('',(56.8528306843291,-30.4117249638486,18.01));
#14310=CARTESIAN_POINT('',(56.8528306843291,-30.4117249638486,18.51));
#14311=CARTESIAN_POINT('',(56.8528306843291,-30.4117249638486,18.01));
#14312=CARTESIAN_POINT('Origin',(53.7737806385917,-28.9759403476787,18.51));
#14313=CARTESIAN_POINT('',(53.7737806385917,-28.9759403476787,18.01));
#14314=CARTESIAN_POINT('',(53.7737806385917,-28.9759403476787,18.51));
#14315=CARTESIAN_POINT('',(53.7737806385917,-28.9759403476787,18.01));
#14316=CARTESIAN_POINT('Origin',(55.0120449452588,-28.5655526635126,18.51));
#14317=CARTESIAN_POINT('',(55.0120449452588,-28.5655526635126,18.01));
#14318=CARTESIAN_POINT('',(55.0120449452588,-28.5655526635126,18.51));
#14319=CARTESIAN_POINT('',(55.0120449452588,-28.5655526635126,18.01));
#14320=CARTESIAN_POINT('Origin',(55.5390872207202,-28.8113165127317,18.51));
#14321=CARTESIAN_POINT('',(55.5390872207202,-28.8113165127317,18.01));
#14322=CARTESIAN_POINT('',(55.5390872207202,-28.8113165127317,18.51));
#14323=CARTESIAN_POINT('',(55.5390872207202,-28.8113165127317,18.01));
#14324=CARTESIAN_POINT('Origin',(55.7363461717556,-28.3882933271039,18.51));
#14325=CARTESIAN_POINT('',(55.7363461717556,-28.3882933271039,18.01));
#14326=CARTESIAN_POINT('',(55.7363461717556,-28.3882933271039,18.51));
#14327=CARTESIAN_POINT('',(55.7363461717556,-28.3882933271039,18.01));
#14328=CARTESIAN_POINT('Origin',(55.2093038962941,-28.1425294778848,18.51));
#14329=CARTESIAN_POINT('',(55.2093038962941,-28.1425294778848,18.01));
#14330=CARTESIAN_POINT('',(55.2093038962941,-28.1425294778848,18.51));
#14331=CARTESIAN_POINT('',(55.2093038962941,-28.1425294778848,18.01));
#14332=CARTESIAN_POINT('Origin',(54.7171728721865,-26.9168055870551,18.51));
#14333=CARTESIAN_POINT('',(54.7171728721865,-26.9168055870551,18.01));
#14334=CARTESIAN_POINT('',(54.7171728721865,-26.9168055870551,18.51));
#14335=CARTESIAN_POINT('',(54.7171728721865,-26.9168055870551,18.01));
#14336=CARTESIAN_POINT('Origin',(57.8100957404461,-28.3590592066073,18.51));
#14337=CARTESIAN_POINT('',(57.8100957404461,-28.3590592066073,18.01));
#14338=CARTESIAN_POINT('Origin',(55.4729385025681,-28.5138924796812,18.01));
#14339=CARTESIAN_POINT('Origin',(61.0878674153553,-12.5122773913074,18.51));
#14340=CARTESIAN_POINT('',(61.0878674153553,-12.5122773913074,18.51));
#14341=CARTESIAN_POINT('',(60.4572852838517,-13.8645651362666,18.51));
#14342=CARTESIAN_POINT('',(58.0287717723026,-19.0725291683346,18.51));
#14343=CARTESIAN_POINT('',(61.0878674153553,-12.5122773913074,18.01));
#14344=CARTESIAN_POINT('',(61.0878674153553,-12.5122773913074,18.51));
#14345=CARTESIAN_POINT('',(60.4572852838517,-13.8645651362666,18.01));
#14346=CARTESIAN_POINT('',(61.0878674153553,-12.5122773913074,18.01));
#14347=CARTESIAN_POINT('',(60.4572852838517,-13.8645651362666,18.51));
#14348=CARTESIAN_POINT('Origin',(62.1144271727472,-12.1213679375751,18.51));
#14349=CARTESIAN_POINT('',(62.1144271727472,-12.1213679375751,18.51));
#14350=CARTESIAN_POINT('',(37.0059567514432,-21.6825633631404,18.51));
#14351=CARTESIAN_POINT('',(62.1144271727472,-12.1213679375751,18.01));
#14352=CARTESIAN_POINT('',(62.1144271727472,-12.1213679375751,18.51));
#14353=CARTESIAN_POINT('',(62.1144271727472,-12.1213679375751,18.01));
#14354=CARTESIAN_POINT('Origin',(62.384884721739,-12.2474843638759,18.51));
#14355=CARTESIAN_POINT('',(62.384884721739,-12.2474843638759,18.51));
#14356=CARTESIAN_POINT('',(34.4180764738074,0.793652496288262,18.51));
#14357=CARTESIAN_POINT('',(62.384884721739,-12.2474843638759,18.01));
#14358=CARTESIAN_POINT('',(62.384884721739,-12.2474843638759,18.51));
#14359=CARTESIAN_POINT('',(62.384884721739,-12.2474843638759,18.01));
#14360=CARTESIAN_POINT('Origin',(62.776726627497,-13.3082475237035,18.51));
#14361=CARTESIAN_POINT('',(62.776726627497,-13.3082475237035,18.51));
#14362=CARTESIAN_POINT('',(56.8450611314086,2.74948428652742,18.51));
#14363=CARTESIAN_POINT('',(62.776726627497,-13.3082475237035,18.01));
#14364=CARTESIAN_POINT('',(62.776726627497,-13.3082475237035,18.51));
#14365=CARTESIAN_POINT('',(62.776726627497,-13.3082475237035,18.01));
#14366=CARTESIAN_POINT('Origin',(62.1493789976845,-14.6535988574016,18.51));
#14367=CARTESIAN_POINT('',(62.1493789976845,-14.6535988574016,18.51));
#14368=CARTESIAN_POINT('',(59.4055739347226,-20.5377078034524,18.51));
#14369=CARTESIAN_POINT('',(62.1493789976845,-14.6535988574016,18.01));
#14370=CARTESIAN_POINT('',(62.1493789976845,-14.6535988574016,18.51));
#14371=CARTESIAN_POINT('',(62.1493789976845,-14.6535988574016,18.01));
#14372=CARTESIAN_POINT('Origin',(60.4572852838517,-13.8645651362666,18.51));
#14373=CARTESIAN_POINT('',(32.9724241985079,-1.04820512041112,18.51));
#14374=CARTESIAN_POINT('',(60.4572852838517,-13.8645651362666,18.01));
#14375=CARTESIAN_POINT('Origin',(62.7786206633658,-12.0005495687831,18.51));
#14376=CARTESIAN_POINT('',(62.7786206633658,-12.0005495687831,18.01));
#14377=CARTESIAN_POINT('',(62.7786206633658,-12.0005495687831,18.51));
#14378=CARTESIAN_POINT('',(63.2403190741811,-13.2374140155457,18.01));
#14379=CARTESIAN_POINT('',(62.7786206633658,-12.0005495687831,18.01));
#14380=CARTESIAN_POINT('',(63.2403190741811,-13.2374140155457,18.51));
#14381=CARTESIAN_POINT('Ctrl Pts',(62.6588720386213,-11.8771676102982,18.51));
#14382=CARTESIAN_POINT('Ctrl Pts',(62.6588720386213,-11.8771676102982,18.01));
#14383=CARTESIAN_POINT('Ctrl Pts',(62.7490162229264,-11.9192025337778,18.51));
#14384=CARTESIAN_POINT('Ctrl Pts',(62.7490162229264,-11.9192025337778,18.01));
#14385=CARTESIAN_POINT('Ctrl Pts',(62.7786206633658,-12.0005495687831,18.51));
#14386=CARTESIAN_POINT('Ctrl Pts',(62.7786206633658,-12.0005495687831,18.01));
#14387=CARTESIAN_POINT('',(62.6588720386213,-11.8771676102982,18.01));
#14388=CARTESIAN_POINT('',(62.6588720386213,-11.8771676102982,18.51));
#14389=CARTESIAN_POINT('Ctrl Pts',(62.6588720386213,-11.8771676102982,18.01));
#14390=CARTESIAN_POINT('Ctrl Pts',(62.7490162229264,-11.9192025337778,18.01));
#14391=CARTESIAN_POINT('Ctrl Pts',(62.7786206633658,-12.0005495687831,18.01));
#14392=CARTESIAN_POINT('Origin',(62.2150417022166,-11.6702061255112,18.51));
#14393=CARTESIAN_POINT('',(62.2150417022166,-11.6702061255112,18.01));
#14394=CARTESIAN_POINT('',(62.2150417022166,-11.6702061255112,18.51));
#14395=CARTESIAN_POINT('',(62.2150417022166,-11.6702061255112,18.01));
#14396=CARTESIAN_POINT('Ctrl Pts',(62.0472382325196,-11.6679551681743,18.51));
#14397=CARTESIAN_POINT('Ctrl Pts',(62.0472382325196,-11.6679551681743,18.01));
#14398=CARTESIAN_POINT('Ctrl Pts',(62.1387453443571,-11.634628549552,18.51));
#14399=CARTESIAN_POINT('Ctrl Pts',(62.1387453443571,-11.634628549552,18.01));
#14400=CARTESIAN_POINT('Ctrl Pts',(62.2150417022166,-11.6702061255112,18.51));
#14401=CARTESIAN_POINT('Ctrl Pts',(62.2150417022166,-11.6702061255112,18.01));
#14402=CARTESIAN_POINT('',(62.0472382325196,-11.6679551681743,18.01));
#14403=CARTESIAN_POINT('',(62.0472382325196,-11.6679551681743,18.51));
#14404=CARTESIAN_POINT('Ctrl Pts',(62.0472382325196,-11.6679551681743,18.01));
#14405=CARTESIAN_POINT('Ctrl Pts',(62.1387453443571,-11.634628549552,18.01));
#14406=CARTESIAN_POINT('Ctrl Pts',(62.2150417022166,-11.6702061255112,18.01));
#14407=CARTESIAN_POINT('Origin',(60.8339428930117,-12.1153125176295,18.51));
#14408=CARTESIAN_POINT('',(60.8339428930117,-12.1153125176295,18.01));
#14409=CARTESIAN_POINT('',(60.8339428930117,-12.1153125176295,18.51));
#14410=CARTESIAN_POINT('',(60.8339428930117,-12.1153125176295,18.01));
#14411=CARTESIAN_POINT('Ctrl Pts',(60.7105544159995,-12.2350859980879,18.51));
#14412=CARTESIAN_POINT('Ctrl Pts',(60.7105544159995,-12.2350859980879,18.01));
#14413=CARTESIAN_POINT('Ctrl Pts',(60.7525980813755,-12.1449230667253,18.51));
#14414=CARTESIAN_POINT('Ctrl Pts',(60.7525980813755,-12.1449230667253,18.01));
#14415=CARTESIAN_POINT('Ctrl Pts',(60.8339428930117,-12.1153125176295,18.51));
#14416=CARTESIAN_POINT('Ctrl Pts',(60.8339428930117,-12.1153125176295,18.01));
#14417=CARTESIAN_POINT('',(60.7105544159995,-12.2350859980879,18.01));
#14418=CARTESIAN_POINT('',(60.7105544159995,-12.2350859980879,18.51));
#14419=CARTESIAN_POINT('Ctrl Pts',(60.7105544159995,-12.2350859980879,18.01));
#14420=CARTESIAN_POINT('Ctrl Pts',(60.7525980813755,-12.1449230667253,18.01));
#14421=CARTESIAN_POINT('Ctrl Pts',(60.8339428930117,-12.1153125176295,18.01));
#14422=CARTESIAN_POINT('Origin',(59.8503760871235,-14.0797443772348,18.51));
#14423=CARTESIAN_POINT('',(59.8503760871235,-14.0797443772348,18.01));
#14424=CARTESIAN_POINT('',(59.8503760871235,-14.0797443772348,18.51));
#14425=CARTESIAN_POINT('',(59.8503760871235,-14.0797443772348,18.01));
#14426=CARTESIAN_POINT('Origin',(63.6575868407797,-15.8550759078748,18.51));
#14427=CARTESIAN_POINT('',(63.6575868407797,-15.8550759078748,18.01));
#14428=CARTESIAN_POINT('',(63.6575868407797,-15.8550759078748,18.51));
#14429=CARTESIAN_POINT('',(63.6575868407797,-15.8550759078748,18.01));
#14430=CARTESIAN_POINT('Origin',(63.8484039854439,-15.4458672205905,18.51));
#14431=CARTESIAN_POINT('',(63.8484039854439,-15.4458672205905,18.01));
#14432=CARTESIAN_POINT('',(63.8484039854439,-15.4458672205905,18.51));
#14433=CARTESIAN_POINT('',(63.8484039854439,-15.4458672205905,18.01));
#14434=CARTESIAN_POINT('Origin',(62.579336511567,-14.8540913388062,18.51));
#14435=CARTESIAN_POINT('',(62.579336511567,-14.8540913388062,18.01));
#14436=CARTESIAN_POINT('',(62.579336511567,-14.8540913388062,18.51));
#14437=CARTESIAN_POINT('',(62.579336511567,-14.8540913388062,18.01));
#14438=CARTESIAN_POINT('Origin',(63.2486765849895,-13.4186216590561,18.51));
#14439=CARTESIAN_POINT('',(63.2486765849895,-13.4186216590561,18.01));
#14440=CARTESIAN_POINT('',(63.2486765849895,-13.4186216590561,18.51));
#14441=CARTESIAN_POINT('',(63.2486765849895,-13.4186216590561,18.01));
#14442=CARTESIAN_POINT('Ctrl Pts',(63.2403190741811,-13.2374140155457,18.51));
#14443=CARTESIAN_POINT('Ctrl Pts',(63.2403190741811,-13.2374140155457,18.01));
#14444=CARTESIAN_POINT('Ctrl Pts',(63.2810245158667,-13.3492512974258,18.51));
#14445=CARTESIAN_POINT('Ctrl Pts',(63.2810245158667,-13.3492512974258,18.01));
#14446=CARTESIAN_POINT('Ctrl Pts',(63.2486765849895,-13.4186216590561,18.51));
#14447=CARTESIAN_POINT('Ctrl Pts',(63.2486765849895,-13.4186216590561,18.01));
#14448=CARTESIAN_POINT('Ctrl Pts',(63.2403190741811,-13.2374140155457,18.01));
#14449=CARTESIAN_POINT('Ctrl Pts',(63.2810245158667,-13.3492512974258,18.01));
#14450=CARTESIAN_POINT('Ctrl Pts',(63.2486765849895,-13.4186216590561,18.01));
#14451=CARTESIAN_POINT('Origin',(61.8493900362837,-13.7448522287134,18.01));
#14452=CARTESIAN_POINT('Origin',(64.5701864087369,-5.02632140362131,18.51));
#14453=CARTESIAN_POINT('',(64.5701864087369,-5.02632140362131,18.51));
#14454=CARTESIAN_POINT('',(64.1368641995905,-5.95558387994632,18.51));
#14455=CARTESIAN_POINT('',(59.766465146369,-15.327934894968,18.51));
#14456=CARTESIAN_POINT('',(64.5701864087369,-5.02632140362131,18.01));
#14457=CARTESIAN_POINT('',(64.5701864087369,-5.02632140362131,18.51));
#14458=CARTESIAN_POINT('',(64.1368641995905,-5.95558387994632,18.01));
#14459=CARTESIAN_POINT('',(64.5701864087369,-5.02632140362131,18.01));
#14460=CARTESIAN_POINT('',(64.1368641995905,-5.95558387994632,18.51));
#14461=CARTESIAN_POINT('Origin',(65.6314147530743,-4.6515807134203,18.51));
#14462=CARTESIAN_POINT('',(65.6314147530743,-4.6515807134203,18.51));
#14463=CARTESIAN_POINT('',(37.1841772009353,-14.6968621945302,18.51));
#14464=CARTESIAN_POINT('',(65.6314147530743,-4.6515807134203,18.01));
#14465=CARTESIAN_POINT('',(65.6314147530743,-4.6515807134203,18.51));
#14466=CARTESIAN_POINT('',(65.6314147530743,-4.6515807134203,18.01));
#14467=CARTESIAN_POINT('Origin',(67.1570752854463,-5.36300790341021,18.51));
#14468=CARTESIAN_POINT('',(67.1570752854463,-5.36300790341021,18.51));
#14469=CARTESIAN_POINT('',(38.5487968893144,7.97725139933628,18.51));
#14470=CARTESIAN_POINT('',(67.1570752854463,-5.36300790341021,18.01));
#14471=CARTESIAN_POINT('',(67.1570752854463,-5.36300790341021,18.51));
#14472=CARTESIAN_POINT('',(67.1570752854463,-5.36300790341021,18.01));
#14473=CARTESIAN_POINT('Origin',(67.5382872023987,-6.41036953388173,18.51));
#14474=CARTESIAN_POINT('',(67.5382872023987,-6.41036953388173,18.51));
#14475=CARTESIAN_POINT('',(62.5578508158557,7.27314281791064,18.51));
#14476=CARTESIAN_POINT('',(67.5382872023987,-6.41036953388173,18.01));
#14477=CARTESIAN_POINT('',(67.5382872023987,-6.41036953388173,18.51));
#14478=CARTESIAN_POINT('',(67.5382872023987,-6.41036953388173,18.01));
#14479=CARTESIAN_POINT('Origin',(67.1049649932523,-7.33963201020674,18.51));
#14480=CARTESIAN_POINT('',(67.1049649932523,-7.33963201020674,18.51));
#14481=CARTESIAN_POINT('',(62.5179048354578,-17.1766142633908,18.51));
#14482=CARTESIAN_POINT('',(67.1049649932523,-7.33963201020674,18.01));
#14483=CARTESIAN_POINT('',(67.1049649932523,-7.33963201020674,18.51));
#14484=CARTESIAN_POINT('',(67.1049649932523,-7.33963201020674,18.01));
#14485=CARTESIAN_POINT('Origin',(64.1368641995905,-5.95558387994632,18.51));
#14486=CARTESIAN_POINT('',(36.6554922575912,6.8591903132138,18.51));
#14487=CARTESIAN_POINT('',(64.1368641995905,-5.95558387994632,18.01));
#14488=CARTESIAN_POINT('Origin',(67.1431989183222,-8.36214489191082,18.51));
#14489=CARTESIAN_POINT('',(67.1431989183222,-8.36214489191082,18.01));
#14490=CARTESIAN_POINT('',(67.1431989183222,-8.36214489191082,18.51));
#14491=CARTESIAN_POINT('',(66.727114226962,-8.16812141388847,18.01));
#14492=CARTESIAN_POINT('',(67.1431989183222,-8.36214489191082,18.01));
#14493=CARTESIAN_POINT('',(66.727114226962,-8.16812141388847,18.51));
#14494=CARTESIAN_POINT('Origin',(68.0001437168289,-6.52442084101859,18.51));
#14495=CARTESIAN_POINT('',(68.0001437168289,-6.52442084101859,18.01));
#14496=CARTESIAN_POINT('',(68.0001437168289,-6.52442084101859,18.51));
#14497=CARTESIAN_POINT('',(68.0001437168289,-6.52442084101859,18.01));
#14498=CARTESIAN_POINT('Ctrl Pts',(67.9987110905651,-6.34643978826202,18.51));
#14499=CARTESIAN_POINT('Ctrl Pts',(67.9987110905651,-6.34643978826202,18.01));
#14500=CARTESIAN_POINT('Ctrl Pts',(68.0357212927881,-6.44812448315913,18.51));
#14501=CARTESIAN_POINT('Ctrl Pts',(68.0357212927881,-6.44812448315913,18.01));
#14502=CARTESIAN_POINT('Ctrl Pts',(68.0001437168289,-6.52442084101859,18.51));
#14503=CARTESIAN_POINT('Ctrl Pts',(68.0001437168289,-6.52442084101859,18.01));
#14504=CARTESIAN_POINT('',(67.9987110905651,-6.34643978826202,18.01));
#14505=CARTESIAN_POINT('',(67.9987110905651,-6.34643978826202,18.51));
#14506=CARTESIAN_POINT('Ctrl Pts',(67.9987110905651,-6.34643978826202,18.01));
#14507=CARTESIAN_POINT('Ctrl Pts',(68.0357212927881,-6.44812448315913,18.01));
#14508=CARTESIAN_POINT('Ctrl Pts',(68.0001437168289,-6.52442084101859,18.01));
#14509=CARTESIAN_POINT('Origin',(67.5578167761986,-5.11927898693561,18.51));
#14510=CARTESIAN_POINT('',(67.5578167761986,-5.11927898693561,18.01));
#14511=CARTESIAN_POINT('',(67.5578167761986,-5.11927898693561,18.51));
#14512=CARTESIAN_POINT('',(67.5578167761986,-5.11927898693561,18.01));
#14513=CARTESIAN_POINT('Ctrl Pts',(67.4343576291331,-4.98571195554191,18.51));
#14514=CARTESIAN_POINT('Ctrl Pts',(67.4343576291331,-4.98571195554191,18.01));
#14515=CARTESIAN_POINT('Ctrl Pts',(67.5245184774893,-5.02775464959614,18.51));
#14516=CARTESIAN_POINT('Ctrl Pts',(67.5245184774893,-5.02775464959614,18.01));
#14517=CARTESIAN_POINT('Ctrl Pts',(67.5578167761986,-5.11927898693561,18.51));
#14518=CARTESIAN_POINT('Ctrl Pts',(67.5578167761986,-5.11927898693561,18.01));
#14519=CARTESIAN_POINT('',(67.4343576291331,-4.98571195554191,18.01));
#14520=CARTESIAN_POINT('',(67.4343576291331,-4.98571195554191,18.51));
#14521=CARTESIAN_POINT('Ctrl Pts',(67.4343576291331,-4.98571195554191,18.01));
#14522=CARTESIAN_POINT('Ctrl Pts',(67.5245184774893,-5.02775464959614,18.01));
#14523=CARTESIAN_POINT('Ctrl Pts',(67.5578167761986,-5.11927898693561,18.01));
#14524=CARTESIAN_POINT('Origin',(65.7422648866221,-4.19667615140053,18.51));
#14525=CARTESIAN_POINT('',(65.7422648866221,-4.19667615140053,18.01));
#14526=CARTESIAN_POINT('',(65.7422648866221,-4.19667615140053,18.51));
#14527=CARTESIAN_POINT('',(65.7422648866221,-4.19667615140053,18.01));
#14528=CARTESIAN_POINT('Ctrl Pts',(65.5675125076257,-4.19118486444151,18.51));
#14529=CARTESIAN_POINT('Ctrl Pts',(65.5675125076257,-4.19118486444151,18.01));
#14530=CARTESIAN_POINT('Ctrl Pts',(65.6590446155398,-4.15786990168113,18.51));
#14531=CARTESIAN_POINT('Ctrl Pts',(65.6590446155398,-4.15786990168113,18.01));
#14532=CARTESIAN_POINT('Ctrl Pts',(65.7422648866221,-4.19667615140053,18.51));
#14533=CARTESIAN_POINT('Ctrl Pts',(65.7422648866221,-4.19667615140053,18.01));
#14534=CARTESIAN_POINT('',(65.5675125076257,-4.19118486444151,18.01));
#14535=CARTESIAN_POINT('',(65.5675125076257,-4.19118486444151,18.51));
#14536=CARTESIAN_POINT('Ctrl Pts',(65.5675125076257,-4.19118486444151,18.01));
#14537=CARTESIAN_POINT('Ctrl Pts',(65.6590446155398,-4.15786990168113,18.01));
#14538=CARTESIAN_POINT('Ctrl Pts',(65.7422648866221,-4.19667615140053,18.01));
#14539=CARTESIAN_POINT('Origin',(64.333419461051,-4.62884661976053,18.51));
#14540=CARTESIAN_POINT('',(64.333419461051,-4.62884661976053,18.01));
#14541=CARTESIAN_POINT('',(64.333419461051,-4.62884661976053,18.51));
#14542=CARTESIAN_POINT('',(64.333419461051,-4.62884661976053,18.01));
#14543=CARTESIAN_POINT('Ctrl Pts',(64.2030811034175,-4.74538185360318,18.51));
#14544=CARTESIAN_POINT('Ctrl Pts',(64.2030811034175,-4.74538185360318,18.01));
#14545=CARTESIAN_POINT('Ctrl Pts',(64.2418854104932,-4.66216574853368,18.51));
#14546=CARTESIAN_POINT('Ctrl Pts',(64.2418854104932,-4.66216574853368,18.01));
#14547=CARTESIAN_POINT('Ctrl Pts',(64.333419461051,-4.62884661976053,18.51));
#14548=CARTESIAN_POINT('Ctrl Pts',(64.333419461051,-4.62884661976053,18.01));
#14549=CARTESIAN_POINT('',(64.2030811034175,-4.74538185360318,18.01));
#14550=CARTESIAN_POINT('',(64.2030811034175,-4.74538185360318,18.51));
#14551=CARTESIAN_POINT('Ctrl Pts',(64.2030811034175,-4.74538185360318,18.01));
#14552=CARTESIAN_POINT('Ctrl Pts',(64.2418854104932,-4.66216574853368,18.01));
#14553=CARTESIAN_POINT('Ctrl Pts',(64.333419461051,-4.62884661976053,18.01));
#14554=CARTESIAN_POINT('Origin',(63.3429037458633,-6.59003814974375,18.51));
#14555=CARTESIAN_POINT('',(63.3429037458633,-6.59003814974375,18.01));
#14556=CARTESIAN_POINT('',(63.3429037458633,-6.59003814974375,18.51));
#14557=CARTESIAN_POINT('',(63.3429037458633,-6.59003814974375,18.01));
#14558=CARTESIAN_POINT('Origin',(63.7520561919752,-6.78082906871859,18.51));
#14559=CARTESIAN_POINT('',(63.7520561919752,-6.78082906871859,18.01));
#14560=CARTESIAN_POINT('',(63.7520561919752,-6.78082906871859,18.51));
#14561=CARTESIAN_POINT('',(63.7520561919752,-6.78082906871859,18.01));
#14562=CARTESIAN_POINT('Origin',(63.94284711095,-6.37167662260667,18.51));
#14563=CARTESIAN_POINT('',(63.94284711095,-6.37167662260667,18.01));
#14564=CARTESIAN_POINT('',(63.94284711095,-6.37167662260667,18.51));
#14565=CARTESIAN_POINT('',(63.94284711095,-6.37167662260667,18.01));
#14566=CARTESIAN_POINT('Origin',(66.9179051459368,-7.75896896777656,18.51));
#14567=CARTESIAN_POINT('',(66.9179051459368,-7.75896896777656,18.01));
#14568=CARTESIAN_POINT('',(66.9179051459368,-7.75896896777656,18.51));
#14569=CARTESIAN_POINT('',(66.9179051459368,-7.75896896777656,18.01));
#14570=CARTESIAN_POINT('Origin',(66.727114226962,-8.16812141388847,18.51));
#14571=CARTESIAN_POINT('',(66.727114226962,-8.16812141388847,18.01));
#14572=CARTESIAN_POINT('Origin',(65.6893125193257,-6.26000739679597,18.01));
#14573=CARTESIAN_POINT('Origin',(59.3411318161118,-24.0073465485973,18.51));
#14574=CARTESIAN_POINT('',(59.3411318161118,-24.0073465485973,18.01));
#14575=CARTESIAN_POINT('',(59.3411318161118,-24.0073465485973,18.51));
#14576=CARTESIAN_POINT('',(59.7572165074721,-24.2013700266196,18.01));
#14577=CARTESIAN_POINT('',(59.3411318161118,-24.0073465485973,18.01));
#14578=CARTESIAN_POINT('',(59.7572165074721,-24.2013700266196,18.51));
#14579=CARTESIAN_POINT('Origin',(58.1866827971893,-26.4830704590521,18.51));
#14580=CARTESIAN_POINT('',(58.1866827971893,-26.4830704590521,18.01));
#14581=CARTESIAN_POINT('',(58.1866827971893,-26.4830704590521,18.51));
#14582=CARTESIAN_POINT('',(58.1866827971893,-26.4830704590521,18.01));
#14583=CARTESIAN_POINT('Origin',(56.8968102555418,-25.8815930148381,18.51));
#14584=CARTESIAN_POINT('',(56.8968102555418,-25.8815930148381,18.01));
#14585=CARTESIAN_POINT('',(56.8968102555418,-25.8815930148381,18.51));
#14586=CARTESIAN_POINT('',(56.8968102555418,-25.8815930148381,18.01));
#14587=CARTESIAN_POINT('Origin',(57.6664429348235,-24.2311104078682,18.51));
#14588=CARTESIAN_POINT('',(57.6664429348235,-24.2311104078682,18.01));
#14589=CARTESIAN_POINT('',(57.6664429348235,-24.2311104078682,18.51));
#14590=CARTESIAN_POINT('',(57.6664429348235,-24.2311104078682,18.01));
#14591=CARTESIAN_POINT('Origin',(57.2434176661894,-24.033850485511,18.51));
#14592=CARTESIAN_POINT('',(57.2434176661894,-24.033850485511,18.01));
#14593=CARTESIAN_POINT('',(57.2434176661894,-24.033850485511,18.51));
#14594=CARTESIAN_POINT('',(57.2434176661894,-24.033850485511,18.01));
#14595=CARTESIAN_POINT('Origin',(56.4737849869077,-25.6843330924809,18.51));
#14596=CARTESIAN_POINT('',(56.4737849869077,-25.6843330924809,18.01));
#14597=CARTESIAN_POINT('',(56.4737849869077,-25.6843330924809,18.51));
#14598=CARTESIAN_POINT('',(56.4737849869077,-25.6843330924809,18.01));
#14599=CARTESIAN_POINT('Origin',(55.2185820035275,-25.0990223287917,18.51));
#14600=CARTESIAN_POINT('',(55.2185820035275,-25.0990223287917,18.01));
#14601=CARTESIAN_POINT('',(55.2185820035275,-25.0990223287917,18.51));
#14602=CARTESIAN_POINT('',(55.2185820035275,-25.0990223287917,18.01));
#14603=CARTESIAN_POINT('Origin',(56.37303102245,-22.6232984183368,18.51));
#14604=CARTESIAN_POINT('',(56.37303102245,-22.6232984183368,18.01));
#14605=CARTESIAN_POINT('',(56.37303102245,-22.6232984183368,18.51));
#14606=CARTESIAN_POINT('',(56.37303102245,-22.6232984183368,18.01));
#14607=CARTESIAN_POINT('Origin',(55.9500057538159,-22.4260384959797,18.51));
#14608=CARTESIAN_POINT('',(55.9500057538159,-22.4260384959797,18.01));
#14609=CARTESIAN_POINT('',(55.9500057538159,-22.4260384959797,18.51));
#14610=CARTESIAN_POINT('',(55.9500057538159,-22.4260384959797,18.01));
#14611=CARTESIAN_POINT('Origin',(54.6047648445967,-25.3109169355528,18.51));
#14612=CARTESIAN_POINT('',(54.6047648445967,-25.3109169355528,18.01));
#14613=CARTESIAN_POINT('',(54.6047648445967,-25.3109169355528,18.51));
#14614=CARTESIAN_POINT('',(54.6047648445967,-25.3109169355528,18.01));
#14615=CARTESIAN_POINT('Origin',(58.4119755982529,-27.0862484661928,18.51));
#14616=CARTESIAN_POINT('',(58.4119755982529,-27.0862484661928,18.01));
#14617=CARTESIAN_POINT('',(58.4119755982529,-27.0862484661928,18.51));
#14618=CARTESIAN_POINT('',(58.4119755982529,-27.0862484661928,18.01));
#14619=CARTESIAN_POINT('Origin',(59.7572165074721,-24.2013700266196,18.51));
#14620=CARTESIAN_POINT('',(59.7572165074721,-24.2013700266196,18.01));
#14621=CARTESIAN_POINT('Origin',(57.1809906760344,-24.7561434810862,18.01));
#14622=CARTESIAN_POINT('Origin',(-59.9214663966896,22.5554385065122,18.51));
#14623=CARTESIAN_POINT('',(-59.9214663966896,22.5554385065122,18.01));
#14624=CARTESIAN_POINT('',(-59.9214663966896,22.5554385065122,18.51));
#14625=CARTESIAN_POINT('',(-59.9214663966896,23.5474384259147,18.01));
#14626=CARTESIAN_POINT('',(-59.9214663966896,22.5554385065122,18.01));
#14627=CARTESIAN_POINT('',(-59.9214663966896,23.5474384259147,18.51));
#14628=CARTESIAN_POINT('Origin',(-60.9358406875635,22.5554385065122,18.51));
#14629=CARTESIAN_POINT('',(-60.9358406875635,22.5554385065122,18.01));
#14630=CARTESIAN_POINT('',(-60.9358406875635,22.5554385065122,18.51));
#14631=CARTESIAN_POINT('',(-60.9358406875635,22.5554385065122,18.01));
#14632=CARTESIAN_POINT('Origin',(-61.6966208456315,23.3087605407564,18.51));
#14633=CARTESIAN_POINT('',(-61.6966208456315,23.3087605407564,18.01));
#14634=CARTESIAN_POINT('',(-61.6966208456315,23.3087605407564,18.51));
#14635=CARTESIAN_POINT('',(-61.6966208456315,23.3087605407564,18.01));
#14636=CARTESIAN_POINT('Origin',(-61.6966208456315,24.9720319305934,18.51));
#14637=CARTESIAN_POINT('',(-61.6966208456315,24.9720319305934,18.01));
#14638=CARTESIAN_POINT('',(-61.6966208456315,24.9720319305934,18.51));
#14639=CARTESIAN_POINT('',(-61.6966208456315,24.9720319305934,18.01));
#14640=CARTESIAN_POINT('Origin',(-60.9358406875635,25.7402746931844,18.51));
#14641=CARTESIAN_POINT('',(-60.9358406875635,25.7402746931844,18.01));
#14642=CARTESIAN_POINT('',(-60.9358406875635,25.7402746931844,18.51));
#14643=CARTESIAN_POINT('',(-60.9358406875635,25.7402746931844,18.01));
#14644=CARTESIAN_POINT('Origin',(-60.2272696366117,25.7402746931844,18.51));
#14645=CARTESIAN_POINT('',(-60.2272696366117,25.7402746931844,18.01));
#14646=CARTESIAN_POINT('',(-60.2272696366117,25.7402746931844,18.51));
#14647=CARTESIAN_POINT('',(-60.2272696366117,25.7402746931844,18.01));
#14648=CARTESIAN_POINT('Origin',(-59.7349998589971,25.2405423110468,18.51));
#14649=CARTESIAN_POINT('',(-59.7349998589971,25.2405423110468,18.01));
#14650=CARTESIAN_POINT('',(-59.7349998589971,25.2405423110468,18.51));
#14651=CARTESIAN_POINT('',(-59.7349998589971,25.2405423110468,18.01));
#14652=CARTESIAN_POINT('Origin',(-59.4142781310779,25.5538059151423,18.51));
#14653=CARTESIAN_POINT('',(-59.4142781310779,25.5538059151423,18.01));
#14654=CARTESIAN_POINT('',(-59.4142781310779,25.5538059151423,18.51));
#14655=CARTESIAN_POINT('',(-59.4142781310779,25.5538059151423,18.01));
#14656=CARTESIAN_POINT('Origin',(-59.9736755038058,26.1206591713444,18.51));
#14657=CARTESIAN_POINT('',(-59.9736755038058,26.1206591713444,18.01));
#14658=CARTESIAN_POINT('',(-59.9736755038058,26.1206591713444,18.51));
#14659=CARTESIAN_POINT('',(-59.9736755038058,26.1206591713444,18.01));
#14660=CARTESIAN_POINT('Ctrl Pts',(-60.1377654296773,26.1803241619347,18.51));
#14661=CARTESIAN_POINT('Ctrl Pts',(-60.1377654296773,26.1803241619347,18.01));
#14662=CARTESIAN_POINT('Ctrl Pts',(-60.0333449750954,26.1803241619347,18.51));
#14663=CARTESIAN_POINT('Ctrl Pts',(-60.0333449750954,26.1803241619347,18.01));
#14664=CARTESIAN_POINT('Ctrl Pts',(-59.9736755038058,26.1206591713444,18.51));
#14665=CARTESIAN_POINT('Ctrl Pts',(-59.9736755038058,26.1206591713444,18.01));
#14666=CARTESIAN_POINT('',(-60.1377654296773,26.1803241619347,18.01));
#14667=CARTESIAN_POINT('',(-60.1377654296773,26.1803241619347,18.51));
#14668=CARTESIAN_POINT('Ctrl Pts',(-60.1377654296773,26.1803241619347,18.01));
#14669=CARTESIAN_POINT('Ctrl Pts',(-60.0333449750954,26.1803241619347,18.01));
#14670=CARTESIAN_POINT('Ctrl Pts',(-59.9736755038058,26.1206591713444,18.01));
#14671=CARTESIAN_POINT('Origin',(-61.0328007779721,26.1803241619347,18.51));
#14672=CARTESIAN_POINT('',(-61.0328007779721,26.1803241619347,18.01));
#14673=CARTESIAN_POINT('',(-61.0328007779721,26.1803241619347,18.51));
#14674=CARTESIAN_POINT('',(-61.0328007779721,26.1803241619347,18.01));
#14675=CARTESIAN_POINT('Ctrl Pts',(-61.1894437817678,26.1206591713444,18.51));
#14676=CARTESIAN_POINT('Ctrl Pts',(-61.1894437817678,26.1206591713444,18.01));
#14677=CARTESIAN_POINT('Ctrl Pts',(-61.1446927984754,26.1803241619347,18.51));
#14678=CARTESIAN_POINT('Ctrl Pts',(-61.1446927984754,26.1803241619347,18.01));
#14679=CARTESIAN_POINT('Ctrl Pts',(-61.0328007779721,26.1803241619347,18.51));
#14680=CARTESIAN_POINT('Ctrl Pts',(-61.0328007779721,26.1803241619347,18.01));
#14681=CARTESIAN_POINT('',(-61.1894437817678,26.1206591713444,18.01));
#14682=CARTESIAN_POINT('',(-61.1894437817678,26.1206591713444,18.51));
#14683=CARTESIAN_POINT('Ctrl Pts',(-61.1894437817678,26.1206591713444,18.01));
#14684=CARTESIAN_POINT('Ctrl Pts',(-61.1446927984754,26.1803241619347,18.01));
#14685=CARTESIAN_POINT('Ctrl Pts',(-61.0328007779721,26.1803241619347,18.01));
#14686=CARTESIAN_POINT('Origin',(-62.0844791300625,25.2330774661742,18.51));
#14687=CARTESIAN_POINT('',(-62.0844791300625,25.2330774661742,18.01));
#14688=CARTESIAN_POINT('',(-62.0844791300625,25.2330774661742,18.51));
#14689=CARTESIAN_POINT('',(-62.0844791300625,25.2330774661742,18.01));
#14690=CARTESIAN_POINT('Ctrl Pts',(-62.1441486013521,25.0615383778773,18.51));
#14691=CARTESIAN_POINT('Ctrl Pts',(-62.1441486013521,25.0615383778773,18.01));
#14692=CARTESIAN_POINT('Ctrl Pts',(-62.1441486013521,25.1734035141854,18.51));
#14693=CARTESIAN_POINT('Ctrl Pts',(-62.1441486013521,25.1734035141854,18.01));
#14694=CARTESIAN_POINT('Ctrl Pts',(-62.0844791300625,25.2330774661742,18.51));
#14695=CARTESIAN_POINT('Ctrl Pts',(-62.0844791300625,25.2330774661742,18.01));
#14696=CARTESIAN_POINT('',(-62.1441486013521,25.0615383778773,18.01));
#14697=CARTESIAN_POINT('',(-62.1441486013521,25.0615383778773,18.51));
#14698=CARTESIAN_POINT('Ctrl Pts',(-62.1441486013521,25.0615383778773,18.01));
#14699=CARTESIAN_POINT('Ctrl Pts',(-62.1441486013521,25.1734035141854,18.01));
#14700=CARTESIAN_POINT('Ctrl Pts',(-62.0844791300625,25.2330774661742,18.01));
#14701=CARTESIAN_POINT('Origin',(-62.1441486013521,23.2117982099982,18.51));
#14702=CARTESIAN_POINT('',(-62.1441486013521,23.2117982099982,18.01));
#14703=CARTESIAN_POINT('',(-62.1441486013521,23.2117982099982,18.51));
#14704=CARTESIAN_POINT('',(-62.1441486013521,23.2117982099982,18.01));
#14705=CARTESIAN_POINT('Ctrl Pts',(-62.0770098044907,23.0551798500481,18.51));
#14706=CARTESIAN_POINT('Ctrl Pts',(-62.0770098044907,23.0551798500481,18.01));
#14707=CARTESIAN_POINT('Ctrl Pts',(-62.1441486013521,23.1222917627143,18.51));
#14708=CARTESIAN_POINT('Ctrl Pts',(-62.1441486013521,23.1222917627143,18.01));
#14709=CARTESIAN_POINT('Ctrl Pts',(-62.1441486013521,23.2117982099983,18.51));
#14710=CARTESIAN_POINT('Ctrl Pts',(-62.1441486013521,23.2117982099983,18.01));
#14711=CARTESIAN_POINT('',(-62.0770098044907,23.0551798500481,18.01));
#14712=CARTESIAN_POINT('',(-62.0770098044907,23.0551798500481,18.51));
#14713=CARTESIAN_POINT('Ctrl Pts',(-62.0770098044907,23.0551798500481,18.01));
#14714=CARTESIAN_POINT('Ctrl Pts',(-62.1441486013521,23.1222917627143,18.01));
#14715=CARTESIAN_POINT('Ctrl Pts',(-62.1441486013521,23.2117982099983,18.01));
#14716=CARTESIAN_POINT('Origin',(-61.181974456196,22.167598144878,18.51));
#14717=CARTESIAN_POINT('',(-61.181974456196,22.167598144878,18.01));
#14718=CARTESIAN_POINT('',(-61.181974456196,22.167598144878,18.51));
#14719=CARTESIAN_POINT('',(-61.181974456196,22.167598144878,18.01));
#14720=CARTESIAN_POINT('Ctrl Pts',(-61.0253314524003,22.1079331542876,18.51));
#14721=CARTESIAN_POINT('Ctrl Pts',(-61.0253314524003,22.1079331542876,18.01));
#14722=CARTESIAN_POINT('Ctrl Pts',(-61.1223049849064,22.1079331542876,18.51));
#14723=CARTESIAN_POINT('Ctrl Pts',(-61.1223049849064,22.1079331542876,18.01));
#14724=CARTESIAN_POINT('Ctrl Pts',(-61.181974456196,22.167598144878,18.51));
#14725=CARTESIAN_POINT('Ctrl Pts',(-61.181974456196,22.167598144878,18.01));
#14726=CARTESIAN_POINT('',(-61.0253314524003,22.1079331542876,18.01));
#14727=CARTESIAN_POINT('',(-61.0253314524003,22.1079331542876,18.51));
#14728=CARTESIAN_POINT('Ctrl Pts',(-61.0253314524003,22.1079331542876,18.01));
#14729=CARTESIAN_POINT('Ctrl Pts',(-61.1223049849064,22.1079331542876,18.01));
#14730=CARTESIAN_POINT('Ctrl Pts',(-61.181974456196,22.167598144878,18.01));
#14731=CARTESIAN_POINT('Origin',(-59.4813967647928,22.1079331542876,18.51));
#14732=CARTESIAN_POINT('',(-59.4813967647928,22.1079331542876,18.01));
#14733=CARTESIAN_POINT('',(-59.4813967647928,22.1079331542876,18.51));
#14734=CARTESIAN_POINT('',(-59.4813967647928,22.1079331542876,18.01));
#14735=CARTESIAN_POINT('Origin',(-59.4813967647929,23.5474473873131,18.51));
#14736=CARTESIAN_POINT('',(-59.4813967647929,23.5474473873131,18.01));
#14737=CARTESIAN_POINT('',(-59.4813967647929,23.5474473873131,18.51));
#14738=CARTESIAN_POINT('',(-59.4813967647929,23.5474473873131,18.01));
#14739=CARTESIAN_POINT('Origin',(-59.0413360942945,23.5474473873131,18.51));
#14740=CARTESIAN_POINT('',(-59.0413360942945,23.5474473873131,18.01));
#14741=CARTESIAN_POINT('',(-59.0413360942945,23.5474473873131,18.51));
#14742=CARTESIAN_POINT('',(-59.0413360942945,23.5474473873131,18.01));
#14743=CARTESIAN_POINT('Origin',(-59.0413360942945,23.9651292056409,18.51));
#14744=CARTESIAN_POINT('',(-59.0413360942945,23.9651292056409,18.01));
#14745=CARTESIAN_POINT('',(-59.0413360942945,23.9651292056409,18.51));
#14746=CARTESIAN_POINT('',(-59.0413360942945,23.9651292056409,18.01));
#14747=CARTESIAN_POINT('Origin',(-60.8164905432364,23.9651292056409,18.51));
#14748=CARTESIAN_POINT('',(-60.8164905432364,23.9651292056409,18.01));
#14749=CARTESIAN_POINT('',(-60.8164905432364,23.9651292056409,18.51));
#14750=CARTESIAN_POINT('',(-60.8164905432364,23.9651292056409,18.01));
#14751=CARTESIAN_POINT('Origin',(-60.8165017449844,23.5474384259147,18.51));
#14752=CARTESIAN_POINT('',(-60.8165017449844,23.5474384259147,18.01));
#14753=CARTESIAN_POINT('',(-60.8165017449844,23.5474384259147,18.51));
#14754=CARTESIAN_POINT('',(-60.8165017449844,23.5474384259147,18.01));
#14755=CARTESIAN_POINT('Origin',(-59.9214663966896,23.5474384259147,18.51));
#14756=CARTESIAN_POINT('',(-59.9214663966896,23.5474384259147,18.01));
#14757=CARTESIAN_POINT('Origin',(-60.5927423478233,24.1441286581112,18.01));
#14758=CARTESIAN_POINT('Origin',(-44.1462933556821,25.7402926159812,18.51));
#14759=CARTESIAN_POINT('',(-44.1462933556821,25.7402926159812,18.51));
#14760=CARTESIAN_POINT('',(-45.1457491585588,25.7402926159812,18.51));
#14761=CARTESIAN_POINT('',(-22.0731466778397,25.7402926159815,18.51));
#14762=CARTESIAN_POINT('',(-44.1462933556821,25.7402926159812,18.01));
#14763=CARTESIAN_POINT('',(-44.1462933556821,25.7402926159812,18.51));
#14764=CARTESIAN_POINT('',(-45.1457491585588,25.7402926159812,18.01));
#14765=CARTESIAN_POINT('',(-44.1462933556821,25.7402926159812,18.01));
#14766=CARTESIAN_POINT('',(-45.1457491585588,25.7402926159812,18.51));
#14767=CARTESIAN_POINT('Origin',(-43.3780550737903,24.9571380864418,18.51));
#14768=CARTESIAN_POINT('',(-43.3780550737903,24.9571380864418,18.51));
#14769=CARTESIAN_POINT('',(-26.5039254500726,7.75537743698935,18.51));
#14770=CARTESIAN_POINT('',(-43.3780550737903,24.9571380864418,18.01));
#14771=CARTESIAN_POINT('',(-43.3780550737903,24.9571380864418,18.51));
#14772=CARTESIAN_POINT('',(-43.3780550737903,24.9571380864418,18.01));
#14773=CARTESIAN_POINT('Origin',(-43.3780550737903,23.3162343470274,18.51));
#14774=CARTESIAN_POINT('',(-43.3780550737903,23.3162343470274,18.51));
#14775=CARTESIAN_POINT('',(-43.3780550737903,11.6581171735167,18.51));
#14776=CARTESIAN_POINT('',(-43.3780550737903,23.3162343470274,18.01));
#14777=CARTESIAN_POINT('',(-43.3780550737903,23.3162343470274,18.51));
#14778=CARTESIAN_POINT('',(-43.3780550737903,23.3162343470274,18.01));
#14779=CARTESIAN_POINT('Origin',(-44.1462933556821,22.5479915844364,18.51));
#14780=CARTESIAN_POINT('',(-44.1462933556821,22.5479915844364,18.51));
#14781=CARTESIAN_POINT('',(-38.7467822826722,27.9475341497391,18.51));
#14782=CARTESIAN_POINT('',(-44.1462933556821,22.5479915844364,18.01));
#14783=CARTESIAN_POINT('',(-44.1462933556821,22.5479915844364,18.51));
#14784=CARTESIAN_POINT('',(-44.1462933556821,22.5479915844364,18.01));
#14785=CARTESIAN_POINT('Origin',(-45.1457491585588,22.5479915844364,18.51));
#14786=CARTESIAN_POINT('',(-45.1457491585588,22.5479915844364,18.51));
#14787=CARTESIAN_POINT('',(-22.5728745792779,22.5479915844364,18.51));
#14788=CARTESIAN_POINT('',(-45.1457491585588,22.5479915844364,18.01));
#14789=CARTESIAN_POINT('',(-45.1457491585588,22.5479915844364,18.51));
#14790=CARTESIAN_POINT('',(-45.1457491585588,22.5479915844364,18.01));
#14791=CARTESIAN_POINT('Origin',(-45.1457491585588,25.7402926159812,18.51));
#14792=CARTESIAN_POINT('',(-45.1457491585588,12.8701463079936,18.51));
#14793=CARTESIAN_POINT('',(-45.1457491585588,25.7402926159812,18.01));
#14794=CARTESIAN_POINT('Origin',(-46.0333263830297,22.0929855417456,18.51));
#14795=CARTESIAN_POINT('',(-46.0333263830297,22.0929855417456,18.01));
#14796=CARTESIAN_POINT('',(-46.0333263830297,22.0929855417456,18.51));
#14797=CARTESIAN_POINT('',(-46.0333263830297,22.5404998553686,18.01));
#14798=CARTESIAN_POINT('',(-46.0333263830297,22.0929855417456,18.01));
#14799=CARTESIAN_POINT('',(-46.0333263830297,22.5404998553686,18.51));
#14800=CARTESIAN_POINT('Origin',(-44.0567869083981,22.0929855417456,18.51));
#14801=CARTESIAN_POINT('',(-44.0567869083981,22.0929855417456,18.01));
#14802=CARTESIAN_POINT('',(-44.0567869083981,22.0929855417456,18.51));
#14803=CARTESIAN_POINT('',(-44.0567869083981,22.0929855417456,18.01));
#14804=CARTESIAN_POINT('Ctrl Pts',(-43.9001416642528,22.1675712606828,18.51));
#14805=CARTESIAN_POINT('Ctrl Pts',(-43.9001416642528,22.1675712606828,18.01));
#14806=CARTESIAN_POINT('Ctrl Pts',(-43.97472738319,22.0929855417456,18.51));
#14807=CARTESIAN_POINT('Ctrl Pts',(-43.97472738319,22.0929855417456,18.01));
#14808=CARTESIAN_POINT('Ctrl Pts',(-44.0567869083981,22.0929855417456,18.51));
#14809=CARTESIAN_POINT('Ctrl Pts',(-44.0567869083981,22.0929855417456,18.01));
#14810=CARTESIAN_POINT('',(-43.9001416642528,22.1675712606828,18.01));
#14811=CARTESIAN_POINT('',(-43.9001416642528,22.1675712606828,18.51));
#14812=CARTESIAN_POINT('Ctrl Pts',(-43.9001416642528,22.1675712606828,18.01));
#14813=CARTESIAN_POINT('Ctrl Pts',(-43.97472738319,22.0929855417456,18.01));
#14814=CARTESIAN_POINT('Ctrl Pts',(-44.0567869083981,22.0929855417456,18.01));
#14815=CARTESIAN_POINT('Origin',(-42.9976481921342,23.0626088493271,18.51));
#14816=CARTESIAN_POINT('',(-42.9976481921342,23.0626088493271,18.01));
#14817=CARTESIAN_POINT('',(-42.9976481921342,23.0626088493271,18.51));
#14818=CARTESIAN_POINT('',(-42.9976481921342,23.0626088493271,18.01));
#14819=CARTESIAN_POINT('Ctrl Pts',(-42.9305093952729,23.2267010155482,18.51));
#14820=CARTESIAN_POINT('Ctrl Pts',(-42.9305093952729,23.2267010155482,18.01));
#14821=CARTESIAN_POINT('Ctrl Pts',(-42.9305093952729,23.1297297233917,18.51));
#14822=CARTESIAN_POINT('Ctrl Pts',(-42.9305093952729,23.1297297233917,18.01));
#14823=CARTESIAN_POINT('Ctrl Pts',(-42.9976481921342,23.0626088493271,18.51));
#14824=CARTESIAN_POINT('Ctrl Pts',(-42.9976481921342,23.0626088493271,18.01));
#14825=CARTESIAN_POINT('',(-42.9305093952729,23.2267010155482,18.01));
#14826=CARTESIAN_POINT('',(-42.9305093952729,23.2267010155482,18.51));
#14827=CARTESIAN_POINT('Ctrl Pts',(-42.9305093952729,23.2267010155482,18.01));
#14828=CARTESIAN_POINT('Ctrl Pts',(-42.9305093952729,23.1297297233917,18.01));
#14829=CARTESIAN_POINT('Ctrl Pts',(-42.9976481921342,23.0626088493271,18.01));
#14830=CARTESIAN_POINT('Origin',(-42.9305093952729,25.0466086881321,18.51));
#14831=CARTESIAN_POINT('',(-42.9305093952729,25.0466086881321,18.01));
#14832=CARTESIAN_POINT('',(-42.9305093952729,25.0466086881321,18.51));
#14833=CARTESIAN_POINT('',(-42.9305093952729,25.0466086881321,18.01));
#14834=CARTESIAN_POINT('Ctrl Pts',(-42.9976481921342,25.2032539322775,18.51));
#14835=CARTESIAN_POINT('Ctrl Pts',(-42.9976481921342,25.2032539322775,18.01));
#14836=CARTESIAN_POINT('Ctrl Pts',(-42.9305093952729,25.1361151354161,18.51));
#14837=CARTESIAN_POINT('Ctrl Pts',(-42.9305093952729,25.1361151354161,18.01));
#14838=CARTESIAN_POINT('Ctrl Pts',(-42.9305093952729,25.0466086881321,18.51));
#14839=CARTESIAN_POINT('Ctrl Pts',(-42.9305093952729,25.0466086881321,18.01));
#14840=CARTESIAN_POINT('',(-42.9976481921342,25.2032539322775,18.01));
#14841=CARTESIAN_POINT('',(-42.9976481921342,25.2032539322775,18.51));
#14842=CARTESIAN_POINT('Ctrl Pts',(-42.9976481921342,25.2032539322775,18.01));
#14843=CARTESIAN_POINT('Ctrl Pts',(-42.9305093952729,25.1361151354161,18.01));
#14844=CARTESIAN_POINT('Ctrl Pts',(-42.9305093952729,25.0466086881321,18.01));
#14845=CARTESIAN_POINT('Origin',(-43.8926857807786,26.1132032878702,18.51));
#14846=CARTESIAN_POINT('',(-43.8926857807786,26.1132032878702,18.01));
#14847=CARTESIAN_POINT('',(-43.8926857807786,26.1132032878702,18.51));
#14848=CARTESIAN_POINT('',(-43.8926857807786,26.1132032878702,18.01));
#14849=CARTESIAN_POINT('Ctrl Pts',(-44.0493310249239,26.1803420847316,18.51));
#14850=CARTESIAN_POINT('Ctrl Pts',(-44.0493310249239,26.1803420847316,18.01));
#14851=CARTESIAN_POINT('Ctrl Pts',(-43.9598290583392,26.1803420847316,18.51));
#14852=CARTESIAN_POINT('Ctrl Pts',(-43.9598290583392,26.1803420847316,18.01));
#14853=CARTESIAN_POINT('Ctrl Pts',(-43.8926857807786,26.1132032878702,18.51));
#14854=CARTESIAN_POINT('Ctrl Pts',(-43.8926857807786,26.1132032878702,18.01));
#14855=CARTESIAN_POINT('',(-44.0493310249239,26.1803420847316,18.01));
#14856=CARTESIAN_POINT('',(-44.0493310249239,26.1803420847316,18.51));
#14857=CARTESIAN_POINT('Ctrl Pts',(-44.0493310249239,26.1803420847316,18.01));
#14858=CARTESIAN_POINT('Ctrl Pts',(-43.9598290583392,26.1803420847316,18.01));
#14859=CARTESIAN_POINT('Ctrl Pts',(-43.8926857807786,26.1132032878702,18.01));
#14860=CARTESIAN_POINT('Origin',(-46.0333263830297,26.1803420847316,18.51));
#14861=CARTESIAN_POINT('',(-46.0333263830297,26.1803420847316,18.01));
#14862=CARTESIAN_POINT('',(-46.0333263830297,26.1803420847316,18.51));
#14863=CARTESIAN_POINT('',(-46.0333263830297,26.1803420847316,18.01));
#14864=CARTESIAN_POINT('Origin',(-46.0333263830297,25.7402836545828,18.51));
#14865=CARTESIAN_POINT('',(-46.0333263830297,25.7402836545828,18.01));
#14866=CARTESIAN_POINT('',(-46.0333263830297,25.7402836545828,18.51));
#14867=CARTESIAN_POINT('',(-46.0333263830297,25.7402836545828,18.01));
#14868=CARTESIAN_POINT('Origin',(-45.5932679528809,25.7402836545828,18.51));
#14869=CARTESIAN_POINT('',(-45.5932679528809,25.7402836545828,18.01));
#14870=CARTESIAN_POINT('',(-45.5932679528809,25.7402836545828,18.51));
#14871=CARTESIAN_POINT('',(-45.5932679528809,25.7402836545828,18.01));
#14872=CARTESIAN_POINT('Origin',(-45.5932679528809,22.5404998553686,18.51));
#14873=CARTESIAN_POINT('',(-45.5932679528809,22.5404998553686,18.01));
#14874=CARTESIAN_POINT('',(-45.5932679528809,22.5404998553686,18.51));
#14875=CARTESIAN_POINT('',(-45.5932679528809,22.5404998553686,18.01));
#14876=CARTESIAN_POINT('Origin',(-46.0333263830297,22.5404998553686,18.51));
#14877=CARTESIAN_POINT('',(-46.0333263830297,22.5404998553686,18.01));
#14878=CARTESIAN_POINT('Origin',(-44.4819178891513,24.1366638132386,18.01));
#14879=CARTESIAN_POINT('Origin',(3.00204305858642E-12,6.01296790136985E-12,
18.51));
#14880=CARTESIAN_POINT('Origin',(3.00204305858642E-12,6.01296790136985E-12,
18.51));
#14881=CARTESIAN_POINT('Origin',(3.00204305858642E-12,6.01296790136985E-12,
18.51));
#14882=CARTESIAN_POINT('Origin',(3.00204305858642E-12,6.01296790136985E-12,
18.51));
#14883=CARTESIAN_POINT('Origin',(3.00204305858642E-12,6.01296790136985E-12,
18.51));
#14884=CARTESIAN_POINT('Origin',(3.00204305858642E-12,6.01296790136985E-12,
18.51));
#14885=CARTESIAN_POINT('Origin',(3.00204305858642E-12,6.01296790136985E-12,
18.51));
#14886=CARTESIAN_POINT('Origin',(26.625,-20.925,18.51));
#14887=CARTESIAN_POINT('',(13.625,-20.925,18.51));
#14888=CARTESIAN_POINT('',(26.625,-20.925,18.51));
#14889=CARTESIAN_POINT('Origin',(26.625,-21.425,18.51));
#14890=CARTESIAN_POINT('',(27.125,-21.425,18.51));
#14891=CARTESIAN_POINT('Origin',(27.125,-34.425,18.51));
#14892=CARTESIAN_POINT('',(27.125,-34.425,18.51));
#14893=CARTESIAN_POINT('Origin',(26.625,-34.425,18.51));
#14894=CARTESIAN_POINT('',(26.625,-34.925,18.51));
#14895=CARTESIAN_POINT('Origin',(13.625,-34.925,18.51));
#14896=CARTESIAN_POINT('',(13.625,-34.925,18.51));
#14897=CARTESIAN_POINT('Origin',(13.625,-34.425,18.51));
#14898=CARTESIAN_POINT('',(13.125,-34.425,18.51));
#14899=CARTESIAN_POINT('Origin',(13.125,-21.425,18.51));
#14900=CARTESIAN_POINT('',(13.125,-21.425,18.51));
#14901=CARTESIAN_POINT('Origin',(13.625,-21.425,18.51));
#14902=CARTESIAN_POINT('Origin',(7.575,-20.925,18.51));
#14903=CARTESIAN_POINT('',(-5.425,-20.925,18.51));
#14904=CARTESIAN_POINT('',(7.575,-20.925,18.51));
#14905=CARTESIAN_POINT('Origin',(7.575,-21.425,18.51));
#14906=CARTESIAN_POINT('',(8.07500000000001,-21.425,18.51));
#14907=CARTESIAN_POINT('Origin',(8.07500000000001,-34.425,18.51));
#14908=CARTESIAN_POINT('',(8.075,-34.425,18.51));
#14909=CARTESIAN_POINT('Origin',(7.575,-34.425,18.51));
#14910=CARTESIAN_POINT('',(7.575,-34.925,18.51));
#14911=CARTESIAN_POINT('Origin',(-5.425,-34.925,18.51));
#14912=CARTESIAN_POINT('',(-5.425,-34.925,18.51));
#14913=CARTESIAN_POINT('Origin',(-5.425,-34.425,18.51));
#14914=CARTESIAN_POINT('',(-5.925,-34.425,18.51));
#14915=CARTESIAN_POINT('Origin',(-5.925,-21.425,18.51));
#14916=CARTESIAN_POINT('',(-5.925,-21.425,18.51));
#14917=CARTESIAN_POINT('Origin',(-5.425,-21.425,18.51));
#14918=CARTESIAN_POINT('Origin',(7.575,-1.875,18.51));
#14919=CARTESIAN_POINT('',(-5.425,-1.875,18.51));
#14920=CARTESIAN_POINT('',(7.575,-1.875,18.51));
#14921=CARTESIAN_POINT('Origin',(7.575,-2.375,18.51));
#14922=CARTESIAN_POINT('',(8.07500000000001,-2.375,18.51));
#14923=CARTESIAN_POINT('Origin',(8.07500000000001,-15.375,18.51));
#14924=CARTESIAN_POINT('',(8.075,-15.375,18.51));
#14925=CARTESIAN_POINT('Origin',(7.575,-15.375,18.51));
#14926=CARTESIAN_POINT('',(7.575,-15.875,18.51));
#14927=CARTESIAN_POINT('Origin',(-5.425,-15.875,18.51));
#14928=CARTESIAN_POINT('',(-5.425,-15.875,18.51));
#14929=CARTESIAN_POINT('Origin',(-5.425,-15.375,18.51));
#14930=CARTESIAN_POINT('',(-5.925,-15.375,18.51));
#14931=CARTESIAN_POINT('Origin',(-5.925,-2.375,18.51));
#14932=CARTESIAN_POINT('',(-5.925,-2.375,18.51));
#14933=CARTESIAN_POINT('Origin',(-5.425,-2.375,18.51));
#14934=CARTESIAN_POINT('Origin',(59.69,-3.92,18.51));
#14935=CARTESIAN_POINT('',(58.09,-3.92,18.51));
#14936=CARTESIAN_POINT('Origin',(-35.81,28.08,18.51));
#14937=CARTESIAN_POINT('',(-37.41,28.08,17.01));
#14938=CARTESIAN_POINT('Origin',(-35.81,28.08,17.01));
#14939=CARTESIAN_POINT('',(-37.41,28.08,18.51));
#14940=CARTESIAN_POINT('Origin',(45.675,36.225,18.51));
#14941=CARTESIAN_POINT('',(32.675,36.225,18.51));
#14942=CARTESIAN_POINT('',(45.675,36.225,18.51));
#14943=CARTESIAN_POINT('Origin',(45.675,35.725,18.51));
#14944=CARTESIAN_POINT('',(46.175,35.725,18.51));
#14945=CARTESIAN_POINT('Origin',(46.175,22.725,18.51));
#14946=CARTESIAN_POINT('',(46.175,22.725,18.51));
#14947=CARTESIAN_POINT('Origin',(45.675,22.725,18.51));
#14948=CARTESIAN_POINT('',(45.675,22.225,18.51));
#14949=CARTESIAN_POINT('Origin',(32.675,22.225,18.51));
#14950=CARTESIAN_POINT('',(32.675,22.225,18.51));
#14951=CARTESIAN_POINT('Origin',(32.675,22.725,18.51));
#14952=CARTESIAN_POINT('',(32.175,22.725,18.51));
#14953=CARTESIAN_POINT('Origin',(32.175,35.725,18.51));
#14954=CARTESIAN_POINT('',(32.175,35.725,18.51));
#14955=CARTESIAN_POINT('Origin',(32.675,35.725,18.51));
#14956=CARTESIAN_POINT('Origin',(-11.475,-20.925,18.51));
#14957=CARTESIAN_POINT('',(-24.475,-20.925,18.51));
#14958=CARTESIAN_POINT('',(-11.475,-20.925,18.51));
#14959=CARTESIAN_POINT('Origin',(-11.475,-21.425,18.51));
#14960=CARTESIAN_POINT('',(-10.975,-21.425,18.51));
#14961=CARTESIAN_POINT('Origin',(-10.975,-34.425,18.51));
#14962=CARTESIAN_POINT('',(-10.975,-34.425,18.51));
#14963=CARTESIAN_POINT('Origin',(-11.475,-34.425,18.51));
#14964=CARTESIAN_POINT('',(-11.475,-34.925,18.51));
#14965=CARTESIAN_POINT('Origin',(-24.475,-34.925,18.51));
#14966=CARTESIAN_POINT('',(-24.475,-34.925,18.51));
#14967=CARTESIAN_POINT('Origin',(-24.475,-34.425,18.51));
#14968=CARTESIAN_POINT('',(-24.975,-34.425,18.51));
#14969=CARTESIAN_POINT('Origin',(-24.975,-21.425,18.51));
#14970=CARTESIAN_POINT('',(-24.975,-21.425,18.51));
#14971=CARTESIAN_POINT('Origin',(-24.475,-21.425,18.51));
#14972=CARTESIAN_POINT('Origin',(-11.475,-1.875,18.51));
#14973=CARTESIAN_POINT('',(-24.475,-1.875,18.51));
#14974=CARTESIAN_POINT('',(-11.475,-1.875,18.51));
#14975=CARTESIAN_POINT('Origin',(-11.475,-2.375,18.51));
#14976=CARTESIAN_POINT('',(-10.975,-2.375,18.51));
#14977=CARTESIAN_POINT('Origin',(-10.975,-15.375,18.51));
#14978=CARTESIAN_POINT('',(-10.975,-15.375,18.51));
#14979=CARTESIAN_POINT('Origin',(-11.475,-15.375,18.51));
#14980=CARTESIAN_POINT('',(-11.475,-15.875,18.51));
#14981=CARTESIAN_POINT('Origin',(-24.475,-15.875,18.51));
#14982=CARTESIAN_POINT('',(-24.475,-15.875,18.51));
#14983=CARTESIAN_POINT('Origin',(-24.475,-15.375,18.51));
#14984=CARTESIAN_POINT('',(-24.975,-15.375,18.51));
#14985=CARTESIAN_POINT('Origin',(-24.975,-2.375,18.51));
#14986=CARTESIAN_POINT('',(-24.975,-2.375,18.51));
#14987=CARTESIAN_POINT('Origin',(-24.475,-2.375,18.51));
#14988=CARTESIAN_POINT('Origin',(26.625,17.175,18.51));
#14989=CARTESIAN_POINT('',(13.625,17.175,18.51));
#14990=CARTESIAN_POINT('',(26.625,17.175,18.51));
#14991=CARTESIAN_POINT('Origin',(26.625,16.675,18.51));
#14992=CARTESIAN_POINT('',(27.125,16.675,18.51));
#14993=CARTESIAN_POINT('Origin',(27.125,3.675,18.51));
#14994=CARTESIAN_POINT('',(27.125,3.675,18.51));
#14995=CARTESIAN_POINT('Origin',(26.625,3.675,18.51));
#14996=CARTESIAN_POINT('',(26.625,3.17499999999999,18.51));
#14997=CARTESIAN_POINT('Origin',(13.625,3.17499999999999,18.51));
#14998=CARTESIAN_POINT('',(13.625,3.175,18.51));
#14999=CARTESIAN_POINT('Origin',(13.625,3.675,18.51));
#15000=CARTESIAN_POINT('',(13.125,3.675,18.51));
#15001=CARTESIAN_POINT('Origin',(13.125,16.675,18.51));
#15002=CARTESIAN_POINT('',(13.125,16.675,18.51));
#15003=CARTESIAN_POINT('Origin',(13.625,16.675,18.51));
#15004=CARTESIAN_POINT('Origin',(26.625,-1.875,18.51));
#15005=CARTESIAN_POINT('',(13.625,-1.875,18.51));
#15006=CARTESIAN_POINT('',(26.625,-1.875,18.51));
#15007=CARTESIAN_POINT('Origin',(26.625,-2.375,18.51));
#15008=CARTESIAN_POINT('',(27.125,-2.375,18.51));
#15009=CARTESIAN_POINT('Origin',(27.125,-15.375,18.51));
#15010=CARTESIAN_POINT('',(27.125,-15.375,18.51));
#15011=CARTESIAN_POINT('Origin',(26.625,-15.375,18.51));
#15012=CARTESIAN_POINT('',(26.625,-15.875,18.51));
#15013=CARTESIAN_POINT('Origin',(13.625,-15.875,18.51));
#15014=CARTESIAN_POINT('',(13.625,-15.875,18.51));
#15015=CARTESIAN_POINT('Origin',(13.625,-15.375,18.51));
#15016=CARTESIAN_POINT('',(13.125,-15.375,18.51));
#15017=CARTESIAN_POINT('Origin',(13.125,-2.375,18.51));
#15018=CARTESIAN_POINT('',(13.125,-2.375,18.51));
#15019=CARTESIAN_POINT('Origin',(13.625,-2.375,18.51));
#15020=CARTESIAN_POINT('Origin',(-11.475,17.175,18.51));
#15021=CARTESIAN_POINT('',(-24.475,17.175,18.51));
#15022=CARTESIAN_POINT('',(-11.475,17.175,18.51));
#15023=CARTESIAN_POINT('Origin',(-11.475,16.675,18.51));
#15024=CARTESIAN_POINT('',(-10.975,16.675,18.51));
#15025=CARTESIAN_POINT('Origin',(-10.975,3.675,18.51));
#15026=CARTESIAN_POINT('',(-10.975,3.675,18.51));
#15027=CARTESIAN_POINT('Origin',(-11.475,3.675,18.51));
#15028=CARTESIAN_POINT('',(-11.475,3.17499999999999,18.51));
#15029=CARTESIAN_POINT('Origin',(-24.475,3.17499999999999,18.51));
#15030=CARTESIAN_POINT('',(-24.475,3.17499999999999,18.51));
#15031=CARTESIAN_POINT('Origin',(-24.475,3.675,18.51));
#15032=CARTESIAN_POINT('',(-24.975,3.675,18.51));
#15033=CARTESIAN_POINT('Origin',(-24.975,16.675,18.51));
#15034=CARTESIAN_POINT('',(-24.975,16.675,18.51));
#15035=CARTESIAN_POINT('Origin',(-24.475,16.675,18.51));
#15036=CARTESIAN_POINT('Origin',(45.675,-1.875,18.51));
#15037=CARTESIAN_POINT('',(32.675,-1.875,18.51));
#15038=CARTESIAN_POINT('',(45.675,-1.875,18.51));
#15039=CARTESIAN_POINT('Origin',(45.675,-2.375,18.51));
#15040=CARTESIAN_POINT('',(46.175,-2.375,18.51));
#15041=CARTESIAN_POINT('Origin',(46.175,-15.375,18.51));
#15042=CARTESIAN_POINT('',(46.175,-15.375,18.51));
#15043=CARTESIAN_POINT('Origin',(45.675,-15.375,18.51));
#15044=CARTESIAN_POINT('',(45.675,-15.875,18.51));
#15045=CARTESIAN_POINT('Origin',(32.675,-15.875,18.51));
#15046=CARTESIAN_POINT('',(32.675,-15.875,18.51));
#15047=CARTESIAN_POINT('Origin',(32.675,-15.375,18.51));
#15048=CARTESIAN_POINT('',(32.175,-15.375,18.51));
#15049=CARTESIAN_POINT('Origin',(32.175,-2.375,18.51));
#15050=CARTESIAN_POINT('',(32.175,-2.375,18.51));
#15051=CARTESIAN_POINT('Origin',(32.675,-2.375,18.51));
#15052=CARTESIAN_POINT('Origin',(26.625,36.225,18.51));
#15053=CARTESIAN_POINT('',(13.625,36.225,18.51));
#15054=CARTESIAN_POINT('',(26.625,36.225,18.51));
#15055=CARTESIAN_POINT('Origin',(26.625,35.725,18.51));
#15056=CARTESIAN_POINT('',(27.125,35.725,18.51));
#15057=CARTESIAN_POINT('Origin',(27.125,22.725,18.51));
#15058=CARTESIAN_POINT('',(27.125,22.725,18.51));
#15059=CARTESIAN_POINT('Origin',(26.625,22.725,18.51));
#15060=CARTESIAN_POINT('',(26.625,22.225,18.51));
#15061=CARTESIAN_POINT('Origin',(13.625,22.225,18.51));
#15062=CARTESIAN_POINT('',(13.625,22.225,18.51));
#15063=CARTESIAN_POINT('Origin',(13.625,22.725,18.51));
#15064=CARTESIAN_POINT('',(13.125,22.725,18.51));
#15065=CARTESIAN_POINT('Origin',(13.125,35.725,18.51));
#15066=CARTESIAN_POINT('',(13.125,35.725,18.51));
#15067=CARTESIAN_POINT('Origin',(13.625,35.725,18.51));
#15068=CARTESIAN_POINT('Origin',(7.575,36.225,18.51));
#15069=CARTESIAN_POINT('',(-5.425,36.225,18.51));
#15070=CARTESIAN_POINT('',(7.575,36.225,18.51));
#15071=CARTESIAN_POINT('Origin',(7.575,35.725,18.51));
#15072=CARTESIAN_POINT('',(8.07500000000001,35.725,18.51));
#15073=CARTESIAN_POINT('Origin',(8.07500000000001,22.725,18.51));
#15074=CARTESIAN_POINT('',(8.075,22.725,18.51));
#15075=CARTESIAN_POINT('Origin',(7.575,22.725,18.51));
#15076=CARTESIAN_POINT('',(7.575,22.225,18.51));
#15077=CARTESIAN_POINT('Origin',(-5.425,22.225,18.51));
#15078=CARTESIAN_POINT('',(-5.425,22.225,18.51));
#15079=CARTESIAN_POINT('Origin',(-5.425,22.725,18.51));
#15080=CARTESIAN_POINT('',(-5.925,22.725,18.51));
#15081=CARTESIAN_POINT('Origin',(-5.925,35.725,18.51));
#15082=CARTESIAN_POINT('',(-5.925,35.725,18.51));
#15083=CARTESIAN_POINT('Origin',(-5.425,35.725,18.51));
#15084=CARTESIAN_POINT('Origin',(7.575,17.175,18.51));
#15085=CARTESIAN_POINT('',(-5.425,17.175,18.51));
#15086=CARTESIAN_POINT('',(7.575,17.175,18.51));
#15087=CARTESIAN_POINT('Origin',(7.575,16.675,18.51));
#15088=CARTESIAN_POINT('',(8.07500000000001,16.675,18.51));
#15089=CARTESIAN_POINT('Origin',(8.07500000000001,3.675,18.51));
#15090=CARTESIAN_POINT('',(8.07500000000001,3.675,18.51));
#15091=CARTESIAN_POINT('Origin',(7.575,3.675,18.51));
#15092=CARTESIAN_POINT('',(7.575,3.17499999999999,18.51));
#15093=CARTESIAN_POINT('Origin',(-5.425,3.17499999999999,18.51));
#15094=CARTESIAN_POINT('',(-5.425,3.175,18.51));
#15095=CARTESIAN_POINT('Origin',(-5.425,3.675,18.51));
#15096=CARTESIAN_POINT('',(-5.925,3.675,18.51));
#15097=CARTESIAN_POINT('Origin',(-5.925,16.675,18.51));
#15098=CARTESIAN_POINT('',(-5.925,16.675,18.51));
#15099=CARTESIAN_POINT('Origin',(-5.425,16.675,18.51));
#15100=CARTESIAN_POINT('Origin',(-11.475,36.225,18.51));
#15101=CARTESIAN_POINT('',(-24.475,36.225,18.51));
#15102=CARTESIAN_POINT('',(-11.475,36.225,18.51));
#15103=CARTESIAN_POINT('Origin',(-11.475,35.725,18.51));
#15104=CARTESIAN_POINT('',(-10.975,35.725,18.51));
#15105=CARTESIAN_POINT('Origin',(-10.975,22.725,18.51));
#15106=CARTESIAN_POINT('',(-10.975,22.725,18.51));
#15107=CARTESIAN_POINT('Origin',(-11.475,22.725,18.51));
#15108=CARTESIAN_POINT('',(-11.475,22.225,18.51));
#15109=CARTESIAN_POINT('Origin',(-24.475,22.225,18.51));
#15110=CARTESIAN_POINT('',(-24.475,22.225,18.51));
#15111=CARTESIAN_POINT('Origin',(-24.475,22.725,18.51));
#15112=CARTESIAN_POINT('',(-24.975,22.725,18.51));
#15113=CARTESIAN_POINT('Origin',(-24.975,35.725,18.51));
#15114=CARTESIAN_POINT('',(-24.975,35.725,18.51));
#15115=CARTESIAN_POINT('Origin',(-24.475,35.725,18.51));
#15116=CARTESIAN_POINT('Origin',(45.675,-20.925,18.51));
#15117=CARTESIAN_POINT('',(32.675,-20.925,18.51));
#15118=CARTESIAN_POINT('',(45.675,-20.925,18.51));
#15119=CARTESIAN_POINT('Origin',(45.675,-21.425,18.51));
#15120=CARTESIAN_POINT('',(46.175,-21.425,18.51));
#15121=CARTESIAN_POINT('Origin',(46.175,-34.425,18.51));
#15122=CARTESIAN_POINT('',(46.175,-34.425,18.51));
#15123=CARTESIAN_POINT('Origin',(45.675,-34.425,18.51));
#15124=CARTESIAN_POINT('',(45.675,-34.925,18.51));
#15125=CARTESIAN_POINT('Origin',(32.675,-34.925,18.51));
#15126=CARTESIAN_POINT('',(32.675,-34.925,18.51));
#15127=CARTESIAN_POINT('Origin',(32.675,-34.425,18.51));
#15128=CARTESIAN_POINT('',(32.175,-34.425,18.51));
#15129=CARTESIAN_POINT('Origin',(32.175,-21.425,18.51));
#15130=CARTESIAN_POINT('',(32.175,-21.425,18.51));
#15131=CARTESIAN_POINT('Origin',(32.675,-21.425,18.51));
#15132=CARTESIAN_POINT('Origin',(-44.81,-5.92,18.51));
#15133=CARTESIAN_POINT('',(-46.41,-5.92,18.51));
#15134=CARTESIAN_POINT('Origin',(45.675,17.175,18.51));
#15135=CARTESIAN_POINT('',(32.675,17.175,18.51));
#15136=CARTESIAN_POINT('',(45.675,17.175,18.51));
#15137=CARTESIAN_POINT('Origin',(45.675,16.675,18.51));
#15138=CARTESIAN_POINT('',(46.175,16.675,18.51));
#15139=CARTESIAN_POINT('Origin',(46.175,3.675,18.51));
#15140=CARTESIAN_POINT('',(46.175,3.675,18.51));
#15141=CARTESIAN_POINT('Origin',(45.675,3.675,18.51));
#15142=CARTESIAN_POINT('',(45.675,3.17499999999999,18.51));
#15143=CARTESIAN_POINT('Origin',(32.675,3.17499999999999,18.51));
#15144=CARTESIAN_POINT('',(32.675,3.175,18.51));
#15145=CARTESIAN_POINT('Origin',(32.675,3.675,18.51));
#15146=CARTESIAN_POINT('',(32.175,3.675,18.51));
#15147=CARTESIAN_POINT('Origin',(32.175,16.675,18.51));
#15148=CARTESIAN_POINT('',(32.175,16.675,18.51));
#15149=CARTESIAN_POINT('Origin',(32.675,16.675,18.51));
#15150=CARTESIAN_POINT('Origin',(-39.37,-14.97,18.51));
#15151=CARTESIAN_POINT('',(-31.75,-14.97,18.51));
#15152=CARTESIAN_POINT('',(-39.37,-14.97,18.51));
#15153=CARTESIAN_POINT('Origin',(-39.37,-13.97,18.51));
#15154=CARTESIAN_POINT('',(-40.37,-13.97,18.51));
#15155=CARTESIAN_POINT('Origin',(-40.37,19.05,18.51));
#15156=CARTESIAN_POINT('',(-40.37,19.05,18.51));
#15157=CARTESIAN_POINT('Origin',(-39.37,19.05,18.51));
#15158=CARTESIAN_POINT('',(-39.37,20.05,18.51));
#15159=CARTESIAN_POINT('Origin',(-31.75,20.05,18.51));
#15160=CARTESIAN_POINT('',(-31.75,20.05,18.51));
#15161=CARTESIAN_POINT('Origin',(-31.75,19.05,18.51));
#15162=CARTESIAN_POINT('',(-30.75,19.05,18.51));
#15163=CARTESIAN_POINT('Origin',(-30.75,-13.97,18.51));
#15164=CARTESIAN_POINT('',(-30.75,-13.97,18.51));
#15165=CARTESIAN_POINT('Origin',(-31.75,-13.97,18.51));
#15166=CARTESIAN_POINT('Origin',(75.3554914492036,3.6391552762676,18.51));
#15167=CARTESIAN_POINT('',(55.5971484311982,-38.2020419971399,18.51));
#15168=CARTESIAN_POINT('',(75.3554914492036,3.6391552762676,18.51));
#15169=CARTESIAN_POINT('Origin',(69.9300078743522,6.20119225626098,18.51));
#15170=CARTESIAN_POINT('',(75.9299999999998,6.201194,18.51));
#15171=CARTESIAN_POINT('Origin',(55.7,6.201194,18.51));
#15172=CARTESIAN_POINT('',(55.7,6.201194,18.51));
#15173=CARTESIAN_POINT('Origin',(55.7,13.201194,18.51));
#15174=CARTESIAN_POINT('',(48.7,13.201194,18.51));
#15175=CARTESIAN_POINT('Origin',(48.7,41.64,18.51));
#15176=CARTESIAN_POINT('',(48.7,41.64,18.51));
#15177=CARTESIAN_POINT('Origin',(-40.2433335069872,41.64,18.51));
#15178=CARTESIAN_POINT('',(-40.2433335069872,41.6400000000002,18.51));
#15179=CARTESIAN_POINT('Origin',(-40.24333046506,35.6399923952021,18.51));
#15180=CARTESIAN_POINT('',(-43.8433329483155,40.4400000387584,18.51));
#15181=CARTESIAN_POINT('Origin',(-48.7966665944099,36.7250003041902,18.51));
#15182=CARTESIAN_POINT('',(-48.7966665944099,36.7250003041902,18.51));
#15183=CARTESIAN_POINT('Origin',(-51.19666953493,39.925007604798,18.51));
#15184=CARTESIAN_POINT('Origin',(-69.93000032116,29.925000321166,18.51));
#15185=CARTESIAN_POINT('',(-75.929999999994,29.9249999999999,18.51));
#15186=CARTESIAN_POINT('Origin',(-75.929999999994,18.2699999999989,18.51));
#15187=CARTESIAN_POINT('',(-75.929999999994,18.2699999999989,18.51));
#15188=CARTESIAN_POINT('Origin',(-54.0000007003564,18.27,18.51));
#15189=CARTESIAN_POINT('',(-54.0000007003564,18.27,18.51));
#15190=CARTESIAN_POINT('Origin',(-54.0000007003564,11.2700000000001,18.51));
#15191=CARTESIAN_POINT('',(-47.0000007003565,11.2700000000005,18.51));
#15192=CARTESIAN_POINT('Origin',(-47.000000700355,-20.2500003427269,18.51));
#15193=CARTESIAN_POINT('',(-47.000000700355,-20.2500003427269,18.51));
#15194=CARTESIAN_POINT('Origin',(-43.0000007003551,-20.2500003427267,18.51));
#15195=CARTESIAN_POINT('',(-43.0000007003551,-24.2500003427266,18.51));
#15196=CARTESIAN_POINT('Origin',(-31.5,-24.2500003427267,18.51));
#15197=CARTESIAN_POINT('',(-31.5,-24.2500003427267,18.51));
#15198=CARTESIAN_POINT('Origin',(-31.5,-28.2500003427267,18.51));
#15199=CARTESIAN_POINT('',(-27.5,-28.2500003427267,18.51));
#15200=CARTESIAN_POINT('Origin',(-27.5,-41.6399999999882,18.51));
#15201=CARTESIAN_POINT('',(-27.5,-41.6399999999882,18.51));
#15202=CARTESIAN_POINT('Origin',(50.1716642964473,-41.6399999999882,18.51));
#15203=CARTESIAN_POINT('',(50.1716642964473,-41.6399999999881,18.51));
#15204=CARTESIAN_POINT('Origin',(50.17160603465,-35.63991717633,18.51));
#15205=CARTESIAN_POINT('Origin',(3.00204305858642E-12,6.01296790136985E-12,
18.51));
#15206=CARTESIAN_POINT('Origin',(3.00204305858642E-12,6.01296790136985E-12,
17.01));
#15207=UNCERTAINTY_MEASURE_WITH_UNIT(LENGTH_MEASURE(0.01),#15211,
'DISTANCE_ACCURACY_VALUE',
'Maximum model space distance between geometric entities at asserted c
onnectivities');
#15208=UNCERTAINTY_MEASURE_WITH_UNIT(LENGTH_MEASURE(0.01),#15211,
'DISTANCE_ACCURACY_VALUE',
'Maximum model space distance between geometric entities at asserted c
onnectivities');
#15209=(
GEOMETRIC_REPRESENTATION_CONTEXT(3)
GLOBAL_UNCERTAINTY_ASSIGNED_CONTEXT((#15207))
GLOBAL_UNIT_ASSIGNED_CONTEXT((#15211,#15213,#15214))
REPRESENTATION_CONTEXT('','3D')
);
#15210=(
GEOMETRIC_REPRESENTATION_CONTEXT(3)
GLOBAL_UNCERTAINTY_ASSIGNED_CONTEXT((#15208))
GLOBAL_UNIT_ASSIGNED_CONTEXT((#15211,#15213,#15214))
REPRESENTATION_CONTEXT('','3D')
);
#15211=(
LENGTH_UNIT()
NAMED_UNIT(*)
SI_UNIT(.MILLI.,.METRE.)
);
#15212=(
LENGTH_UNIT()
NAMED_UNIT(*)
SI_UNIT($,.METRE.)
);
#15213=(
NAMED_UNIT(*)
PLANE_ANGLE_UNIT()
SI_UNIT($,.RADIAN.)
);
#15214=(
NAMED_UNIT(*)
SI_UNIT($,.STERADIAN.)
SOLID_ANGLE_UNIT()
);
#15215=SHAPE_DEFINITION_REPRESENTATION(#15216,#15217);
#15216=PRODUCT_DEFINITION_SHAPE('',$,#15219);
#15217=SHAPE_REPRESENTATION('',(#9197),#15209);
#15218=PRODUCT_DEFINITION_CONTEXT('part definition',#15223,'design');
#15219=PRODUCT_DEFINITION('megapad','megapad v13',#15220,#15218);
#15220=PRODUCT_DEFINITION_FORMATION('',$,#15225);
#15221=PRODUCT_RELATED_PRODUCT_CATEGORY('megapad v13','megapad v13',(#15225));
#15222=APPLICATION_PROTOCOL_DEFINITION('international standard',
'automotive_design',2009,#15223);
#15223=APPLICATION_CONTEXT(
'Core Data for Automotive Mechanical Design Process');
#15224=PRODUCT_CONTEXT('part definition',#15223,'mechanical');
#15225=PRODUCT('megapad','megapad v13',$,(#15224));
#15226=PRESENTATION_STYLE_ASSIGNMENT((#15233));
#15227=PRESENTATION_STYLE_ASSIGNMENT((#15234));
#15228=PRESENTATION_STYLE_ASSIGNMENT((#15235));
#15229=PRESENTATION_STYLE_ASSIGNMENT((#15236));
#15230=PRESENTATION_STYLE_ASSIGNMENT((#15237));
#15231=PRESENTATION_STYLE_ASSIGNMENT((#15238));
#15232=PRESENTATION_STYLE_ASSIGNMENT((#15239));
#15233=SURFACE_STYLE_USAGE(.BOTH.,#15240);
#15234=SURFACE_STYLE_USAGE(.BOTH.,#15241);
#15235=SURFACE_STYLE_USAGE(.BOTH.,#15242);
#15236=SURFACE_STYLE_USAGE(.BOTH.,#15243);
#15237=SURFACE_STYLE_USAGE(.BOTH.,#15244);
#15238=SURFACE_STYLE_USAGE(.BOTH.,#15245);
#15239=SURFACE_STYLE_USAGE(.BOTH.,#15246);
#15240=SURFACE_SIDE_STYLE('',(#15247));
#15241=SURFACE_SIDE_STYLE('',(#15248));
#15242=SURFACE_SIDE_STYLE('',(#15249));
#15243=SURFACE_SIDE_STYLE('',(#15250));
#15244=SURFACE_SIDE_STYLE('',(#15251));
#15245=SURFACE_SIDE_STYLE('',(#15252));
#15246=SURFACE_SIDE_STYLE('',(#15253));
#15247=SURFACE_STYLE_FILL_AREA(#15254);
#15248=SURFACE_STYLE_FILL_AREA(#15255);
#15249=SURFACE_STYLE_FILL_AREA(#15256);
#15250=SURFACE_STYLE_FILL_AREA(#15257);
#15251=SURFACE_STYLE_FILL_AREA(#15258);
#15252=SURFACE_STYLE_FILL_AREA(#15259);
#15253=SURFACE_STYLE_FILL_AREA(#15260);
#15254=FILL_AREA_STYLE('Steel - Satin',(#15261));
#15255=FILL_AREA_STYLE('Opaque(80,124,105)',(#15262));
#15256=FILL_AREA_STYLE(
'PA 11 - Nylon- HP 11-30 (with EOS P 396 3D Printer)',(#15263));
#15257=FILL_AREA_STYLE('Opaque(25,25,25)',(#15264));
#15258=FILL_AREA_STYLE('Opaque(160,160,160)',(#15265));
#15259=FILL_AREA_STYLE('Opaque(246,246,243)',(#15266));
#15260=FILL_AREA_STYLE('Plastic - Translucent Matte (Red)',(#15267));
#15261=FILL_AREA_STYLE_COLOUR('Steel - Satin',#15268);
#15262=FILL_AREA_STYLE_COLOUR('Opaque(80,124,105)',#15269);
#15263=FILL_AREA_STYLE_COLOUR(
'PA 11 - Nylon- HP 11-30 (with EOS P 396 3D Printer)',#15270);
#15264=FILL_AREA_STYLE_COLOUR('Opaque(25,25,25)',#15271);
#15265=FILL_AREA_STYLE_COLOUR('Opaque(160,160,160)',#15272);
#15266=FILL_AREA_STYLE_COLOUR('Opaque(246,246,243)',#15273);
#15267=FILL_AREA_STYLE_COLOUR('Plastic - Translucent Matte (Red)',#15274);
#15268=COLOUR_RGB('Steel - Satin',0.627450980392157,0.627450980392157,0.627450980392157);
#15269=COLOUR_RGB('Opaque(80,124,105)',0.313725490196078,0.486274509803922,
0.411764705882353);
#15270=COLOUR_RGB('PA 11 - Nylon- HP 11-30 (with EOS P 396 3D Printer)',
0.247058823529412,0.247058823529412,0.247058823529412);
#15271=COLOUR_RGB('Opaque(25,25,25)',0.0980392156862745,0.0980392156862745,
0.0980392156862745);
#15272=COLOUR_RGB('Opaque(160,160,160)',0.627450980392157,0.627450980392157,
0.627450980392157);
#15273=COLOUR_RGB('Opaque(246,246,243)',0.964705882352941,0.964705882352941,
0.952941176470588);
#15274=COLOUR_RGB('Plastic - Translucent Matte (Red)',0.768627450980392,
0.207843137254902,0.152941176470588);
ENDSEC;
END-ISO-10303-21;
